:020000040800F2
:1000000038D00120550300085D5900082D54000820
:1000100059590008D11C0008917600080000000022
:1000200000000000000000000000000091690008CE
:10003000851F000800000000015F0008256A000815
:100040006F0300086F0300086F0300086F030008C8
:100050006F0300086F0300086F0300086F030008B8
:100060006F0300086F0300086F0300086F030008A8
:100070006F0300086F0300086F0300086F03000898
:100080006F0300086F0300086F0300086F03000888
:100090006F0300086F0300086F0300086F03000878
:1000A0006F0300086F0300086F0300086F03000868
:1000B0001D6B00086F0300086F0300086F03000842
:1000C0006F0300086F0300086F0300086F03000848
:1000D0006F0300083D7600086F0300086F030008F7
:1000E0006F0300086F0300086F0300086F03000828
:1000F0006F0300086F0300086F0300086F03000818
:100100006F0300086F0300086F0300086F03000807
:100110006F0300086F0300086F0300086F030008F7
:100120006F030008CD1D0008DD1D00086F030008E7
:100130006F0300086F0300086F0300086F030008D7
:100140006F0300086F0300086F0300086F030008C7
:100150006F0300086F030008ED1D00086F0300081F
:100160006F0300086F0300086F0300086F030008A7
:100170006F0300086F0300086F0300080000000011
:100180006F0300086F0300086F0300086F03000887
:100190006F0300086F0300086F0300086F03000877
:1001A0006F0300086F030008BD1D000800F002F88F
:1001B00000F0C1F814A696E8000CB244B344DA4546
:1001C00001D100F0B8F8BAE80F000FA696E83000A9
:1001D000A5EB040504EB0607AAEB0704A7F101074A
:1001E0004FEA15154FEA3414A4F10104AC4201D3CF
:1001F00000F0A1F813F0010F18BFFB1A43F0010340
:1002000000F001F8DBE71847203303004033030018
:100210000A4410F8014B14F00F0508BF10F8015BF9
:10022000240908BF10F8014B6D1E05D010F8013BE2
:100230006D1E01F8013BF9D1641E03D0641E01F864
:10024000015BFBD19142E4D370470000704700008E
:100250000023002400250026103A28BF78C1FBD8CF
:10026000520728BF30C148BF0B6070476E2900F0AD
:100270004584702900F09385662920F068856529FA
:1002800020F06585672920F06285612920F061856D
:1002900003681B0A28BF41F08001692900F0F2833E
:1002A000642900F0EF83752900F0EC836F2900F0DA
:1002B0002185782900F05F85E92900F0BB84E429D5
:1002C00000F0B884F52900F0B584EF2900F01E8510
:1002D000F82900F05E850368DB0928BF41F0800142
:1002E000632901F0C182732901F0C682E32901F07C
:1002F000D182F32901F0D682002070471FB520F08B
:1003000019FD9DE8030000F0CFFA01F079FB04002D
:100310000020002120F080F8401C606000200021B7
:1003200020F064F8E06000F08DFA1FBD10B50020E9
:1003300001F0F5FA10BD01F035FB1146FFF7DEFFC5
:100340001BF0A2F901F012FC03B4FFF7EFFF03BCAE
:100350001AF070FC0948804709480047FEE7FEE7AD
:10036000FEE7FEE7FEE7FEE7FEE7FEE7FEE7FEE765
:1003700004480549054A064B70470000096B000810
:10038000AD01000838B0012038D0012038C001206C
:1003900038C0012070B5064600F06AFA056806F11B
:1003A0000B0020F00704B4429CBF002070BD2B4618
:1003B0006A68BAB11068A04210D304F108018842FB
:1003C0003CBF5068586007D35168101941601168EC
:1003D000091B016058601460101D70BD13465268FF
:1003E000002AE7D12146284600F04AFA0028DED14B
:1003F00070BD70B50446051F00F03AFA0068002C85
:1004000014BF446870BD002C18BFAC423CBF2046EE
:100410006468F8D301680A18AA4218BF456003D17E
:100420002A6805461144016028684119A1421CBF91
:100430006C6070BD6168696021680844286070BDA7
:1004400070B50D460646041F00F012FA0268BDB1F1
:10045000DEB105F10B0020F00701A9423CBF0020EE
:1004600070BD23688B4238BF506813D35A1A082ACC
:1004700036D3601840F8042B2160FFF7BAFF2FE055
:100480003046FFF7B6FF002070BD2846BDE870403B
:10049000FFF780BF002818BFA0423CBF024640685B
:1004A000F8D303EB040C84451CD1D0F800C063449E
:1004B000994217D8A3EB010CBCF1080F0DD3D0F86B
:1004C00004C06318C3F804C0D4F800C000686044D6
:1004D000401A18602160536002E023604068506059
:1004E000201D70BD2846FFF755FF050008D0314696
:1004F0002068021F284600F01EF9201DFFF779FF33
:10050000284670BD53EA020C00F069802DE9F04BDB
:100510004FF00006002B1FBFB3FA83F503FA05F472
:1005200024FA05F65E4012BF1643B2FA82F502FACB
:1005300005F4C5F120051EBF22FA05FC44EA0C04AF
:10054000203556EA044C4FEA144418BF641C4FF09F
:1005500000084FF00009904271EB030C39D30029D9
:1005600019BFB1FA81F701FA07F6B0FA80F700FA7D
:1005700007F6C7F120071EBF20FA07FC46EA0C0663
:100580002037B6FBF4FCA7EB0507103F07F01F0B65
:10059000CBF120062CFA06F60CFA0BFB44BFB3464F
:1005A0000026202FA4BF5E464FF0000B5BEA060C2E
:1005B00008BF4FF0010B19EB0B0948EB0608ABFB2A
:1005C000027C06FB02CC0BFB03CCC01B71EB0C01C5
:1005D000C1E70B46024641464846BDE8F08B13B5DD
:1005E000084318BF4FF0FF300146AFF30080BDE86D
:1005F0001C4070470FB4044910B503AA029800F0DC
:10060000A9FA10BC5DF814FB40A800200FB4014605
:1006100010B504AA039800F09DFA10BC5DF814FB15
:100620000B460146184600F094BC00000EB5054686
:1006300014460E4613A000F0A3FC284600F0A0FCD0
:1006400016A000F09DFC304600F09AFC15A000F0CA
:1006500097FC00218DF80B100A210DF10A008DF88E
:100660000A1008E094FBF1F201FB124294FBF1F452
:10067000303200F8012D002CF4DC00F081FC00F099
:100680005DFC00002A2A2A20617373657274696F09
:100690006E206661696C65643A2000002C206669F2
:1006A0006C6520002C206C696E652000032A40F2E6
:1006B000308010F0030C00F0158011F8013BBCF104
:1006C000020F624498BF11F801CB00F8013B38BF1C
:1006D00011F8013BA2F1040298BF00F801CB38BF2A
:1006E00000F8013B11F0030300F02580083AC0F048
:1006F000088051F8043B083A51F804CBA0E80810F0
:10070000F5E7121D5CBF51F8043B40F8043BAFF322
:100710000080D20724BF11F8013B11F801CB48BF7C
:1007200011F8012B24BF00F8013B00F801CB48BFB2
:1007300000F8012B704710B5203AC0F00B80B1E8EB
:100740001850A0E81850B1E81850A0E81850203A06
:10075000BFF4F5AF5FEA027C24BFB1E81850A0E80F
:10076000185044BF18C918C0BDE810405FEA827C29
:1007700024BF51F8043B40F8043B08BF7047D20740
:1007800028BF31F8023B48BF11F8012B28BF20F8E1
:10079000023B48BF00F8012B704702F0FF0343EA19
:1007A000032242EA024200F024B84FF0000204297A
:1007B000C0F0128010F0030C00F01B80CCF1040C90
:1007C000BCF1020F18BF00F8012BA8BF20F8022BC4
:1007D000A1EB0C0100F00DB85FEAC17C24BF00F86A
:1007E000012B00F8012B48BF00F8012B70474FF098
:1007F000000200B5134694469646203922BFA0E871
:100800000C50A0E80C50B1F12001BFF4F7AF09077C
:1008100028BFA0E80C5048BF0CC05DF804EB89006D
:1008200028BF40F8042B08BF704748BF20F8022BB0
:1008300011F0804F18BF00F8012B704770477047C8
:100840007047000008487CB5784400900748784419
:10085000009C0546019004E020460168084480475A
:10086000241DAC42F8D17CBD282F03002E2F03009D
:100870000048704768020020704770477047704713
:1008800038B504460A4600206946AFF300800028C8
:1008900008BF38BD02460099204600F097FB0120B2
:1008A00038BD012001F063B8F8B5AFF3008005460C
:1008B00000200C460C2000BF0646A819A0420DD906
:1008C000324669460020AFF30080070008BF01F000
:1008D0004EF80098A04218BF0546C419FFF7C8FF9C
:1008E00005600746F01D20F007004619284600F075
:1008F0000AF8B44208BFF8BDA21B31463868BDE80B
:10090000F84000F063BB00210160416070470C209B
:1009100070472DE9F04791460C468046FFF7A8FF47
:100920000768604234EA000001D1042C02D205209D
:10093000BDE8F087601E40F0070609F10B0020F0CB
:1009400007054D4539D93B467A6882B31468101DB6
:10095000404206EA000C644525D9A4EB0C00854210
:1009600021D8BCF1000F0BD0104601686244A1EB06
:100970000C01116041685160C0F800C05860034626
:10098000116805F10800814205D35019491B016027
:1009900015605860034652F8040F58600020C8F8EC
:1009A0000020BDE8F08713465268002ACED12946C0
:1009B0003846FFF765FF0028C5D10620BDE8F0875F
:1009C00070B5044685690068C10601D5302600E08F
:1009D0002026C00707D070BDD4E9012130469047DA
:1009E000206A401C20626D1EF6D570BD70B50446AD
:1009F00085690078C00707D170BDD4E901212020A6
:100A00009047206A401C20626D1EF6D570BD0968B3
:100A10004A0501D540B27047C905FCD500B2704700
:100A200009684A0501D5C0B27047C905FCD580B236
:100A3000704770B50C460546012A05D02878800617
:100A400000D5EA69002302E0012305E05B1C934224
:100A500002D2E05C0028F9D1A869E618C01AA861A2
:100A6000286A184428622846FFF7AAFF04E0D5E95F
:100A7000012114F8010B9047B442F8D32846FFF740
:100A8000B5FF70BD2DE9F0410646002410687529B8
:100A9000314616A510D0FFF7BAFF002802DA40420F
:100AA00013A507E031688A0701D512A502E04907BE
:100AB00004D511A5012401E0FFF7B2FF00210A22AD
:100AC00006F1240709E0B0FBF2FCB0FBF2F302FBF5
:100AD0001C00303078541846491C0028F3D12346B6
:100AE0002A463046BDE8F04100F0CFBA00000000D1
:100AF0002D0000002B00000020000000116802689B
:100B0000006A530501D508700AE0D30501D50880B5
:100B100006E0130603D5C217C1E9000200E0086031
:100B20000120704701694A1C02610878704700B5CE
:100B30008FB0CDE901310021059105497944CDE916
:100B400003101146684600F035F90FB000BD0000F3
:100B5000E5FFFFFF074B70B50D467B44FFF7E7FF4E
:100B60000446284600F0A2FE10B14FF0FF3070BDE1
:100B7000204670BDB7A401002DE9FF5F15468A46E7
:100B80000446DFF8AC80F8440027D8E900103E4660
:100B9000CDE9001010E05AF826106A4602A800F0CD
:100BA0009AFE411C07D02178890603D5E2693918DD
:100BB00091420DD80744761C2078800602D5E06962
:100BC000B84205DDAE42E6DB5AF826000028E2D145
:100BD000A069C01BA0612046FFF7F2FED8E9001013
:100BE000CDE90010002017E05AF828106A4602A844
:100BF00000F071FEB0F1FF3F81460BD000250DF1F2
:100C0000080B05E0D4E901211BF8050090476D1C95
:100C10004D45F7D308F10100B0428046E4DB206A7D
:100C2000384420622046FFF7E1FEBDE8FF9F000048
:100C3000F60502002DE9F0418046D21D22F00702A0
:100C40000025D2E90002F52915A614D0011E72F183
:100C5000000106DA0023D0EB030063EB020211A6C9
:100C600008E0D8F800108B0701D50FA602E049076D
:100C700001D50EA601251146002408F1240704E041
:100C800000F0BEF930323A55641C50EA0102F7D147
:100C90002B46324621464046BDE8F04100F0F5B90A
:100CA000000000002D0000002B00000020000000CC
:100CB00030B4002100F1240408E002F00705D20856
:100CC000303542EA4372DB086554491C52EA030599
:100CD000F3D10468002310A2250708D504F02004EE
:100CE0000C4304D0C46901230CA2641EC46130BC4F
:100CF00000F0CBB910B5044621461068FFF790FE0E
:100D000002462046BDE810400023D1E7D21D22F064
:100D10000701D1E90023CBE700000000300000000C
:100D2000F0B40D460188090502D5214C7C4402E04F
:100D30001F4C7C440E34002100F1240608E002F030
:100D40000F071209E75D42EA03721B097754491C39
:100D500052EA0307F3D102780023120704D5702D5D
:100D600006D009B1022311342246F0BC00F08DB93F
:100D700001231034F8E770B504460D46214610688B
:100D8000FFF74EFE024629462046BDE8704000238C
:100D9000C6E7D21D22F00703D3E90023C0E70368AA
:100DA000126843F0200303600823C3610023B7E700
:100DB000580402002DE9F05F894604464FF0000A0E
:100DC000DFF874B1FB44C0F820A02046E1688847F2
:100DD000002874D0252806D0D4E901219047206A44
:100DE000401C2062F1E700265F462046E168884704
:100DF0002028054607DB312D05D2781910F8200C84
:100E000008B10643F1E7B00701D526F00406C4F89F
:100E10001CA00027C4F818A02A2D09D028461FF0CE
:100E2000DDFA38B304EB8708303DC8F8185019E0F4
:100E300059F8041B204604EB87029161E16888475A
:100E4000012F054618D1E069002820DA26F0200697
:100E50001DE0D8F8180000EB800005EB40003038AA
:100E6000C8F818002046E168884705461FF0B6FA22
:100E70000028EED1012F0AD02E2D08D12046E1689E
:100E800088477F1C0546022F46F02006C4DBA06978
:100E9000002803DA404246F00106A061F00701D0C5
:100EA00026F010066C2D0BD0682D09D04C2D39D0B2
:100EB0006A2D35D0742D35D07A2D33D016E038E038
:100EC000E1682F4620468847B842054609D16C2F75
:100ED00026D04FF48060E1680643204688470546E7
:100EE00004E06C2F1AD04FF4807006430DB3A5F1C7
:100EF0004100192802D8203546F400664A462946A2
:100F0000204626604E46FFF7B1F980B101280BD08C
:100F1000F61D26F0070000F1080956E74020E4E737
:100F20008020D8E70020D6E706F104094DE72846DF
:100F300052E7206ABDE8F09FE803020010B50020E8
:100F400000F00EFDFFF7F2F9BDE81040012019F0A6
:100F500071BE2DE9F041074615460E461020FFF7F9
:100F600019FA04000AD06760C4E9026500F02AF8A3
:100F70000168216004600020BDE8F0810120FBE7EA
:100F8000014900F097BC0000ECA7002080E8FF1F9B
:100F9000C0F834D0C0F838E0C0F83CE04FF00000B2
:100FA000704700BF80EC200B704700BF80EC200B27
:100FB000704700BFC0EC200B70470000004870472E
:100FC00060020020004870479802002003464068F5
:100FD0008C46002818BF88423CBF03464068F8D3BF
:100FE00018681844884207D00CF1030020F007006D
:100FF000001D411A521A0146081D0A60FFF7F9B98F
:1010000030B5B0F10A0271F100034FEA900E4EEADA
:10101000817EB0EB0E0061EB91014FEA101E4EEAAB
:10102000017E10EB0E0041EB11114FEA102E4EEA3B
:10103000016E10EB0E0041EB11214FEA104E4EEA0B
:10104000014E10EB0E0041EB1141401841F100013F
:101050004FEAD00040EA41704FEAD1014FEA8104E3
:1010600044EA907410EB800544EB01046D1944EBE5
:101070000404521BA3414FF0000348BF0A3200D5BD
:1010800030BD401C41F1000130BD2DE9F0470D4657
:1010900099469246044600F124080168880604D562
:1010A000E06921F01001216000E00120A84201DD8B
:1010B000471B00E00027A1697A1902EB0900081A12
:1010C000A0612078C00602D42046FFF779FC0026F4
:1010D00008E0D4E901211AF806009047206A401C74
:1010E000761C20624E45F4DB2078C0060AD52046E7
:1010F000FFF766FC06E0D4E9012130209047206A22
:10110000401C2062381EA7F10107F4DC07E0D4E997
:10111000012118F805009047206A401C2062281E13
:10112000A5F10105F3DC2046FFF760FC20780006FE
:1011300002D50220BDE8F0870120FBE72DE9FF4F33
:101140000C461E464FF0FF378BB0D2E90001DDF8A8
:1011500060800A908A46C1F30A5505B93D460021D0
:1011600008464FF00000BAF1000F00F4400005DA25
:1011700000EB80004FF4400101EA50004FEA905923
:10118000B9F1010F00DDB9460A9850EA4A000ED0C5
:1011900044F61050A5F2FF3545432F14B8F1000F67
:1011A0001ED07542291E1EDDC9F100021CE0B8F1F7
:1011B000010F4FF0000001D0302103E0F24305E0C1
:1011C0002154401CB042FBDB304600220021215458
:1011D0000B99C1F80880C1E900200FB0BDE8F08F7D
:1011E000BD1B6D1CDEE74A4600DA694206A800F026
:1011F0004BFC06AB93E8070003AB83E807005046BF
:101200000A991EF00BFD8DE80700A0F500501F386D
:1012100000900398002D0ADD42F21F014A4608445F
:10122000002303A9039068461EF074FF09E0A0F5AF
:1012300000504A461F38002303A9039068461EF059
:101240007EFF8DE807000004000C03D04FF0FF3054
:10125000410800E01046B8F1000F03D000220092D0
:1012600015461EE0751E05D4FFF7CAFE30326255E2
:101270006D1EF9D5B3460122084302D000227F1C1F
:1012800004E02078302801D100227F1E002A09972F
:1012900084D01DE0112D07DAFFF7B2FE303262551F
:1012A0006D1C50EA0102F5D1084302D00098C8B184
:1012B0000EE00021681E05E0235C625C635422544A
:1012C000401E491C8142F7DBAB46A81B401E09901B
:1012D000002004F80B000B98099AC0F80880C0E9B8
:1012E000002B7AE711264FF0000857E72DE9F04F61
:1012F00088460446D21D22F0070191B0D1E90001D1
:10130000CDE90A011FF052F802460B98C00F01D038
:101310002D2007E02068810701D52B2002E0202145
:1013200001EAC000032A099001D0072A05DB034621
:101330004146204600F068FB0BE12078800601D58D
:10134000E06900E00620B8F1650F814606D0B8F1EB
:10135000660F18D0B8F1670F70D131E00020B9F1F5
:10136000110F009001DB112301E009F101030AAA2A
:1013700001A90CA8FFF7E2FEDDE90C70002609F1D7
:101380000105834647E001204B4600904FF000479F
:101390000AAA01A90CA8FFF7D1FEDDE90DB00C994E
:1013A0005D46002610B909F101000D18B9EB0500E2
:1013B00003D4C0F1FF3609F10105A5EB09002BE0CC
:1013C000B9F1010F01DA4FF001090020B9F1110F55
:1013D0000090484601DD112300E003460AAA01A956
:1013E0000CA8FFF7ABFEDDE90C704D4600268346E6
:1013F000207800070AD4AB4500DA5D4601A8012D2C
:1014000004DD411911F8011C302907D04F4502DADB
:1014100017F1040F04DA012082460FE06D1EEEE79B
:10142000002F02DCED1B3E4403E0781CA84200DDE7
:101430007D1CB81B00F1010A4FF00047207800071F
:1014400003D4AA4501DB4FF0FF3A0021B7F1004F6A
:101450000DF143088DF8431024D002202B23002FD8
:1014600001DA7F422D230A21021EA0F1010000DCD7
:101470005FB197FBF1FC97FBF1F201FB1C7C174677
:101480000CF1300C08F801CDEEE7A8F10100037073
:101490002188090501D5452100E06521A0F1010859
:1014A00000F8011C09980FA9A1EB0807FF1D00B166
:1014B0000120411901EBEA70A1693844081A401E65
:1014C000A0612078C00602D42046FFF779FA099877
:1014D00028B1D4E901219047206A401C206220787D
:1014E000C00622D52046FFF76BFA1EE0002E04DB73
:1014F000B34502DD01A8805D00E03020D4E9012180
:101500009047206A401C2062761CAAF101005FEA25
:10151000000A0AD100F074FAC0680168405CD4E99E
:1015200001219047206A401C2062281EA5F1010578
:10153000DCDC07E0D4E9012118F8010B9047206AB0
:10154000401C2062381EA7F10107F3DC2046FFF79C
:101550004DFA032011B041E62DE9F04F04460D4647
:10156000D21D22F0070089B0D0E9009748463946DD
:101570001EF01CFF0246F80F01D02D2307E0206863
:10158000810701D52B2302E0202101EAC0038DF859
:1015900020300BB1012000E00020032A824601D058
:1015A000072A04DB2946204600F02EFA3FE1207886
:1015B000800601D40D2500E0E569C7F30A560D2D1C
:1015C00049DA00214FEA175B08464FF00000002F70
:1015D00000F4400007DA00EB80004FF4400100EB1C
:1015E000D07001EA60008115012901DD4FF0FF3163
:1015F00000224FEA850CBCF1180F06D31346ACF15C
:1016000018004FF08052C24003E04FF4801323FAD9
:101610000CF30CF10C0CBCF1200F04D3ACF1200C3A
:1016200009FA0CF001E007FA0CF000294FF000482D
:1016300001DD18B90FE00ED140450CD319EB0209BA
:101640005F4121B9404502D19F4329EA0209BBEB22
:10165000175F00D0761C2088000502D57B487844AF
:1016600002E07A487844193808AA302302F80A3090
:10167000037C0AF10101002E0AF1020A53546A4662
:1016800002DC4FF0300101E04FF031014FF0010872
:101690008DF8001002D0A6F2FF3603E059EA4701A8
:1016A00000D06B4E002D02DC2178090704D54FF0E5
:1016B00002082E218DF80110C44600210BE0C7F36B
:1016C00003433F01C35C491C6D1E02F80830052925
:1016D00008F1010801DA002DF1DC00210CE000EB3B
:1016E0001973491C1B786D1E082902F808304FEA4F
:1016F000091908F1010801DA002DF0DC21688B06D8
:1017000002D516E0A8F10108E04505DD02EB08036B
:1017100013F8013C302BF5D0B8F1000F09DD02EBD6
:10172000080313F8013C2E2B03D1090701D4A8F1BB
:101730000108002D05DD3E2102F808106D1E08F19C
:101740000108407C002E02F8080008F1010804DAC4
:101750002D20764202F8080002E02B2002F8080053
:101760000A214FF47A70864208F101080BDB96FBE0
:10177000F0F3303302F8083096FBF0F308F101087B
:1017800000FB136601E0642E0CDB642096FBF0F393
:10179000303302F8083096FBF0F308F1010800FB43
:1017A000136601E00A2E06DB96FBF1F0303002F8FA
:1017B000080008F1010896FBF1F001FB10603030E1
:1017C00002F80800A16908F1010808EB050202EB24
:1017D0000A00081AA0612078C00602D42046FFF74C
:1017E000EFF8216A08AE01EB0A00206204E0D4E9B8
:1017F000012116F8010B9047BAF1010AF7D22078BF
:10180000C00602D52046FFF7DBF86E4609E016F861
:10181000010B3E280FD0D4E901219047206A401CDB
:101820002062B8F10108F2D22046FFF7DFF809B0D4
:101830000320BDE8F08F206A2844206203E0D4E949
:101840000121302090476D1EEBD3F8E772FB0100B9
:1018500002FCFFFF10B5436913B1AFF3008001E054
:10186000FFF7E7F8012010BD127800F124010A709B
:1018700000224A700122EDE711684FF0FF32E9E7DC
:1018800010B5436913B1AFF3008001E0FFF774F9BD
:10189000012010BD126800F1240142620022826220
:1018A0000122EDE711684FF0FF32E9E7007B00F01D
:1018B0008000704770B50D46044604E0294619F0D3
:1018C000A9FB401C04D014F8010B0028F6D170BD10
:1018D0004FF0FF3070BD2DE9F04116460C4605462D
:1018E00000F086F8036893F80101012807D0FF2C67
:1018F00012D8185D80B101202C70BDE8F081D3F8BA
:1019000007013246214603F20713C7182846BC4692
:10191000BDE8F041012360474FF0FF30EDE72DE9CE
:10192000F0410646FFF74EFB8046454613E016B1F0
:10193000E068B0420ED120682860D4E90101D8F8EF
:10194000007088472046FEF754FDD8F80000B842E2
:10195000EBD100E025462C68002CE8D1BDE8F081F1
:1019600010B500F011F9BDE8104000F008B910B54D
:1019700000F022F9BDE8104000F001B986469EE86B
:10198000FF1FDEF834D0DEF83CE0704790EC200B0F
:10199000704700BF90EC200B704700BFD0EC200BCD
:1019A000704770477546FFF709FBAE46050069466C
:1019B000534620F00700854618B020B5FEF7D8FC46
:1019C000BDE820404FF000064FF000074FF0000840
:1019D0004FF0000BAC46ACE8C009ACE8C009ACE87D
:1019E000C009ACE8C00921F007018D46704700002E
:1019F00010B500F005F8001D10BD00BF1DEA010084
:101A000000487047800200202DE9F0411F4604463F
:101A100003260168072A01F4006004DB08B116A55B
:101A200005E016A503E008B115A500E015A521F015
:101A300010002060A069C01EA0610FB1401EA0610F
:101A40002046FEF7BDFF4FB1D4E90121384690474B
:101A5000206A401C2062C01C206206E0206AFAE76F
:101A6000D4E9012115F8010B9047761EF8D22046E3
:101A7000FEF7BCFFBDE8F0814E414E006E616E0086
:101A8000494E4600696E66002DE9F04781461646CC
:101A90008AB0354878440DC88DE80D003248784446
:101AA000801C03AC0DC884E80D0041F69B3008444F
:101AB000372190FBF1F290FBF1F5A5F1800501FBD8
:101AC00012041B3C02D56442012000E00020DFF834
:101AD00098A080460027FA44AAF1BE0A0EE0E0076B
:101AE0000AD03246684607EB470101230AEB810121
:101AF0001EF025FB8DE8070064107F1C002CEED142
:101B0000194F7F44AE3F19E0E80715D007EB0410EA
:101B10000DF1180A90E80E008AE80E00C068F04245
:101B200001D1981908903246012306A903A81EF096
:101B300006FB03AB83E807006D10641C002DE3D1A6
:101B40004FF0010332466946B8F1000F03A802D0F6
:101B50001EF0E0FA01E01EF0F2FAC9E90001C9F84E
:101B600008200AB0BDE8F087CCF7010010B50446A4
:101B7000AFF300802046BDE81040FEF7E5BB00282B
:101B800001D019F057B8704710B5002102A000F03D
:101B900079F8012010BD0000534947414252543AA0
:101BA0002041626E6F726D616C207465726D696E3A
:101BB0006174696F6E00000010B5012805D0002126
:101BC00003A000F05FF8012010BD09A1F8E70000B4
:101BD00053494752544D454D3A204F7574206F6616
:101BE0002068656170206D656D6F7279000000007E
:101BF0003A2048656170206D656D6F727920636F62
:101C0000727275707465640030B44FF0013C50F826
:101C1000042B51F8043BCCFA52F4D51A20D1FCB96C
:101C200050F8042B51F8043BCCFA52F4D51A17D1D2
:101C3000B4B950F8042B51F8043BCCFA52F4D51A3D
:101C40000ED16CB950F8042B51F8043BCCFA52F485
:101C5000D51A05D1002CDAD030BC4FF00000704707
:101C600029BAB1FA81F111F01801D1F120008440B4
:101C7000F2D1CA40CB4012F0FF0213F0FF0330BC98
:101C8000D01A704770B505460C460A2000E06D1C5E
:101C900000F011F835B128780028F8D102E0641C72
:101CA00000F009F814B120780028F8D1BDE87040A0
:101CB0000A20AFF3008008B569468DF800000320C4
:101CC000ABBE08BD80B54FF4204019F00DF880BDC3
:101CD000FFE7FEE7B0B5304A4CF24025136823F029
:101CE000010313602D4A4FF6F07314681C40AC4298
:101CF00005D0146823404CF27024A3422BD12B4A08
:101D0000126832B12B4A012393609368002BFCD1F7
:101D10001AE0274A13686FF31F33B3F58A6F0DD0AB
:101D2000136840F283446FF31F33A34206D0126856
:101D300040F285436FF31F329A42E3D11E4A0123DA
:101D400093609368002BFCD110601068401AB0FAC1
:101D500080F04009B0BD14684FF6F0734DF22025B5
:101D60001C40AC4205D012681A404DF230239A4212
:101D7000C8D10B4A0B4CD2F8F833A3420AD1D2F89F
:101D8000FC33094CA34205D1012393609368002BD7
:101D9000FCD1D9E70020B0BD002000E000ED00E05C
:101DA000004C02460100170001DDC5A3002004E03D
:101DB0000010005C00300240004C025880B54AF62A
:101DC000B400C2F2000000F027FA80BD80B54AF6E8
:101DD000F800C2F2000000F04BFC80BD80B54AF66E
:101DE0005C10C2F2000000F043FC80BD80B54AF6F2
:101DF000C010C2F2000000F03BFC80BD82B0019038
:101E00000198007810384AF6AB21CAF6AA21A0FB47
:101E1000011000090090009941F2D420C0F60200A0
:101E2000405C019908660098042807D3FFE70199F0
:101E30000868042262F30900C86506E00199086891
:101E400040F2FF329043C865FFE70198C06D02B0D1
:101E50007047000086B00590002004900598806AC5
:101E600003900598806900BBFFE703980290032860
:101E700019D80299DFE801F0020C0216059890F8D3
:101E80002F00C00718B1FFE701200490FFE70BE027
:101E90000598C06AB0F1C07F03D1FFE7012004902C
:101EA000FFE701E000E0FFE740E005988069B0F55A
:101EB000005F22D1FFE70398019003281BD8019906
:101EC000DFE801F00205020F0120049014E00598FC
:101ED00090F82F00C00718B1FFE701200490FFE73A
:101EE0000AE00598C06AB0F1C07F03D1FFE7012086
:101EF0000490FFE700E0FFE717E003980090032855
:101F000004D3FFE70098032803D00CE001200490DD
:101F10000AE0059890F82F00C00718B1FFE70120EC
:101F20000490FFE700E0FFE7FFE7FFE7049806B053
:101F30007047000084B003900291019200930398CF
:101F40000168086820F480200860009803990968F7
:101F5000486003988068402809D1FFE701980399F9
:101F600009688860029803990968C86008E00298C7
:101F7000039909688860019803990968C860FFE7B8
:101F800004B070477047000080B50BF0EDFF80BDD6
:101F900080B54FF4054018F0A7FE642018F0F4FF58
:101FA00080BD000072B6FFE7FEE7000081B0009040
:101FB0000098006980B201B07047000080B586B01B
:101FC00005908DF8131000208DF812008DF8110087
:101FD0008DF81000ADF80E008DF81200FFE79DF8A7
:101FE00012009DF81310884234DAFFE70020C4F293
:101FF00002000290102101910022009201F06EF87F
:10200000009818F0F7FE009818F0F4FE18F0AAFEF9
:102010008DF8110018F0A6FE0199024602988DF87D
:102020001020012201F05AF89DF811109DF81000BF
:1020300040EA0120ADF80E00BDF80E0005999DF8AC
:10204000122021F81200FFE79DF8120001308DF8F0
:102050001200C4E706B080BD80B582B00090009841
:1020600018B9FFE70120019010E00098806838B9A6
:10207000FFE7009900204860009800F00BF8FFE7A8
:1020800000990120886000200190FFE7019802B0CC
:1020900080BD000082B001900198006843F2000109
:1020A000C4F20201884212D1FFE7FFE7002000904E
:1020B00043F63000C4F20200016841F4805101602F
:1020C000006800F4805000900098FFE7FFE702B03E
:1020D0007047000081B0009001B0704786B0049056
:1020E000039104984068B0F5403F06D0FFE704989C
:1020F000406808B1FFE7FFE7FFE7FFE70498806B60
:10210000012803D1FFE70220059081E00499012016
:102110008863FFE7FFE704990220C86304980399E6
:1021200000EB01101830029002994868896840EA73
:10213000014000900F20CFF6037001900298406894
:102140000A2805D0FFE702984068092807D1FFE771
:102150000298C17B009840EA0160009006E0029876
:10216000C168009840EA01600090FFE7039810BB47
:10217000FFE704980068406A019988430099084382
:10218000049909684862029800680499096888619E
:10219000029840680A2805D0FFE70298406809289D
:1021A00008D1FFE70298C06820F07F4004990968D1
:1021B0008862FFE721E004980068C06901998843BC
:1021C0000099084304990968C86102980068049955
:1021D00009680861029840680A2805D0FFE702985C
:1021E0004068092808D1FFE70298C06820F07F40C6
:1021F000049909680862FFE7FFE704990120C863B2
:10220000FFE7049900208863FFE700200590FFE7BF
:10221000059806B07047000080B584B0039003981D
:1022200000684068029003980068006801909DF87B
:102230000800C00730B3FFE79DF80500C00700B3F2
:10224000FFE703980168086820F48070086003992C
:10225000086C40F001000864039801680120886060
:1022600003990420C863FFE7039900208863FFE710
:102270000398406920B1FFE7039841698847FFE769
:10228000FFE7FFE79DF808008006002827D5FFE755
:102290009DF805008006002820D5FFE70398016817
:1022A000086820F4005008600398016820208860C6
:1022B0000399086C40F00200086403990420C86385
:1022C000FFE7039900208863FFE70398406920B186
:1022D000FFE7039841698847FFE7FFE7FFE79DF8BD
:1022E00008000007002827D5FFE79DF80500000734
:1022F000002820D5FFE703980168086820F40060F3
:10230000086003980168082088600399086C40F011
:102310000400086403990420C863FFE703990020C0
:102320008863FFE70398406920B1FFE7039841699C
:102330008847FFE7FFE7FFE79DF808004007002810
:1023400015D5FFE79DF80500400700280ED5FFE7EB
:1023500003980168086820F48060086003980168A9
:1023600004208860039800F097F8FFE7FFE79DF8E6
:1023700008008007002825D5FFE79DF805008007A5
:1023800000281ED5FFE703980168086820F4007054
:10239000086003980168022088600399086C08644B
:1023A00003990120C863FFE7039900208863FFE7D2
:1023B0000398006920B1FFE7039801698847FFE7A8
:1023C000FFE7FFE79DF80800C006002820D5FFE7DB
:1023D0009DF80500C006002819D5FFE7039801689D
:1023E000086820F480500860039801681020886015
:1023F0000399086C086403990120C863FFE70399F7
:1024000000208863FFE70398FFF764FEFFE7FFE71C
:1024100004B080BD80B582B00090009818B9FFE785
:102420000120019034E00098C06B38B9FFE70099B3
:1024300000208863009800F033F8FFE7009902203D
:10244000C86300980068006820F44030009A116862
:1024500052681043086000980068406B20F0070045
:10246000009A116892681043486300980068006CF5
:1024700043F6FF718843009A1168D26810430864DC
:10248000009900200864009A0121D1630190FFE7C0
:10249000019802B080BD000081B0009001B070478B
:1024A00080B584B00390039800684BF20001C4F239
:1024B000020188421BD1FFE7FFE70020029043F6AC
:1024C0003000C4F20200016841F4000101600068BC
:1024D00000F4000002900298FFE75A2001900521C5
:1024E000002200F0A5FE019800F09AFEFFE704B07C
:1024F00080BD000080B584B002900298C06D01904C
:1025000000F002FE00900298806B02280BD0FFE7DB
:10251000029980208865FFE7029900204863FFE761
:10252000012003904FE002980168086820F016002F
:10253000086002980168486920F0800048610298AC
:10254000406C20B9FFE70298C06C38B1FFE70298F1
:102550000168086820F008000860FFE70298016839
:10256000086820F001000860FFE702980068006832
:10257000C007B0B1FFE700F0C7FD0099401A062878
:102580000ED3FFE702992020886502990320886313
:10259000FFE7029900204863FFE70320039012E061
:1025A000E3E70298016E3F20884001998860029914
:1025B00001208863FFE7029900204863FFE7FFE7F7
:1025C00000200390FFE7039804B080BD82B0009024
:1025D0000098806B022806D0FFE70099802088656C
:1025E000012001900CE000990520886300980168A3
:1025F000086820F001000860FFE700200190FFE775
:10260000019802B07047000080B582B00190019837
:102610004AF62421C2F20001896C884225D1FFE7E5
:1026200040F21430C2F20000002101704AF624206A
:10263000C2F2000003681A6822F040021A60C1600A
:102640000268116821F4006111600168086840F0B7
:102650004000086041F20000C4F202001021012293
:1026600000F03CFDFFF790FCFFE702B080BD0000EA
:1026700080B586B005900020039040F20000C2F2C1
:102680000000006848F2B511C1F64E31A0FB011000
:10269000800A02900598C06D01900198006804902E
:1026A00004980599096EC840000700281AD5FFE76D
:1026B0000598006800684007002812D5FFE70598D4
:1026C0000168086820F0040008600598016E082081
:1026D0008840019988600599886D40F001008865FF
:1026E000FFE7FFE704980599096EC840C007A0B14D
:1026F000FFE7059800684069000600280CD5FFE751
:102700000598016E01208840019988600599886DBF
:1027100040F002008865FFE7FFE704980599096E1D
:10272000C8404007002814D5FFE7059800680068F6
:10273000800700280CD5FFE70598016E042088402B
:10274000019988600599886D40F004008865FFE76D
:10275000FFE704980599096EC840C006002847D5D0
:10276000FFE7059800680068000700283FD5FFE7ED
:102770000598016E102088400199886005980068CE
:102780000068400300281AD5FFE705980068006834
:102790000003002809D4FFE70598406C20B1FFE74B
:1027A0000598416C8847FFE708E00598C06C20B1A8
:1027B000FFE70598C16C8847FFE7FFE716E005983B
:1027C00000680068C005002807D4FFE70598016885
:1027D000086820F008000860FFE70598406C20B109
:1027E000FFE70598416C8847FFE7FFE7FFE7FFE752
:1027F00004980599096EC8408006002840F187803A
:10280000FFE7059800680068C00600287ED5FFE74E
:102810000598016E20208840019988600598806B9A
:10282000052832D1FFE705980168086820F01600F6
:10283000086005980168486920F0800048610598A3
:10284000406C20B9FFE70598C06C38B1FFE70598E8
:102850000168086820F008000860FFE70598016E2D
:102860003F20884001998860059901208863FFE72F
:10287000059900204863FFE70598406D20B1FFE708
:102880000598416D8847FFE776E005980068006885
:10289000400300281AD5FFE7059800680068000388
:1028A000002809D4FFE70598806C20B1FFE7059860
:1028B000816C8847FFE708E00598006C20B1FFE7CE
:1028C0000598016C8847FFE7FFE71EE00598006860
:1028D0000068C00500280FD4FFE705980168086864
:1028E00020F010000860059901208863FFE7059932
:1028F00000204863FFE7FFE70598006C20B1FFE781
:102900000598016C8847FFE7FFE7FFE7FFE70598B9
:10291000806D88B3FFE70598806DC00718B3FFE7A7
:1029200005990520886305980168086820F0010072
:102930000860FFE70398013003900299884201D9AB
:10294000FFE707E0FFE7059800680068C007002878
:10295000F0D1FFE7059901208863FFE70599002082
:102960004863FFE7FFE70598006D20B1FFE7059892
:10297000016D8847FFE7FFE706B080BD80B586B0F0
:1029800004900020039000F0BFFB0290049818B957
:10299000FFE7012005909BE00498406A08B1FFE73B
:1029A000FFE7049902208863FFE704990020486349
:1029B000FFE704980168086820F001000860FFE75D
:1029C000049800680068C00780B1FFE700F09CFB36
:1029D0000299401A062808D3FFE704992020886549
:1029E000049903208863059072E0E9E70498006881
:1029F00000680390039848F23F01CFF210010840AD
:102A00000390049900914868D1F808C0CB680A691E
:102A100040EA0C00184310434A6910438A69104386
:102A2000CA691043096A0143039808430390049854
:102A3000406A042808D1FFE70499C86A096B01437A
:102A4000039808430390FFE7039804990968086016
:102A50000498006840690390039820F007000390F1
:102A60000498416A0398084303900498406A042834
:102A700018D1FFE70498816A0398084303900498EB
:102A8000C06A70B1FFE70498FFF7E4F940B1FFE7CF
:102A9000049940208865049901208863059017E017
:102AA000FFE7FFE703980499096848610498FFF776
:102AB000A5F901900498016E3F2088400199886033
:102AC000049900208865049A012191630590FFE72D
:102AD000059806B080BD000086B004900391029274
:102AE00000200190FFE70498406B012803D1FFE725
:102AF000022005903AE0049901204863FFE7FFE7D0
:102B00000498806B012826D1FFE7039800900528E0
:102B10001DD80099DFE801F003070B0F1317029887
:102B20000499086416E002980499486412E0029837
:102B3000049988640EE002980499C8640AE0029837
:102B40000499086506E002980499486502E00120AE
:102B50000190FFE702E001200190FFE7FFE7049901
:102B600000204863FFE701980590FFE7059806B04D
:102B70007047000080B588B00690059104920393D9
:102B8000002002900698C06D0190FFE70698406B08
:102B9000012803D1FFE7022007903EE006990120BB
:102BA0004863FFE7FFE70698806B01282AD1FFE71B
:102BB0000699022088630699002088650698059981
:102BC000049A039BFFF7B6F90698016E3F208840F0
:102BD0000199886006980168086840F0160008604E
:102BE0000698406C38B1FFE706980168086840F025
:102BF00008000860FFE706980168086840F00100D7
:102C0000086007E0FFE7069900204863FFE702201D
:102C10000290FFE702980790FFE7079808B080BD91
:102C200080B582B043F62001C4F202014CF6FF10D9
:102C3000CFF2FE60086000200190086043F6240196
:102C4000C4F2020147F63312C0F277420A6008600C
:102C500043F61001C4F2020141F2FF72C2F2E02217
:102C60000A60086043F61401C4F20201C1220A603E
:102C7000086043F61801C4F2020101220A600860EC
:102C800000F0A6FA019802B080BD000080B582B0C5
:102C90000190019818F058F902B080BD90B00F90E3
:102CA0000E9100200C900B900A900D90FFE70D986C
:102CB0000F2800F2E881FFE70D99012088400C9071
:102CC0000E9800680C9908400B900B980C9988425C
:102CD00040F0D481FFE70E98406800F0030001281F
:102CE00007D0FFE70E98406800F0030002282FD1BC
:102CF000FFE70F9880680A900D984100032000FAC2
:102D000001F10A9888430A900E98C0680D9949000D
:102D100000FA01F10A9808430A900A980F9988600E
:102D20000F9840680A900D99012000FA01F10A9865
:102D300088430A900E984068C0F300100D9900FA7D
:102D400001F10A9808430A900A980F994860FFE732
:102D50000E98406800F00300032818D0FFE70F9892
:102D6000C0680A900D984100032000FA01F10A980A
:102D700088430A900E9880680D99490000FA01F185
:102D80000A9808430A900A980F99C860FFE70E98BE
:102D9000406800F00300022826D1FFE70F980D9944
:102DA0006FF0030202EA51010844006A0A900D988C
:102DB00000F0070081000F2000FA01F10A98884313
:102DC0000A900E9800690D9901F00701890000FA38
:102DD00001F10A9808430A900A980F990D9B02EA9C
:102DE000530211440862FFE70F9800680A900D989B
:102DF0004100032000FA01F10A9888430A900E98D6
:102E0000406800F003000D99490000FA01F10A98AA
:102E100008430A900A980F9908600E9880798007F5
:102E2000002800F02A81FFE7FFE70020099043F621
:102E30004400C4F20200016841F48041016000686E
:102E400000F4804009900998FFE70D9820F00300F6
:102E500043F60801C4F2010140580A900D9800F0B1
:102E6000030081000F2000FA01F10A9888430A90BC
:102E70000F980021C4F20201884203D1FFE700202D
:102E800008907AE00F9840F20041C4F202018842B3
:102E900003D1FFE7012007906CE00F9840F6000196
:102EA000C4F20201884203D1FFE7022006905EE0EF
:102EB0000F9840F60041C4F20201884203D1FFE7B7
:102EC0000320059050E00F9841F20001C4F2020186
:102ED000884203D1FFE70420049042E00F9841F2BA
:102EE0000041C4F20201884203D1FFE705200390AC
:102EF00034E00F9841F60001C4F20201884203D188
:102F0000FFE70620029026E00F9841F60041C4F248
:102F10000201884203D1FFE70720019018E00F98D3
:102F200042F20001C4F20201884203D1FFE7082007
:102F300000900AE00F9942F20042C4F202020A2015
:102F4000914208BF09200090FFE700980190FFE739
:102F500001980290FFE702980390FFE7039804901E
:102F6000FFE704980590FFE705980690FFE70698AD
:102F70000790FFE707980890FFE70898C0B20D99FF
:102F800001F00301890000FA01F10A9808430A9050
:102F90000A980D9921F0030143F60802C4F20102D8
:102FA000885043F60840C4F2010000680A900B996B
:102FB0000A9888430A900E988079C006002805D5A3
:102FC000FFE70B990A9808430A90FFE70A9843F62F
:102FD0000841C4F20101086043F60C40C4F201004C
:102FE00000680A900B990A9888430A900E98807995
:102FF0008006002805D5FFE70B990A9808430A9038
:10300000FFE70A9843F60C41C4F20101086043F659
:103010000440C4F2010000680A900B990A988843A2
:103020000A900E9880798007002805D5FFE70B9954
:103030000A9808430A90FFE70A9843F60441C4F24D
:103040000101086043F60040C4F2010000680A90E4
:103050000B990A9888430A900E988079C00728B186
:10306000FFE70B990A9808430A90FFE70A9843F68E
:103070000041C4F201010860FFE7FFE7FFE70D9898
:1030800001300D9013E610B07047000083B002903D
:10309000ADF8061002980069BDF80610084203D08A
:1030A000FFE70120009002E000200090FFE7009879
:1030B00003B0704783B00290ADF8061002984069E3
:1030C0000090009ABDF8060002EA0001904340EA31
:1030D00001400299886103B07047000083B00290FC
:1030E000ADF806100092009828B1FFE7BDF8060081
:1030F0000299886105E0BDF8060000040299886124
:10310000FFE703B0704700004AF61870C2F20100F2
:103110000068704740F24000C2F2000002684AF6C0
:103120001871C2F20101086810440860704700007D
:1031300080B543F60041C4F20201086840F4007013
:103140000860086840F480600860086840F4807097
:103150000860032000F084F80F2000F005F800F06C
:1031600039F8002080BD000080B582B0009040F2A8
:103170000000C2F20000006840F24001C2F200010B
:103180000A684FF47A71B1FBF2F1B0FBF1F001F093
:103190001BF918B1FFE70120019016E000980F28F5
:1031A0000DD8FFE700994FF0FF30002200F040F803
:1031B000009840F24401C2F20001086002E00120E0
:1031C000019002E000200190FFE7019802B080BD6D
:1031D0007047000082B0FFE70020019043F64400F2
:1031E000C4F20200016841F480410160006800F40B
:1031F000804001900198FFE7FFE70020009043F630
:103200004000C4F20200016841F080510160006892
:1032100000F0805000900098FFE702B07047000077
:1032200080B582B00190019817F022F802B080BDFD
:1032300080B586B00590049103920020029017F0AB
:103240002DF802900598019002980499039A02F0D3
:1032500087FB0146019817F029F806B080BD0000F1
:1032600080B582B00190019817F03EF802B080BDA1
:1032700080B584B000200290FFE70020019043F663
:103280004000C4F20200016841F080510160006812
:1032900000F0805001900198FFE74021C4F20E2118
:1032A00001200860FFF730FF0290FFE747F20400BB
:1032B000C4F20000006800F48030B0F5803F0CD00C
:1032C000FFE7FFF721FF0299401AB0F57A7F03D993
:1032D000FFE70320039023E0E8E74421C4F20E2136
:1032E00001200860FFF710FF0290FFE747F204009B
:1032F000C4F20000006800F40030B0F5003F0CD0CC
:10330000FFE7FFF701FF0299401AB0F57A7F03D972
:10331000FFE70320039003E0E8E700200390FFE7C6
:10332000039804B080BD000080B584B00290019184
:10333000029818B9FFE7012003901AE1019843F6BB
:103340000041C4F20201096801F00F01884211D95D
:10335000FFE7019943F60040C4F2020001700068E3
:1033600000F00F000199884203D0FFE7012003908D
:10337000FFE0FFE702980078800700282AD5FFE7E2
:10338000029800784007002809D5FFE743F60801B6
:10339000C4F20201086840F4E0500860FFE70298B8
:1033A00000780007002809D5FFE743F60801C4F2BA
:1033B0000201086840F460400860FFE743F6080136
:1033C000C4F20201086820F0F000029A92681043EB
:1033D0000860FFE702980078C00700286AD0FFE77E
:1033E00002984068012810D1FFE743F60000C4F2BC
:1033F0000200006800F400310020B0EB514F03D10F
:10340000FFE701200390B4E02AE002984068022818
:1034100005D0FFE702984068032810D1FFE743F684
:103420000000C4F20200006800F000710020B0EB60
:10343000516F03D1FFE7012003909AE00FE043F6BC
:103440000000C4F20200006800F002010020B0EBAE
:10345000510F03D1FFE7012003908AE0FFE7FFE768
:1034600043F60801C4F20201086820F00300029A42
:10347000526810430860FFF747FE0090FFE743F6ED
:103480000800C4F20200006800F00C0002994968CC
:10349000B0EB810F0DD0FFE7FFF736FE0099401A21
:1034A00041F28931884203D3FFE70320039060E0B3
:1034B000E5E7FFE7019843F60041C4F2020109681D
:1034C00001F00F01884211D2FFE7019943F6004055
:1034D000C4F202000170006800F00F0001998842F8
:1034E00003D0FFE70120039043E0FFE70298007854
:1034F000400700280CD5FFE743F60801C4F202019B
:10350000086820F4E050029AD26810430860FFE790
:1035100002980078000700280DD5FFE743F6080160
:10352000C4F20201086820F46040029A126940EA7D
:10353000C2000860FFE700F049F843F60801C4F252
:1035400002010968C9B20A0941F2BC21C0F60201B0
:10355000895CC84040F20001C2F20001086040F2FC
:103560004400C2F200000068FFF7FEFD0020039057
:10357000FFE7039804B080BD40F20000C2F20000F3
:103580000068704780B5FFF7F7FF43F60801C4F203
:1035900002010968C1F3822241F2CC21C0F6020186
:1035A000895CC84080BD000080B5FFF7E5FF43F6A9
:1035B0000801C4F20201096889B24A0B41F2CC2128
:1035C000C0F60201895CC84080BD000080B586B0AD
:1035D0000020059004900390029043F60800C4F286
:1035E0000200006800F00C000146019140B1FFE7C5
:1035F000019804280AD0FFE7019808280CD04FE072
:1036000042F20040C0F2F40002904FE047F6400062
:10361000C0F27D10029049E043F60400C4F20200BB
:10362000016801F03F01059100684002002813D5B0
:10363000FFE743F60400C4F202000068C0F38810FC
:1036400047F64001C0F27D11A0FB0101059A00235D
:10365000FCF758FF049012E043F60400C4F20200A5
:103660000068C0F3881042F20041C0F2F401A0FBF0
:103670000101059A0023FCF745FF0490FFE743F69C
:103680000400C4F20200006800F44031022000EBA4
:10369000D130039004980399B0FBF1F0029005E05B
:1036A00042F20040C0F2F4000290FFE7029806B038
:1036B00080BD000080B586B00490049818B9FFE77B
:1036C000012005903CE304980078C007002800F032
:1036D000A280FFE743F60800C4F20200006800F091
:1036E0000C00042813D0FFE743F60800C4F20200E0
:1036F000006800F00C0008281DD1FFE743F6040025
:10370000C4F2020000684002002814D5FFE743F627
:103710000000C4F20200006800F400310020B0EBA9
:10372000514F07D0FFE70498406818B9FFE7012020
:10373000059005E36EE0FFE704984068B0F5803F30
:1037400009D1FFE743F60001C4F20201086840F422
:103750008030086020E004984068B0F5A02F0DD1BB
:10376000FFE743F60001C4F20201086840F480203C
:103770000860086840F4803008600CE043F60001FF
:10378000C4F20201086820F480300860086820F460
:1037900080200860FFE7FFE7FFE704984068E0B19A
:1037A000FFE7FFF7B1FC0390FFE743F60000C4F228
:1037B0000200006800F400310020B0EB514F0BD143
:1037C000FFE7FFF7A1FC0399401A652803D3FFE741
:1037D00003200590B4E2E8E71BE0FFF795FC0390B7
:1037E000FFE743F60000C4F20200006800F4003175
:1037F0000020B0EB514F0BD0FFE7FFF785FC03999A
:10380000401A652803D3FFE70320059098E2E8E714
:10381000FFE7FFE7FFE7049800788007002840F102
:103820009380FFE743F60800C4F20200006810F03E
:103830000C0F13D0FFE743F60800C4F20200006843
:1038400000F00C0008282BD1FFE743F60400C4F277
:10385000020000684002002822D4FFE743F600007F
:10386000C4F20200006800F002010020B0EB510F2A
:1038700008D0FFE70498C068012803D0FFE70120C3
:1038800005905DE243F60001C4F20201086820F0F1
:10389000F800049A126940EAC2000860FFE752E0AB
:1038A0000498C06868B3FFE70021C4F247210120F3
:1038B0000860FFF729FC0390FFE743F60000C4F21D
:1038C0000200006800F002010020B0EB510F0BD1A4
:1038D000FFE7FFF719FC0399401A032803D3FFE71A
:1038E000032005902CE2E8E743F60001C4F2020150
:1038F000086820F0F800049A126940EAC2000860E3
:1039000020E00021C4F2472100200860FFF7FCFB03
:103910000390FFE743F60000C4F20200006800F0E5
:1039200002010020B0EB510F0BD0FFE7FFF7ECFBDB
:103930000399401A032803D3FFE703200590FFE112
:10394000E8E7FFE7FFE7FFE70498007800070028B3
:1039500049D5FFE70498406910B3FFE740F680615E
:10396000C4F2472101200860FFF7CEFB0390FFE778
:1039700043F67400C4F20200006800F00201002067
:10398000B0EB510F0BD1FFE7FFF7BEFB0399401AD5
:10399000032803D3FFE703200590D1E1E8E721E006
:1039A00040F68061C4F2472100200860FFF7ACFBBD
:1039B0000390FFE743F67400C4F20200006800F0D1
:1039C00002010020B0EB510F0BD0FFE7FFF79CFB8B
:1039D0000399401A032803D3FFE703200590AFE1C2
:1039E000E8E7FFE7FFE7049800784007002840F188
:1039F000C880FFE70020019043F64000C4F20200B7
:103A00000068C000002814D4FFE7FFE70020009002
:103A100043F64000C4F20200016841F080510160A9
:103A2000006800F0805000900098FFE701200190AE
:103A3000FFE747F20000C4F200000068C00500285C
:103A400021D4FFE747F20001C4F20001086840F406
:103A500080700860FFF758FB0390FFE747F2000013
:103A6000C4F200000068C00500280BD4FFE7FFF790
:103A70004BFB0399401A032803D3FFE7032005906B
:103A80005EE1EBE7FFE7FFE704988068012809D1D2
:103A9000FFE743F67001C4F20201086840F001003C
:103AA00008601FE00498806805280DD1FFE743F601
:103AB0007001C4F20201086840F004000860086860
:103AC00040F0010008600CE043F67001C4F202010E
:103AD000086820F001000860086820F00400086011
:103AE000FFE7FFE7FFE704988068F0B1FFE7FFF723
:103AF0000BFB0390FFE743F67000C4F2020000687E
:103B000000F002010020B0EB510F0DD1FFE7FFF7ED
:103B1000FBFA0399401A41F28931884203D3FFE747
:103B2000032005900CE1E6E71DE0FFF7EDFA0390B6
:103B3000FFE743F67000C4F20200006800F00201E3
:103B40000020B0EB510F0DD0FFE7FFF7DDFA03992E
:103B5000401A41F28931884203D3FFE703200590E0
:103B6000EEE0E6E7FFE70198012809D1FFE743F619
:103B70004001C4F20201086820F080500860FFE7AD
:103B8000FFE704988069002800F0D780FFE743F63C
:103B90000800C4F20200006800F00C00082800F0E1
:103BA0008280FFE70498806902285AD1FFE76021EC
:103BB000C4F2472100200860FFF7A6FA0390FFE750
:103BC00043F60000C4F20200006800F0007100201B
:103BD000B0EB516F0BD0FFE7FFF796FA0399401A4D
:103BE000032803D3FFE703200590A9E0E8E7049941
:103BF000C869D1F820C04B6A8A6A40EA0C0040EAE2
:103C00008310D2034FF6FF739A43A2F5803210431C
:103C1000C96A40EA016043F60401C4F20201086087
:103C20006021C4F2472101200860FFF76DFA03907C
:103C3000FFE743F60000C4F20200006800F00071E4
:103C40000020B0EB516F0BD1FFE7FFF75DFA03994E
:103C5000401A032803D3FFE70320059070E0E8E74C
:103C600020E06021C4F2472100200860FFF74CFAF1
:103C70000390FFE743F60000C4F20200006800F082
:103C800000710020B0EB516F0BD0FFE7FFF73CFA5B
:103C90000399401A032803D3FFE7032005904FE060
:103CA000E8E7FFE748E004988069012803D1FFE7CF
:103CB0000120059044E043F60400C4F202000068CD
:103CC000029004988069012831D0FFE7029800F43F
:103CD00080000499C969884229D1FFE7029800F061
:103CE0003F000499096A884221D1FFE7029847F60C
:103CF000C07108400499496AB0EB811F17D1FFE7F2
:103D0000029800F440300499896AC9034FF6FF72A3
:103D10009143A1F58031884209D1FFE7029800F074
:103D200070600499C96AB0EB016F03D0FFE701200E
:103D3000059005E0FFE7FFE7FFE700200590FFE7BC
:103D4000059806B080BD000081B0009001B07047BA
:103D500080B584B00290029818B9FFE70120039063
:103D60006DE00298406A60B9FFE702984068B0F5DC
:103D7000827F01D1FFE703E002990020C861FFE7DD
:103D800005E002990020086102994861FFE7029965
:103D9000002088620298406D38B9FFE70299002040
:103DA0000865029800F04EF8FFE702990220486586
:103DB00002980168086820F040000860029A0192A9
:103DC00011685068D2F808C0D36800F482700CF40F
:103DD000044C604403F400631844136903F00203C5
:103DE0001844536903F001031844936903F4007302
:103DF0001844D36903F038031844136A03F08003AE
:103E00001843926A02F40052104308600298016855
:103E10008369426A042000EA134002F01002104451
:103E2000486002980168C86920F40060C86102997E
:103E300000208865029A012151650390FFE70398ED
:103E400004B080BD80B58AB009900020089007902A
:103E50000690059004900998006843F20041C4F26E
:103E60000101884263D1FFE7FFE70020039043F69A
:103E70004400C4F20200016841F40051016000688E
:103E800000F4005003900398FFE7FFE70020029042
:103E900043F63000C4F20200016841F010010160F5
:103EA000006800F0100002900298FFE76420049080
:103EB0000220059000200090069003200790052026
:103EC000089041F20000C4F2020004A9FEF7E6FEE9
:103ED00000994AF6F800C2F20000019046F228422A
:103EE000C4F2020202604FF000624260402282602F
:103EF000C1604FF4806202614FF4006242614FF48E
:103F000000528261C16101624162FEF737FD18B162
:103F1000FFE7FEF747F8FFE7FFE709984AF6F801E1
:103F2000C2F2000181640998C863FFE7FFE70AB0A5
:103F300080BD000080B588B006900591ADF81220D4
:103F40000393FFF7E1F80290BDF81200ADF8060008
:103F50000698406D012803D0FFE70220079025E175
:103F6000059820B1FFE7BDF8120018B9FFE701205E
:103F700007901BE1FFE70698006D012803D1FFE7DA
:103F80000220079012E1069901200865FFE7FFE78C
:103F90000699032048650699002088650599069AC8
:103FA0001163BDF81210069A9186BDF81210069A98
:103FB000D18606998863069988870699C8870699E5
:103FC00048640699086406988068B0F5004F0DD1E2
:103FD000FFE706980168086820F04000086006982E
:103FE0000168086840F480400860FFE706980068B0
:103FF000006800F04000402807D0FFE706980168FD
:10400000086840F040000860FFE70698C068B0F517
:10401000006F4ED1FFE70698406828B1FFE7BDF872
:10402000060001280ED1FFE706980168006B0088A2
:10403000C8600699086B023008630699C88E01387B
:10404000C886FFE7FFE70698C08E88B3FFE70698AB
:1040500000688068800700280ED5FFE70698016891
:10406000006B0088C8600699086B023008630699E7
:10407000C88E0138C8861AE0FFF746F80299401A40
:104080000399884204D3FFE70398013018B9FFE78A
:10409000039858B9FFE7069901204865FFE706999C
:1040A00000200865FFE7032007907FE0FFE7CAE7ED
:1040B0004DE00698406828B1FFE7BDF806000128EA
:1040C0000ED1FFE706980168006B00780873069927
:1040D000086B013008630699C88E0138C886FFE76F
:1040E000FFE70698C08E88B3FFE7069800688068EF
:1040F000800700280ED5FFE706980168006B00785E
:1041000008730699086B013008630699C88E013858
:10411000C8861AE0FEF7F8FF0299401A0399884210
:1041200004D3FFE70398013018B9FFE7039858B9A3
:10413000FFE7069901204865FFE70699002008651A
:10414000FFE70320079031E0FFE7CAE7FFE70698A3
:104150000399029A01F07EFF20B1FFE70699202023
:104160008865FFE70698806870B9FFE7FFE70020E1
:10417000009006980068C068009006980068806803
:1041800000900098FFE7FFE7069901204865FFE7E8
:10419000069900200865FFE70698806D18B1FFE7D3
:1041A0000120079002E000200790FFE7079808B081
:1041B00080BD000080B584B002900191ADF802206E
:1041C0000298406D012803D0FFE70220039098E099
:1041D000019820B1FFE7BDF8020018B9FFE7012000
:1041E00003908EE0FFE70298006D012803D1FFE7FE
:1041F0000220039085E0029901200865FFE7FFE7B0
:104200000299032048650299002088650199029A65
:104210001163BDF80210029A9186BDF80210029A4D
:10422000D1860299886302994864029908640299C8
:1042300088870299C88702988068B0F5004F0DD131
:10424000FFE702980168086820F0400008600298C3
:104250000168086840F480400860FFE70298816CBC
:1042600045F69970C0F6000048640298816C45F6E6
:10427000B170C0F6000008640298816C45F6657064
:10428000C0F6000008650298816C00204865029B1A
:104290001A68196B986C0C32DB8EFEF76BFC68B1F8
:1042A000FFE70299886D40F010008865FFE70299EA
:1042B00000200865FFE70120039022E002980068D3
:1042C000006800F04000402807D0FFE7029801682E
:1042D000086840F040000860FFE7FFE7029900200F
:1042E0000865FFE702980168486840F020004860D0
:1042F00002980168486840F002004860002003907E
:10430000FFE7039804B080BD80B582B001900198AA
:1043100000684AF62421C2F200010968884232D1BD
:10432000FFE740F21431C2F2000100200870FFE7FD
:104330004AF62420C2F200000068806800060028C7
:1043400001D5FFE7F4E74AF62420C2F20000026834
:10435000116821F0400111600021C16002681168FC
:1043600021F4006111600168086840F040000860B5
:1043700041F20000C4F2020010210122FEF7AEFE5D
:10438000FDF702FEFFE702B080BD000081B00090A3
:1043900001B0704781B000900098042809D1FFE770
:1043A0004EF21001CEF20001086840F004000860EF
:1043B00008E04EF21001CEF20001086820F004007F
:1043C0000860FFE701B0704780B582B001900198A6
:1043D00002F0FEFA02B080BD81B0009001B07047DB
:1043E00081B0009001B0704785B003900291FFE763
:1043F0000398C06B012803D1FFE70220049079E005
:1044000003990120C863FFE7FFE7039902200864CE
:1044100003980068406801900398006880680090E5
:10442000019820F0700001900298016801980843FB
:104430000190019803990968486003980068002179
:10444000C4F2010188423CD0FFE703980068B0F154
:10445000804F36D0FFE70398006840F20041C4F275
:10446000000188422DD0FFE70398006840F6000164
:10447000C4F20001884224D0FFE70398006840F6A8
:104480000041C4F2000188421BD0FFE70398006896
:1044900040F20041C4F20101884212D0FFE70398C4
:1044A000006844F20001C4F20101884209D0FFE72C
:1044B0000398006841F60001C4F2000188420ED161
:1044C000FFE7009820F08000009002984168009873
:1044D000084300900098039909688860FFE70399F2
:1044E00001200864FFE703990020C863FFE700206C
:1044F0000490FFE7049805B07047000080B582B0D3
:104500000090009818B9FFE70120019031E0009871
:10451000006C38B9FFE700990020C863009800F0EC
:104520002BF8FFE7009902200864009951F8040B6A
:1045300002F0FCFA009901204866FFE7009901208B
:104540004864009988640099C86400990865FFE789
:10455000FFE7009901204865009988650099C865C2
:1045600000990866FFE70099012008640020019087
:10457000FFE7019802B080BD80B584B00390039836
:104580000068B0F1804F1BD1FFE7FFE700200290E9
:1045900043F64000C4F20200016841F001010160ED
:1045A000006800F0010002900298FFE71C200190D3
:1045B00005210022FEF73CFE0198FEF731FEFFE7E1
:1045C00004B080BD83B001900198006C012803D035
:1045D000FFE70120029068E0019902200864019839
:1045E0000168C86840F00100C860019800680021B7
:1045F000C4F2010188423CD0FFE701980068B0F1A5
:10460000804F36D0FFE70198006840F20041C4F2C5
:10461000000188422DD0FFE70198006840F60001B4
:10462000C4F20001884224D0FFE70198006840F6F8
:104630000041C4F2000188421BD0FFE701980068E6
:1046400040F20041C4F20101884212D0FFE7019814
:10465000006844F20001C4F20101884209D0FFE77A
:104660000198006841F60001C4F20001884212D1AD
:10467000FFE701980068806800F00700009000984C
:10468000062807D0FFE701980168086840F001009C
:104690000860FFE706E001980168086840F0010043
:1046A0000860FFE700200290FFE7029803B0704720
:1046B00080B586B00490039100200290FFE7049833
:1046C000C06B012803D1FFE702200590A4E0049904
:1046D0000120C863FFE7FFE70499022008640498FB
:1046E000006880680190019820F07700019001989F
:1046F00020F47F400190019804990968886003982C
:1047000000680090002872D0FFE7009810286ED053
:10471000FFE7009820286AD0FFE70098302866D08D
:10472000FFE70098402855D0FFE70098502837D081
:10473000FFE70098602840D0FFE7009870280BD072
:10474000FFE70098B0F5805F05D0FFE70098B0F56F
:10475000005F16D052E054E004980068039B5A684A
:104760009968DB6802F0B4FA0498006880680190E8
:10477000019840F0770001900198049909688860D9
:104780003FE004980068039B5A689968DB6802F070
:104790009FFA04980168886840F48040886030E09F
:1047A00004980068039A5168D26802F0C1FA04982C
:1047B0000068502102F0A6FA23E004980068039AEA
:1047C0005168D26802F0DCFA04980068602102F0B7
:1047D00099FA16E004980068039A5168D26802F0CA
:1047E000A7FA04980068402102F08CFA09E00498C6
:1047F00000680399096802F085FA02E0012002903E
:10480000FFE7049901200864FFE704990020C863CA
:10481000FFE702980590FFE7059806B080BD00000D
:1048200081B0009001B0704780B584B003900398C8
:104830000068C068029003980068006901909DF8C4
:1048400004008007002824D5FFE79DF808008007B2
:1048500000281DD5FFE7039801686FF0020008618A
:1048600003990120C861039800688069800720B11E
:10487000FFE70398FFF7D4FF06E0039800F0E2F8A3
:10488000039800F0E3F8FFE703990020C861FFE711
:10489000FFE79DF804004007002825D5FFE79DF8B5
:1048A0000800400700281ED5FFE7039801686FF055
:1048B0000400086103990220C861039800688069B8
:1048C00010F4407F04D0FFE70398FFF7A9FF06E04C
:1048D000039800F0B7F8039800F0B8F8FFE70399E1
:1048E0000020C861FFE7FFE79DF8040000070028EB
:1048F00024D5FFE79DF80800000700281DD5FFE735
:10490000039801686FF00800086103990420C861EA
:1049100003980068C069800720B1FFE70398FFF79C
:104920007FFF06E0039800F08DF8039800F08EF802
:10493000FFE703990020C861FFE7FFE79DF8040047
:10494000C006002825D5FFE79DF80800C00600280E
:104950001ED5FFE7039801686FF010000861039906
:104960000820C86103980068C06910F4407F04D033
:10497000FFE70398FFF754FF06E0039800F062F8A2
:10498000039800F063F8FFE703990020C861FFE790
:10499000FFE79DF80400C00778B1FFE79DF8080025
:1049A000C00748B1FFE7039801686FF00100086194
:1049B000039800F04FF8FFE7FFE79DF804000006BA
:1049C000002810D5FFE79DF808000006002809D54B
:1049D000FFE7039801686FF0800008610398FFF714
:1049E000FBFCFFE7FFE79DF804004006002810D518
:1049F000FFE79DF808004006002809D5FFE7039867
:104A000001686FF040000861039800F03BF8FFE791
:104A1000FFE79DF804008006002810D5FFE79DF809
:104A200008008006002809D5FFE7039801686FF0A9
:104A3000200008610398FFF7D3FCFFE7FFE704B00D
:104A400080BD000081B0009001B0704781B000903F
:104A500001B0704780B582B0019001984AF680217C
:104A6000C2F2000188420AD1FFE74AF6F861C2F2B9
:104A7000000108880130088019F06EF8FFE702B0E5
:104A800080BD000081B0009001B0704782B00190FD
:104A9000ADF8021002B0704780B588B007900020D2
:104AA0000690079800F056F80690069808B9FFE7B8
:104AB0004EE006980138014601910F2843D801992C
:104AC000DFE801F0081641244141413241414141B2
:104AD00041414140FFE700200590079800680068C9
:104AE000059007980068406805900598FFE72BE05F
:104AF000FFE700200490079800680068049007987A
:104B00000068406804900498FFE71DE0FFE700207C
:104B10000390079800680068039007980068406851
:104B200003900398FFE70FE0FFE70020029007984B
:104B30000068006802900798006840680290029838
:104B4000FFE701E000E0FFE7079800684068FFE743
:104B500008B080BD81B000900098C06C01B0704773
:104B600080B592B01190119800680068109011986B
:104B70000068C0680F901198006840690E9000208E
:104B80000D900C90109800F00F000D900D9888B9C2
:104B9000FFE79DF84000800600280AD5FFE79DF852
:104BA0003C008006002804D5FFE7119802F0BAFA0D
:104BB00000E2FFE70D98002800F0C280FFE79DF8B3
:104BC0003800C00738B9FFE7BDF83C0010F4907F0B
:104BD00000F0B680FFE79DF84000C00758B1FFE73E
:104BE0009DF83D00C00730B1FFE71199C86C40F057
:104BF0000100C864FFE79DF84000400700280BD57E
:104C0000FFE79DF83800C00730B1FFE71199C86C85
:104C100040F00200C864FFE79DF8400080070028CC
:104C20000BD5FFE79DF83800C00730B1FFE71199B9
:104C3000C86C40F00400C864FFE79DF8400000071E
:104C4000002811D5FFE79DF83C008006002805D418
:104C5000FFE79DF83800C00730B1FFE71199C86C35
:104C600040F00800C864FFE71198C06C002866D0C7
:104C7000FFE79DF84000800600280AD5FFE79DF871
:104C80003C008006002804D5FFE7119802F04AFA9C
:104C9000FFE7119800684069C0F380100C901198EC
:104CA000C06C0007002804D4FFE70C9800283ED011
:104CB000FFE7119802F0C0F91198006840694006BA
:104CC00000282FD5FFE7FFE7FFE71198006850E8BD
:104CD000050F20F040000B90FFE70B991198026838
:104CE00042E805100028F0D1FFE7FFE71198C06BFC
:104CF00098B1FFE71198C16B46F6E950C0F6000085
:104D000048651198C06BFDF761FC28B1FFE7119869
:104D1000C06B416D8847FFE703E01198FFF7BCFEC9
:104D2000FFE703E01198FFF7B7FEFFE706E01198F1
:104D3000FFF7B2FE11990020C864FFE7FFE739E1F1
:104D40001198006B012840F01581FFE79DF84000A5
:104D5000C006002840F10E81FFE79DF83C00C00628
:104D6000002840F10781FFE7FFE700200A90119833
:104D7000006800680A901198006840680A900A98D4
:104D8000FFE71198006840694006002840F19980CB
:104D9000FFE71198C06B00684068ADF82600BDF8C9
:104DA0002600002874D0FFE7BDF826001199898DF0
:104DB00088426DDAFFE7BDF826001199C885119881
:104DC000C06BC069B0F5807F57D0FFE7FFE7FFE712
:104DD0001198006850E8030F20F480700890FFE7F6
:104DE00008991198026842E803100028F0D1FFE703
:104DF000FFE7FFE7FFE71198006850E8050F20F094
:104E000001000790FFE707991198026842E8051032
:104E10000028F0D1FFE7FFE7FFE7FFE71198006800
:104E200050E8050F20F040000690FFE70699119822
:104E3000026842E805100028F0D1FFE7FFE711996A
:104E400020208864119900200863FFE7FFE711988C
:104E5000006850E8030F20F010000590FFE7059967
:104E60001198026842E803100028F0D1FFE7FFE73D
:104E70001198C06BFDF73EFBFFE7119902204863D4
:104E80001198818DC28D891A89B2FFF7FFFD17E055
:104E9000BDF826001199898D884210D1FFE711983D
:104EA000C06BC069B0F5807F08D1FFE7119902207F
:104EB00048631198818DFFF7E9FDFFE7FFE7FFE702
:104EC00078E01199888DC98D401AADF812001198BB
:104ED000C08D00284DD0FFE7BDF81200002848D053
:104EE000FFE7FFE7FFE71198006850E8030F20F4A1
:104EF00090700390FFE703991198026842E803104D
:104F00000028F0D1FFE7FFE7FFE7FFE7119800680F
:104F100050E8050F20F001000290FFE70299119878
:104F2000026842E805100028F0D1FFE7FFE7119979
:104F300020208864119900200863FFE7FFE711989B
:104F4000006850E8030F20F010000190FFE701997E
:104F50001198026842E803100028F0D1FFE7FFE74C
:104F60001199022048631198BDF81210FFF78EFDC9
:104F7000FFE71FE09DF84000000600280AD5FFE784
:104F80009DF83C000006002804D5FFE7119802F0C8
:104F9000A9FA0FE09DF84000400600280AD5FFE777
:104FA0009DF83C004006002804D5FFE7119802F068
:104FB0008DF8FFE712B080BD80B582B000900098F8
:104FC00018B9FFE7012001903AE00098806908B124
:104FD000FFE700E0FFE70098406C38B9FFE7009971
:104FE00000200864009800F02FF8FFE700992420C3
:104FF000486400980168C86820F40050C8600098B0
:1050000002F03EF900980168086920F490400861B8
:1050100000980168486920F02A00486100980168FA
:10502000C86840F40050C86000990020C864009A25
:1050300020215164009A9164009948630190FFE730
:10504000019802B080BD000080B58CB00B900020AC
:105050000A9009900890079006900B98006841F21A
:105060000001C4F20101884240F09180FFE7FFE7B0
:105070000020059043F64400C4F20200016841F0AC
:1050800010010160006800F0100005900598FFE72E
:10509000FFE70020049043F63000C4F202000168EC
:1050A00041F001010160006800F0010004900498E3
:1050B000FFE74FF4C060069002200790012008909F
:1050C0000320099007200A900020C4F2020006A9DC
:1050D000FDF7E4FD4AF6C010C2F20000039046F26C
:1050E000B841C4F2020101604FF00061416040210B
:1050F00081600021C1604FF4806202614161816181
:10510000C16101624162FDF739FC18B1FFE7FCF7AC
:1051100049FFFFE7FFE70B984AF6C011C2F2000112
:1051200081630B98C863FFE74AF65C10C2F2000087
:10513000029046F24041C4F2020101604FF000616A
:10514000416000218160C1604FF480620261416171
:105150008161C16101624162FDF710FC18B1FFE796
:10516000FCF720FFFFE7FFE70B984AF65C11C2F25D
:105170000001C1630B98C863FFE72520019005215A
:105180000022FEF755F80198FEF74AF8FFE70CB049
:1051900080BD000080B584B002900191ADF802207E
:1051A0000298806C202815D1FFE7019820B1FFE715
:1051B000BDF8020018B9FFE7012003900DE0029945
:1051C0000020086302980199BDF8022002F0F6F869
:1051D000039002E002200390FFE7039804B080BD33
:1051E00080B582B001900198C06B20B1FFE70198B3
:1051F00018F0EEFCFFE702B080BD000080B582B081
:1052000001900198C06B20B1FFE7019818F022FDD2
:10521000FFE702B080BD000080B58AB0089007911A
:10522000ADF81A200593002002900898406C2028C1
:1052300078D1FFE7079820B1FFE7BDF81A0018B949
:10524000FFE70120099070E008990020C8640899E0
:1052500021204864FDF758FF0290BDF81A00089914
:105260008884BDF81A000899C88408988068B0F549
:10527000805F09D1FFE70898006928B9FFE700209F
:1052800004900798039004E007980490002003908E
:10529000FFE7FFE70898C08C68B3FFE70898029B18
:1052A00005996A4611608021002202F061F930B14F
:1052B000FFE70899202048640320099035E004980E
:1052C00058B9FFE7039800886FF35F2008990968D1
:1052D000486003980230039008E004980078089929
:1052E00009684860049801300490FFE70899C88C69
:1052F0000138C884CEE70898029B05996A46116078
:105300004021002202F034F930B1FFE70899202053
:1053100048640320099008E0089920204864002090
:10532000099002E002200990FFE709980AB080BDC9
:1053300080B586B004900391ADF80A200498406CC3
:10534000202865D1FFE7039820B1FFE7BDF80A00E8
:1053500018B9FFE7012005905DE003980499086201
:10536000BDF80A0004998884BDF80A000499C8842D
:1053700004990020C864049A2121516404998A6B1D
:1053800046F6A571C0F60001116404998A6B47F2D4
:105390002101C0F60001516404998A6B46F605614B
:1053A000C0F6000111650499896B486503A8019056
:1053B00004980268806B019909680432BDF80A30CC
:1053C000FDF7D8FB48B1FFE704991020C8640499A1
:1053D00020204864012005901DE0049801686FF0CA
:1053E00040000860FFE7FFE70498006850E8050FF9
:1053F00040F080000090FFE700990498026842E8BE
:1054000005100028F0D1FFE7FFE70020059002E03B
:1054100002200590FFE7059806B080BD81B000909E
:1054200001B0704781B0009001B07047FFE7FEE720
:1054300081B0009000980068C0B2C00901B0704708
:1054400082B001908DF803109DF803000199486027
:1054500002B0704780B54AF6A800C2F2000043F2DD
:105460000001C4F202010160FCF7F6FD18B1FFE78C
:10547000FCF798FDFFE780BD80B582B04AF6B40026
:10548000C2F2000001904BF20001C4F2020101607F
:10549000002141608160C1608162C162016341633A
:1054A000FCF7B8FF18B1FFE7FCF77CFDFFE74AF611
:1054B000B400C2F200000121FCF710FE18B1FFE7B2
:1054C000FCF770FDFFE702B080BD000080B586B03C
:1054D000FFE70020059043F63000C4F202000168A7
:1054E00041F480010160006800F480000590059897
:1054F000FFE7392000900521029100220392FDF779
:1055000097FE0098FDF78CFE0299039A3A200190CD
:10551000FDF78EFE0198FDF783FE0299039A46205F
:105520000490FDF785FE0498FDF77AFE06B080BD75
:1055300080B598B000201790169015901490139095
:10554000FFE70020129043F63000C4F20200016829
:1055500041F010010160006800F0100012901298F4
:10556000FFE7FFE70020119043F63000C4F202008D
:10557000016841F004010160006800F0040011902E
:105580001198FFE7FFE70020109043F63000C4F2C7
:105590000200016841F080010160006800F08000B5
:1055A00010901098FFE7FFE700200F9043F63000BF
:1055B000C4F20200016841F001010160006800F0DE
:1055C00001000F900F98FFE7FFE700200E9043F6D1
:1055D0003000C4F20200016841F00201016000687D
:1055E00000F002000E900E98FFE7FFE700200D90FC
:1055F00043F63000C4F20200016841F00801016086
:10560000006800F008000D900D98FFE741F20000DF
:10561000C4F202000B90112100220992FDF75EFDF9
:10562000099A40F60000C4F20200059041F2FF0121
:10563000FDF754FD099A0020C4F202000390B02146
:105640000191FDF74BFD40F60040C4F202000790C7
:105650000F21069101220892FDF740FD089A0B9850
:1056600002210491FDF73AFD0899099A0B98082345
:1056700013931492159113A90C91FDF70FFB049A43
:10568000DDF820C0099B0B980C994FF0100ECDF857
:105690004CE0CDF850C015931692FDF7FFFA05982F
:1056A000099A0C994FF43053139303230A931493DC
:1056B0001592FDF7F3FA0598089B099A0C994FF09B
:1056C000FF0CCDF84CC0149315931692FDF7E6FA33
:1056D0000398099A0A9B0C9941F60F0CCDF84CC01F
:1056E00014931592FDF7DAFA0398DDF820C0099BB0
:1056F0000A9A0C99DDF804E0CDF84CE0CDF850C0E2
:1057000015931692FDF7CAFA0398099A0C9940234B
:10571000139314921592FDF7C1FA09980A9A0C99FD
:105720004FF2F73313931492159040F20040C4F2F5
:1057300002000290FDF7B2FA049A099B0B980C99AB
:105740004FF4607CCDF84CC014931592FDF7A6FA87
:10575000099A0A9B0B980C994FF47C4CCDF84CC0DD
:1057600014931592FDF79AFA0298089A099B0C99DE
:105770004FF4406CCDF84CC014931592FDF78EFA9F
:105780000798099A0A9B0C994FF6F07CCDF84CC00B
:1057900014931592FDF782FA049A0598099B0C99C7
:1057A0004FF4407CCDF84CC014931592FDF776FA77
:1057B0000398049A099B0C994FF4807CCDF84CC057
:1057C00014931592FDF76AFA0398089A099B0C99AD
:1057D0004FF4004CCDF84CC014931592FDF75EFACF
:1057E000049A0598089B0C994FF4805CCDF84CC046
:1057F000149315931692FDF751FADDF818C0079827
:10580000089B099A0C99CDF84CC0149315931692E5
:10581000FDF744FADDF820C0099B0A9A0B980C9911
:105820001392CDF850C015931692FDF737FA18B0C1
:1058300080BD000080B582B04AF62420C2F200008C
:10584000009043F20041C4F2010101604FF4827103
:105850004160002101918160C160016141614FF4AB
:1058600000728261C1610162416281620A21C1628A
:10587000FEF76EFA18B1FFE7FCF794FBFFE702B002
:1058800080BD000080B588B000210191079106918C
:1058900005910491039102914AF68020C2F2000022
:1058A0004FF08042026042F2273242608160C7229C
:1058B000C26001618161FEF721FE18B1FFE7FCF7CC
:1058C00071FBFFE74FF4805004904AF68020C2F24B
:1058D000000004A9FEF7ECFE18B1FFE7FCF762FB3D
:1058E000FFE70020029003904AF68020C2F20000F9
:1058F00002A9FEF779FD18B1FFE7FCF753FBFFE7BC
:1059000008B080BD80B518F02FF918F02FF980BDD0
:1059100080B518F055F980BD80B582B04AF6E82010
:10592000C2F20000019041F20001C4F201010160E5
:105930004FF4E131416000218160C16001610C22BE
:1059400042618161C161FFF737FB18B1FFE7FCF7E6
:1059500029FBFFE702B080BDFFE7FEE7FFE7FEE7B8
:1059600088B0079006910592079800F00700049010
:105970000498C0F10700052803D3FFE70420019035
:1059800004E00498C0F107000190FFE7019803903C
:1059900004980430062803D8FFE70020009003E0B5
:1059A000049803380090FFE7009802900698039946
:1059B000012202FA01F101390840029B9840059941
:1059C0009A40013A1140084308B070470168D1F885
:1059D000A8100847C0EBC00001EB4000017B01F0BC
:1059E0001F010D29704702EB40008088081A70479C
:1059F0008046284612F0B0BD406801680968084733
:105A00000C460146054631F8040F228810444A88A6
:105A1000208060881044608020460CF04BBA0090D3
:105A2000484641463A46334606F0D1BD4DF808EDAA
:105A300009F006FE0168096B5DF808EB084722468D
:105A4000002300910B9980B2CDE9011033980390A7
:105A5000DDE907010BF019BABDF81E00BDF81A10F8
:105A600070472068D0F880102046084704F14C05A4
:105A700039460E222846FAF719BE4DF808ED0EF009
:105A8000E0F8286800285DF808EB70472068294690
:105A9000C26E20461047ADF80C0020690831019114
:105AA0006168CDF80E107047BDF81C200A4413B28F
:105AB000BA88024416B2BDF91A20B342704704F105
:105AC000400307CA07C31FBD2068297F826B204699
:105AD0001047484600212246334607F0E3B88DF8C8
:105AE0001E008DF81D0040F20110ADF81F00FF20D0
:105AF0008DF81C0070472246012300910B9980B25B
:105B0000CDE901103398039001200B90DDE90701E6
:105B10000BF0BBB92068016F20460847602184F86C
:105B2000540001EAD00094F8591001F09F01084494
:105B300084F85900704701EB810100EB41002146D8
:105B4000303870470168896B084710FB081080B235
:105B50002847BDF92CB03044ADF82000BDF82A002C
:105B600070471646CDE9140118685968CDE912014D
:105B700070470A9828440A900B98704711FB0B0055
:105B800080B2404701FB0BF110FB0A1080B248477E
:105B9000BDF83230BDF830204FF0000C7047B4EE45
:105BA000401AF1EE10FA7047504613F06FBC5046A1
:105BB00013F002BC05F01F00C5F3820141EAC000EA
:105BC000704713B0BDE8F08FBDF92020BDF9223039
:105BD0007047BDF93000BDF83820BDF9321070476C
:105BE000CDE90E0118685968CDE90C01704709B07C
:105BF000BDE8F08FFC20CBF3412100EADB00084434
:105C00007047FC20C5F3412100EAD50008447047E5
:105C100022786178A07810F057B800680168096BA5
:105C20000847BDF94820BDF94A307047BDF9381022
:105C3000BDF94030BDF93A20704700680168C96A73
:105C40000847A8B2524609EBC001304613F035BAF6
:105C500006462068016D204608472068C16B204633
:105C60000847054620680168096D0847A18D00882E
:105C7000814270476A7BA97902F0080241EA421129
:105C8000A0EB510084F85500704704F1140005F0B2
:105C900037B90168C96A0847DBF800002946826CF9
:105CA0005846104720681C9FC16C20460847204674
:105CB00009F0CEB9CDF8148001905E9802905F98FB
:105CC000CDE9030A62980690704704F14C06294614
:105CD0000E223046FAF7EABC0244ADF84820BDF87F
:105CE00052200A44ADF84A20BDF9542011FB0200AD
:105CF0007047DBF800003146826C584610478846F2
:105D00001C90484607F06CBC012180F8751080F8A3
:105D10005210704721EE001ABDEEC11A7047A0EB79
:105D20000800A4F85C007047BDF81620ADF8080024
:105D3000081AFF23ADF80C004846ADF80E20BDF858
:105D40001220ADF80A207047314608F055BD0446D0
:105D50000CF070BB606801684A6870472068016891
:105D6000C96C08472068C16F2046084728460321B0
:105D700006F064BD0246204629460FF0A5BF024446
:105D8000ADF83020BDF83A200A44ADF83220BDF914
:105D90003C2011FB020070470168C96B0847394677
:105DA000ADF80E004846ADF80C20B8F80020CDF84C
:105DB00000A0ADF80820704705980A9908440B998F
:105DC00028440A900698084470470546DBF800000E
:105DD000C16F58460847284614F013B8BDF816108E
:105DE000B8F806200844B8F8021000B2114409B20D
:105DF000814270470BF01F00CBF3820141EAC000E3
:105E00007047CDE90110204629460BF03EB8DBF87B
:105E10000000D0F8801058460847B4F85C00B0F590
:105E2000004F7047BDF94800BDF85020BDF94A1039
:105E30007047098803FB012200EB420B01FB06F0CF
:105E40000BEB40007047106851681646CDE90A0117
:105E500018685968CDE90801704731460BF0DDBC80
:105E600080463046394606F0DFBEADF80E004846A3
:105E7000ADF80C20B8F80020ADF80820704700EB12
:105E800040000A5C0844417880780FF01DBF360C52
:105E900032F8166070472B4606F099BBDAF800001E
:105EA000C26850461047CDF800A03946ADF80C0046
:105EB0004846ADF80E307047B8F80420ADF80A0037
:105EC000081A7047084611461A462346009570473F
:105ED00000FB0AF011FB040080B2304701FB0AF11D
:105EE00015FB001080B25847DDF80C80304446188E
:105EF000A81800EB410570470000000000000000FA
:105F0000EFF30980BFF36F8F154B1A681EF0100F67
:105F100008BF20ED108A20E9F04F10602DE909003C
:105F20004FF0500080F31188BFF34F8FBFF36F8F96
:105F300018F01EFC4FF0000080F31188BDE8090046
:105F400019680868B0E8F04F1EF0100F08BFB0ECF9
:105F5000108A80F30988BFF36F8F704700BF00BFBE
:105F60003CAC002080B582B001900198C06B0090DD
:105F700000980168486820F0030048600099886D27
:105F800040F0100088650099012048650098FDF7F1
:105F9000DBFE02B080BD000080B582B001900198A8
:105FA000C06B00900098FEF7F1F902B080BD0000D0
:105FB00080B584B003900398C06B0290FDF7A4F8FD
:105FC000019003980068006800F48070B0F5807F4D
:105FD0003AD0FFE702980168486820F02000486046
:105FE00002980168486820F0020048600298019A0F
:105FF000642100F02FF830B1FFE70299886D40F07E
:1060000020008865FFE70298806870B9FFE7FFE726
:106010000020009002980068C06800900298006814
:10602000806800900098FFE7FFE702990020C8868B
:106030000299012048650298806D20B1FFE702981F
:10604000FDF782FE04E0FFE70298FEF75DF9FFE747
:1060500004B080BD80B586B004900391029204988C
:10606000039B02996A4611600221012200F054F854
:1060700040B1FFE70499886D40F020008865032057
:10608000059046E040F20000C2F2000000684AF6C7
:10609000AB21CAF6AA21A0FB011000094FF2A171A1
:1060A000C1F2C601A0FB0110000C4FF47A71484305
:1060B000019004984068B0F5827F14D1FFE70498FE
:1060C000039B02996A4611608021002200F024F8A7
:1060D00040B1FFE70499886D40F0200088650320F7
:1060E000059016E012E0FFE7019808B9FFE70CE021
:1060F000019801380190FFE7049800688068C1B2F8
:106100000020B0EBD11FEFD1FFE7FFE700200590A3
:10611000FFE7059806B080BD80B58AB0DDF830C0D5
:10612000089007910692059305980190FCF7ECFF03
:10613000024601980C99891A08440390FCF7E4FF81
:106140000290039840F20001C2F200010968C1F315
:10615000CB3148430490FFE70898006880680799AE
:106160000840401AB0FA80F04009069988425CD095
:10617000FFE705980130002856D0FFE7FCF7C4FF81
:106180000299401A0399884204D2FFE70398002835
:106190003FD1FFE708980168486820F0E0004860B8
:1061A00008984068B0F5827F13D1FFE708988068AF
:1061B000B0F5004F06D0FFE708988068B0F5806F13
:1061C00007D1FFE708980168086820F040000860E0
:1061D000FFE70898806AB0F5005F0FD1FFE7FFE79F
:1061E00008980168086820F4005008600898016861
:1061F000086840F400500860FFE7FFE708990120B5
:106200004865FFE7089900200865FFE7032009902B
:106210000EE0049818B9FFE70020039003E004980B
:1062200001380490FFE7FFE796E700200990FFE7B9
:1062300009980AB080BD000080B588B084460A98ED
:10624000CDF81CC0ADF81A10ADF81820ADF8163016
:10625000ADF8140040F21431C2F2000101200870C0
:1062600041F20000C4F202000290102103910022CA
:106270000492FCF733FFBDF81A00BDF81810BDF802
:1062800016200244013ABDF814300B44013B92B28F
:106290009BB200F07DFA2C2000F02CFB02980399B1
:1062A000049AFCF71BFFFFE74AF62420C2F2000025
:1062B000006880680006002801D5FFE7F4E74AF689
:1062C0002420C2F2000001900268116821F0400110
:1062D00011604FF40061C1600268116841F400610F
:1062E00011600168086840F04000086041F2000059
:1062F000C4F2020001221146FCF7F0FE0198079952
:10630000BDF81620BDF814305A4392B2FDF752FF83
:1063100020B3FFE740F21431C2F200010020087000
:106320004AF62420C2F200000268116821F0400100
:1063300011600268116821F4006111600168086849
:1063400040F04000086041F20000C4F20200102159
:106350000122FCF7C3FEFBF717FEFFE708B080BD84
:1063600080B5A2B08DF8870020919DF887104AF67D
:106370002440C2F20000017220990160F021818066
:106380004FF4A071C1800068002840F01E81FFE733
:10639000112000F0AFFA7820FCF778FC4AF6244090
:1063A000C2F20000007A00F02FFAB12000F0A2FA49
:1063B0000120149000F078FA2C20179000F074FA65
:1063C0002D20189000F070FAB22000F093FA149883
:1063D00000F06AFA179800F067FA189800F064FA6B
:1063E000B32000F087FA149800F05EFA179800F0D6
:1063F0005BFA189800F058FA149800F055FA1798BC
:1064000000F052FA189800F04FFAB42000F072FA37
:106410000720169000F048FAC02000F06BFAA22086
:1064200000F042FA02201C9000F03EFA842000F0B6
:106430003BFAC12000F05EFAC520119000F034FA5A
:10644000C22000F057FA0A201F9000F02DFA002019
:106450001B9000F029FAC32000F04CFA8A2010901B
:1064600000F022FA2A20129000F01EFAC42000F058
:1064700041FA109800F018FAEE2000F015FA119881
:1064800000F038FA0E2000F00FFA202000F032FA67
:106490003A2000F02FFA052000F006FA129800F0DA
:1064A00029FA1B9800F000FA1B9800F0FDF91B98E0
:1064B00000F0FAF9812000F0F7F92B20139000F09A
:1064C00019FA1B9800F0F0F91B9800F0EDF91B98F1
:1064D00000F0EAF9A12000F0E7F9E02000F00AFA64
:1064E0001C9800F0E1F91C2000F0DEF9169800F08D
:1064F000DBF9122000F0D8F937201A9000F0D4F917
:10650000322000F0D1F929201E9000F0CDF9189822
:1065100000F0CAF91E9800F0C7F9252000F0C4F970
:10652000139800F0C1F9392000F0BEF91B9800F073
:10653000BBF9149800F0B8F90320159000F0B4F9F5
:1065400010201D9000F0B0F9E12000F0D3F915986B
:1065500000F0AAF91D2000F0A7F9169800F0A4F9A0
:10656000062000F0A1F92E20199000F09DF917984F
:1065700000F09AF91E9800F097F9189800F094F935
:10658000199800F091F9199800F08EF91A9800F016
:106590008BF93F2000F088F91B9800F085F91B98D3
:1065A00000F082F91C9800F07FF91D9800F07CF94A
:1065B000132000F09FF91F98FCF768FB1E9800F06D
:1065C00099F91F98FCF762FBD4E04AF62440C2F226
:1065D00000000068012840F0CC80FFE70120039014
:1065E00000F088F978200190FCF750FB112000F0B2
:1065F00081F90198FCF74AFB4AF62440C2F20000F8
:10660000007A00F001F93A2000F074F905200490B6
:1066100000F04AF9B22000F06DF90C20029000F071
:1066200043F9029800F040F9002000F03DF93320D2
:10663000099000F039F9099800F036F9B72000F018
:1066400059F9352000F030F9BB2000F053F9322021
:1066500000F02AF9C22000F04DF9039800F024F967
:10666000C32000F047F915200D9000F01DF9C4205B
:1066700000F040F9202000F017F9C62000F03AF9A8
:106680000F2000F011F9D020059000F033F9A4207C
:1066900000F00AF9A12000F007F9E02000F02AF943
:1066A000059800F001F90820069000F0FDF80E2092
:1066B000079000F0F9F80920089000F0F5F8089824
:1066C00000F0F2F8049800F0EFF831200E9000F09E
:1066D000EBF8099800F0E8F848200A9000F0E4F898
:1066E00017200B9000F0E0F814200C9000F0DCF87C
:1066F0000D9800F0D9F80E9800F0D6F834200F90DD
:1067000000F0D2F8E12000F0F5F8059800F0CCF8A0
:10671000069800F0C9F8079800F0C6F8089800F04D
:10672000C3F8089800F0C0F80D9800F0BDF80E9876
:1067300000F0BAF8099800F0B7F80A9800F0B4F839
:106740000B9800F0B1F80C9800F0AEF80D9800F03E
:10675000ABF80E9800F0A8F80F9800F0A5F82120EB
:1067600000F0C8F8292000F0C5F80A20FCF78EFADE
:10677000FFE7FFE74AF62420C2F20000806C42F2F5
:106780000962C0F600020421FCF7A6F922B080BD20
:1067900080B586B0ADF81600ADF81410ADF8122033
:1067A000ADF810302A2000F0A5F89DF817008DF8FC
:1067B0000C00BDF816008DF80D009DF813008DF843
:1067C0000E00BDF812008DF80F0003A801900421FF
:1067D000029100F0B7F82B2000F08CF80198029994
:1067E0009DF815208DF80C20BDF814208DF80D2093
:1067F0009DF811208DF80E20BDF810208DF80F2087
:1068000000F0A0F806B080BD80B582B08DF807001A
:1068100000208DF806009DF807000146009103282E
:1068200038D80099DFE801F0020F1C29C0208DF84C
:1068300006004AF62441C2F20001F02088804FF49D
:10684000A070C88027E0A0208DF806004AF62441F9
:10685000C2F200014FF4A0708880F020C8801AE0D6
:1068600000208DF806004AF62441C2F20001F02013
:1068700088804FF4A070C8800DE060208DF806007D
:106880004AF62441C2F200014FF4A0708880F02043
:10689000C88000E0FFE7362000F02CF89DF80600E5
:1068A00000F002F802B080BD80B584B08DF80F0012
:1068B00041F20000C4F20200029010210091002277
:1068C000FCF70CFC0298012201921146FCF706FC31
:1068D000019A4AF62420C2F200000DF10F014FF098
:1068E000FF33FDF727FB0099019A0298FCF7F6FBAE
:1068F00004B080BD80B586B08DF8170041F200006D
:10690000C4F2020004901021029100220192FCF7CF
:10691000E5FB019A049801210391FCF7DFFB039A40
:106920004AF62420C2F200000DF117014FF0FF33A8
:10693000FDF700FB0299039A0498FCF7CFFB06B021
:1069400080BD000080B586B00590049141F2000042
:10695000C4F202000390102101910022FCF7BEFB5B
:106960000398012202921146FCF7B8FB0599BDF885
:1069700010204AF62420C2F200004FF0FF33FDF74A
:10698000D9FA0199029A0398FCF7A8FB06B080BDDA
:10699000074B19680868B0E8F04F80F30988BFF327
:1069A0006F8F4FF0000080F31188704700BF00BF69
:1069B0003CAC002080B582B08DF807008DF8061041
:1069C0009DF807009DF8061014F0AAF902B080BDEA
:1069D00080B582B0009000980138B0F1807F03D379
:1069E000FFE70120019019E0009801384EF21401F0
:1069F000CEF2000108604FF0FF300F2113F056FC7B
:106A00004EF21801CEF20001002008604EF2100292
:106A1000CEF20002072111600190FFE7019802B059
:106A200080BD000080B518F079FC012803D0FFE795
:106A300017F056FFFFE7FCF76DFB80BD80B594B003
:106A400008A83021F9F7D3FE0020079006900590A2
:106A500004900390FFE70020029043F64000C4F248
:106A60000200016841F080510160006800F0805030
:106A700002900298FFE7FFE70020019047F2000034
:106A8000C4F20000016841F440410160006800F474
:106A9000404001900198FFE7012008904FF48030BA
:106AA000099002200E904FF480010F910F21109158
:106AB000D821119112900420139008A8FCF7FAFD38
:106AC00018B1FFE7FBF76EFAFFE7FCF7D1FB18B14F
:106AD000FFE7FBF767FAFFE70F200390022004901F
:106AE000002005904FF4A05006904FF4805007907E
:106AF00003A80521FCF718FC18B1FFE7FBF752FAD1
:106B0000FFE714B080BD00004EF68851CEF20001C0
:106B1000086840F4700008607047000080B54AF6CD
:106B20008020C2F20000FDF77FFE80BD83B002909E
:106B3000019102980068009002980021C4F20101BE
:106B4000884225D0FFE70298B0F1804F20D0FFE7C0
:106B5000029840F20041C4F20001884218D0FFE7D9
:106B6000029840F60001C4F20001884210D0FFE70D
:106B7000029840F60041C4F20001884208D0FFE7C5
:106B8000029840F20041C4F2010188420AD1FFE7B5
:106B9000009820F070000090019841680098084328
:106BA0000090FFE702980021C4F20101884255D00D
:106BB000FFE70298B0F1804F50D0FFE7029840F213
:106BC0000041C4F20001884248D0FFE7029840F635
:106BD0000001C4F20001884240D0FFE7029840F66D
:106BE0000041C4F20001884238D0FFE7029840F229
:106BF0000041C4F20101884230D0FFE7029844F21C
:106C00000001C4F20101884228D0FFE7029844F253
:106C10000041C4F20101884220D0FFE7029844F607
:106C20000001C4F20101884218D0FFE7029841F642
:106C30000001C4F20001884210D0FFE7029841F63B
:106C40000041C4F20001884208D0FFE7029842F2F6
:106C50000001C4F2000188420AD1FFE7009820F445
:106C6000407000900198C168009808430090FFE7C9
:106C7000009820F08000019949690843009001982C
:106C800080680299C8620198006802998862029837
:106C90000021C4F20101884208D0FFE7029840F2C7
:106CA0000041C4F20101884205D1FFE70198006963
:106CB00002990863FFE70299086840F00400086041
:106CC00002990120486100980299086003B070475A
:106CD00085B004900391029201930498806800901B
:106CE000009820F47F40009003980299019A41EAAD
:106CF000022101430098084300900098049988609D
:106D000005B0704783B002900191029880680090AE
:106D1000009820F07000009001980099084340F01E
:106D20000700009000980299886003B07047000047
:106D300085B00490039102920498006A009004992F
:106D4000086A20F0010008620498806901900198A7
:106D500020F0F00001900299019840EA01100190A2
:106D6000009820F00A0000900399009808430090D2
:106D700001980499886100980499086205B07047E9
:106D800085B00490039102920498006A00900499DF
:106D9000086A20F010000862049880690190019848
:106DA00020F4704001900299019840EA013001906E
:106DB000009820F0A00000900399009840EA01108C
:106DC000009001980499886100980499086205B0C0
:106DD0007047000080B582B00190FEF799FD052054
:106DE00017F0B8FA02B080BD80B582B0019001986A
:106DF000C06B009000990020C8850098FDF74CFEFC
:106E000002B080BD80B584B003900020029003984A
:106E1000C06B0190019800684069C0B2C00902903F
:106E20000198406C21280AD1FFE7029838B1FFE7AA
:106E300001990020C884019800F05AF9FFE70198F1
:106E400000684069C0F3801002900198806C22288D
:106E50000AD1FFE7029838B1FFE701990020C88501
:106E6000019800F0E9F8FFE70199C86C40F01000C4
:106E7000C8640198FDF710FE04B080BD80B586B0EF
:106E800005900598C06B0490059800680068C005DF
:106E9000002859D4FFE704990020C885FFE7FFE7E1
:106EA0000498006850E8030F20F480700390FFE717
:106EB00003990498026842E803100028F0D1FFE724
:106EC000FFE7FFE7FFE70498006850E8050F20F0B0
:106ED00001000290FFE702990498026842E8051059
:106EE0000028F0D1FFE7FFE7FFE7FFE7049800681D
:106EF00050E8050F20F040000190FFE70199049849
:106F0000026842E805100028F0D1FFE7FFE7049986
:106F1000202088640498006B012814D1FFE7FFE764
:106F2000FFE70498006850E8030F20F0100000907D
:106F3000FFE700990498026842E803100028F0D1A6
:106F4000FFE7FFE7FFE7FFE70499002048630498A5
:106F5000006B012805D1FFE70498818DFDF796FDB0
:106F600003E00498FEF73CF9FFE706B080BD00009F
:106F700080B582B001900198C06B0090009901200B
:106F800048630098006B012806D1FFE70098818DC7
:106F90004908FDF77BFD03E00098FEF72FF9FFE7B6
:106FA00002B080BD80B584B003900398C06B02909E
:106FB000039800680068C00500282AD4FFE70299FA
:106FC0000020C884FFE7FFE70298006850E8050F3B
:106FD00020F080000190FFE701990298026842E8E2
:106FE00005100028F0D1FFE7FFE7FFE7FFE7029871
:106FF000006850E8030F40F040000090FFE7009960
:107000000298026842E803100028F0D1FFE7FFE78A
:1070100003E00298FEF702FAFFE704B080BD00002B
:1070200080B582B001900198C06B00900098FEF787
:10703000F9F902B080BD000084B00390FFE7FFE7DC
:107040000398006850E8030F20F490700290FFE767
:1070500002990398026842E803100028F0D1FFE784
:10706000FFE7FFE7FFE70398006850E8050F20F00F
:1070700001000190FFE701990398026842E80510BA
:107080000028F0D1FFE7FFE70398006B012814D137
:10709000FFE7FFE7FFE70398006850E8030F20F0E1
:1070A00010000090FFE700990398026842E803107F
:1070B0000028F0D1FFE7FFE7FFE70399202088646D
:1070C00003990020086304B07047000080B582B0C7
:1070D000019001980168C86820F04000C8600199DB
:1070E000202048640198FEF799F9002002B080BD85
:1070F00082B00190FFE7FFE70198006850E8030FB6
:1071000020F0C0000090FFE700990198026842E873
:1071100003100028F0D1FFE7FFE701992020486421
:1071200002B0704780B586B00490002003900290B2
:107130000498806C222840F09D80FFE704988068C6
:10714000B0F5805F13D1FFE70498006978B9FFE7D5
:107150000498806A02900498006840686FF35F208A
:10716000029908800499886A0230886223E00498B2
:10717000806A039004988068B0F5805F08D0FFE7CC
:107180000498806850B9FFE70498006930B9FFE7B8
:107190000498006840680399087007E00498006844
:1071A000406800F07F0003990870FFE70499886A3F
:1071B00001308862FFE70499C88D0138C885000452
:1071C000002854D1FFE704980168C86820F0200027
:1071D000C86004980168C86820F48070C86004988A
:1071E0000168486920F00100486104992020886402
:1071F0000499002048630498006B012830D1FFE710
:10720000049900200863FFE7FFE70498006850E84E
:10721000030F20F010000190FFE701990498026825
:1072200042E803100028F0D1FFE7FFE70498006868
:107230000068C00600280ED5FFE7FFE70020009099
:107240000498006800680090049800684068009006
:107250000098FFE7FFE70498818DFDF717FC03E036
:107260000498FDF7BDFFFFE70020059005E0002032
:10727000059002E002200590FFE7059806B080BD6A
:1072800080B586B0059005980068006920F44050EC
:10729000059A1168D26810430861059988680B69DE
:1072A0004A69C96918431043084304900598006867
:1072B000C06849F20C61884304990843059909683C
:1072C000C86005980068406920F44070059A11680C
:1072D0009269104348610598006841F20001C4F2C8
:1072E0000101884209D0FFE70598006841F200419A
:1072F000C4F20101884204D1FFE7FCF755F903907D
:1073000003E0FCF73FF90390FFE70598C069B0F58B
:10731000004F29D1FFE703981921A0FB0101059A2D
:107320001368029353685A00DB0FF9F7EBF80299E0
:10733000864648F21F53C5F2EB13AEFB0320420909
:1073400010014FF0640C02FB1CEC322202EBCC0269
:10735000A2FB0332F82303EA521300EB4300C2F30B
:1073600042121044886026E003981921A0FB010115
:10737000059A1368019353689A009B0FF9F7C2F8B6
:107380000199844648F21F52C5F2EB12ACFB023061
:107390004309642003FB10CC322000EB0C10A0FB4F
:1073A0000202F02000EA521000EB0310C2F3431275
:1073B00010448860FFE706B080BD000080B58AB049
:1073C00008900791ADF81A20079808998862BDF8CF
:1073D0001A000899888508990020C864089A222113
:1073E00091640899CA6B46F67D61C0F6000111648C
:1073F0000899CA6B46F67171C0F60001516408998C
:10740000CA6B46F60561C0F6000111650899C96BA3
:10741000486507A8059008980168C06B0431059A73
:107420001268BDF81A30FBF7A5FB48B1FFE70899D1
:107430001020C864089920208864012009904DE03C
:10744000FFE70020049008980068006804900898FE
:107450000068406804900498FFE708980069A0B1AC
:10746000FFE7FFE7FFE70898006850E8030F40F4E4
:1074700080700390FFE703990898026842E80310C0
:107480000028F0D1FFE7FFE7FFE7FFE7FFE70898F5
:10749000006850E8050F40F001000290FFE70299F4
:1074A0000898026842E805100028F0D1FFE7FFE7DE
:1074B000FFE7FFE70898006850E8050F40F040003C
:1074C0000190FFE701990898026842E8051000283A
:1074D000F0D1FFE7FFE700200990FFE709980AB025
:1074E00080BD000083B001900198406C212839D103
:1074F000FFE701988068B0F5805F13D1FFE701983E
:10750000006978B9FFE70198006A00900098008848
:107510006FF35F200199096848600199086A023099
:10752000086208E0019A106A411C11620078019912
:1075300009684860FFE70199C88C0138C8840004D5
:1075400068B9FFE701980168C86820F08000C8604A
:1075500001980168C86840F04000C860FFE700205B
:10756000029002E002200290FFE7029803B0704709
:1075700080B586B0DDF820C004900391029201939B
:10758000FFE704980068006803990840401AB0FAC1
:1075900080F04009029988424AD1FFE708980130FB
:1075A000002844D0FFE7FBF7AFFD0199401A089986
:1075B000884203D8FFE7089818B9FFE70320059031
:1075C00039E004980068C068400700282ED5FFE71E
:1075D000039880282AD0FFE70398402826D0FFE7A9
:1075E00004980068006800F008010120B0EBD10F9A
:1075F0001BD1FFE7FFE700200090049800680068B7
:10760000009004980068406800900098FFE7049894
:10761000FFF712FD04990820C864FFE704990020D1
:107620000864FFE70120059005E0FFE7FFE7A8E712
:1076300000200590FFE7059806B080BD80B582B0B8
:107640004AF6E820C2F2000000680068C006002880
:1076500016D5FFE7FFE7002001904AF6E820C2F2C6
:107660000000016809680191006840680190019874
:10767000FFE74AF6E820C2F2000016F01BFBFFE726
:107680004AF6E820C2F20000FDF76AFA02B080BDB7
:10769000FFE7FEE780B513F091F813F0BBF813F0A5
:1076A000CFF813F0E3F813F0F1F880BD80B513F0D4
:1076B0009BF880BD80B513F05DF880BD704782688F
:1076C00012B10146012010477047F0B5ADF5397D84
:1076D00064AF0646384614460D46F9F757FC02A932
:1076E000384632462B46F5607461009400F0F8FD90
:1076F00002200DF5397DF0BD80B58AB0694613F0E2
:10770000F1F90299002818BF002108460AB080BD8F
:1077100080B58AB0694613F0E5F90099002818BFD2
:10772000002108460AB080BD70B5ADF5407D62AD60
:1077300004462846F9F72AFC00206E46E0603046F1
:10774000294613F0F3F9B6A9304613F0CBF918B176
:1077500003200DF5407D70BD6D46B6AEB99B5BB1A3
:10776000B698BB99BE9A2165C4E912020020214651
:107770002A469847082806D12846314613F0B2F920
:107780000028EBD0E4E7062802D00928E1D0DFE7A3
:1077900062A869462246002300F0D0FC0220D8E708
:1077A00010B5ADF5387D044664A8F9F7EFFBE36842
:1077B0003BB964A802A92246012300F0BFFCF9F7F7
:1077C000BDFBD4F814C064A802A92246CDF800C0BD
:1077D00000F086FDF9F7B2FB70B5049C164605294A
:1077E000054616D0012908D059BB0F2E4FF00200D4
:1077F00013D893B92846314612E023F0040001283B
:107800000AD1012B10D10F2E06D8284613F0BBF950
:107810000CE053EA060001D0022070BD28468F21FB
:10782000224613F06DF907E01F2EF5D806F580719A
:107830002846224613F03FF9002818BF01204000D7
:1078400070BDF9F77BFB00002DE9F04F81B09A4243
:10785000044680F0E88098468A460025EB462026BC
:1078600082F003001AF90000571C00285FFA80F923
:107870000ED420460D215A4613F042F90098B9F172
:10788000400F4FEA890125D20844021D26E000BFBF
:10789000A9F180000009052800F2D380DFE800F09C
:1078A0000362404D246E474580F0CB8087F0030192
:1078B0004FEA09301AF8011080B250EA011300F0C3
:1078C000C08009F00800971C45EAD0052046002139
:1078D0001A4630E001F0FC01401A021F00922046D7
:1078E0000D2113F06EF957E009F0FE00C82840F0B2
:1078F000A88087F003001AF80010A9F1C800B0FAB8
:1079000080F040090B0943EA001001F00F01431811
:107910001F2B00F2968041EA0040971C421C36E083
:1079200009F0070006FA00F0103809F0080140EAF3
:10793000C1222046002100232CE0A9F1B001072933
:1079400058D80920DFE801F06D04315D2D7A7A7A8C
:10795000474573D287F003001AF800300F2B70D818
:10796000971CB3E709F00D000D286AD009F00F014C
:1079700020465A4613F0C4F8009AB0E75FEA09704F
:107980005FD4012109F00700C0F208014218204627
:107990000121052300F058F847453A46FFF460AF4F
:1079A0003FE0204605210022C5E7A9460026002029
:1079B000474546D287F003011AF901107D1C01F0FA
:1079C0007F0282401643073000292F46F0D420461C
:1079D0000D215A4613F094F800980D2100EB860013
:1079E00000F501722046009213F0EBF82F464D4649
:1079F0002026D1E7012109F00700C0F20801421852
:107A00000BE087F003001AF80000971C00F00F014C
:107A100000F0F00041EA0030421C20460121012321
:107A2000B8E7E80709D16A4620460E2113F068F846
:107A3000009A20460F2113F0C4F8082001B0BDE8D9
:107A4000F08F0920FAE700002DE9F04186B01E46CC
:107A500015460529044654D0012928D0002975D19E
:107A6000002E57D102AA20460D2113F049F8002814
:107A700050D10027002600BF25FA06F0C0070FD01E
:107A80000298314650F8042B0290204613F099F8E2
:107A900000283FD1A6F10D00B0FA80F0400907435D
:107AA0000136102EE8D1F80746D0002033E026F04A
:107AB000040001282ED105AA20460D2113F020F83C
:107AC00040BBA8B2B8B12F0C00EB15450DF108086A
:107AD00005983A4600F10801059103C83346CDE9FF
:107AE000020120460121CDF8008000F031F888B96C
:107AF0000137AF42ECD3012E1CD10598021D05922F
:107B00001BE056EA050005D102AA20460D2112F01D
:107B1000F7FF18B1022006B0BDE8F081029A2046B6
:107B200052F8045B0D21029213F04BF820468F218E
:107B30002A4604E0059A00E0029A20460D2113F03F
:107B400040F8002818BF01204000E4E7F9F7F6F9F3
:107B500070B5049E15460529044617D0012909D0A1
:107B600069BB0F2D4FF0020014D89BB93268204634
:107B7000294613E023F0040001280AD1012B10D17B
:107B80000F2D06D8204612F0FEFF0CE053EA050048
:107B900001D0022070BD326820468F2113F011F809
:107BA00008E01F2DF5D8D6E9002305F580712046A1
:107BB00012F0ECFF002818BF0120400070BDF9F75B
:107BC000BDF9000080B590B040F22030C2F2000054
:107BD0000078BFF35F8FC007002844D1FFE740F271
:107BE0002030C2F2000016F0CBF9E0B3FFE76846A0
:107BF0000D9000210163C16281623F22426243F223
:107C0000F042C0F60302026243F20C52C0F60302D5
:107C1000C26181614161012202610423C36081600C
:107C200041600A23036048F6AC40C2F2000042F60D
:107C30003061C0F6030105F029FEFFE74DF685101F
:107C4000C0F6000048F6AC41C2F2000140F200026A
:107C5000C0F60002F8F7E4FC40F22030C2F2000067
:107C600016F0A4F9FFE748F6AC40C2F2000010B0ED
:107C700080BD0F900E9140F22030C2F20000002132
:107C80004170FFE712F0DEFC80B590B040F2243086
:107C9000C2F200000078BFF35F8FC007002844D114
:107CA000FFE740F22430C2F2000016F069F9E0B3B9
:107CB000FFE768460D9000210163C16281623F22A7
:107CC000426243F2F442C0F60302026243F21052EF
:107CD000C0F60302C2618161416101220261042395
:107CE000C360816041601423036048F6D840C2F24B
:107CF000000042F64061C0F6030105F0C7FDFFE752
:107D00004DF68510C0F6000048F6D841C2F20001D9
:107D100040F20002C0F60002F8F782FC40F2243084
:107D2000C2F2000016F042F9FFE748F6D840C2F26E
:107D3000000010B080BD0F900E9140F22430C2F2CE
:107D4000000000214170FFE712F07CFC80B590B08C
:107D500040F22830C2F200000078BFF35F8FC00706
:107D6000002844D1FFE740F22830C2F2000016F0AC
:107D700007F9E0B3FFE768460D9000210163C16297
:107D800081623F22426243F2F842C0F6030202627D
:107D900043F21452C0F60302C261816141610122C3
:107DA00002610423C360816041602823036048F6B8
:107DB0000450C2F2000042F65061C0F6030105F023
:107DC00065FDFFE74DF68510C0F6000048F604514A
:107DD000C2F2000140F20002C0F60002F8F720FCF7
:107DE00040F22830C2F2000016F0E0F8FFE748F653
:107DF0000450C2F2000010B080BD0F900E9140F20E
:107E00002830C2F2000000214170FFE712F01AFC96
:107E100080B590B040F22C30C2F200000078BFF381
:107E20005F8FC007002847D1FFE740F22C30C2F235
:107E3000000016F0A5F800283ED0FFE769460D9136
:107E400000200863C86288623F224A6243F2FC4213
:107E5000C0F603020A6243F21852C0F60302CA6176
:107E600001228A614A610A610422CA60886048600E
:107E70001420086048F63050C2F2000042F66061FB
:107E8000C0F603014822182305F000FDFFE74DF678
:107E90008510C0F6000048F63051C2F2000140F2F1
:107EA0000002C0F60002F8F7BBFB40F22C30C2F231
:107EB000000016F07BF8FFE748F63050C2F20000F1
:107EC00010B080BD0F900E9140F22C30C2F2000035
:107ED00000214170FFE712F0B5FB000080B590B0C3
:107EE00040F23030C2F200000078BFF35F8FC0076D
:107EF000002848D1FFE740F23030C2F2000016F00F
:107F00003FF800283FD0FFE769460D910020086345
:107F1000C86288623F224A6243F20052C0F60302FE
:107F20000A6243F21C52C0F60302CA6102228A614D
:107F300001224A610A610422CA60886048600F20F9
:107F4000086048F65C50C2F2000043F25021C0F6CF
:107F500003011822122305F099FCFFE74DF6851066
:107F6000C0F6000048F65C51C2F2000140F2000287
:107F7000C0F60002F8F754FB40F23030C2F20000C5
:107F800016F014F8FFE748F65C50C2F2000010B09B
:107F900080BD0F900E9140F23030C2F200000021FF
:107FA0004170FFE712F04EFB80B590B040F23430E4
:107FB000C2F200000078BFF35F8FC007002845D1F0
:107FC000FFE740F23430C2F2000015F0D9FFE8B309
:107FD000FFE768460D9000210163C16281623F2284
:107FE000426243F20452C0F60302026243F220529C
:107FF000C0F60302C2610122826141610261042272
:10800000C260816041601423036048F68850C2F268
:10801000000043F2A031C0F60301082205F036FC4F
:10802000FFE74DF68510C0F6000048F68851C2F211
:10803000000140F20002C0F60002F8F7F1FA40F247
:108040003430C2F2000015F0B1FFFFE748F6885067
:10805000C2F2000010B080BD0F900E9140F234309B
:10806000C2F2000000214170FFE712F0EBFA0000BD
:1080700080B590B040F23830C2F200000078BFF313
:108080005F8FC007002847D1FFE740F23830C2F2C7
:10809000000015F075FF00283ED0FFE768460D9000
:1080A00000210163C16281623F22426243F20852B1
:1080B000C0F60302026243F22452C0F60302C26118
:1080C000032282614161012202610422C260816057
:1080D00041601623036048F6B450C2F2000043F238
:1080E0001041C0F60301102205F0D0FBFFE74DF66A
:1080F0008510C0F6000048F6B451C2F2000140F20B
:108100000002C0F60002F8F78BFA40F23830C2F2F3
:10811000000015F04BFFFFE748F6B450C2F2000034
:1081200010B080BD0F900E9140F23830C2F20000C6
:1081300000214170FFE712F085FA00002DE9F047B9
:108140008CB00C46014620469A46154612F0EEFCCD
:1081500001260DF12C080DF1040900BF1AF00100F1
:108160004FF0010718BF022708D03EB92A69204600
:108170004FF0FF3112F025FD4FF0000A20466FF05E
:108180000101424612F0BCFC2046494612F0AAFC0E
:1081900020BB049B7BB101980699099A2965C5E922
:1081A00012023846294622469847082805D10B98DE
:1081B000296A884205D0013ED0E7072803D0092864
:1081C0000CD1F8F7BBFE6A4620464FF0FF3112F0A3
:1081D00097FC00982861204612F0CCFC0CB0BDE85A
:1081E000F087000081B00090009800280DD4FFE7D0
:1081F000009901F01F02012090404A094EF200113F
:10820000CEF2000141F82200FFE701B07047000004
:1082100081B00090009800280DD4FFE7009901F08C
:108220001F02012090404A094EF20011CEF20001D7
:1082300041F82200FFE701B07047000081B00090D4
:108240000098002811D4FFE7009901F01F020120D7
:1082500090404A094EF28011CEF2000141F822000E
:10826000BFF34F8FBFF36F8FFFE701B07047000080
:1082700081B000900098002811D4FFE7009901F028
:108280001F02012090404A094EF28011CEF20001F7
:1082900041F82200BFF34F8FBFF36F8FFFE701B0AC
:1082A0007047000082B0019000910198002809D425
:1082B000FFE70098000101994EF20042CEF2000261
:1082C00088540AE000980001019901F00F014EF670
:1082D0001452CEF200028854FFE702B0704700004B
:1082E0002DE9F0418CB00D46014628461C46164645
:1082F00012F01CFC02A9284612F0F4FB10B10CB0DD
:10830000BDE8F081DDF8488002AF00BF01200A21FE
:1083100032463346CDE90058A0470028EFD1059BEF
:108320008BB1029807990A9A3165C6E912020920B1
:1083300031462A469847072802D0082803D009E08A
:10834000284612F017FC2846394612F0CBFB0028CD
:10835000DCD0D4E70528D2D101201A213246334699
:10836000CDE90058A047CAE780B582B0019006F079
:10837000E5FB06F0E9FD02B080BD000081B0009091
:10838000FFE7FEE762B1884204BF0120704780B575
:1083900040684968F9F738FCB0FA80F0400980BDC0
:1083A00040684968401AB0FA80F0400970472DE9EA
:1083B000F04190B00D46DDE9168101AFCDE9013005
:1083C000CDE9032107F110002721F8F710FA012069
:1083D0008DF83B000024D8F800000F9486694046D1
:1083E00039462A4601230094B0470A98012811D043
:1083F000F8B90B99DDE90802069C81F0010180F0D3
:10840000010008430021012A18BF0C46002818BFAC
:108410000C460EE00798012801D1059C09E00B9855
:10842000002430B90898012803D10998012808BF11
:10843000059C204610B0BDE8F0812DE9F04192B0D6
:108440001E46199B0C46002B05D41898D84218BF1D
:108450000024254623E0991C4FF000051FD00DF1A4
:108460000C08CDE9036008F110002021CDE90523B7
:10847000F8F7BDF94FF080704FF0010C10903068A4
:10848000CDF83CC011954769304641462246234607
:10849000CDE900C5B8470998012808BF25462846F8
:1084A00012B0BDE8F0812DE9F04192B01D46189B55
:1084B000002B27D4C71A0E468F424FF0000422DB50
:1084C0000DF10C0808F110002021CDE90357CDE98A
:1084D0000523F8F78CF94FF080704FF0010C1090E5
:1084E0002868CDF83CC01194D0F814E028464146E5
:1084F00032463346CDE900C4F047099C002C18BF32
:108500003C4600E00024204612B0BDE8F0810A6835
:1085100052F8083C1944016052F8041CC0E90113E8
:10852000704711F0CBBD80B5AFF300800821BDE8E6
:10853000804011F09BBE80B5AFF300800C21BDE8F8
:10854000804011F093BE03C844F64E42C0F243028D
:10855000000A82EA112240EA016042F62B31C4F29D
:10856000437148401043B0FA80F04009704748F624
:108570005821C2F20001884238BFF7F73ABF01F52F
:108580000071884201D200F097BDF7F732BF10B5F5
:1085900082B0044601284FF0000098BF01240190EA
:1085A00001A808212246F8F7B4F9019810B920462D
:1085B00000F02CFE02B010BD2DE9F04F8DB00F463B
:1085C0001821984691468246F8F711F903205FEA90
:1085D000C77BCAF8180008D1B80740F18E8107F0B0
:1085E0000C000C2805D1022026E017F00E0F40F0F9
:1085F0008481169D2846FFF77FF8E0B10646CAF849
:108600000C0000200C900CAC284600210F22002307
:108610000094FFF7E1F80C9C2846FFF779F816F86C
:10862000011B0546FF290C9609D00CA800F0B6F9ED
:108630000C9E079004E00820CAF818005DE1079539
:1086400016F8012B24F00100E943FF2A4FF0000245
:108650000C9605970BD0002316F9015B05F07F04FB
:1086600094402343002D02F10702F5D4F218CDF80F
:1086700018A000EB010A711C0C913678CDE9089224
:1086800000200022CDE903B811F9013B03F07F057A
:1086900085402A43002B00F10700F5D401EB020BC3
:1086A0000BAD0C910B9100BF594524D228463146A1
:1086B00000F074F981462846314600F06FF9804693
:1086C0002846314600F06AF90B990023002200BFCA
:1086D00011F9014B04F07F079F403A43002C03F14E
:1086E0000703F5D4D1450B9103D808EB09039A454C
:1086F00005D3CA45D8D20898049900F042F9002859
:1087000000F0B5800799002A08440699086100F036
:10871000B1800BEB0200DDF810B0A0F101080BF105
:1087200058004FF0000A4FF0FF360790002100205C
:10873000C14600BF19F9012B02F07F038B4018439B
:10874000002A01F10701F5D4D2B206FA01F320297B
:10875000064638BF1E433F2A98BF0646012E37DB28
:108760000998002800F0CC80A0EB86000168002961
:1087700000F08780006800BF002800F08280054676
:10878000089810B3584603C800BF44F64762C4F2C5
:108790004C32514042F60132C4F22B325040084371
:1087A000079808BF5BF8240C00280A9000F0AC8002
:1087B0005BF8201C002900F0A78028680AAA03693A
:1087C00028469847002840F08580504630E000BF9A
:1087D000B6FA86F0400940EA0A004EB3059911F056
:1087E000080125D1089800284BD0584603C800BF7F
:1087F00044F64762C4F24C32514042F60132C4F2B0
:108800002B3250400843079C08BF5BF8244C002CD7
:108810007AD05BF8203C002B76D0F517099A3046C9
:108820002946CDE9004B00F091F9002850465CD173
:10883000002200214B4600BF13F9016B06F07F07B1
:1088400097403943002E02F10702F5D4F3B24FF0FE
:10885000FF3606FA02F7202A0A4638BF3A433F2B72
:1088600098BF0A4652B309EB020882465EE70699B2
:10887000082004E0039A0820002A08BF0620886127
:108880003BE0069CF017C4E900605846C4F8088035
:1088900003C800BF44F64762C4F24C32514042F66E
:1088A0000132C4F22B325040084304BF5BF8240C61
:1088B000079007990620C4E905101EE00821C007AB
:1088C00018BF0621059A0820920758BF014606984E
:1088D000816112E0069AF017C2E900600A98062149
:1088E000C2F80880C2E9050107E006990620C1E93F
:1088F0000065C1F80880C1E905400DB0BDE8F08F02
:108900000898594600F03DF8584611F031FD5BF8E3
:10891000140C11F0D5FB10B50446283011F028FDD9
:10892000606911F0CDFBF0B583B015460C4602909E
:1089300002AE084600210022002300960027FFF720
:1089400007F92868002102902046012200230096A2
:10895000FFF7FEF82D69204600210F220023029721
:108960000096FEF739FF0298002100F0010028432D
:10897000029020460F2200230096FFF7E9F803B08B
:10898000F0BDB0B5054608460C4611F0F1FC1DB12E
:1089900054F8140C11F094FB11F0F4FB70B5FF299E
:1089A0001CD001F00F020C2A00F29380D0F800C016
:1089B000DFE802F065532F07178F8F8F8F38280756
:1089C00017009CF800209CF802309CF803609CF88B
:1089D000015043EA062342EA05225CE04FF0000E14
:1089E00075E09CF800209CF802309CF803609CF82D
:1089F000015043EA062342EA052242EA034E0CF103
:108A000008064CE09CF901209CF8003043EA022E55
:108A100005E09CF800209CF8013042EA032E0CF19E
:108A200002063CE000230022664600BF16F9014B17
:108A300004F07F059D402A43002C03F10703F5D481
:108A40004FF0FF359646E4B29D40202B38BF4EEAEA
:108A5000050E3F2C98BF964621E000224FF0000EF5
:108A6000664600BF16F9013B03F07F0494404EEACE
:108A7000040EB3F1FF3F02F10702F3DD0FE09CF8B3
:108A800000209CF802309CF803509CF8014043EA17
:108A9000052342EA042242EA034E0CF10406C1F324
:108AA00002123AB1032A05D0012A12D1BEF1000FF9
:108AB0000AD0E644BEF1000F06D049B2B1F1FF3F43
:108AC000D8BFDEF800E001E04FF0000E066070460F
:108AD00070BDF8F733FA10B511F0C0FDD0F808E01A
:108AE000BEF1000F25D0714651F828CF44F64E4212
:108AF0004B68C0F2430282EA13244FEA1C2242EA86
:108B0000036242F62B33C4F243735A4022430CD122
:108B1000DEF82420013ACEF8242008D1DEF8202007
:108B200082600020CEF8200001E00022826008462A
:108B300010BD11F027FB012803D101F1580011F0FD
:108B40002BBD80B551F8140C11F0BAFA2DE9F041A3
:108B500082B0E2B1DDF82080C0431C4602EB800009
:108B600001AD00BF076867B1061D006800BF01685E
:108B70002A460B692146CDF80480984700283046E4
:108B8000F0D0B7FA87F0400902B0BDE8F08109984B
:108B900011F0EEFB11F0F6FA80B584B00390039962
:108BA000029101F22A5041F642028B5642F6783287
:108BB000C0F6020201920A2100910BF04BF80099D5
:108BC000019A029B03F23E5041F6430C13F90C301C
:108BD0000BF040F80099019A029B03F2525041F6C3
:108BE000440C13F90C300BF035F80099019A029BF4
:108BF00003F2665041F6450C13F90C300BF02AF8DD
:108C0000029901F20C504FF4C2528B5642F6753263
:108C1000C0F602020F210BF01DF80099019A029B89
:108C200003F59F6041F6410C13F90C300BF012F87C
:108C3000029800F54D7010F092FC029800F56270F9
:108C400010F08DFC029800F5397010F088FC029845
:108C500000F5257010F083FC04B080BD80B582B0B3
:108C60000190019800F074FB02B080BD80B582B025
:108C70000190019809F038FE02B080BD80B584B043
:108C800003900398009000F067FBFAF73DFA009B11
:108C90000290029844F6D351C1F26201A0FB011088
:108CA00080090190019844F20751CCF22E21A0FBDB
:108CB0000121090C40F2A3225143A0EBC110019005
:108CC00001994BF2C530C9F2A210A1FB0021CA0ADA
:108CD00041F650015A50DDF804C0ACFB0020C00A38
:108CE0004FF4616200FB12C044F24542C0F24442BC
:108CF000A0FB022041F654029850019848F6890CD6
:108D0000C8F6880CA0FB0CCE4FEA5E1C4FEA0C1C88
:108D1000ACEB5E1CA0EB8C0041F6580C43F80C0049
:108D200003F57770595C9A5C13F80C3004F086FCFC
:108D300004B080BD80B582B001900198009000F031
:108D400025FB009841F2DC31C0F6020108310160D8
:108D500002B080BD80B582B001900198009000F013
:108D600005F8009811F080FA02B080BD80B582B09D
:108D700001900198009001F0A7F8009802B080BD22
:108D800080B582B00190019801F042FA02B080BD36
:108D900080B582B001900198009000200121FDF77C
:108DA000DFFA009801F03CFA4AF68020C2F2000097
:108DB000FBF708FC02B080BD80B582B0019001983D
:108DC00001F04EFA02B080BD80B582B001900091F2
:108DD0000198009901F04CFA02B080BD80B582B0D4
:108DE0000190019801F072FA02B080BD80B582B0A6
:108DF0000190019801F072FA02B080BD80B582B096
:108E0000019000910198009901F070FA02B080BDC4
:108E100080B582B00190019801F06EFA02B080BD79
:108E200080B582B00190019801F070FA02B080BD67
:108E300080B582B00190019801F06CFA02B080BD5B
:108E400080B584B003900291019200930398029937
:108E5000019A009B01F06EFA04B080BD10B588B095
:108E60008C4686460B980A99CDF81CE0CDF818C0C0
:108E700005920493ADF80E10ADF80C00079802901F
:108E80000699059A049BBDF80EC0BDF80C40EE464D
:108E9000CEF80440CEF800C001F05AFA029841F230
:108EA0001441C0F602010831016008B010BD000095
:108EB00080B582B001900198009000F005F800980C
:108EC00011F0D2F902B080BD80B582B00190019856
:108ED000009001F073FA009802B080BD80B582B0B6
:108EE00040F23C30C2F200000078BFF35F8FC00751
:108EF00020BBFFE740F23C30C2F2000015F040F822
:108F0000E0B1FFE748F6E050C2F2000000F028F8B8
:108F1000FFE749F26900C0F6000048F6E051C2F2EE
:108F2000000140F20002C0F60002F7F779FB40F2C0
:108F30003C30C2F2000015F039F8FFE748F6E05087
:108F4000C2F2000002B080BD0190009140F23C30BE
:108F5000C2F2000000214170FFE711F073FB000036
:108F600080B58CB00B900B98069041F20051C0F682
:108F7000020108310791016000F11401059100F12F
:108F80002C0241F69003034441F6B00C8444EE46B3
:108F9000CEF800C001F096F80598069A079911607E
:108FA000014608910EF070FAFFE706982C30014652
:108FB00004910EF031FAFFE7069841F6900108445B
:108FC000014603910EF09AFAFFE7069841F6A401D4
:108FD000084401F05DFBFFE7069A41F6B00010443B
:108FE0000146029141F6A401114401F0B5F8FFE7F2
:108FF000069841F6B0010144026892689047FFE785
:1090000006980CB080BD0A9009911BE00A90099166
:1090100014E00A9009910DE00A90099106E00246D9
:1090200002980A92099101F0B7F8FFE703980EF051
:1090300081FAFFE704980EF00BFAFFE708980EF0AC
:109040003FFAFFE7069801F067F8FFE711F0FAFA38
:1090500080B582B001900198009000F005F800986A
:1090600011F002F902B080BD80B584B0039003987E
:10907000029041F20051C0F6020101F108020146DE
:1090800041F8142B019141F6B001084401F084F835
:10909000029841F6900108440EF04CFA02982C30E8
:1090A0000EF0D6F901980EF00BFA029801F034F8A0
:1090B000029804B080BD0000F0B548F6584CC2F2EA
:1090C000000CDCF8003048F6582E011FC2F2000EEA
:1090D000BBB10EF50072934213D000241A4600BFB4
:1090E000558802EB85068E4212D030F8026C01EBF7
:1090F0008607974211D0158814460EEB8502802D05
:10910000EED1A3EB0E0080080880CCF80010F0BD73
:1091100030F8020C28445080F0BD731920F8023C4E
:1091200024B1A1EB0E0080082080F0BD1088CCF89F
:1091300000100880F0BD00002DE9F04F8BB0044610
:10914000C06C8B46C57801A9584611F0CBFC0028AD
:1091500094F85000039918BF0021C00743D10E684E
:10916000002E40D005F00F0A4AF00200032838D143
:10917000BAF1030F02D14F68082002E04F88B6B25F
:1091800004200D18002006F00109D4F84880019051
:1091900058460F2101AA67F3410911F0B1FCB9F15A
:1091A000020F05D229460E68002EE1D11BE000BF58
:1091B00029D1019827F0010120F0010008EB0102FC
:1091C000824205F10401EED826F001031A449042D0
:1091D000E9D22968480061F31E00411C11D0023019
:1091E00011D109200AE0584611F01FFD014609205F
:1091F000002908BF0520012908BF08200BB0BDE8E1
:10920000F08F0620FAE7F7F799FE0000F0B581B07D
:1092100048F6584CC2F2000CDCF8002048F6582EF4
:10922000C2F2000E22B10EF500718A4208D122E08E
:109230008021C0F27F01724642F8041FCCF8002062
:1092400003300123810803EB90050024101D134611
:1092500042071ED15E88721B02F001072A4688BFB2
:109260003A44B24209D3B14215D318881C460EEBDA
:1092700080028028EAD1002017E0B01A588080B21E
:1092800003EB8001002723F82070081D43074A8064
:109290000BD0F7F753FE1988002C12BF21800EEB7C
:1092A0008101CCF800100021198001B0F0BD000050
:1092B00082B001908DF8031002B0704780B582B083
:1092C00084460498CDF804C08DF803108DF8022070
:1092D0008DF801308DF8000002B080BD82B00190A1
:1092E0008DF8031002B0704782B00190009101998F
:1092F0000098486002B0704781B00090009841F239
:109300001451C0F60201083101600021416001B032
:109310007047000080B582B001900198009000F085
:1093200005F8009810F0A0FF02B080BD81B0009059
:10933000009801B07047000041F2DC20C0F6020046
:10934000704700000220704781B0009001B0704764
:1093500081B0009001B0704780B582B00190019853
:10936000009041F63C0142580132425040580328D7
:109370000AD1FFE700980168C96A8847009941F659
:109380003C0200208850FFE702B080BD80B5F0B0FD
:109390006F906F983E9008F0C9FD3E9841F23051B1
:1093A000C0F60201083140F8401B01463F9105F02C
:1093B0004DFBFFE73E986C303D900DF5D9704FF6B0
:1093C000FF7109F08DF8FFE73D980DF5D97104F0B4
:1093D0002FFBFFE73E989C3001463C910DF0F4FED8
:1093E000FFE73E98C83001463B9108F0B5FCFFE727
:1093F0003E9800F59C703A906BA800210EF010F991
:10940000FFE73A986B9904F0DDFAFFE73E9800F524
:10941000A6700146399108F09FFCFFE73E9800F5E1
:10942000DE7038906AA800210EF0FAF8FFE738984D
:109430006A9904F0C7FAFFE73E9800F5E870014624
:1094400037910DF039FCFFE73E9800F507700146B3
:1094500036910DF031FCFFE73E9800F51A70014699
:1094600035910DF0B1FEFFE73E9800F525700146FD
:10947000349105F047FAFFE73E9800F53970014650
:10948000339105F03FFAFFE73E9800F54D70014635
:10949000329105F06FFAFFE73E9800F562700146E1
:1094A000319105F067FAFFE73E9800F577700146C5
:1094B000309103F01BF8FFE73E9800F27C402F90BC
:1094C0000DF5D3704FF6FF7109F00AF8FFE72F98FA
:1094D0000DF5D37104F0ACFAFFE73E9800F2AC4012
:1094E00001462E910DF0E8FBFFE73E9841F63C0265
:1094F0000021815000F27A504FF4965105F0DEF8C9
:10950000FFE73E9840306A46F021116000224FF498
:10951000A07311460AF018FEFFE73E9840302C90E9
:1095200000221046114608F049FD2D90FFE72C98C7
:109530002D996891689905F081FAFFE73E9800F14E
:10954000400109F0D3FAFFE73E986C302B900DF5FF
:10955000CF70012108F0C4FFFFE72B980DF5CF7104
:1095600008F047FDFFE73E986C306A46F021116035
:1095700000224FF4A07311460AF0E6FDFFE73E9883
:109580006C30002104F052FAFFE73E9800F16C01C4
:1095900009F0ACFAFFE73E989C30694678220A60F1
:1095A00000214FF4A0730AF0CFFDFFE73E98C830CA
:1095B0006A460A21116000224FF4A07311460AF096
:1095C000C3FDFFE73E9800F59C7029902B20AB214E
:1095D000D92208F0F3FC2A90FFE729982A9966918E
:1095E000669904F0D9F9FFE73E9901F1C80001F549
:1095F0009C7102F02BFEFFE73E98C8300021052247
:1096000008F092FBFFE73E98C8304FF4A0710522A6
:1096100008F068FBFFE73E98C830032108F042FAE3
:10962000FFE73E98C830012108F04EFBFFE73E9966
:1096300001F19C00C8310DF017FDFFE73E9800F5E1
:10964000A6706A46732111609B2104220A230AF046
:109650007BFDFFE73E9800F5DE7027902B20AB21C5
:10966000D92208F0ABFC2890FFE72798289965914C
:10967000659904F091F9FFE73E9901F5A67001F5AF
:10968000DE7102F0E3FDFFE73E9800F5A6700521CC
:10969000002208F049FBFFE73E9800F5A67005217F
:1096A000F02208F01FFBFFE73E9800F5A6700321AB
:1096B00008F0F8F9FFE73E9800F5A670012108F0E0
:1096C00003FBFFE73E9901F19C0001F5A6710DF047
:1096D000CBFCFFE73E9800F5E8706A461621116062
:1096E0000622A02319460AF02FFDFFE73E9800F559
:1096F000E8702590FF221046114608F05FFC269086
:10970000FFE725982699649164990DF099FAFFE78F
:109710003E9800F5E87000210DF04CFAFFE73E9806
:1097200000F5E870249062A800210DF057FFFFE7D4
:10973000249862A90DF011FAFFE762A80DF06AFF04
:109740003E9901F19C0001F5E8710DF08DFCFFE7F9
:109750003E9800F507706A46182111600021052225
:109760009B230AF0F1FCFFE73E9800F5077022907A
:10977000FF221046114608F021FC2390FFE72298B3
:109780002399619161990DF05BFAFFE73E9800F52E
:10979000077000210DF00EFAFFE73E9800F5077004
:1097A00021905FA801210DF019FFFFE721985FA923
:1097B0000DF0D3F9FFE75FA80DF02CFF3E9901F102
:1097C0009C0001F507710DF04FFCFFE73E9800F19A
:1097D0009C0109F08BF9FFE73E9800F51A706A4684
:1097E0007221116000224FF4A07311460AF0ACFC04
:1097F000FFE73E9800F525706A4617211160A02109
:109800002D2257230AF0A0FCFFE73E9800F52570B3
:109810001F90A720F7217C2208F0D0FB2090FFE7C3
:109820001F9820995E915E990DF00AFAFFE73E9825
:1098300000F5257000210DF0BDF9FFE73E9800F519
:109840009F601E905CA804210DF0C8FEFFE75CA895
:1098500010F0DCFB1D90FFE71D9B1E9842F60732BF
:10986000C0F602020A210AF0F5F9FFE75CA80DF044
:10987000D1FE3E9901F5257001F59F6105F030F8A4
:10988000FFE73E9800F525701C905AA80D210DF0B9
:10989000A5FEFFE71C985AA90DF05FF9FFE75AA84B
:1098A0000DF0B8FE3E9901F51A7001F525710DF025
:1098B000DBFBFFE73E9800F539706A46172111601F
:1098C00000212E22A0230AF03FFCFFE73E9800F57E
:1098D00039701A903320CC21B52208F06FFB1B9011
:1098E000FFE71A981B99599159990DF0A9F9FFE7CB
:1098F0003E9800F5397000210DF05CF9FFE73E98C5
:1099000000F20C50199057A803210DF067FEFFE7F5
:1099100057A810F07BFB1890FFE7189B199842F6A8
:109920000732C0F602020F210AF094F9FFE757A8A8
:109930000DF070FE3E9901F5397001F20C5104F002
:10994000CFFFFFE73E9800F53970179055A80C211E
:109950000DF044FEFFE7179855A90DF0FEF8FFE75C
:1099600055A80DF057FE3E9901F51A7001F53971B1
:109970000DF07AFBFFE73E9800F54D706A46332103
:10998000116000214322A0230AF0DEFBFFE73E988E
:1099900000F54D701590DB207D212A2208F00EFB8A
:1099A0001690FFE715981699549154990DF048F9BF
:1099B000FFE73E9800F54D7000210DF0FBF8FFE742
:1099C0003E9800F22A50149052A808210DF006FE8D
:1099D000FFE752A810F01AFB1390FFE7139B1498AF
:1099E00042F60732C0F602020A210AF033F9FFE715
:1099F00052A80DF00FFE3E9901F54D7001F22A516B
:109A000004F0A8FFFFE73E9800F23E50129050A8E5
:109A100007210DF0E3FDFFE750A810F0F7FA1190D1
:109A2000FFE7119B129842F60732C0F602020A21A4
:109A30000AF010F9FFE750A80DF0ECFD3E9901F592
:109A40004D7001F23E5104F08DFFFFE73E9800F5A6
:109A50004D7010904EA80B210DF0C0FDFFE710983F
:109A60004EA90DF07AF8FFE74EA80DF0D3FD3E9910
:109A700001F51A7001F54D710DF0F6FAFFE73E9809
:109A800000F562706A46332111604322A023194613
:109A90000AF05AFBFFE73E9800F562700E90DB205B
:109AA0007D212A2208F08AFA0F90FFE70E980F997D
:109AB0004D914D990DF0C4F8FFE73E9800F56270A6
:109AC00000210DF077F8FFE73E9800F252500D901C
:109AD0004BA806210DF082FDFFE74BA810F096FA87
:109AE0000C90FFE70C9B0D9842F60732C0F602027D
:109AF0000A210AF0AFF8FFE74BA80DF08BFD3E9965
:109B000001F5627001F2525104F024FFFFE73E9824
:109B100000F266500B9049A805210DF05FFDFFE7AC
:109B200049A810F073FA0A90FFE70A9B0B9842F6D7
:109B30000732C0F602020A210AF08CF8FFE749A8B2
:109B40000DF068FD3E9901F5627001F2665104F076
:109B500009FFFFE73E9800F56270099047A80A21C7
:109B60000DF03CFDFFE7099847A90CF0F6FFFFE771
:109B700047A80DF04FFD3E9901F51A7001F562718D
:109B80000DF072FAFFE73E9800F577706A461221F1
:109B9000116000211B22F7230AF0D6FAFFE73E9856
:109BA00000F577700790F620FA21A52208F006FA52
:109BB0000890FFE7079808994691469902F06EFCD5
:109BC000FFE73E9800F57770069044A809210DF054
:109BD00005FDFFE7069844A902F038FCFFE744A81A
:109BE0000DF018FD3E9800F57770012102F050FC51
:109BF000FFE73E9800F57770032102F041FCFFE794
:109C00003E9800F577700A220023114603F016FDF6
:109C1000FFE73E9901F51A7001F577710DF024FA0E
:109C2000FFE73E9800F27C4005900DF5877000211B
:109C300008F056FCFFE705980DF5877108F0D9F993
:109C4000FFE73E9800F27C406A4643211160F7210D
:109C5000002249230AF078FAFFE73E9800F27C40A0
:109C6000002103F0E3FEFFE73E9901F51A7001F2CF
:109C70007C410DF0F9F9FFE73E9800F2AC406A46EE
:109C80001B2111600022F72311460AF05DFAFFE75D
:109C90003E9800F2AC400390FF221046114608F0B7
:109CA0008DF90490FFE703980499429142990CF0D2
:109CB000C7FFFFE73E9800F2AC4000210CF07AFFAE
:109CC000FFE73E9800F2AC40029040A802210DF060
:109CD00085FCFFE7029840A90CF03FFFFFE740A892
:109CE0000DF098FC3E9901F51A7001F2AC410DF0AF
:109CF000BBF9FFE73E9800F51A7108F0F7FEFFE7A1
:109D00003E9870B080BD6E906D91CAE06E906D917E
:109D1000C3E06E906D91BCE06E906D91B5E06E9079
:109D20006D91AEE06E906D91A7E06E906D91A0E0A8
:109D30006E906D9199E06E906D9192E06E906D9144
:109D40008BE06E906D9184E06E906D917DE06E90F1
:109D50006D9176E06E906D916FE06E906D9168E020
:109D60006E906D9161E06E906D915AE06E906D9184
:109D700053E06E906D9162A80DF04CFC4DE06E903A
:109D80006D915FA80DF046FC47E06E906D915CA868
:109D90000DF040FC41E06E906D915AA80DF03AFC38
:109DA0003BE06E906D9157A80DF034FC35E06E905D
:109DB0006D9155A80DF02EFC2FE06E906D9152A87C
:109DC0000DF028FC29E06E906D9150A80DF022FC5A
:109DD00023E06E906D914EA80DF01CFC1DE06E907E
:109DE0006D914BA80DF016FC17E06E906D9149A88F
:109DF0000DF010FC11E06E906D9147A80DF00AFC7B
:109E00000BE06E906D9144A80DF004FC05E06E909F
:109E10006D9140A80DF0FEFBFFE72E980CF090FF2F
:109E2000FFE72F9803F012FEFFE7309802F082FB65
:109E3000FFE7319804F0BEFDFFE7329804F0BAFD69
:109E4000FFE7339804F07CFDFFE7349804F078FDD9
:109E5000FFE735980DF0CCF9FFE736980CF070FF6E
:109E6000FFE737980CF06CFFFFE7389803F0CEFD62
:109E7000FFE7399807F090FFFFE73A9803F0C6FD37
:109E8000FFE73B9807F088FFFFE73C980DF0B0F93B
:109E9000FFE73D9803F0DAFDFFE73F9804F0FEFD91
:109EA000FFE73E9808F060F8FFE710F0CBFB0000FA
:109EB00080B582B001900198009000F005F80098FC
:109EC00010F0D2F902B080BD80B582B00190019946
:109ED000009141F23050C0F602000830086004F0F2
:109EE000E7FBFFE7009800F2AC400CF029FF009878
:109EF00000F27C4003F0AAFD009800F5777002F0B4
:109F000019FB009800F5627004F054FD009800F50C
:109F10004D7004F04FFD009800F5397004F010FD0D
:109F2000009800F5257004F00BFD009800F51A70FC
:109F30000DF05EF9009800F507700CF001FF009835
:109F400000F5E8700CF0FCFE009800F5DE7003F000
:109F50005DFD009800F5A67007F01EFF009800F563
:109F60009C7003F053FD0098C83007F015FF00986F
:109F70009C300DF03DF900986C3003F067FD0098BF
:109F8000403004F08BFD009807F0EEFF009802B01F
:109F900080BD10F0D3F9000081B0009001B070478F
:109FA00082B001908DF8031001999DF80300C968F3
:109FB00041F64102885402B07047000080B582B07B
:109FC00084460498CDF804C08DF803108DF8022063
:109FD0008DF801308DF8000001999DF80300CA68E2
:109FE00041F64203D0549DF80200CA6841F643038B
:109FF000D0549DF80100CA6841F64403D0549DF83E
:10A000000000C96841F64502885402B080BD0000D6
:10A0100082B001908DF8031001999DF80300C96882
:10A020004FF4C252885402B07047000081B00090D3
:10A0300001B0704780B586B00590049105980190F5
:10A040000DF08AFA01980430FFF756F9FFE70198FE
:10A0500041F26851C0F6020101F1080202602C31A0
:10A0600041600499C16006B080BD02460198039228
:10A0700002910DF089FAFFE710F0E4FA80B582B0A2
:10A0800001900198009000F005F8009810F0ECF8AD
:10A0900002B080BD80B582B001900198009004307C
:10A0A000FFF744F900980DF06FFA009802B080BDF8
:10A0B00080B582B001900091009800F0E3F902B001
:10A0C00080BD000080B586B0DDF820C00590049109
:10A0D00003920293059801900499039A029BDDF87C
:10A0E00020C0EE46CEF800C009F064F8019841F2B5
:10A0F000A851C0F602010831016006B080BD000021
:10A1000080B582B001900198009000F005F80098A9
:10A1100010F0AAF802B080BD80B582B0019001981D
:10A12000009009F06BF8009802B080BD0E207047D7
:10A130004AF6FC60C2F200007047000080B582B0B1
:10A14000019001980090D0F8580100F039FA009879
:10A1500001F06CFF02B080BD80B584B00390029125
:10A160000192039800900299019A00F0C5F90098B5
:10A1700041F2BC51C0F602010831016004B080BD5B
:10A1800080B582B001900198009000F005F8009829
:10A1900010F06AF802B080BD80B582B001900198DD
:10A1A000009000F0F5F9009802B080BD83B00290F5
:10A1B00001910092002003B07047000081B0009030
:10A1C00001B0704780B582B001900198009003F013
:10A1D00097FD009841F21061C0F60201083101605C
:10A1E00002B080BD80B582B001900198009000F06F
:10A1F00005F8009810F038F802B080BD80B582B044
:10A2000001900198009003F08BFD009802B080BD92
:10A2100080B582B00190019804F04EFC02B080BD80
:10A2200080B582B001900198009004F05BFC00F0D2
:10A23000ABFF014600980268926E9047009840F28A
:10A240004431C2F2000104F03FFF0098032104F002
:10A2500043FF10B9FFE7FFE7FEE702B080BD000053
:10A2600080B582B001905A20FDF7D2FF02B080BDC8
:10A2700080B588B00790069107980290069904F07F
:10A28000BDFD0298806901684968884713F040FC69
:10A29000D0B9FFE704A8019007F002FE02980199E7
:10A2A00080690268D268904703900398BDF8101047
:10A2B000BDF81220BDF81430BDF816C0EE46CEF839
:10A2C00000C013F02BFCFFE708B080BD80B582B062
:10A2D0000190019804F094FD02B080BD80B582B079
:10A2E00001905A20FDF7C4FF02B080BD82B00190FA
:10A2F000009102B07047000080B582B001905A20F2
:10A300000921FDF7CFFF02B080BD000081B00090B1
:10A3100001B0704780B582B0019001980090FFE7CE
:10A3200013F0F6FB08B1FFE7FAE7009805F014FC1C
:10A3300002B080BD80B584B0039002910192009379
:10A3400003980299019A009B05F017FC04B080BDA8
:10A3500010B588B08C4686460B980A99CDF81CE05B
:10A36000CDF818C005920493ADF80E10ADF80C00AE
:10A37000079802900699059A049BBDF80EC0BDF897
:10A380000C40EE46CEF80440CEF800C005F068FC64
:10A39000029841F22861C0F602010831016008B05C
:10A3A00010BD000080B582B001900198009000F0CF
:10A3B00005F800980FF058FF02B080BD80B582B05C
:10A3C00001900198009005F0F1FC009802B080BD6A
:10A3D00080B584B00290ADF80610BDF806000146C5
:10A3E0000091062829D80099DFE801F004090E132E
:10A3F000181D2200FFF79CFE0068039020E0FFF785
:10A4000097FE406803901BE0FFF792FE8068039080
:10A4100016E0FFF78DFEC068039011E0FFF788FE9D
:10A42000006903900CE0FFF783FE4069039007E0AA
:10A43000FFF77EFE8069039002E000200390FFE7B3
:10A44000039804B080BD000080B582B001900198EF
:10A45000009000F005F800980FF006FF02B080BDF4
:10A4600080B582B001900198009002F071F80098D8
:10A4700002B080BD80B582B00190019800F002F872
:10A4800002B080BD80B58AB0099009990291002080
:10A4900004904AF2C940C0F600000390039A049B5E
:10A4A00005A8009009F0EEFD0298009900F5A27051
:10A4B000019009F035FE009809F028FE01980299F4
:10A4C000C1F840010AB080BD80B582B0019001980A
:10A4D00000F59E71D0F85421D0F858016B461860F1
:10A4E00040F2C420C2F2000040F2C823C2F20003CE
:10A4F00003F00CFB02B080BD80B588B007900691D8
:10A5000005920798019003F0D1FA019841F2287161
:10A51000C0F602010831016000F5A2700146029107
:10A5200009F0D4FDFFE701990598C1F85401069898
:10A53000C1F8580104F002FB0090FFE700980168A1
:10A540008A6800219047FFE7002007F07DFDFFE7C4
:10A55000019808B080BD0490039106E0024602987D
:10A560000492039109F0D2FDFFE7019803F0C4FAC9
:10A57000FFE710F067F8000080B582B00190019805
:10A58000009000F005F800980FF06EFE02B080BD5C
:10A5900080B582B001900198009000F5A27009F09A
:10A5A000B5FD009803F0A8FA009802B080BD000045
:10A5B00082B00190009101990098086002B0704744
:10A5C00010B588B007900798029040F21830C2F298
:10A5D00000000068002859D0FFE7029800680028B2
:10A5E00054D0FFE70022ADF81820059240F2183051
:10A5F000C2F20000006805A914F02AFC0490049837
:10A60000012842D1FFE702999DF8140048719DF896
:10A61000150008729DF8160048729DF817008871A1
:10A620009DF81800C8719DF819008DF80F009DF96C
:10A630000F0091F9041088420BD0FFE702999DF8B2
:10A640000F000871086891F9041002689268904739
:10A65000FFE70299086891F905100268D2689047EF
:10A66000DDF808C0DCF800009CF906109CF9072012
:10A670009CF908309CF909E0D0F800C0DCF810C063
:10A680006C46C4F800E0E047FFE7FFE708B010BD04
:10A6900081B00090009800210160017101B0704705
:10A6A00081B00090012001B07047000080B582B0F9
:10A6B0000190FFE70020009043F63000C4F2020052
:10A6C000016841F400010160006800F4000000909E
:10A6D0000098FFE743F61001C4F20201086840F455
:10A6E00000000860086820F4000008604AF6B40121
:10A6F000C2F2000148F27D30C0F60000486148F225
:10A700006930C0F6000008615A20FDF76BFD02B009
:10A7100080BD000081B0009040F2EF3001B0704782
:10A7200080B58AB009900891099801900899497FED
:10A7300000F06EFA0146019807910899897F00F0B0
:10A7400067FA0146019806910899897F00F08EFA10
:10A7500005900899488B898A401A4BF24001C4F24F
:10A76000020108600899488B898A401A4BF2180147
:10A77000C4F2020108600899088B898A401A4BF2DA
:10A780001001C4F20201086005984BF23401C4F2D2
:10A79000020108600899C88A898A40EA01404BF2A0
:10A7A0004401C4F202010860089800694BF23C01C0
:10A7B000C4F202010860089840684BF20C01C4F230
:10A7C00002010860089800680290042871D0FFE731
:10A7D0000298202800F03181FFE70298402800F01D
:10A7E0002C81FFE70298802800F08680FFE702981E
:10A7F000B0F5807F05D0FFE70298B0F5007F2CD040
:10A800003EE10898017F0A20C0F2020040EA0160A0
:10A810004BF21C01C4F20201086008980C300FF0E2
:10A8200037FC4BF22001C4F20201086006984BF29B
:10A830002401C4F202010860089800694BF2140177
:10A84000C4F2020108604BF20001C4F2020142F2BC
:10A850000130C0F20200086037E10898017F09204A
:10A86000C0F2020040EA01604BF21C01C4F2020196
:10A87000086008980C300FF00BFC4BF22001C4F27A
:10A880000201086006984BF22401C4F2020108603C
:10A89000089800694BF21401C4F2020108604BF2FF
:10A8A0000001C4F2020142F20130C0F2020008606D
:10A8B0000BE107980899097F40EA016040F40030F5
:10A8C0004BF21C01C4F20201086006984BF224010D
:10A8D000C4F202010860089800694BF21401C4F246
:10A8E000020108604BF20001C4F2020142F20130A1
:10A8F000C0F202000860E8E001208DF8130008981B
:10A9000080680390039804304BF22C01C4F20201DA
:10A91000086007980899097F40EA016040F4003018
:10A920004BF21C01C4F20201086006984BF22401AC
:10A93000C4F202010860089800694BF21401C4F2E5
:10A9400002010860039800880146009140B1FFE7CA
:10A950000098012815D0FFE7009802282DD02DE09F
:10A960004BF21C01C4F2020108684FF610729043CA
:10A97000039A53886FF0FF0202EB03221043086032
:10A9800028E00898007FFF2804D1FFE700208DF819
:10A990001300FFE74BF21C01C4F2020108684FF6F6
:10A9A000107220EA0202039843886FF0FF0000EB68
:10A9B00003201043103008600CE0FFE742F6C75058
:10A9C000C0F6020042F6E151C0F6020140F21B124D
:10A9D000F5F72CFE4BF21C01C4F20201086840F0AE
:10A9E00020000860FFE74BF21C00C4F20200006880
:10A9F0008006002801D5FFE7F5E74BF20801C4F215
:10AA00000201102008609DF81300C00750B1FFE755
:10AA10004BF20001C4F2020142F20130C0F2020026
:10AA2000086009E04BF20001C4F2020142F2013079
:10AA3000C0F201000860FFE747E007980899097F26
:10AA400040EA016040F400304BF21C01C4F2020104
:10AA5000086006984BF22401C4F2020108600898CD
:10AA600000694BF21401C4F2020108604BF20001CC
:10AA7000C4F2020142F20130C0F20200086024E098
:10AA800007980899097F40EA016040F400304BF2D2
:10AA90001C01C4F2020108600899487F897F88423E
:10AAA0000AD0FFE74BF20001C4F2020142F201308A
:10AAB000C0F20100086007E04BF20001C4F202019D
:10AAC00042F201300860FFE7FFE70AB080BD0000F6
:10AAD00080B584B00390029103980299897F00F0B9
:10AAE000C5F8019001984BF23401C4F202010860EC
:10AAF0000299C88A898A40EA01404BF24401C4F2B3
:10AB000002010860029800694BF23C01C4F20201A4
:10AB100008600299488B898A401A4BF24001C4F2BE
:10AB20000201086002980068082845D1FFE70299F1
:10AB3000488B898A401A4BF21801C4F2020108605E
:10AB40000299488B898A401A4BF21001C4F2020123
:10AB5000086001984BF22401C4F2020108600298D7
:10AB6000017F0920C0F2010040EA01604BF21C01A4
:10AB7000C4F20201086002980C300FF089FA4BF21F
:10AB80002001C4F202010860029800694BF214012E
:10AB9000C4F202010860029800694BF20C01C4F291
:10ABA000020108604BF20001C4F2020142F20130DE
:10ABB000C0F2020008601EE001984BF21C01C4F2D2
:10ABC000020108604BF21001C4F20201002008608B
:10ABD00002980C300FF05CFA4BF23801C4F202011B
:10ABE00008604BF20001C4F2020142F20130C0F2EF
:10ABF00003000860FFE704B080BD000080B582B0AC
:10AC0000019001980168896A884702B080BD000000
:10AC100084B00390029100200190029800900B28CC
:10AC200015D80099DFE801F00C0906121212120F74
:10AC30000F0F0F0F0020019014E00120019011E090
:10AC4000022001900EE0052001900BE0FFE742F6A4
:10AC5000AC50C0F6020042F6E151C0F6020170228B
:10AC6000F5F7E4FC019804B07047000084B003904D
:10AC7000029100200190029800900B2812D80099B0
:10AC8000DFE801F00C09060F0F0F0F090909090F82
:10AC90000020019011E0012001900EE002200190BF
:10ACA0000BE0FFE742F6AC50C0F6020042F6E1517D
:10ACB000C0F602019122F5F7B9FC019804B0704783
:10ACC00080B58CB00A900A9805900B9041F27C7187
:10ACD000C0F6020101F108020692014641F80C2B70
:10ACE000049102F0BBFD04980599069A41F8202BC7
:10ACF00002460792602203F09FFAFFE7059901F1EF
:10AD0000200001F55A6102910390FFE7039801903A
:10AD100007F0F0FBFFE7029A019800F124010846D2
:10AD200091420390F2D1FFE70B980CB080BD0990DF
:10AD3000089106E0024607980992089103F08AFA02
:10AD4000FFE7059802F09CFDFFE70FF07BFC000099
:10AD500080B582B001900198009000F005F800984D
:10AD60000FF082FA02B080BD80B582B001900199E7
:10AD7000009141F27C70C0F60200083008605A2051
:10AD8000FDF75CFAFFE700980C3003F063FA0098D7
:10AD900002F076FD009802B080BD0FF0CFFA0FF000
:10ADA00063BA000080B584B0012000210291032223
:10ADB00013F0CAFD029B014647F67830C2F200004C
:10ADC00003900160006819461A4613F065FE039867
:10ADD000006808B1FFE70AE042F67B30C0F60200E7
:10ADE00042F65641C0F602013022F5F71FFC47F645
:10ADF0007830C2F2000001680020019019B1FFE72D
:10AE000001200190FFE7019801200421002213F0A6
:10AE10009BFD014640F24030C2F200000160006834
:10AE200008B1FFE70AE042F6C430C0F6020042F67D
:10AE30005641C0F602013422F5F7F8FB40F24030EB
:10AE4000C2F2000001680020009019B1FFE7012064
:10AE50000090FFE7009804B080BD000080B540F28C
:10AE60004030C2F20000006840F20801C2F2000166
:10AE700000231A4613F0EAFE80BD000080B584B0BE
:10AE800040F24030C2F200000290006803A9019134
:10AE9000002213F0DDFF0199029800684FF0FF32A5
:10AEA00013F0D6FF04B080BD80B547F67830C2F20B
:10AEB00000000068002319461A4613F0EDFD80BD1E
:10AEC00080B547F67830C2F2000000684FF0FF31DD
:10AED00014F068F880BD000080B547F67830C2F203
:10AEE00000000068002114F05DF880BD80B547F6D1
:10AEF0007830C2F200000068002113F031FF80BDFD
:10AF000010B5D0E901349C4288BF10BDBDE81040A7
:10AF100008F040BC10B5D0E901349C4288BF10BD98
:10AF2000BDE8104008F050BC2DE9F04F8BB0CDE9E2
:10AF300006230491044608F0D4FB8246A06800284A
:10AF400000F0CE806168A646884201D90020C8E0A2
:10AF5000BAF90230DDE90621471E4FF00008CDF8AE
:10AF600014E013FB012BBEF8361098B2CA180A92EF
:10AF700006B2B342DDE9063218BF12FB003B0A9A63
:10AF800018BF01FA80F20AEBC701BAF90430BAF926
:10AF900000900996002556460A920891BAF90610C3
:10AFA00098440823AF4216D0BC460AEBC5071FFAE7
:10AFB00089F43A89A24211D17A89083684B2A24230
:10AFC0000ED1B7F90C20B7F90E40083301356746AA
:10AFD00090442144E6E7DDF820A003E09A4400E035
:10AFE000B246674661B3B9F1000F27D4BEF9380005
:10AFF000814523DAC1EB881170460DF072F915997D
:10B00000DDF814E0484350FA90F00130020A1106CE
:10B0100014D00498D3B20A9A016812B24C69BEF8EF
:10B02000341000920122CDE90123149A49444A4484
:10B030000BB2594612B2A047DDF814E009F101093C
:10B04000AF424DD0BAF900005C46A0EB090BBBF152
:10B05000010F3CDBB9F1000F48BF8346BBF1010F84
:10B0600035DB29EAE976BEF938100BEB0600884299
:10B07000A8BFA1EB060BBBF1010F28DB4FEA88113B
:10B0800070460DF02EF91599DDF814E0484350FA9A
:10B0900090F00130020A110619D004980A9BBEF8FC
:10B0A00034E001681BB2D1F814C03946D7B20FFAA8
:10B0B0008BF2CDE90032149A02970F460EEB06018F
:10B0C0000BB22146324412B2E047DDF814E0E84307
:10B0D000BEF83610099BA3460744BAF8020047E7BA
:10B0E00001200BB0BDE8F08F80B508F09DFB00217A
:10B0F0000187C0E90C1180BD80B582B0019000F0DD
:10B1000043F80168C96B884702B080BD81B00090E8
:10B1100001B0704782B00190009101990098486099
:10B1200002B0704781B0009001B0704781B00090CC
:10B1300001B0704781B00090009841F63001C0F630
:10B1400002010831016000214160017201B07047C5
:10B1500080B582B001900198009000F005F8009849
:10B160000FF082F802B080BD81B00090009801B06D
:10B17000704700005B495C4A0988128842EA014234
:10B1800001680B6C002118475C480068704700BFDD
:10B1900010B504460020B4F88010A4F8A400A4F868
:10B1A000A6108BB282B29A4228BF10BD14FA80F367
:10B1B00093F8843043B154F822000168096D884740
:10B1C000B4F8A610B4F8A4000130A4F8A400E8E78D
:10B1D00000210022A0F880108430202A08BF704788
:10B1E00081540132F9E7F8B504460025002100201A
:10B1F0000022B4F880309A421DD2A31893F88460DC
:10B200006EB1AA4209D054F82260AFB244F8276068
:10B21000661993F8843086F88430013509E0B4F873
:10B22000A6309A4238BF0130B4F8A4309A4298BF91
:10B2300001310132DDE7B4F8A420511AA4F8A410BA
:10B24000B4F8A610081AA4F8A60098B28542A8BFC0
:10B25000F8BD581E81B2204607F008FEB4F88030D1
:10B26000F3E7000070B5A9B10D4E04460D467068B5
:10B2700010B1016849698847201DFFF7A9FF2868B8
:10B280007560C168284688472068416C2046BDE843
:10B2900070400847064903A06122F5F7C7F900BFCF
:10B2A000C00200206E657753637265656E00000012
:10B2B000AA34020882B0019000910199009A1068A6
:10B2C0005268C1F83421C1F8300102B07047000063
:10B2D000044A054B002112881B8843EA0242C0E958
:10B2E0004C1270470A0300200803002003484068FE
:10B2F00010B10268926A1047704700BFC002002078
:10B300002DE9F04F89B00390DFF8240ECDE9061245
:10B310000DF1180BB0F90020DFF8180EB0F900108D
:10B32000584606F043FDBDF91C00012809DBBDF9B4
:10B330001E00012805DBDFF8D40D0068C06C022870
:10B3400002D109B0BDE8F08F039E06F1AC09B6F852
:10B35000EC50002D0DDD013D5846ACB209EBC401A7
:10B360000DF043FE0028F4D04846214607F04AFD80
:10B37000EFE703984FF0000A4FF00008B0F8EC40F8
:10B38000013C68DBA0B2594609EBC00738460DF016
:10B3900056FE0028F4D0B7F90000BDF91810884215
:10B3A00002DDBDF81A2002E0FAF77EFB10DDB7F9E6
:10B3B000023015B29D4208DBBDF81E502A44FD88BC
:10B3C00012B22B441BB29A4213DD4FF00108D7E7AB
:10B3D000B7F9023093421EDDBDF81E60FD881644A9
:10B3E0001D4436B22DB2AE42E1DC981AADF81E0013
:10B3F0000DE088421EDDBDF81C20BB880A440344D2
:10B4000012B21BB29A42E0DC401AADF81C0000B246
:10B4100001281DDA95E7F8881844111ABDF81E2096
:10B420001144ADF81E1009B20129FFF68AAFADF83C
:10B430001A000DE0BA881044BDF81C20091A114406
:10B44000ADF81C1009B20129FFF67BAFADF818006A
:10B450004FF0010A94E75FEACA707FF48AAF03985D
:10B46000B0F8EC405FEAC87000F0DD804FF00008F3
:10B47000013C58DBA5B2594609EBC50738460DF02B
:10B48000DEFD0028F4D0B7F90000BDF918108142A4
:10B4900002DDBDF81A2002E0FAF706FB1CDAB7F964
:10B4A000023016B29E4214DCBDF81E603244FE88A3
:10B4B00012B233441BB29A420BDBBDF81C2081420E
:10B4C0000A4412B225DD37F8043F03441BB29A4206
:10B4D00026DA4FF00108CBE7BDF81E3013440FFA0F
:10B4E00083FC3B4633F9026FB2420ADDBE463EF8AA
:10B4F000063F33441BB29C45D1DB901BAEF80000E5
:10B50000B6E7F988A6EB0C00A3F800C00844F88061
:10B51000AEE7B988801A29F835200844B880A7E733
:10B52000081A3880A4E70398B8F1000FB0F8EC408F
:10B5300079D0039E013C74DBA7B2584609EBC70AD9
:10B5400051460DF052FD18B14846394607F05AFCF5
:10B55000504659460DF073FD0028EBD0D04639F91E
:10B560003730BDF91850BDF91AC038F9021F9D4295
:10B5700026DD0E468C4500F31781E81A02930FFA78
:10B5800080FEBDF81C00411955460FB235F8041F66
:10B5900019440BB2BB42C0F25681D91B0AB20399BF
:10B5A000B1F8EC10062900F28481BAF80600DAF846
:10B5B0000010039E2A80AAF80070CEEA00422CE018
:10B5C0008C45C0F21781BDF81C7052461E46781992
:10B5D0000FFA80FE32F8040F184403B2ACEB0100FE
:10B5E000734500F346815246BDF81EE0039E00B24B
:10B5F00032F8065F0EEB0C03B6F8EC700D44ED1A52
:10B600002DB2062F00F25B811580BAF80420DAF81B
:10B610000010A8F8003042EA0042484607F00EFC4D
:10B6200088E7B6F8EC40039F002C49DD013CBDF8EB
:10B630001A20A1B209EBC1035888824213D1DD88D8
:10B64000BDF81E60AE420ED139F831209888BDF8A1
:10B65000185083189BB29D421BD1ADF81820BDF83D
:10B660001C2010441CE039F83150BDF81860AE427F
:10B67000DAD19D88BDF81C60AE42D5D1DB881D189B
:10B68000ADB2AA420FD1ADF81A00BDF81E001844A1
:10B6900010E0BDF81C301D44ADB29542C4D1184431
:10B6A000ADF81C0008E0BDF81E502A4492B2824258
:10B6B000BAD1E818ADF81E00484607F0A3FBB3E77F
:10B6C000B7F8EC000828C0F029816FF000454FF072
:10B6D000FF380027411E65DB009189B2841E09EB0B
:10B6E000C102B2F904100292B2F90620514301914D
:10B6F000B4F1FF3F31DBA0B209EBC001881D621C31
:10B7000008BF0BF10600B0F900A001F1040008BF6A
:10B710000BF10400B0F90060002A0298D0E90003A0
:10B72000CDE9040308BF594604A806F05DFB019863
:10B73000BDF91410BDF9162051431AFB060008226A
:10B74000081A91FBF2F1884209DBA84203DA009F54
:10B75000A046054618B1013CCAE70098BAE7009F29
:10B760001FFA87FA039EB4F1FF3F09EBCA0510DD0B
:10B77000A4B2284609EBC407394606F035FBDDE9DB
:10B78000060149F834007960D5E90001CDE90601E8
:10B7900003E05846294606F027FB4846514607F085
:10B7A00031FBD4E54446DBE73AF8042FBDF81CE052
:10B7B00018460EEB05011A4409B212B28A1AACEB14
:10B7C00006010BB202FB03F8BDF81E2002EB0C03CE
:10B7D0001CB2534633F8027F37443FB2E71B2C1AA2
:10B7E00025B27D43454579DDAAF80040ADF81A60E1
:10B7F00050185AE0BDF81C201E46541910460192FC
:10B800005246751B32F8040F00941844A1EB0C0348
:10B81000A0EB040E0FFA8EF05843BDF81E300290D4
:10B82000104630F8027F03EB0C040F443F1B39B283
:10B830006943029D8D4257DD0098A2F800E0AAF806
:10B840000000F81831E03AF8064FBDF81E20FB1A48
:10B8500002EB0C013444641A019121B25943A6EB66
:10B860000C0303FB0EF38B4244DDA018A5F800E0A7
:10B870001BE0BDF81E80741B05B2A3EB0E036C43E6
:10B8800008EB0C0502942EB2554635F8064F0C44D1
:10B8900024B2341B1EB27443029EB44230DD1380C6
:10B8A000AAF800E0ADF81A104044039EADF81E005F
:10B8B0004DE5964527DD1044A5F800E02AE0A842B2
:10B8C000C7BF108005EB0E00A8F800301580DCBF64
:10B8D000ADF81A107044ADF81E0038E5ADF8180048
:10B8E00019800EEB040015E007800198A8F80040CD
:10B8F00070440FE00199AAF80040A8F8001005E094
:10B900002880D81906E0AAF800702A8002997044AD
:10B91000ADF81810039EADF81C0018E5DDE906121D
:10B92000484607F08BFA0CE582B001908DF80310C1
:10B9300002B070472DE9F04F9DB08346B0F9340155
:10B9400001280DDBBBF93601012809DBDBF800001B
:10B95000DBE94C12036C584698470020CBE94C00B9
:10B96000BBF8EC0008B1012007E0DFF8A007006891
:10B97000C06C0238B0FA80F04009DFF81C58E96862
:10B98000B1B1B5F91410012912DBB5F9161001296E
:10B990000EDB05F1100002F07FFFDBF80000D5E9B7
:10B9A0000412036C584698470020C5E9040002E0E1
:10B9B000002800F023830CAD42210BF1AC0928468E
:10B9C000F4F715FFDFF8CC070488BBF8EC008442DD
:10B9D00008D20BEBC400D0E92B12284607F02EFA50
:10B9E0000134F2E7DFF8AC070BF1EE040588BBF891
:10B9F0002E0185420CD20BEBC500D0F8EE10D0F82A
:10BA0000F220DBF80000036C584698470135EEE75A
:10BA1000DFF8F80603940068C16C012900F0178173
:10BA2000022900F02E81032940F05A81B0F99200DA
:10BA30000690DFF8D8050068012840F08080BBF848
:10BA4000ECE0BEF1000F00F0C182DFF848074FF0D4
:10BA5000000C0288B9F900001FFA8CF809EBC80144
:10BA600007910D1D013293B2734526D209EBC3072E
:10BA700039F93340B5F800A0B98821440EB239F83D
:10BA80003810514409B28E4204DC0AD0B042D8BF0B
:10BA90003046E7E7A0B29C4600B28142C8BF0846E4
:10BAA000DAE70799B7F90650B1F906108D42C8BF19
:10BAB0009C46A042D8BF2046CEE7079A59F83810D6
:10BAC000069C52680A910B928B1812B29442C8BF1E
:10BAD0000846ADF82800181AADF82C000AA802F0A4
:10BAE00079FEBDF92C30012BA9DBBDF92E00012810
:10BAF000A5DB06999BB28142B8BF084684B2BDF867
:10BB00002A20DFF8080600680168D1F89450BDF8D3
:10BB100028100094A847ADF82E000AAD0446284628
:10BB200002F0BAFEFAF7B8F807998888001B8880F7
:10BB30007FF485AF4846414607F064F97FE7BBF8DC
:10BB4000EC10002900F04282BBF8AE00BBF8B22036
:10BB50004FF0000C1044DFF83C2600B212881FFAA8
:10BB60008CF809EBC80A0AF10206013293B28B4243
:10BB700022D209EBC305B6F90040B5F90270A7421D
:10BB800004DB0BD0B842A8BF3846EEE7E8889C46F5
:10BB9000384400B28442B8BF2046E0E7BAF90460F6
:10BBA000B5F90470B742C8BF9C46EB8823441BB26A
:10BBB0009842A8BF1846D2E75446069934F8063F83
:10BBC0001AB28A4203DABAF80200104400B2012A1B
:10BBD000B5DBBAF90460012EB1DB0021BAF90250DD
:10BBE000069FCDE90A1139F83810401BADF82A50EC
:10BBF000ADF82810B842A8BF384687B29F4238BF78
:10BC00000246DFF8080592B200680368ADF82C60C0
:10BC1000D3F894700092AAB2B3B2B847ADF82E0030
:10BC2000DBF80000826C58460AA99047BAF8020077
:10BC3000BDF82E100844AAF802002088401A20807F
:10BC40007FF47DAF4846414607F0DCF877E7DFF840
:10BC5000BC030068012840F0F380DFF83805BBF82A
:10BC6000EC100288DFF8CC04008807468A4280F096
:10BC7000FB8093B239F933309F42A8BF1F4601328F
:10BC8000F4E7B0F88E1090F88D400791B0F890105E
:10BC90000691F9F79BFE0546DD48B0F800A0DD48A7
:10BCA0000788DA480668002005F0A8FED046012E75
:10BCB000029708BFB846B8FBF4F1601ED14C00FBF8
:10BCC00001F70591A8B2874227DD20680168D1F805
:10BCD0009C200A2190472068F9F778FE0546F1E795
:10BCE000C9480688AC200AAD00EBC607BBF8EC00DB
:10BCF000864280F06B815BF807000A900BEB07002F
:10BD0000406801B20B90012904DB0014012801DB1B
:10BD1000F9F7C2FF08370136E8E7002005F082FE98
:10BD20000298012E08BF5046029000244FF0000AEE
:10BD30004FEA58100490CDF804A01FFA8AFAC245C1
:10BD400000F04481F1480068F9F740FE0646A8B2C9
:10BD500086424FF0000038BF012004426ED10443F8
:10BD60000020564588BF0120204267D1059B9A19C3
:10BD7000BAFBF3F5424528BF4246E00708BFF21B75
:10BD8000691C90B24B4399B2884228BF1A4692B2BE
:10BD9000A2EB0A09079A9145A8BF9146069B1FFA94
:10BDA00089F29A4211D2524442450ED081420CD3BC
:10BDB000D64D28680168896A884728680168D1F8E3
:10BDC0009C20049990473546B9E7012005F016FEFE
:10BDD000CE4800680168D1F8982029B290478B4876
:10BDE0000199006801EB090A01280AD10298ADF80F
:10BDF0002C90ADF82E000020ADF82A00A8EB0A0028
:10BE000007E00298ADF82E90ADF82A10ADF82C009E
:10BE10000020ADF82800DBF80000826C58460AA923
:10BE20009047BA4800680168D1F89820694209B281
:10BE30009047012005F0F6FD35467CE72E21BFE056
:10BE4000D449BBF8EC004FF000080988814262D267
:10BE50008AB209EBC2025388D2881A4412B29045C2
:10BE6000D8BF90460131F1E700210124DFF89C8220
:10BE7000ADF828000DF1280AADF82E10CDF82A10E3
:10BE8000C108012988BFC40808AE00B2874280F209
:10BE90009680A8480588D8F80000F9F797FD281A79
:10BEA000BDF8281082B2D8F8000090F8723090F8EF
:10BEB0008C502B430DD10DB22D1B954209DA9742C0
:10BEC00007DA0168D1F8A42001219047BDF82800C5
:10BED000DBE79742C8BF3A46002B18BF3A4690B2FC
:10BEE0000A90881A92490988C0EA01400B90A94833
:10BEF0000588BBF8EC008542E8D2F9F7A2FEBDF94F
:10BF00002400012805DBBDF92600012801DBF9F733
:10BF1000F0FE0135EDE786480127864C0DF1280A31
:10BF200001880020CDE90A00CA08012A88BFCF088D
:10BF300008AE00B2804542DD744D2868F9F746FD31
:10BF4000BDF82A10BDF82E200A44296891F87230F5
:10BF500091F88C502B4311D107FA82F585420DDD03
:10BF600080450BDD0868D0F8A420084601219047E1
:10BF7000BDF82A00BDF82E100844DAE711040A9132
:10BF80008045B8BF4046002B18BF40462188801A24
:10BF900041EA00400B907F480588BBF8EC008542E1
:10BFA000E6D2F9F74EFEBDF92400012805DBBDF904
:10BFB0002600012801DBF9F79CFE0135EDE7092198
:10BFC00052480068026852F82110884712480078E9
:10BFD0000CAD039E90B10020ABF82E016D48048893
:10BFE000BDF87000844209D205EBC40055F8341046
:10BFF0004268304606F022FF0134F1E71DB0BDE88B
:10C00000F08F00BF8C8C00200C000020100300205B
:10C010000A03002008030020040300205E48406853
:10C0200010B10268D2691047704700BFB0B55A4DD1
:10C030000446A86888B1017AE1B194F8381161B971
:10C04000696821B10868026908469047A8680168D4
:10C05000C9688847012084F8380104342046FFF776
:10C0600097F82046FFF7BFF8686810B10168496A81
:10C0700005E0B0BD002184F8381101688968BDE889
:10C08000B04008470021A0F8EC10704742484068D3
:10C0900010B1026892691047704700BF3E4840687F
:10C0A00010B10268126A1047704700BF81B000905B
:10C0B00001B0704780B582B0019001980430FFF75D
:10C0C00087F802B080BD7047B0B519480C46B0F98A
:10C0D00000201848B0F90010204605F067FE2E4DEC
:10C0E000686888B101688A6821469047E86818B195
:10C0F00001688A6821469047044800680168CA6957
:10C100002146BDE8B0401047B0BD00BF8C8C002078
:10C11000E0B50021009106490988ADF806100549EF
:10C120000988ADF8041001688A6C694690478CBD97
:10C130000A03002008030020B0B50446124840F26C
:10C1400035112546083001C52846F4F750FB0F4845
:10C150000F49F5F7BFFD18B10E480021018009E035
:10C160000D48022141600B484FF48061018002209C
:10C1700006F0F0FC08480021C0E900118160284663
:10C18000FFF726F82046B0BD54180208C2A507F4F0
:10C19000CDB5E8B50C000020C00200200EF064B858
:10C1A00080B582B001900198009001F0BFFD009829
:10C1B00002B080BD01490860704700BF5C8C002060
:10C1C000B0B5002917DD002805D4B0FBF1F41460E8
:10C1D00004FB11000DE04042B0FBF1F404FB110040
:10C1E00065421560186028B1106801381060186841
:10C1F000081A1860B0BD02A005A1F722F4F716FADC
:10C2000064656E6F6D696E61746F72203E203000E0
:10C210002E2E2F2E2E2F2E2E2F2E2E2F6672616D4C
:10C2200065776F726B2F696E636C7564655C746F94
:10C230007563686766782F546578747572654D61AB
:10C240007054797065732E687070000082B0019030
:10C25000009101990098886202B0704780F826101A
:10C260007047000010B5044604302221F4F7BFFAED
:10C270000020A0620448083020604FF60170A4F846
:10C280002500204610BD00BFA8180208FEDE0000F1
:10C2900080B582B001900198009006F02FFE0098C2
:10C2A00002B080BD2DE9FE43054600F1380490F848
:10C2B0005D0018B12068416920468847286B032833
:10C2C0005ED8DFE800F00216254595F83460284670
:10C2D0000CF033F9F9F78CFB074628460CF026F9E9
:10C2E000502147A2002818BF4121CDE9007141A08B
:10C2F0003DE095F8347028460CF02BF906462846A8
:10C300000CF02AF9009036A037A2002F33461AE02D
:10C3100095F8349028460CF010F9F9F769FB0746B8
:10C3200028460CF01CF9064628460CF0FFF8502170
:10C3300026A24346002818BF41211FA0CDE9007660
:10C340000291B9F1000F08BF024605F1880014E020
:10C3500095F8346028460CF0FCF8F9F749FB0746DD
:10C3600028460CF0FCF8CDE900700BA00EA2002EC0
:10C3700008BF024605F1880043460C2107F06AFC1D
:10C3800095F85D0030B120684169204603B0BDE8F2
:10C39000F0430847BDE8FE8325643A253032643A0D
:10C3A0002530326400000000253032643A253032F6
:10C3B000643A25303264000025643A253032643A0C
:10C3C000253032642025634D0000000025303264A2
:10C3D0003A253032643A253032642025634D00001E
:10C3E00025643A2530326400253032643A253032F3
:10C3F0006400000025643A253032642025634D0036
:10C40000253032643A253032642025634D00000027
:10C4100070B504460C480D46B4F86410008881429B
:10C4200028BF70BDB4F9046004F160000DF0A6FDF2
:10C430000168096B8847281A314602B22068836D6B
:10C440002046BDE8704018479C8C002070B505461A
:10C4500000F1380490F85D000E4618B1206841697B
:10C4600020468847204631460AF077FB95F85D0064
:10C4700028B1206841692046BDE87040084770BD7A
:10C4800082B00190009101990098086302B0704752
:10C4900080F83410704780F86E107047816690F80D
:10C4A0005D1019B150F8381F4969084770471FB52A
:10C4B0000446A0F84010018154F8380FD0F88420C9
:10C4C00001A82146904701AAF9F7F9BA1FB5044619
:10C4D000A0F84210418154F8380FD0F8842001A808
:10C4E0002146904701AAF9F7EABA0000F8B50446D8
:10C4F00001F0C6F8002604F1380580F83460032006
:10C5000020630A4808302060284602F0FBF92746DD
:10C510000021002227F8886F07F012FF20462946E5
:10C52000C4F884700AF0A0FD2046F8BD2019020866
:10C530000DF09ABE80B582B001900198009038301D
:10C5400002F0FEF9009801F0B3F8009802B080BD47
:10C5500081B00090009801B070470DF085BE0000DA
:10C5600081B0009000990120087201B0704700006E
:10C5700080B582B0019001980090FEF7DBFD009835
:10C5800041F6F411C0F602010831016002B080BD2D
:10C5900080B582B001900198009000F005F80098F5
:10C5A0000DF062FE02B080BD80B582B001900198AE
:10C5B0000090FEF7D9FD009802B080BD1CB514466E
:10C5C00004AACDE90032234600F001F81CBD10B5E5
:10C5D0000024C0E900141168816051680487047662
:10C5E00044610474C1600299A0F840400484C0E929
:10C5F0001131BDE8104000F071BF70B50446A1F5DF
:10C60000C0601D46000A022805D82A68204600237B
:10C6100000F096FE09E022F07F00B0F5606F15D1C2
:10C6200004992A68204600F01FFA06462E604EB193
:10C63000717BB07A01F0800140EA4100B0FA80F0ED
:10C64000400900E0002084F8610070BD40F602104F
:10C65000296882420FD194F8610060B169B104F198
:10C660004C060E223046F4F721F894F8520040426E
:10C6700084F85500DAE70E46D9E70026D6E780B5FC
:10C68000223000F00FF9B0FA80F0400980BDB0B55B
:10C690000446223000F020F90546204600F0A4FAB6
:10C6A00004F11A00294600F095F92846B0BD2DE99D
:10C6B000F84F984616460F46824601EB420900F1B4
:10C6C0001A040025A8B2B0420CD2E843B7F800B073
:10C6D000304481B2204600F08DF9834519D10135EF
:10C6E0000237EFE70A98002700EB08060AF1220854
:10C6F000B9B200258E4298BF01250BD9B9F8004088
:10C70000404600F09BF8844204D1013709F1020948
:10C71000EEE700252846BDE8F88F2DE9F84F904652
:10C720000E46814636F8025B2F0B36F817A0C2453D
:10C730001FD1C5F30324C5F3031B484631463A46CF
:10C740002346CDF800B0FFF7B2FF05F00F0240B965
:10C7500006EB470000EB440000EB4B0000EB420609
:10C76000E0E7E0192146584406EB4003484600F054
:10C7700008FFAAEB0800B0FA80F04009BDE8F88F86
:10C7800082B00190ADF802100199BDF802008A8ACA
:10C7900021F8120002B0704786B00590ADF8121073
:10C7A00005980390C08A022801DBFFE70BE042F600
:10C7B0001330C0F6020042F62A31C0F602014FF4EF
:10C7C0008E72F3F733FF0398818A0131ADF81010B0
:10C7D000BDF8121001910290BDF81000092804D88C
:10C7E000FFE7BDF81000009002E000200090FFE796
:10C7F00001980299009A21F8120006B070470000D3
:10C80000C28A0A440B2A07D2C282828A8A4238BF6D
:10C810000A32511A818270476D488D49F022F3F730
:10C8200005FF00BFC18A21B10139C18289B200F080
:10C8300005B886488649EA22F3F7F8FE86B00590E7
:10C84000ADF8121005990391BDF81200C98A88420B
:10C8500001DAFFE70AE042F61C30C0F6020042F6B9
:10C860002A31C0F60201CB22F3F7E0FE0398BDF8AF
:10C870001220818A1144ADF810100290BDF810000A
:10C88000092804D8FFE7BDF81000019004E0BDF8C6
:10C8900010000A380190FFE70298019930F8110062
:10C8A00006B0704782B0019001980090C08A0128BC
:10C8B00001DBFFE70AE042F60A30C0F6020042F66A
:10C8C0002A31C0F60201C522F3F7B0FE0098818A32
:10C8D00030F8110002B0704710B5C28A6AB1838A7D
:10C8E000013A30F81310C2825A1C94B2092C88BF46
:10C8F000A3F109028282084610BD54485449DD2242
:10C90000F3F794FE0A46C18A0A2903D24B1CC3825C
:10C9100000F02EB84E4902A040F21112F3F786FE45
:10C9200075736564203C2073697A6500C28A8A4207
:10C9300009D3521AC282828A11448AB2092A88BF54
:10C940000A3981827047424901A0D222F3F76EFE74
:10C9500075736564203E3D206E756D00B0B50C4664
:10C9600001210546FFF74CFFA88A25F81040B0BD0D
:10C9700010B5C38A8B420BD9838A19446FF009031F
:10C980008CB20A2C28BF13FA81F420F8142010BDB1
:10C990002F4902A040F22312F3F748FE7573656435
:10C9A000203E206F6666736574000000C2880A44EA
:10C9B000032A07D2C28082888A4238BF0232511AC3
:10C9C0008180704702482249F022F3F72FFE00BF12
:10C9D000053B0208C288012A9CBF0132C2808288BE
:10C9E000531E002A08BF01239AB2838020F8121038
:10C9F00070470000C2888A420BD9828811446FF0C8
:10CA000001028BB2022B28BF12FA81F330F8130017
:10CA1000704702480E49CB22F3F708FE1C2B020890
:10CA200010B5C28862B18388013A30F81310C28011
:10CA30005A1C94B2012C88BF5A1E8280084610BD31
:10CA400002480349DD22F3F7F1FD00BF0A2B02087B
:10CA5000183B0208B0B50C4601210546FFF7A6FFBA
:10CA6000A88825F81040B0BD2DE9F047044682B3F0
:10CA70008A46517BD0799688174601F0100140EA2A
:10CA80000118A6F61B604FEAD8091F2827D80121F4
:10CA9000814011F0F25F26D111F0150F4DD1012127
:10CAA00001FA00F0400F1AD0F8F7E0FFB4F85C107C
:10CAB00009EB0800081AA4F85C00A1EB090060214A
:10CAC00084F8540001EAD00094F8591001F09F0155
:10CAD0002FE00025A4F85E50C4F85A507FE0A6F677
:10CAE0004760082845D2F8F7C1FF04F12200FFF79C
:10CAF000D9FE40F63361884204D1F9F7CFF90DF041
:10CB000080F901E0B4F85A0009EB080194F85E30AE
:10CB100094F85920084494F8551084F85400A4F867
:10CB20005A00C91A84F85510602101EAD00002F0B9
:10CB30009F01084484F8590051E0F8F797FFDAF8AC
:10CB40000000C268701E81B250469047002808BF9E
:10CB500028460DF056F994F85910A4F85A0094F8A4
:10CB6000560001F0800140EA4100810801EB5010BD
:10CB70002FE038460DF045F9A4F85A00A6F60961F1
:10CB80000020102924D8012202FA01F1154A11428D
:10CB90001ED0F8F76BFF701E40F613618E4208BF7F
:10CBA00040F60C6081B294F8566094F85970F9F729
:10CBB00075F9002808BF2846817A407B00F0800084
:10CBC00041EA400007F0800146EA4101081A00E00E
:10CBD0003D46A4F85E00F9F7FEF8F9F7A0F82846FC
:10CBE000BDE8F0870104010070B5044600F122059C
:10CBF00000F13A06B4F8400050B1208F0A2807D05F
:10CC00003046FFF70DFF01462846FFF77BFEF1E7B0
:10CC1000208F0A2808BF70BD204600F06BFC01463B
:10CC20002846FFF76FFEF3E780B586B005908DF8D4
:10CC300013100598039000F1220102919DF8131042
:10CC400000F094F801460298FFF79AFD0398406CB3
:10CC500018B3FFE703982230FFF724FEE8B1FFE79F
:10CC6000039800F063F8039822300121FFF7E6FDF6
:10CC700040F63F1188420FD1FFE703982230019020
:10CC8000FFF710FE01460198FFF786FD019840F678
:10CC90003F11FFF775FDFFE7FFE70398FFF7F7FC8C
:10CCA00006B080BD2DE9FC41064622301C461546E3
:10CCB0000F46FFF7F7FDF9F7D3F8074668B1286884
:10CCC0003946C268284690472060304641463A4679
:10CCD00023460095FFF791FC01E0002020603846D4
:10CCE000BDE8FC812DE9F8430646223099461546F9
:10CCF0000F46FFF7D7FDF9F7B3F8074680B128686C
:10CD0000DDE90823394684682846A047C9F80000B1
:10CD1000304641463A464B460095FFF76EFC02E02E
:10CD20000020C9F800003846BDE8F8832DE9F84333
:10CD3000466C044600F122080B2770884FEA500920
:10CD4000013F11D04046FFF7ADFD4946324603464C
:10CD500005460BF0C7FB38B106EB400120462A46DA
:10CD6000FFF7DBFC0028EBD1BDE8F8832DE9FE4F8F
:10CD700000F1220582460F462846FFF793FDE8B1F1
:10CD80000446012F1CD17F2C1AD8282C00F0868055
:10CD9000292C00F085803C2C00F084807D2C00F054
:10CDA00083805B2C00F082805D2C00F081807B2CE6
:10CDB00000F080803E2C03D13C24BEE20024BCE283
:10CDC00028460121FFF73AFD074628460221FFF7D2
:10CDD00035FD814640F25160874230D1A4F24B606C
:10CDE00080B215281ED344F0040040F274618842DA
:10CDF00018D0A4F2D66080B2072813D3A4F2DF6063
:10CE000080B206280ED3A4F2E76080B2022809D3CC
:10CE1000A4F2EA6080B2042804D3A4F6E40080B24D
:10CE20001A280CD8BAF8360040F2516125F81010D3
:10CE300028462146FFF7B0FC40F251647DE2A4F29F
:10CE4000226080B219280CD3A4F5C86080B20B28E8
:10CE500007D3A4F2716080B2632802D3202C40F083
:10CE60006C82F8F783FF804628460421FFF7E6FC32
:10CE7000A0F22261192907D3A0F5C8610B2903D3B9
:10CE8000A0F27160632817D2202C45D1A7F22C6044
:10CE90004FF0010B80B225284AD987E029244CE2C3
:10CEA00028244AE23E2448E27B2446E25D2444E210
:10CEB0005B2442E27D2440E2A9F2276080B223286D
:10CEC000E2D8A4F2276080B22128DDD8A8F22F6032
:10CED00080B21828D8D8DAF84800E8B1038BDBB163
:10CEE0004FF461711922614309FB021144F21A12D5
:10CEF0004144891A0268504689B20BF0B6FA58B11B
:10CF000080464088B84207D128460321FFF70EFD2E
:10CF10000120B8F800405DE1A7F22C604FF0000B53
:10CF200080B2252842D8A4F5C56080B223283DD21E
:10CF3000A9F22C6080B2262806D340F2D260814547
:10CF400002D0B9F5CE6F31D140F2D26109F53D7012
:10CF5000894508BF40F647104FF4BE61B9F5CE6F62
:10CF600008BF40F67270614301F5E541BBF1000F67
:10CF70001CBF4CF6D071CFF6FF71DAF84820AAB189
:10CF8000538B9BB107EB8706526800EBC600084441
:10CF900081B250460BF069FA40B18046F8F7E6FEE0
:10CFA00001204FF0020B0026C14659E1A7F24B6069
:10CFB00080B2152806D347F0040040F2746188421D
:10CFC00040F01381F8F7D2FE3E46BBF1000FA9F204
:10CFD000226103D089B2B32908D911E0A4F22662F4
:10CFE00092B2242A0CD889B2B42909D240F227611E
:10CFF000884240F0F28040F24460814540F0ED808C
:10D00000002002904FF0000B4FF00009002E584610
:10D0100001960BF1010840F2746618BF4046471CA8
:10D02000B9B22846FFF70AFCA0F24B61142903D9D4
:10D0300040F00401B14201D10137F1E7A0F2D6611D
:10D040000729F9D3A0F2DF610629F5D3A0F2E76141
:10D050000229F1D3A0F2EA610429EDD3A0F6E4019C
:10D060001B29E9D3A0F222615E46192903D3A0F55A
:10D07000C8610B2901D2012005E0A0F271610020F6
:10D08000632938BF01209AF8601080F00107B9F1D8
:10D09000000FB1FA81F14FEA511B60F3410B00F030
:10D0A0008A8039F81B00002818BF0120029981F0FE
:10D0B0000101084340F009810097CDF8089040F243
:10D0C0007467B1464846C14681B22846FFF7B6FBB1
:10D0D0000146A0F24B6080B2152803D341F0040052
:10D0E000B84202D109F10108ECE7A1F2D66080B2A2
:10D0F0000728F7D3A1F2DF6080B20628F2D3A1F2AD
:10D10000E76080B20228EDD3A1F2EA6080B2042881
:10D11000E8D3A1F6E40080B21A28E3D950460BF018
:10D12000BCF9804640F274671FFA89F12846FFF780
:10D1300085FB0146A0F24B6080B2152803D341F075
:10D140000400B84202D109F10109EDE7A1F2D6606D
:10D1500080B20728F7D3A1F2DF6080B20628F2D3AD
:10D16000A1F2E76080B20228EDD3A1F2EA6080B2BA
:10D170000428E8D3A1F6E40080B21A28E3D9504687
:10D180000BF08BF9DDF80890B8F1000F18BF0028FC
:10D1900068D1BBF1030F6ED0BBF1020F73D140F227
:10D1A000446084426FD1B9F8000000286BD04FF082
:10D1B000000B0127B1E0504621460BF06EF9814685
:10D1C000002840F08280B4F5C86F40F0B68000209F
:10D1D0004FF4C8648AF86000AFE040F24F608642C6
:10D1E00025D1002040F24F660BE7A7F2D66080B24F
:10D1F0000728FFF4E7AEA7F2DF6080B20628FFF44D
:10D20000E1AEA7F2E76080B20228FFF4DBAEA7F23E
:10D21000EA6080B20428FFF4D5AEA7F6E40080B23D
:10D220001A287FF6CFAE48460026B946CDE6DAF892
:10D23000480000283FF4E4AE838B002B3FF4E0AEBF
:10D240005FFA89F18268504641EA042189B20BF005
:10D250000CF900283FF4D4AE814601204FF0010BB9
:10D260000290D3E6B8F80610002992D0418851B94F
:10D27000C08840B98DE740F24460844203D1B9F8D8
:10D280000200002834D1504621460BF006F907462B
:10D2900028460121FFF7D2FAB7B1A0F2D4619AF87B
:10D2A0006000B0FA80F0400911F1B20F28BF0230DF
:10D2B00037F810204FF0000138BF012122B1B946E4
:10D2C000834600260F4600E0009FBBF1030F24D8E1
:10D2D000DFE80BF0160F0208B9F8040078B14FF040
:10D2E000020B1AE0B9F8060010B14FF0030B14E07E
:10D2F0000127B9F8020018B14FF0010B0DE001272A
:10D30000B9F8000010B14FF0000B06E0B9F802B018
:10D31000BBF1000F18BF4FF0010B39F81B0060B1D3
:10D32000284631468AF86070FFF700FB019911B179
:10D330002846FFF731FA39F81B402046BDE8FE8F3A
:10D340002DE9F0410446EAB1517BD0790127154619
:10D3500001F0100140EA0118B8F1040F88BF4FEA4C
:10D3600098079088A0F5C2614F2915D9A0F6E4016D
:10D370001A2900F23B80012088405749084240F0BA
:10D380003F8063E04FF400400026A4F85E004FF0B9
:10D390008020C4F85A007BE0DFE801F032323232FC
:10D3A0003232323232325884848484848484848455
:10D3B000848484848484848484848484848484842D
:10D3C000848484848484848484848484848484841D
:10D3D00084848484848484323258323258323232A3
:10D3E000325858323232323258323258A0F2D66184
:10D3F000172950D8012202FA01F1354A114222D0F0
:10D40000B4F85A70B7F5004F07D1F8F706FD04D10C
:10D41000F8F7E1FCA4F85A0022E0F8F756FCB4F85B
:10D420005E00B0F5004F01D0F8F724FCB7F5004FCF
:10D4300003D007EB0800F8F771FB30460CF0E1FC75
:10D44000A4F85A0022E0234A114224D0B4F85A002A
:10D45000B0F5004F08D1F8F7E0FC05D1F8F7BBFCB8
:10D46000F8F75DFC2E4613E0F8F72FFCB4F85E00E9
:10D47000B0F5004F01D0F8F7FDFBF8F7CEFC02D075
:10D48000C01BF8F74BFB30460CF0BBFCF8F747FC31
:10D490003046BDE8F08140F274618842B0D0B0F50A
:10D4A000CE6FADD0F8F797FC697BA4F85A00F8F777
:10D4B00036FCA87901F00801890141EA4000052104
:10D4C000B0FBF1F095F909100844A4F85E00C9E733
:10D4D0003F5E660000209000DBB19B0780B582B004
:10D4E000019001980090FFF77FFB009800F045F84D
:10D4F00002B080BD2DE9F04184460246077C017EE2
:10D50000056800265CF8144F52F8043F13B95DB368
:10D510002B46156019B10CB1218839BB06761988E4
:10D5200002291FD102330021012F1360EED800EB36
:10D53000870107F1010E0024D1F808807746002109
:10D5400080F810E0B8F1000FC0F81480DED0B8F811
:10D5500000407746002C4446D8D001217746444607
:10D560000176D3E721B905E0002103E023466246B6
:10D57000981C10600846BDE8F081012180F8601019
:10D5800070472DE9F84F984614468A4681468A42EC
:10D5900000F1220611D9A4EB0A0009F13A0B002789
:10D5A00085B2B8B2A84208D23046FFF73BF901462F
:10D5B0005846FFF74FFA0137F3E730465146FFF779
:10D5C000B5F9A8F1020534B135F814103046FFF76B
:10D5D000C5F9013CF7E74846BDE8F84FFFF704BB43
:10D5E00010B50446002002212174C4F83E00C4F89E
:10D5F0003600C4F81E0020766061C4E9000004F122
:10D6000044001C21F3F7F3F80120A4F86000204641
:10D61000FFF764FF204610BD10B50C24B1FBF4F4F5
:10D6200004EB4404A1EB8401029C002C08BF0C31E4
:10D630000468D4F888C0BDE810406047B0B53C2409
:10D64000B3FBF4F5C5EB0515A3EB850380F82E308D
:10D65000B2FBF4F3C3EB0313A2EB830280F82D209B
:10D660001822B1FBF2F202EB4202A1EBC20180F8F8
:10D670002C100168D1F89010BDE8B04008470000B8
:10D6800010B5044604302121F3F7B1F80020012140
:10D69000A06284F82E00A085034884F82510083085
:10D6A0002060204610BD00BF181A0208FEDE0000F0
:10D6B00080B582B001900198009009F099FD009822
:10D6C00002B080BD70B50D460446606801684968C7
:10D6D00088470028F9D10D4E30680168D1F88010D4
:10D6E0008847FDF7F9FB3068012101F01BFC6068F9
:10D6F00001688A68294690472068C16A20468847A1
:10D7000030680168C96FBDE8704008478C8C002004
:10D7100000207047704770477047016809690847E3
:10D7200080B5F8F769F980BD10B50446F8F764F9DB
:10D7300038B9207A28B160680168496988470020B3
:10D740002072606801680968884718B1BDE8104018
:10D75000FDF7CCBB2068416A2046BDE81040084771
:10D7600080B5FDF7ADFBBDE88040FDF79DBB704780
:10D7700080B582B0019001980168496C884702B079
:10D7800080BD10B50446F8F737F948B9207A617AB8
:10D7900031B128B92068416A2046BDE810400847E9
:10D7A00010BD0000B0B50446012020726068016819
:10D7B0008969884705460068411E072912D9202833
:10D7C0001BD0402819D0802817D0B0F5807F14D006
:10D7D000B0F5007F11D0B0F5806F0ED0B0F5006FBE
:10D7E00011D005E0DFE801F0090F04140404041768
:10D7F00019490EA08B22F2F719FF2068C16B204651
:10D8000088470C200AE02068C16B2046884704E066
:10D81000F8F75AF9F5E7F8F757F90D20216851F8AC
:10D82000202020462946BDE8B040104766616C7351
:10D83000652026262022444D413A3A657865637575
:10D840007465282920696E76616C696420426C6970
:10D85000744F702200000000F236020882B001907E
:10D860000091019841F6B421C0F60201083101602F
:10D870000099416000210172417202B07047FEDEE2
:10D8800081B00090009801B0704700002DE9F04F82
:10D8900091B01F469046894682462698259824983E
:10D8A0002399229A219A209A1F9BDDF878C0DDF8EF
:10D8B00074E01C9C1B9D1A9ECDF840A0CDF83C90B6
:10D8C000ADF83A80ADF83870ADF836608DF8355067
:10D8D0008DF834408DF833E08DF832C08DF831305A
:10D8E0008DF83020ADF82E10ADF82C0010980A906D
:10D8F0000F99BDF83A20BDF83830BDF836C09DF814
:10D9000035409DF834509DF833609DF832709DF895
:10D9100031809DF83090BDF82EA0BDF82CB0EE46B9
:10D92000CEF820B0CEF81CA0CEF81890CEF8148017
:10D93000CEF81070CEF80C60CEF80850CEF8044047
:10D94000CEF800C009F01CFA0A9841F60431C0F67E
:10D950000201083101602199C16122990162259972
:10D9600041622699816211B0BDE8F08F80B582B026
:10D9700001900198009000F005F800980CF074FCFC
:10D9800002B080BD80B582B001900198009009F08E
:10D9900019FA009802B080BD80B586B00591049058
:10D9A00004980190083005990391039900F054FE02
:10D9B0000198C0680290029807F018F8019908824F
:10D9C00006B080BD80B586B00591049004980190A2
:10D9D00000F0C2FE0198083000F046FEFFE7019813
:10D9E00041F66C31C0F6020101F1080202602C31EF
:10D9F000816006B080BD024601980392029100F05A
:10DA0000DFFEFFE70CF01EFE0CF02EBC80B582B0EE
:10DA1000019001980090083000F044FE009800F05A
:10DA2000CFFE009802B080BDC06A7047C1627047E7
:10DA300080B504F0E3FA0121C162024908310160B6
:10DA400080BD00BFA41B02080CF00EBC80B582B0E4
:10DA500001900198009004F0EDFA009802B080BDAA
:10DA600080B582B00190019800F002F802B080BD4C
:10DA700080B582B0019001980090D0F8400198B133
:10DA8000FFE70098D0F840010168C968884758B19D
:10DA9000FFE70098D0F8400101688968884700993D
:10DAA0000020C1F84001FFE702B080BD80B582B020
:10DAB000019001980090FEF73FFB009841F6184155
:10DAC000C0F60201083101600021C0F83C11C0F825
:10DAD000401140F2C021C2F20001086002B080BDD6
:10DAE00080B582B001900198009000F005F8009890
:10DAF0000CF0BAFB02B080BD80B582B001900198F5
:10DB00000090FEF74DFB009802B080BD80B58EB04E
:10DB1000DDF840C00D900C910B920A930B98806831
:10DB20000168096A884741F65C01884201D3FFE732
:10DB30000AE042F67010C0F6020042F6FE11C0F68E
:10DB40000201A322F2F772FD0B9840680168096A8E
:10DB50008847102801D3FFE70AE042F6CD00C0F65F
:10DB6000020042F6FE11C0F60201A422F2F75EFDA9
:10DB70000B98C0680168096A88470C2801D3FFE741
:10DB80000AE042F62A00C0F6020042F6FE11C0F694
:10DB90000201A522F2F74AFD0D980C990A9A09F0A4
:10DBA0004FFD0B98C0680021029100F03BFA0090F5
:10DBB000FEF7DEFC0098029909900B98806800F04F
:10DBC00015FA0190FBF7B6F80198029908900B98A6
:10DBD000406800F019FA03900899FCF72BFA0298B4
:10DBE0000399079109990A9A116007990C9A116093
:10DBF00008990D9A11601099049107990591069062
:10DC000021B1FFE7059804300690FFE704980699D4
:10DC1000FCF7CEFC079804301099FBF765FB0898D9
:10DC2000079904F07BF908980799099A09F050FDC3
:10DC300007980EB080BD000080B582B0019001F061
:10DC4000FFFC0168096B88470199401AB0FA80F01F
:10DC500040098DF8030000F071FF01F081F8A0B1D8
:10DC6000FFE700F06BFF01F07BF80168096B884764
:10DC70000199401AB0FA80F041099DF80300084369
:10DC800000F001008DF80300FFE79DF8030000F0AD
:10DC9000010002B080BD000081B00090009841F604
:10DCA0006C41C0F60201083101600021818001B0A1
:10DCB0007047000081B00090FEDE000081B000904F
:10DCC000009801B07047000081B00090009841F6C4
:10DCD0008C41C0F602010831016001B070470000BC
:10DCE00081B00090FEDE000081B00090009801B08D
:10DCF0007047000082B001900091019802B0704717
:10DD000081B00090009841F6A441C0F602010831AC
:10DD1000016001B07047000081B00090FEDE00009D
:10DD200081B00090009801B07047000081B0009071
:10DD3000009801B0704700002DE9FE4F1D4CD0E95E
:10DD400000658246A76987B30220A268E169DFF80F
:10DD500068903B4697FBF0FB20685A44029202AA67
:10DD6000009290463246C84701906068216A2A4670
:10DD70003B46CDF80080C8476269C8468146E068E6
:10DD8000616A3B465A44029202AA00923246C04758
:10DD900083462069A16A02AA3B460092019A09EBD8
:10DDA00002062A46C04700EB0B05CAE90065BDE83C
:10DDB000FE8F00BF608C0020FDDD0008E0B1014651
:10DDC0000020B1F5803F38BF012038BF09040001B1
:10DDD000B1F1807F3CBF08300902B1F1805F3CBFE8
:10DDE00004300901B1F1804F3CBF02308900B1F12C
:10DDF000FF3FC8BF01307047202070472DE9FE4F1C
:10DE0000DDF830909A46154688460646002A934625
:10DE100001D5C5F1000BD9F800705846FFF7CEFFC9
:10DE2000034602A8BAF1000F5446019048BFCAF158
:10DE30000004002E009448BF7F423046002D48BFAA
:10DE40007F42002E00D5704241465A4600F02FF81E
:10DE500002994FF0FF33394491FBF4F202FB1411A5
:10DE600010440122002EC9F8001048BF4FF0FF32C5
:10DE7000002D48BF5242BAF1FF3FC8BF01239A426A
:10DE800018BF4042002A04D4B1F1FF3F09DDBDE8CC
:10DE9000FE8F4A42B1F1FF3FC9F80020F7DC111BA9
:10DEA00000E021440138C9F80010BDE8FE8F2DE9DB
:10DEB000FE4FDDE90CA71C460D46A0B19AB11F2DFF
:10DEC00098BF202C0FD206468DB91046002C25464F
:10DED00032464FF00004F0D14FF0FF3038606FF061
:10DEE0000040BDE8FE8F00203860BDE8FE8F32FAAA
:10DEF00005F830D04FF0FF30A84022EA000948462C
:10DF0000FFF75CFF0146484632462B46CDE900A7A5
:10DF1000FFF7CDFF814606FA05F0B0FBFAFB0BFBDD
:10DF20001A063046FFF74AFF034602A86119324637
:10DF3000CDE900A04046FFF7BAFF3968029A1144C4
:10DF4000B1FBFAF202FB1A1139600BFB089108448D
:10DF50001044BDE8FE8F02FB06F1B1FBFAF000FBB6
:10DF60001A113960BDE8FE8F80B586B000F0E6FD7D
:10DF700001F0A4F80590059801688969884705981B
:10DF8000016889688847C8B1FFE703A8019003F0DA
:10DF900087FF019905980268D2689047029002981D
:10DFA000BDF80C10BDF80E20BDF81030BDF812C041
:10DFB000EE46CEF800C00FF0B1FDFFE706B080BD21
:10DFC00070B5054600680C461646016A2846884723
:10DFD000B04206D328682146426A2846BDE8704010
:10DFE000104751484F493922F2F720FB80B582B0E3
:10DFF0000190ADF802100198BDF802100268526A53
:10E00000904702B080BD000080B582B00190ADF8AD
:10E0100002100198BDF802100268526A904702B0DF
:10E0200080BD000080B582B00190ADF8021001986B
:10E03000BDF802100268526A904702B080BD00210C
:10E040008180704770B5044600680D460021426A21
:10E0500020469047281A86B22068016A20468847E1
:10E06000B6FBF0F6A088864211D220680021426AF1
:10E0700020469047281A85B22068016A20468847C2
:10E08000B5FBF0F101FB105030B9304670BD2549A9
:10E0900004A01D22F2F7CAFA084822491E22F2F70C
:10E0A000C5FA00BF726573756C74203C20616C6C9E
:10E0B0006F636174696F6E7300000000E12F0208E6
:10E0C000B0B5044600680D46016A20468847A8425C
:10E0D0000FD32068A588C1692046884785420DD2A4
:10E0E0002068A188426A20469047A1880131A1801A
:10E0F000B0BD0D480B492F22F2F798FA094902A04A
:10E100003022F2F793FA00BF616C6C6F636174693F
:10E110006F6E73203C206361706163697479282994
:10E12000000000005B300208CA2F02080021818035
:10E130000149083101607047BC1C0208FEDE7047CF
:10E1400010B50446D0E9022023691B1A002BD8BF62
:10E150001344022B0FD3626800EBC00002EB800077
:10E160002122F2F7A3FAD4E902010131081A38BFDB
:10E170000846E06010BD224901A03722F2F756FAA6
:10E1800066616C736520262620224C6F636B467295
:10E190006565444D415F5175657565206F766572A3
:10E1A000666C6F772122000010B504460068016894
:10E1B0002046884738B92169A0680131081A38BF5C
:10E1C0000846206110BD0E4901A03D22F2F72EFA4B
:10E1D000216973456D707479282920262620224CE8
:10E1E0006F636B46726565444D415F51756575653A
:10E1F00020756E646572666C6F77212200000000E6
:10E20000F23602084168006900EBC00001EB8000B3
:10E210007047D0E902120069821A002AD8BF0A4466
:10E220000020022AB8BF01207047D0E90301401A3C
:10E23000B0FA80F04009704710B5044C0023C0E9E3
:10E24000022303610834C0E9004110BDF01C02083C
:10E250000CF00AB880B582B001900198009008F0E7
:10E26000D1FF009802B080BD80B588B084460B987D
:10E270000A98CDF81CC0ADF81A10ADF81820ADF80A
:10E280001630ADF814000798029047F62C0142585A
:10E29000013242504058032806D1FFE7029947F661
:10E2A0002C0200208850FFE7FFE7029847F62C0178
:10E2B000415800EB8100406818B1FFE700F0AEFB69
:10E2C000F3E7029847F62C01415800EB81004068C3
:10E2D00008B9FFE70AE042F68F60C0F6020042F696
:10E2E000AC61C0F60201AA22F2F7A0F9029A47F641
:10E2F0002C03D05802EB800101204860BDF81600C5
:10E300004000049004994FF42050B0FBF1F00390CA
:10E31000D05800EB800002EBC02010300B99086051
:10E32000BDF81A0047F61001114452F803C021F855
:10E330003C00BDF8180052F803C001EBCC0CACF85F
:10E340000200BDF81600D25801EBC2018880BDF86A
:10E3500014000399884204DAFFE7BDF81400019025
:10E3600002E003980190FFE70299019B47F6100035
:10E37000084447F62C0251F802C000EBCC0CACF874
:10E380000630895800EBC100C08808B080BD00008D
:10E3900083B002900298009047F62C01405801305B
:10E3A00001900198032803D1FFE700200190FFE7C7
:10E3B0000098019900EB81004068B0FA80F04009B4
:10E3C00003B0704780B584B0039002910398019028
:10E3D00047F628014258013242504058032806D1DE
:10E3E000FFE7019947F6280200208850FFE70198CF
:10E3F00047F62801415800EB81004068022801D10E
:10E40000FFE70AE042F67260C0F6020042F6AC6135
:10E41000C0F60201DD22F2F709F9019847F628015A
:10E42000425800EBC20C47F6100E0CEB0E02029B9A
:10E430005CF80EC0C3F800C052685A60425800EB46
:10E44000820303225A60415801EB810100EBC12095
:10E45000103004B080BD000084B003900398019098
:10E4600047F628014058013002900298032803D152
:10E47000FFE700200290FFE70198029900EB81007E
:10E480004068022801D1FFE70AE042F65160C0F679
:10E49000020042F6AC61C0F60201EA22F2F7C6F8C9
:10E4A0000198029900EBC10047F61001084404B03E
:10E4B0007047000082B001900198009047F6280153
:10E4C000415800EB81004068032801D1FFE70AE0D2
:10E4D00042F63260C0F6020042F6AC61C0F60201BC
:10E4E000FF22F2F7A3F8009847F62801415800EB05
:10E4F00081010020486002B07047000084B00290A3
:10E500000298009000200190FFE70198022811D89E
:10E51000FFE70098019900EB81004068022804D1D0
:10E52000FFE701208DF80F0008E0FFE701980130B8
:10E530000190EAE700208DF80F00FFE79DF80F003B
:10E5400004B0704780B582B001900198009047F602
:10E550002C01415800EB81004068012801D1FFE700
:10E560000AE042F61160C0F6020042F6AC61C0F665
:10E570000201B922F2F75AF8009847F62C014158E7
:10E5800000EB81010220486000F056FA02B080BD25
:10E5900080B58AB0089008980290099000F0C6F8FB
:10E5A000029941F61450C0F602000830086047F6A0
:10E5B0001000084447F62802114403910490FFE735
:10E5C0000498019003F06CFCFFE7039A019800F1B6
:10E5D0000801084691420490F2D1FFE7029947F6FC
:10E5E00028024FF0FF30885047F62C028850002058
:10E5F0000590FFE70598022812D8FFE702980599D1
:10E6000000EB810100204860FFE70598013005908C
:10E61000F0E7024602980792069100F097F802E0B0
:10E6200009980AB080BD0CF00DF8000080B582B0EA
:10E6300001900198009000F005F800980BF014FE8E
:10E6400002B080BD80B582B001900198009000F0CA
:10E650007DF8009802B080BD82B0019100900099D1
:10E660000198486002B0704780B582B0019001986F
:10E67000009041F64051C0F60201083140F8041BF9
:10E6800008F0D6FF009802B080BD000080B582B0CF
:10E6900001900198009000F005F800980BF0E4FD5F
:10E6A00002B080BD81B00090009801B070470000BA
:10E6B0001D480021C0E90011704700BF0F2982BF2B
:10E6C000194AC2E900017047024810491722F1F7C0
:10E6D000ADFF00BFD63502081349086810B149687C
:10E6E00001B17047084809492E22F1F79FFF00BF8A
:10E6F0000D48016811B1406800B1704702480349F4
:10E700003422F1F793FF00BF1E3602082A360208B2
:10E710000548D0E90010002818BF0120002918BFC3
:10E7200001210840704700BFFC02002081B000902A
:10E73000009841F65451C0F602010831016001B061
:10E740007047000081B00090FEDE000081B00090B4
:10E75000009801B07047000080B586B0049004981E
:10E7600000900590FFF798FA009941F68050C0F6A6
:10E770000200083008600020FFF75EFA0190FFE712
:10E780000198C00708B1FFE711E042F64620C0F645
:10E79000020042F6A421C0F602012C22F1F746FF46
:10E7A0000246009803920291FFF788FA02E005986A
:10E7B00006B080BD0BF046FF81B00090FEDE000089
:10E7C00080B582B0019001980090FFF777FA009829
:10E7D00002B080BD4049096801290BD142880188F7
:10E7E00083880280C2881944C38082803B4A128891
:10E7F000511A4180704700BF10B504463648006882
:10E8000001280DD10A462088A1880844A11C01389E
:10E810002080204600F030F860684FEA30406060A9
:10E8200010BD00BF0B4B1B68012B11D10B6890ED85
:10E83000000A9FED092A0360B2F9040001EE100AF4
:10E84000B8EEC11A31EE021A31EE400A81ED000A2B
:10E85000704700BF1003002017B7D1B81E4A1268D6
:10E86000012A07D102880B880380D0431B4A1288F3
:10E8700010440880704700BF174B1B68012B09D15B
:10E8800010B50C8803880480D8439288104408800F
:10E89000BDE81040704700BF0F49096801290BD13E
:10E8A00002884188C3884280828819448380C2805C
:10E8B0000A4A1288511A0180704700BF064A12683E
:10E8C000012A07D1054A0B881288DB431A440388C2
:10E8D00002800B80704700BF100300200803002057
:10E8E00080B582B0019000910198009900F002F883
:10E8F00002B080BD82B00190009101990098C86477
:10E9000002B0704780B582B001900198009000F08D
:10E910005BF8009841F6A051C0F602010831016091
:10E920000021C16402B080BD80B582B00190019821
:10E93000009000F005F800980BF096FC02B080BD46
:10E9400080B582B001900198009000F04FF80098D7
:10E9500002B080BD82B00190009101990098C86416
:10E9600002B0704782B0019000910199009808654B
:10E9700002B0704780B582B001900198009000F01D
:10E9800023F8009841F63061C0F6020108310160B9
:10E990000021C164016502B080BD000080B582B075
:10E9A00001900198009000F005F800980BF05CFCD5
:10E9B00002B080BD80B582B001900198009000F057
:10E9C00015F8009802B080BD80B582B00190019822
:10E9D000009008F071F9009841F6C061C0F602019C
:10E9E0000831016002B080BD0BF03EBC80B582B042
:10E9F00001900198009008F0A3F9009802B080BD42
:10EA0000B0B504460AF006FD054620460AF05CFC57
:10EA1000A90060F34101481C80B2B0BD7047B0B599
:10EA200004460AF0F7FC054620460AF04DFCA90012
:10EA300060F3410188B2B0BD7047000082B001911F
:10EA4000009000990198886202B0704780B584B048
:10EA50000390039800902621F1F7C9FE009804F076
:10EA600039FA009841F65071C0F602010831016090
:10EA7000FF2180F826102830002108F0D1FDFFE7A3
:10EA8000009804B080BD024600980292019104F003
:10EA900035FAFFE70BF0D6FD0BF0E6BB80B582B090
:10EAA00001900198009004F029FA009802B080BD0E
:10EAB00081B0009001B07047E34990F87600097882
:10EAC000B0FA80F04009B1FA81F149090843704772
:10EAD00080B582B0019001984068016889698847D3
:10EAE00002B080BD10B50446FCF75CF902F098FF57
:10EAF00060680168C9688847E06801688968884774
:10EB00002068816F2046BDE81040084780B584B07A
:10EB100002900298019090F88500C00738B1FFE795
:10EB200001984068016809688847039002E0002066
:10EB30000390FFE7039804B080BD000048F68C40C6
:10EB4000C2F200000068704781B0009001B07047C9
:10EB50002DE9F04389B004461298DDF84480DDF8D1
:10EB6000409000271D46164601918DF81C700397B2
:10EB7000ADF818004FF48060ADF81680ADF8149031
:10EB80000090F7F794F8139900EB4600CDF81D704C
:10EB9000ADF81A10694300EB4100B9F1000F049081
:10EBA0000DD0B8F1000F0AD0F7F757F840050CD593
:10EBB000F7F7D0F86946904709B0BDE8F0835C48A4
:10EBC0005C4940F26A22F1F731FD5B48594940F255
:10EBD0006B22F1F72BFD00BF2DE9F0418AB004460E
:10EBE0004FF400600025984616460F4601902046D7
:10EBF000029500F02DFA129B109A119900EB460035
:10EC0000ADF81C50089504978DF82450ADF81E30CF
:10EC100003FB08F3ADF81A10ADF8182000EB430021
:10EC200005905AB151B1F7F718F800050CD5F7F770
:10EC300091F801A990470AB0BDE8F081EB4905A021
:10EC400040F28122F1F7F2FC1048E84940F28222BA
:10EC5000F1F7ECFC287769647468203E20302920A5
:10EC600026262028686569676874203E20302920A0
:10EC70002626202243616E6E6F742066696C6C20BC
:10EC8000656D7074792072656374220069370208BB
:10EC90002DE9F04389B004461498DDF84490109FA4
:10ECA000DDF854801D46164601918DF81C0012981F
:10ECB000ADF81690ADF81470CDF80080ADF81800DE
:10ECC000F6F7F5FF0346204631462A4609F02EFEA8
:10ECD0000490DE480089ADF81A00F6F7A7FE8DF81B
:10ECE0001E008DF81D00BFB1B9F1000F14D0F6F76A
:10ECF000B4FF10EA080F15D016981399039100215C
:10ED00008DF81F0060688DF8201001684A68694618
:10ED1000904709B0BDE8F0830548B44940F24E225F
:10ED2000F1F784FC0448B14940F24F22F1F77EFC30
:10ED3000273902085F390208B337020881B0009012
:10ED400001B0704780B582B001900198009000F04A
:10ED500059F800980168D1F8BC10884702B080BD0E
:10ED600081B000900098406D01B0704710B5044626
:10ED7000B648007848B9E06C38B96068FEF7D0FC56
:10ED800018B16068417A0029FCD0FCF799F8D4F8F2
:10ED9000880038B12068D0F8D81020468847002075
:10EDA000C4F888002046BDE8104000F051B900BF0B
:10EDB0002DE9F0438BB00746A4481E46904689468D
:10EDC0000489F6F733FE3968002243460D6C169924
:10EDD000CDE9080102204946CDE906400120059011
:10EDE0001598049014980390139802901298CDE906
:10EDF00000603846A8470BB0BDE8F083F6F784BF43
:10EE0000F6F782BFB0B5044690F87600D0B1022084
:10EE100002F01AFE0020A4F87500F6F748FF01463C
:10EE20002068D0F8C82020469047E56955B1F6F72C
:10EE30003EFF0146E5480289286803682846BDE888
:10EE4000B0401847B0BD00BF0403002082B001905D
:10EE5000ADF8021002B070474068012141720168AC
:10EE60000969084781B000904FF6FF7001B0704704
:10EE700010B50446FCF718F860680021817210BDD7
:10EE800084B00390ADF80A10ADF80820BDF80A0070
:10EE900040F20831C2F20001098888420BDBFFE72B
:10EEA000BDF8080040F20A31C2F200010988884228
:10EEB00001DBFFE70AE042F6B640C0F6020042F688
:10EEC0001951C0F60201A522F1F7B0FBBDF80A10F6
:10EED00040F20830C2F20000028800209142019006
:10EEE0000FDBFFE7BDF8081040F20A30C2F2000065
:10EEF000028800209142019003DBFFE7012001908E
:10EF0000FFE70198BDF80A0040F20C31C2F200019F
:10EF10000880BDF8080040F20E31C2F200010880FE
:10EF200004B07047B0B50546D0F8880088420AD0D2
:10EF3000DC200C46002908BFD8202968095828463B
:10EF40008847C5F88840B0BD80B582B0019001986F
:10EF5000406801684969884702B080BD82B001906D
:10EF600000910199009888640098002818BF01203A
:10EF700040F20531C2F20001087002B07047000093
:10EF8000F0B589B0B74F0446787838B301200E4603
:10EF900015460090002003902068416B204688476A
:10EFA0000346B1B2320C204609F0C0FC0190A06CBF
:10EFB000ADF8145004903889ADF81A00ADF8180077
:10EFC000280CADF81600F6F731FDF6F788FDF6F7D8
:10EFD000C1FE69469047A06C09B0F0BD0248A34944
:10EFE00040F2BD22F1F722FBF83702085F39020830
:10EFF000F0B589B0054601200F461C461646009024
:10F00000002003902868416B284688470346B9B220
:10F010003A0C284609F08AFC01900E980494ADF849
:10F020001460ADF81A008F480089ADF81800300C54
:10F03000ADF81600F6F7FAFCF6F751FD68680168BE
:10F040004A6869469047204609B0F0BD0403002095
:10F0500080B584B002900298019040F20430C2F270
:10F0600000000078C00768B1FFE701980168496BAC
:10F0700088470199096C884204D1FFE70198406CE8
:10F08000039003E00198006C0390FFE7039804B03D
:10F0900080BD4166203005F049BA000082B0019081
:10F0A000009101990098C1F88000012081F8840046
:10F0B00002B0704781B0009001B0704781B00090FD
:10F0C0000098806901B0704782B001900091019969
:10F0D0000098886102B0704780B584B002900191B9
:10F0E00002980090019820B1FFE70198032807D10A
:10F0F000FFE700990198C86401208DF80F0049E0EE
:10F100000198012821D1FFE70098C06BC8B1FFE743
:10F1100000980168D1F8A81088474FF6FF7188421F
:10F120000FD0FFE740F20430C2F200000078C007C1
:10F1300038B9FFE700990198C86401208DF80F00E5
:10F1400028E000208DF80F0024E0019802281DD14E
:10F15000FFE700980168D1F8A81088474FF6FF71C3
:10F1600088420FD0FFE740F20430C2F2000000787E
:10F17000C00738B9FFE700990198C86401208DF8ED
:10F180000F0007E000208DF80F0003E000208DF84D
:10F190000F00FFE79DF80F0004B080BDF8B51446DE
:10F1A0000D460646FFF754FF0346A9B22A0C304627
:10F1B00009F0BCFB0346306829462246076FE74842
:10F1C000008900903046B847F8BD00BF0403002016
:10F1D00081B0009001B070472DE9FF470446806977
:10F1E000C8B3924600220F460C991D46039202684E
:10F1F000166803AACDE9001239465246B047DFF837
:10F200006C988046A9F80850F6F710FC50B1012818
:10F210000BD002380F2812D21348D2494FF4C972CA
:10F22000F1F704FA6FF0010001E06FF00200B9F8A5
:10F230000810039A01FB0A7101FB00202064E069B9
:10F2400028B10368B9F80820216C1B68984740462C
:10F2500004B0BDE8F0870648C2494FF4B972F1F72F
:10F26000E5F900BF04030020C93802085F3902082D
:10F27000243702081CB50023CDE900330368D3F816
:10F28000B4406B46A0471CBD2DE9F04F8FB004463B
:10F290001046984617460D4603F0ECF8002800F09B
:10F2A000C7802068C16A204688472068016B2046D5
:10F2B0008847DFF8B8970DF13A06ADF83A70B9F81B
:10F2C0000A00B9F808A0B9F804B00190B9F806002E
:10F2D000079030460AF070F8A9F8040030460AF0AA
:10F2E000D5F8D9F80C10B9F80420A9F806000029BF
:10F2F000114608BF0146A9F80A1008BF1046A9F830
:10F300000800D4E91001CDE90510384603F0B2F841
:10F310000146C4E91000E06920B10368B9F808208B
:10F320001B689847E8882F4600210022049037F890
:10F33000040F0390284605F003F8012095F82510E6
:10F3400085F82500B8F90400029101280BDBB8F913
:10F350000600002807DD0AA83946424609F0ADFE3E
:10F36000DDE90A1003E0D7E90010CDE90A100D909D
:10F37000D9F804000027D046DDF804A00C910897C6
:10F3800009900CA808A902F095FD606DC8B10DF1B7
:10F390003A000AF03FF80646606D0168096B88473D
:10F3A00086420ED100F04CF906460DF13A000AF003
:10F3B00031F801463068826B3046904780F001009A
:10F3C00000E0002084F8600028686E696F61826840
:10F3D0000CA928469047029884F860706E6185F801
:10F3E0002500039801B2049802B2284604F0A8FF51
:10F3F000DDE90510A9F80AA0A9F80880A9F804B069
:10F40000C4E910010798A9F806002068C16A2046DF
:10F4100088472068016B20468847E56945B1F6F7C3
:10F4200046FC01462868B9F8082003682846984732
:10F430000FB0BDE8F08F00BF80B588B0079006918F
:10F440000592049307980390069808B1FFE70BE034
:10F4500042F67E40C0F6020042F61951C0F60201A3
:10F4600040F20132F1F7E2F806990020029019B15A
:10F47000FFE701200290FFE70398029906990164D3
:10F48000059941640599002918BF012140F2043211
:10F49000C2F20002117004990268D2F890209047DD
:10F4A0000398C06980B1FFE70398C1690191FFF734
:10F4B000CFFD0146019840F20C32C2F200021288E0
:10F4C00003681B689847FFE708B080BD2DE9F84343
:10F4D000DFF8988590F88D70046C89460546B8F879
:10F4E0000A60F6F7A3FA102824D8B6FBF7F1DFE894
:10F4F00000F0090F182F2F2F2F2F2F2F2F2F2F2FE7
:10F500002F2F2F0009FB01F00021A1EB40000DE09F
:10F5100009FB01F0B8F808104843A0EB8000044450
:10F5200008E009FB01F00021A1EB8000B8F8081009
:10F5300000FB0144E8692C6440B10168B8F8082078
:10F540000B68214601B0BDE8F0431847BDE8F883D9
:10F550000348044940F2BD12F1F768F804030020A3
:10F560005F3802085F39020882B001900198816B10
:10F57000D0F8800088421FD0FFE740F21030C2F27E
:10F5800000000068B8B9FFE740F20A32C2F2000298
:10F590001088ADF8020040F20831C2F2000108887C
:10F5A0001080BDF80200088040F21031C2F2000164
:10F5B00001200860FFE71EE040F21030C2F20000B8
:10F5C0000068B8B1FFE740F20A32C2F200021088C8
:10F5D000ADF8000040F20831C2F200010888108046
:10F5E000BDF80000088040F21031C2F20001002096
:10F5F0000860FFE7FFE702B07047F8B50446C9B1FD
:10F6000020680021D4F88870C4F88810C16A2046A8
:10F610008847054601266068C4F88870012F867205
:10F6200006D02068D0F8DC1020468847C4F88860EF
:10F630002846F8BD2068C16A2046BDE8F840084762
:10F6400081B048F68C40C2F20000006890F860007B
:10F65000C00780B1FFE748F68C40C2F200000068A6
:10F66000406D40B1FFE748F68C40C2F200000068F0
:10F67000406D009007E048F68C40C2F20000006840
:10F6800080680090FFE7009801B070477FB504469E
:10F690000068D0F8C01020468847002800F0A680F7
:10F6A000E06C022802D0012002F0A8F994F884103E
:10F6B000002594F8720084F8525084F8725084F84F
:10F6C000730031B12068D0F8D4102046884784F800
:10F6D000845094F85110E54D6068012681F00101D5
:10F6E000AE704172FBF750FD0168496B884794F892
:10F6F000730008B984F87360FBF746FD0168496937
:10F700008847606E01680969884794F8730094F827
:10F710007410013884F8730009B10006ECD1E87860
:10F7200094F970100130E87040B2884215DB002077
:10F73000E870E0680168CB6803A902AA984738B16D
:10F740002068DDE90221D0F8CC302046984704E05B
:10F750002068D0F8D0102046884700208DF8070098
:10F76000606958B10168CA680DF10701904728B176
:10F77000606E0168CA689DF80710904704F1200088
:10F7800004F0D6FE94F8780030B320690168096966
:10F7900088470546E06F08B92846E5671B49281ADF
:10F7A000884219D32069016889698847E16F6A1A1C
:10F7B0006421B2FBF1F2B0FBF2F0012804DB632814
:10F7C00094BFC0F164010021206984F871100168C0
:10F7D000CA6900219047E5672068D0F8E01020460C
:10F7E0008847FBF7D1FC0168896B88472068D0F80F
:10F7F000C41020468847E06C022802D0012002F0A5
:10F8000011F99A48002181707FBD00BF01E1F50523
:10F81000BFB50446CDE9021202A8FEF78DFADDE974
:10F820000201ADF80600ADF804100DF1060001A9C3
:10F83000FFF744F894F8771004F1200061B1B4F8B0
:10F840006C20B4F86810BDF80630BDF8045000957F
:10F8500004F0E0FD50B9BFBDBDF80430BDF806208E
:10F86000002104F01BFE012084F87700BDF906009A
:10F87000BDF90410C4E91A01BFBD000081B00090B9
:10F88000009991F87200013081F87200002081F82F
:10F890008C0001B0704710B5044690F8770058B15D
:10F8A000B4F86C30B4F8682004F12000012104F0B1
:10F8B000F5FD002084F8770010BD00002DE9F04F21
:10F8C0008BB00DF16C0A044600200DF1600B1F4651
:10F8D000149E9AE8200605909BE80809DDE9160EBB
:10F8E000022D04D00B2D10D14FF0800819E0DDF867
:10F8F00064C04FF02008BCF1000F18BF4FF0400863
:10F90000FF2B18BF4FF040080BE0C4464FF0010832
:10F91000BCF1000F18BF4FF00408FF2B18BF4FF0C9
:10F920000408ADF81E001598CDF808808DF8243035
:10F93000ADF820E0CDE90312ADF81C00F6F7B7F9F9
:10F940000346204639463246CDE900B909F004F8AD
:10F950000690159800218DF827A08DF826908DF837
:10F960002550ADF822B08DF8281068B1169858B11E
:10F97000F6F773F910EA080F0CD0F6F7EBF902A9C5
:10F9800090470BB0BDE8F08F0548724940F2312234
:10F99000F0F74CFE6E486F4940F23222F0F746FE17
:10F9A000273902082DE9F0418AB01E4690460D46DF
:10F9B0000746F6F73BF83968159A43460C6C2B4915
:10F9C000CDE9080200220989CDE9061014982946DC
:10F9D0000590139804901298039011980290109833
:10F9E000CDE900603846A0470AB0BDE8F08100BF0D
:10F9F000B0B58AB014460268156C169A0992159A29
:10FA00000892149A0792139A0692129A0592119AE2
:10FA10000492109A03920F9A02920E9ACDE9003244
:10FA200000222346A8470AB0B0BD00002DE9F043EC
:10FA300087B007460D48984691460E460489F5F76B
:10FA4000F5FF39684A464346CD6DCDE9034010982D
:10FA5000119902900F980591314601900E980090EF
:10FA60003846A84707B0BDE8F08300BF0403002074
:10FA70002DE9F04F8BB004460020DDF858A0082691
:10FA80001F4690468B4603902046BAF1FF0F08BFF1
:10FA900002260296FFF7DCFADDF86090179D034618
:10FAA000204641463A46CDF80490009508F054FFB0
:10FAB0000690DDF864C0DDE91420BAF1FF0F08BF3D
:10FAC000B9F1000F21D0ADF81E0020680023ADF879
:10FAD0002250ADF81C208DF827C08DF824A0CDF859
:10FAE00014B08DF826908DF82590ADF820308DF863
:10FAF0002830C16B20468847304222D0F6F72AF9D9
:10FB000002A990470BB0BDE8F08F4FF4FC634FF4AF
:10FB1000784703EA5B1307EA1B273B44CBF3C40790
:10FB200003EB070B42EA08032B43DB0706D14BEA42
:10FB30000B4B52086D084FF00209C4E74FF0000963
:10FB4000C1E7034803494FF42B72F0F76FFD00BF84
:10FB5000B33702085F39020810B5044640680168EF
:10FB60008968884794F8750010B1012084F8760000
:10FB700010BD4068016889680847002B43D0B0B5C4
:10FB800002F0010001F00104A04215D120B112F8E9
:10FB9000010B013B01F8010B022B1FD382EA01008C
:10FBA000800714D023F00100084481420CD232F8BF
:10FBB000024B21F8024BF8E7C818814221D212F813
:10FBC000013B01F8013BF8E703F0010306E0900771
:10FBD00004D032F8020B023B21F8020B23F00300A1
:10FBE0000844814202D210CA10C1FAE703F00300B0
:10FBF00000230844CC18844203D2D55C013325701D
:10FC0000F8E7BDE8B04001207047000082B00190E5
:10FC10000091002002B0704780B584B00390ADF829
:10FC20000A1003980190C06B30B1FFE70198C16BD7
:10FC3000BDF80A008847FFE704B080BD04460068AD
:10FC4000D0F88410204688472068C16F2046884736
:10FC5000E06C022818BFFBF711F92068416FF5E747
:10FC600080B588B08C4686460B980A99CDF81CE082
:10FC7000CDF818C005920493ADF80E10ADF80C0045
:10FC80000798009041F6B871C0F602010831016092
:10FC900006994160059981600499C1600021029133
:10FCA000016141618161C161203004F05DFC009817
:10FCB00002998163C163016441648164C16401226A
:10FCC000019280F8502080F8511080F85210416560
:10FCD000583002F0E5F80098019A029980F8601017
:10FCE00041668166C16680F8702080F8711080F8E6
:10FCF000721080F8732080F8741080F8751080F806
:10FD0000761080F8771080F87810C167C0F88010FE
:10FD100080F8841080F88520C0F8882080F88C1046
:10FD2000042280F88D20BDF80C2090F88D30B2FBB5
:10FD3000F3F2A0F88E20B0F88E2045F25653C5F2AB
:10FD40005553A2FB0332A0F890201422A0F8922071
:10FD500048F68C42C2F200021060BDF80E2040F25C
:10FD60000833C2F200031A8040F20C33C2F20003DF
:10FD70001A80BDF80C2040F20A33C2F200031A8048
:10FD800040F20E33C2F200031A8040F21032C2F287
:10FD900000021160BDF80E20BDF80C309A42B8BFC9
:10FDA0000121816308B080BDFEDE000081B00090BB
:10FDB000009801B07047000080B588B0DDF82CC015
:10FDC000DDF828C0079206910590049305980CA9C8
:10FDD0000391049A0A9B0B99DDF80CC0CDF808C07A
:10FDE000DDF808E0EC46CCF804E0CCF8001006A9F9
:10FDF00000F0A8F808B080BDB0B5032A0FD0022AE1
:10FE000017D0012A25D18388C2880488898842EACC
:10FE100003422344C91A438843EA014117E0828818
:10FE2000C3884488C98843EA02422344C91A038824
:10FE30000BE0C2884388CC88058889881344E31A7C
:10FE40008488254444EA0242491BC1EA0341016017
:10FE50004260B0BD2DE9F0418EB0044609B3186888
:10FE60000D46DDF850801E461746816B18468847C0
:10FE70004042CDE900761FFA88F221464FF6FF7323
:10FE800000B2CDE9020504AD284601F0B1F9002623
:10FE9000284601F075F8BDF8100001360028F7D1AA
:10FEA0000BE02046FCF7F3FB01260A28204608BF9A
:10FEB0000136FCF7ECFB0028F7D1B0B20EB0BDE87C
:10FEC000F0812DE9FE4F15460E464FF0000B002441
:10FED0004FF0000A4FF0000801930090A8452DDA7A
:10FEE000002042F20B0132460290A0B288424FF647
:10FEF000FF6108BF5446884218BFA246DDE90001F1
:10FF000002ABFCF7CFFEC8B104460A2816D0029A0D
:10FF10008AB13068948892F80A90577B1FFA8AF168
:10FF2000436C304698470BEB090107F0800201EB68
:10FF3000420101EB000B08F10108CFE71FFA8BF03B
:10FF4000BDE8FE8F2DE9F04FE9B0DDF8C881B8F1CA
:10FF5000000F00F0A180824618681C46002800F0BF
:10FF60009B80A07C002800F097800F4610685168A5
:10FF7000A5680DF5C879DDF8CCB16679CDE96601E3
:10FF8000002049462A4664907868659066A8FFF785
:10FF900033FF484649462A46FFF72EFFCDE9047A4B
:10FFA0003EB12079012E06900BD1023818BF0120F6
:10FFB00008E02079002807BF002006900690012065
:10FFC00000E0002008904BAF3846FDF709FBF5F73D
:10FFD000C5FEF5F746FE0090384641465A46F5F70D
:10FFE0005AFF2068F5F7AEFD81462068B4F810A0EE
:10FFF000477A32A8FDF7F4FA606958B1F5F7AEFE1A
:020000040801F1
:10000000F5F72FFE009032A841465A46F5F743FF18
:10001000606900E00020BDF89411B4F9105094F824
:1000200013C00AEB090807EB090A62792768BDF8D3
:100030009631CDE902500846CDE900270791A1EBA2
:100040000C0082B228A832A901F0D2F86069BDF88C
:10005000929120B3BDF99A014BADA0EB0A070DF1C7
:10006000A00A0FFA89F087422CDD504600F088FF85
:10007000BDF8BAB05FEA0B4006D028463146FCF71F
:10008000D3FDABF1010BF5E7BDF8A00020B19DF861
:10009000C600C1440028E4D069B0BDE8F08FBDF9C6
:1000A0009A01A0EB0A070DF5967A0FFA89F5AF428F
:1000B00008DD5046FCF7EBFA0028EDD00A28F6D10F
:1000C000C144F2E7DDE9041A66AA06980025ADF8F6
:1000D0009490CDE92624239530432491B0FA80F002
:1000E000470907980FFA80FB6069ADF88A5010B194
:1000F00028A800F045FF0FB1E07C2EE0089820B161
:10010000606930B1BDF8C20014E0E07C0799081ABC
:1001100023E05D460DF1240B4BA964225846F0F70D
:100120000AFB2168584647F6FF723346AB46002566
:10013000FFF7C7FE21792EB169B101290FD10BFA62
:1001400080F004E0012943D100B2ABEB00000221B2
:1001500090FBF1F001E0E17C0844ADF88A009DF8E5
:10016000C63060692268BDF8BA10002B18BF0123A1
:10017000002818BF012000EA030047F6FF7308BFFC
:1001800019464BAB0290CDE9003123A80DF18A014D
:1001900033460390504600F033F99DF8C61009EB42
:1001A0000800ADF8940000297FF476AF0FFA80F9CB
:1001B000BDF89A01BDF89E11084400B281453FF791
:1001C0006BAF4BA8FCF75BFA00283FF48DAF63E7F9
:1001D000E17C08449AE7000001480160704700BFD5
:1001E000908C00202DE9F84F2DED0C8BB0B083469C
:1001F000B2F90440B2F9068008461F4616460D467D
:1002000009F0DAF800EE100A2846B8EEC08A09F0C4
:100210003DF900EE100A7548B8EEC09A0068012852
:1002200008D19FED73AAB0EE48CAB0EE49BAB0EE5D
:100230004ADA0BE09FED6EBAB0EE49CAB0EE49AAB9
:10024000B0EE489AB0EE48DAB0EE4B8A386879687A
:10025000CDE92E01CDE92C0131880144ADF8B01073
:10026000718801EB10407168ADF8B2003068CDE9DB
:100270002A012AAF3846FEF7ADFA70684FF0000A3F
:10028000CDF8A0A029902EA828A9FEF7B5FA0DF167
:10029000B0094846FEF79EFA284609F051F80028B2
:1002A00000F09D8000EE108A01EE104A0646CDF85F
:1002B0009CA0CDF890A0CDE922AAB8464D4CB8EE4E
:1002C000C00AB8EEC11A8DED261A8DED251A8DEDF6
:1002D000210A8DED200A27A823A928AF3A46A04776
:1002E00026A822A93A46A04725A821A93A46A04710
:1002F00024A820A93A46A0479DED201AB3EE000A93
:100300003D488DED1FCA8DED1EBA8DED1AAA8DEDFB
:10031000199ACDF854A08DED14DA8DED108ACDF830
:1003200028A0059621EE001A1D9018901390CDE993
:100330000E0A3248BDEEC11A8DED1C1A9DED241A2D
:10034000008821EE001A0B902846BDEEC11A8DEDF3
:100350001B1A9DED211AF5F7DDFC8DED171A9DEDA9
:10036000251AF5F7D7FC8DED161A9DED221AF5F733
:10037000D1FC8DED121A9DED261AF5F7CBFC8DED13
:10038000111A9DED231AF5F7C5FC8DED0D1A9DEDA3
:10039000271A21EE000ABDEEC00A8DED0C0A08F006
:1003A00005FF0690284609F007F80790284609F04F
:1003B0006DF80890284608F0FFFF0990DBF8000070
:1003C0004699446C029147994FF6FF70CDE9008938
:1003D000CDE903100AA90CAA05AB5846A04730B0D6
:1003E000BDEC0C8B01B0BDE8F08F00BF1003002006
:1003F0000000000025E800080000C8420C030020AF
:100400002DE9F04FA7B0CDE90701309914460EA8A9
:1004100064221D46F0F78FF9002100200995002D78
:100420000D9100F08D814FF0000B00264FF0000879
:100430004FF000090027A24606900B9005900A9005
:10044000049431998E4280F25581B9B242F20B0286
:100450004846914208BF4F464FF6FF62B946914267
:1004600008BF81460999309822460DABFCF71AFC6B
:100470000D9A82B1DAF800009788957A547B1FFABA
:1004800089F1436C5046984704F08001544645EA90
:1004900041010D1801E007460025A7F128000122BF
:1004A00016280FD95B2F13D05D2F11D07B2F0FD0C3
:1004B0007D2F0DD0002F00F01D810A2F00F01A8132
:1004C000002205E0012101FA00F0D6490842E9D0F6
:1004D000A7F5CC60A7F1300180B289B20A284FF0AD
:1004E000000038BF01200A294FF0000138BF012168
:1004F0000843A7F5B26189B2B1F5B87F0DD307F50E
:10050000966182F0010289B20B0900213A2B4FF06B
:10051000000388BF0123134201D180F0010142F2A0
:100520000B02A7F141044FF6FF63BA1AA4B218BF39
:100530000122FB1A18BF01231A2CCDF830B004D3C6
:10054000A7F16104A4B21A2C02D24FF0010B09E00A
:100550000024802F4FF0000B38BF01240C4308BF4C
:1005600003EA020B5446B8F1070F00F2A98040EAF3
:100570000B02DFE808F004A510A5181C23284FF093
:100580000208BBF1000F18BF4FF00608002818BF83
:100590004FF0040877E0F0B10A980EA9F5F7ABFA2E
:1005A0004FF0040866E038B3F5F7E3FA02E0C0B3B1
:1005B000F5F702FC01304FF0040880E0012A5BD11E
:1005C000F5F7D7FA03E0012A61D1F5F7F5FB013021
:1005D0004FF0060873E0BBF1000F62D00A980EA935
:1005E00000910B9980B2CDE901103398039001205E
:1005F0000B90DDE9070137E0A7F12C004FF005086B
:100600000E2806D8012101FA00F044F20D0108423B
:1006100063D1A7F26B6002285FD3BBF1000FCFD18B
:100620002BE00A980EA92246DDF81C80089C0023C6
:1006300000910B9980B2CDE90110339821460390C7
:10064000404600F022FCBBF1000F30D005980EA907
:100650000091069980B2CDE9011033982146049C9F
:10066000039001200B9040462246012300F00DFC30
:100670004FF006080A9523E069B30A980EA9F5F72A
:10068000DEF94FF002080120CDE90A5018E041B32D
:100690000A980EA9F5F7D3F9059828440A90069808
:1006A00001E0F5F766FA01304FF0020807E005981F
:1006B000049C4FF0020828440A90069801300B90E1
:1006C000A8F10200DDF830B00136B0FA80F0400940
:1006D0004BEA000BB5E64FF007080120CDE90550C5
:1006E000EEE705984FF0070828440590069801307A
:1006F0000690E5E7A8F10200A146DDE90745DDE93E
:1007000032670DF13808052800F2A881DFE810F003
:100710003F01A60137010600370106005FEACB70F2
:1007200000F042810A980B994A460023CDF80080D8
:100730000397CA4680B2F5F764FB0598069928E14D
:100740004FF0000B4FF0000800260990CDE90B0098
:1007500006900A90319A914280F201818946B1B2A5
:1007600042F20B0240464FF0000A914208BF464653
:100770004FF6FF62B046914208BF8046309822464D
:100780000DAB0021FCF78EFA0D9A7AB1206896889D
:10079000977A557B1FFA88F1436C2046984705F0FD
:1007A000800147EA410101EB000A00E00646A6F19C
:1007B0002801012016290FD95B2E13D05D2E11D0F0
:1007C0007B2E0FD07D2E0DD0002E00F0C8800A2E7B
:1007D00000F0C580002005E0012202FA01F1A74ADD
:1007E0001142E9D0A6F5CC61A6F1300289B292B2ED
:1007F0000A294FF0000138BF01210A2A4FF00002F8
:1008000038BF01220A43A6F5B26189B2B1F5B87FBB
:1008100005D306F5966189B209093A2904D882F010
:10082000010102E003005000002142F20B034FF6E9
:10083000FF65F31A18BF0123771BA6F14105ADB27E
:1008400018BF01271A2D0FD3A6F16105ADB21A2DDD
:100850000AD33B40002581F001077F2E88BF012588
:100860003D402B401A4300D00120BBF1030F5BD861
:10087000DFE80BF0020B151F01204FF0010B0B906E
:10088000002918BF4FF0020B10E0E1B10A980EA941
:10089000F5F7D5F801204FF0020B0B9006E0C8B138
:1008A0000A980EA9F5F727F94FF0010BCDF828A00B
:1008B0003AE001B306980A9908440B9950440A900B
:1008C0000998084413E00A984FF0010B50440A902D
:1008D0000B9827E039B94FF6FF60864203D042F209
:1008E0000B00864234D10A9850440A900B9801308C
:1008F0004FF0020B17E018B30A9D0EA92246012300
:100900004FF0010B00910B99A8B2CDE9011033987B
:100910000390DDE9070100F0B8FA06982844504436
:100920000A90099801300B90ABF101000C9A4946EE
:10093000B0FA80F009F10101400902430C9209E785
:1009400006984FF0030B504406900998013004E0DC
:1009500001204FF0030BCDF818A00990E4E7BBF19C
:10096000030F42D0A146BBF1020F2FD0DDE90745AE
:10097000DDE93267BBF1010F0DF138086ED10A983D
:100980000B99CDF8008080B2CDE9011016E00A98ED
:100990000B99CDF8008080B2CDE901100397204675
:1009A00029464A4601230EE006980B990A9A084404
:1009B0000599CDE90080114489B20291204629466B
:1009C0004A460023039700F060FA47E00A980B9923
:1009D000079C089D339F0DF138084A46CDF80080EA
:1009E00080B20397CDE9011032E00C98C0071DD00A
:1009F0000A9826460B99079C089D339F0DF13808ED
:100A000001233246CDF8008080B20397F5F7F9F95B
:100A100006980999CDF800800397B1463246002325
:100A200080B2CDE901102046294614E009980B99BF
:100A30000A9A339F089D0DF13808084406990397D8
:100A4000CDE9008011442246079C89B2914602916B
:100A500020462946012300F018FA329E56B10020A4
:100A600029464A460023CDE90080CDE90207204609
:100A700000F00BFA27B0BDE8F08F00BF0300500074
:100A80002DE9F04F9FB010912999CDE912202A9DB0
:100A90001793088889880C1828680168496D884769
:100AA0002968DDE92D921490C87ACDF86C9042B196
:100AB0002A9A01235269062A08BF022303EB09027E
:100AC0001B92097B00FA84F02B9E4FF0000B42F240
:100AD0000B054FF000080027159020B2002411915B
:100AE00028991890002019901A911B98844280F23E
:100AF0002B811FFA88F0DDF8A8A04FF6FF61CDE941
:100B00001DBB8DF873B0A84208BFB846884218BF15
:100B10004746DAF800204C450BDA0DF173001DA9A9
:100B2000CDE900102C9831461EABFCF7DBF880466F
:100B30000FE010684169104688478046DAF80000E7
:100B40000DF1730301688E6841461DAAB0472B9EC4
:100B50001E9042F20B05A84500F0F4804FF6FF60AE
:100B6000804500F0EF80B8F1000F00F0ED80B8F1A3
:100B70000A0F00F0E9801E9AFAB1B2F80480002E44
:100B8000DDE9190308BF034432B3517B907A012E8B
:100B900001F0800140EA4100199008BF1B1A380497
:100BA0001A931DD02A98006801684B6CB9B2984717
:100BB0002EB31A99091A1A9113E02A98006801684D
:100BC00009698847A84200F0BD804FF6FF6188425E
:100BD00000F0B8801E9AD2E700201A931990B1E075
:100BE00086B12998012EB0F9001088B211D1119A5E
:100BF000199B1A441A9B1A448A420ADAA4E01A99E9
:100C000001441A9115981A99814200F39D80299800
:100C100000881E9A1A9B92F9091019449379527B05
:100C20000B4402F0080203EB421302B29342C0F2FB
:100C30008980189B994280F28580DDF868902A9D12
:100C400000214FF0000A16919145B8BFA0EB090AA8
:100C500028680168096B884706461E9809F0D1F894
:100C60001799301A084406B22998B0F90200B04228
:100C70000CDD1E99CA79497B324401F0100102EB68
:100C80000111814259DB811B064616911498B8B1B7
:100C900013988068002873D001682A6895F812E0DC
:100CA0001D9BD1F808C0D5E90261CDF81090CDE9BF
:100CB00000211799299ACDE902E6059112993BE0A6
:100CC0009DF87300082861D8012101FA00F010F4A2
:100CD0008B7F5BD012981E9A016840680D921D9A16
:100CE0000E9028680F910C920168096C88472A467B
:100CF0000546139892F812E0D2E902230168D1F870
:100D000050C09DF87310CDE90AE21FFA8AF2CDE9CE
:100D1000083116990AEB09031BB289B2CDE90036F6
:100D2000CDE902212999DDE90E3204910D99059151
:100D30000C99CDE906151099E047DDF8B4902B9E8B
:100D400042F20B050134D0E61FFA88F080B10A2880
:100D50000ED008E02C983146FBF766FF804638B18C
:100D6000B8F10A0F02D001344C45F3DB4FF0010813
:100D70001FFA88F0B0FA80F040091FB0BDE8F08F8C
:100D8000064907A040F2D732EFF750FC024803496A
:100D900040F2D232EFF74AFCE53902085C3A020829
:100DA000766563746F72466F6E7452656E646572B9
:100DB000657220262620224E6F20566563746F725E
:100DC000466F6E7452656E646572657220696E73EB
:100DD00074616E636520666F756E64212200000089
:100DE0002DE9F04F95B017468846814607CA9B46C5
:100DF0000DF1180EDDF878A007F10C0C9CE87810C6
:100E00008EE87F1007F120060DF1380C7FCEACE89C
:100E10007F00D9F8000041465B46046C2298CDF86B
:100E200000A0049021980390209802901F980190B0
:100E300006AA4846A04797E81F0006AD07F1280C10
:100E40000DF12C0E1FC59CE81F10D7E91065AEE808
:100E50001F00D7E91201CDE910C65B46CDE912505B
:100E6000D9F8000014914146046C1F98CDF800A0F9
:100E7000019020980290219803902298049048466F
:100E800006AAA04715B0BDE8F08F2DE9F04F87B056
:100E9000DDE91165DDF84C8099468B4686469EB1AA
:100EA000D8F81070DDF840C0B9F1010F797908BFAA
:100EB000002931D0BBF80000B9F1000F344608BF5B
:100EC00001292FD1401B2BE0106817467446416959
:100ED00010468847002850D0824638685146C2687C
:100EE00038469047002845D00246807AA646517B76
:100EF00001F0800140EA4101D8F810000D4440693A
:100F00000628CDD13868436C38460F46514698477D
:100F1000E919A6460D18C3E7BBF80000344628447B
:100F2000ABF80000AA462546B4FA84F4B8F90830B4
:100F3000D8E9001200B2D8F80C6064098DE8C1123B
:100F40007046CDE90554FFF79BFDD8F810004079B5
:100F500050EA090109D0B9F1010F08BF012809D1F0
:100F6000BBF80000A0EB0A0002E0BBF80000504410
:100F7000ABF8000007B0BDE8F08FA64690E7000090
:100F80002DE9F04F87B0044690F82600002840F085
:100F900014812069E58AF4F7D5FDB4F918104FF0F3
:100FA000000B01EB40010020A942C8BF0120E2680C
:100FB000013A052A0DD8DFE802F012171A250303BB
:100FC00000230246A9424FF00001D8BF012102913F
:100FD0001CE0002000220023CDE9010018E00120E0
:100FE0000022002301900AE00023024601E00022D3
:100FF0000346A9424FF00001D8BF01210191002012
:10100000029005E0012000220023029000200190C0
:1010100042EA030042F20B094FF0000A00274FF0AA
:101020000008C4F81AB0CDE903320590F80740F083
:10103000B98060682269217ACDF818B0258806AB9E
:101040004646FBF72FFE20804D45A8464FF6FF6130
:1010500008BFB0468D4208BFB04620B1E18B0131D8
:101060000A28E18307D1218C204600230A4600F09C
:10107000AFF80127DAE7069A002A47D09088967AD7
:10108000577B2080206901684B6C1FFA88F19847D4
:1010900007F0800146EA41010F182088A5EB0901FD
:1010A000A5F12002B1FA81F1B2FA82F2490952099E
:1010B00042EA0103218CCA198B462284484518BF95
:1010C000D346202808BF8B46DE0718BFD346A38B24
:1010D000059FA58A13FA82F36FB10499F1B1A08C30
:1010E0001844A84201D9608BF0B991B2002720467C
:1010F00000230A4607E0AB4222D9029A8AB30127AD
:1011000020460A46012300F063F83EE000274845E8
:10111000C4D04FF6FF618842C0D087E7039919B168
:101120004845DCD02028DAD0AB422DD9608B58B3AB
:10113000A08C618C012784F826700844608424E028
:1011400016B30027202821D048454FF0000B3FF46C
:101150006DAF1FFA8AF22046012300F039F800270C
:1011600064E7019A82B100279EB120280ED048453D
:101170004FF0000B3FF45AAF1FFA8AF220460123CA
:10118000012700F025F851E70027DA464FF0000B61
:101190004CE72028F9D04845F7D0608B0028F4D0E0
:1011A0000127F2E72069F4F7CDFC218B0844E18A9E
:1011B000081AE08207B0BDE8F08F034803494FF4F6
:1011C0007D72EFF733FA00BF913902085C3A0208EA
:1011D00070B5858BC48BC3832A446E184284028CFD
:1011E0008683511A428B0184E11A1144418370BDF8
:1011F00070B500250446C0F81A500698A282079AD6
:10120000E382049B61602580C4F81E50C4F822501C
:1012100084F8265020830598E260237220612AB367
:1012200001684969884708B3054620690168CA68AA
:1012300029469047D0B10646807A717B01F0800143
:1012400040EA4100A084E06806280FD120693246B8
:1012500001684B6C29469847B17A727B0844A18C8F
:10126000084402F0800100EB4100A084204670BDDC
:101270002DE9F04F8BB093ED070AB7EE003AD3F8A3
:1012800014E01E6893ED0D4A93ED0A6A149B169CB8
:10129000DDF85C8083EE001A1B68B4F90070B4F9C5
:1012A00002C09C1B1A9B06EB070B9C42B8BF23464F
:1012B000D2ED092AD2ED0B0A21EE042A61EE061ABC
:1012C00001EE103AB8EEC17A92ED0D1AB8F900208D
:1012D00060EE874A21EE075A76EE240A1FFA82F959
:1012E0005A4534EE051A22EE874A30EE040A2CDD08
:1012F000A2EB0B0595FBF3F206EE102A02FB135A44
:10130000012AB8EEC66A05EE061A44EE860A04EE15
:10131000060A14DB30EE442AB0EE437AB5EE402ADA
:1013200083EE026A31EE452AF1EE10FA18BFB0EEF4
:10133000467A30EEE46A22EE072A66EE071A02FBCE
:10134000036502FB1344EE1903E000225E464FF0F2
:10135000000AB8F8047035194F443FB2BD42C8BF07
:10136000BC1B012C50DBC3EE003A40680EEB0C05B1
:101370009FED277ADDF864E0159E0768D7F808C06E
:1013800007950AEB0B05CDE9086E009302FB0352AB
:10139000CDE9051221EE233A60EEA32A33EE426A2C
:1013A00026EE076ABDEEC66A16EE101A32EEE16A44
:1013B00026EE076A91FBF3F1BDEEC66A16EE102A1F
:1013C00022EE076A0491BDEEC66A92FBF3F216EEB6
:1013D000105A21EE876A01FB0A51BDEEC66A0392DC
:1013E000029116EE101A02FB0A11019194FBF3F11F
:1013F00001FB1342002A04BF01391A460029D8BF55
:101400001346A3EB0A03E0470BB0BDE8F08F00BF23
:10141000000080472DE9F04FD5B005460068DDE9B2
:1014200060A8144689461E461946876C28465246CF
:101430004346B847686080B30FCE5492B2EE040AB8
:10144000CDE95001BE4800680028104608BF184684
:10145000539008BF134694ED021A5293F4F79FFB82
:101460001BDD94ED071AF4F79AFB16DD94ED0C1AC8
:10147000F4F795FB11DD2068B24A90420DDB6669F6
:1014800096420ADBA36A934207DBAF4F791C88427E
:1014900003DC8E42D8BFBB4202DD55B0BDE8F08F01
:1014A00060689042F9DBA6699642F6DBD4F82CC05E
:1014B0009445F2DB8842F0DC8E42D8BFBC45ECDCC0
:1014C0000221B04208DA099101210B9184450EDA1C
:1014D00000204FF0010B07E0099100210B91B4456A
:1014E00014DA01204FF0000B0A90089025E06645C1
:1014F0004FF002074FF0010BB8BF0127B8BF4FF004
:10150000020BCDE90A7B0897002015E00223032196
:1015100000226045B8BF0323B8BF0221A8BF012243
:101520005200089260454FF00000B8BF01204FEA1A
:10153000400BCDE90A31012009903FAE21463046EB
:1015400005F068FECDF800B02FA83146099E7F4F08
:1015500022463346B847BC46089F33462246664675
:1015600000971FA83FA9E047CDF800B00FA83FA9FA
:1015700022463B46B047D9E900010DF17C0B5E469F
:10158000CDE90C01DDE90A2191422FA90C4684BF67
:101590005C468B4628B96E4800680168C96A88476E
:1015A0000C90DDE90A10884231462FA888BF014619
:1015B00009914869259F5E993B46B1F9021008449C
:1015C0005F99B1F90220C988114409B2884207DA4B
:1015D00082421ADD012F18DB131A3E46BB4202DCA1
:1015E000012B1E4611DB1FA8F4F737FC2FA8F4F7D8
:1015F00034FC5E9809995F9ABF1BB0F902004969F3
:1016000008445188D288114409B20E1AB742B8BFB3
:101610003E465F9F012E25DB5E982168B0F90000F1
:101620000A18B7F900108A4214DDDBF8002089B2ED
:101630001044BA88114409B288420BDC28685B4622
:10164000C76C009450A8F4F735FB0CA928463FAAB4
:10165000B8475F9F584600F0ECF8204600F0E9F8E4
:10166000013ED7E7DDE90A1088422FA90FA80C46F2
:1016700084BF044608465E998346B7F90220406954
:10168000B1F902100844F988159F11443B4609B28C
:10169000884207DA82421ADD012F18DB131A3E4610
:1016A000BB4202DC012B1E4611DB0FA8F4F7D5FB71
:1016B0002FA8F4F7D2FB5E98DBF814105F9ABF1BDB
:1016C000B0F9020008445188D288114409B20E1AB8
:1016D000B742B8BF3E465F9F012E25DB5E9821686A
:1016E000B0F900305846CA18B7F900108A4214DD24
:1016F000026889B21344BA88114409B28B420CDCE7
:1017000028685B46C76C009450A8F4F7D3FA0CA97C
:1017100028463FAAB8475F9F584600F08AF82046FF
:1017200000F087F8013ED7E7D9F8000000287FF4E1
:10173000B4AE074800680168096B8847ADE600BF92
:1017400010030020018FFDFFFF700200B91801088F
:101750008C8C002010B50C460168096B8847001B73
:10176000B0FA80F0400910BD10B5032B14D8DFE8A3
:1017700003F00209040E00880BE002888088C94348
:10178000104406E0018880880844D14301E00088C5
:10179000114601FA80F010BD1148124940F27F4213
:1017A000EEF744FF10B5032B14D8DFE803F002096D
:1017B000040C40880BE04188C088D243084406E00E
:1017C00040880A4603E04288C0881044CA4302FAAF
:1017D00080F010BD024803494FF49262EEF726FFF5
:1017E000C93102085C3A020800EB10200130C0F356
:1017F0000720704781B00090009801B0704750B149
:1018000091FBF0F202FB101121B190FBF1F202FB0F
:101810001100F4E7014608467047B0B50D4604468E
:10182000012D04DB204600F004F8013DF8E7A06933
:10183000B0BD10B5D0E9001290ED0A0A90ED0B1A78
:1018400090ED0E2A8368046990ED083A0A444169D4
:1018500031EE000A90ED0D1A2344C468026080ED59
:101860000A0A0361013132EE011A90ED072A416143
:10187000816980ED0D1A33EE022A013980ED072AC5
:10188000A342816115DB90ED0C4A90ED093A90ED91
:101890000F5A1B1B01320361026030EE040A32EE64
:1018A000032A80ED0A0A31EE050A80ED072A80ED51
:1018B0000D0A084610BD00002DE9F84F03EB830622
:1018C00004469B469046894602EB860A5AF8040F66
:1018D00005F044FA60610A9800EB800508EB850783
:1018E00057F8040F05F03AFA6169401AA0617AD0FE
:1018F000DAF800003A6858F8263058F82550121ADD
:1019000003FB02F7EB1A1501584307EB02172246B7
:10191000C043384437465E464FEA031B04F11003C8
:101920000BFB01002946FAF74BFC221D04F10803CA
:1019300058462946FAF744FC94ED015A99ED0A2AD3
:1019400099ED091A6169DAF8002009EB86009FED2C
:10195000277A99ED0C4A99ED0B3AE56090ED000A73
:10196000B8EEC55AB0EE426AC2EB0111226884EDAE
:10197000091A05EE016A84ED086A06EE101A58F895
:101980002710B8EEC66A26EE076AC1EB021106EE12
:10199000020A02EE101AB8EEC22A22EE072A02EE5E
:1019A000010A99ED0D1A84ED070A90ED030A84ED02
:1019B0000C3A06EE040A05EE034A02EE030A84ED31
:1019C0000B4A99ED0E3A84ED0A0A90ED060A84ED71
:1019D0000F1A06EE030A05EE013A02EE010A84ED43
:1019E0000E3A84ED0D0A2046BDE8F88F0000803DD8
:1019F00081B00090009801B07047000082B0019063
:101A000001980090032808D80099DFE801F002034C
:101A1000040502E001E000E0FFE702B070470000CB
:101A20007047000082B0019001980090032808D808
:101A30000099DFE801F00203040502E001E000E0A4
:101A4000FFE702B07047000082B00190019800905B
:101A5000032808D80099DFE801F00203040502E03A
:101A600001E000E0FFE702B07047000080B584B0FD
:101A700003910290029800903C3007F03FFD0190E6
:101A800003A807F03BFD01460198884201D1FFE71A
:101A900005E000980399C16300F015F8FFE704B072
:101AA00080BD000080B584B003900291039800903F
:101AB000029801F0C7FA0146009801910199FFF7D9
:101AC000D5FF04B080BD2DE9F84F0446D0E90B10D6
:101AD000D4E90D231D1A561A2DD0002E374600D5F5
:101AE00077427DB3002D294600D569423846FFF77D
:101AF00086FE012807D096FBF0F695FBF0F5002E48
:101B0000374600D57742002D284600D568424BF273
:101B100005518F4203D34BF2045188421ED84BF239
:101B20000451B1FBF7F2B1FBF0F08242B8BF1046AE
:101B3000454346431EE03DB1002D2F4600D56F4280
:101B400000261CE000251AE0C4E91111C4E91311B4
:101B5000C4E91500C4E91700BDE8F88FB7FBF1F23E
:101B6000B0FBF1F08242C8BF1046013095FBF0F5A2
:101B700096FBF0F63046294601F0DAFA0746E06BAC
:101B800029463A4601F0C4F9022531463A4690FB0F
:101B9000F5F8E06B01F0BCF9D4F840C090FBF5FA21
:101BA000ACF1010102291DD2D4E90BE6D4E90D7094
:101BB000AAEB08050AEB080205EB070BAB19A8EB2B
:101BC0000A05AEEB020102EB00091744B21A2844E1
:101BD0007544C4E9111BC4E91539C4E91375C4E996
:101BE00017021EE0BCF1000F19D104F12C07E4CF5D
:101BF00005EB0A0307EB0A09A6EB080EA7EB0A0799
:101C0000A5EB0A054644C4E91539A2EB0801424494
:101C1000C4E91775C4E9111EC4E9136201E0616CDF
:101C2000636D00271E460A46032F11D004EB870080
:101C3000856C806DB042C8BF06469842B8BF034667
:101C40008D42C8BF29469542B8BF2A460137EBE707
:101C5000202006F11F07002593FBF0F392FBF0F024
:101C60007F09C0EA034262667242002E01F11F063C
:101C700048BFA5EB5217FA1A4B427609002948BF14
:101C8000A5EB5316301AC0EA0240BCF1010FA06662
:101C900018D104F12C030FCB01EB0A0C03EB0A065D
:101CA000A2EB0807A3EB0A03A1EB0A014244C4E933
:101CB00015C6A0EB08054044C4E91731C4E9115723
:101CC000C4E91320BDE8F88F0164FFF7FCBE436B45
:101CD0008B4203D1836B934208BF7047C0E90D125A
:101CE000FFF7F1BE80B586B0059004910392059888
:101CF0000090049801F0A6F90290039801F0A2F96F
:101D00000146009801910299019AFFF7E0FF06B0A1
:101D100080BDC36A8B4203D1036B934208BF7047F7
:101D2000C0E90B12FFF7CFBE80B586B005900491D5
:101D3000039205980090049801F084F902900398AA
:101D400001F080F90146009801910299019AFFF78C
:101D5000E0FF06B080BD000010B50446FAF782FA35
:101D60000B490020C4E90B00C4E90D0004F1400058
:101D7000083121602021E1632C21EEF738FD12208B
:101D800000210022E066204602F054FA204610BDF1
:101D9000A420020808F068BA80B582B001900198CA
:101DA0000090FAF775FA009802B080BDB0B50488CB
:101DB000838825B2002D03D500242B440480838022
:101DC000091B1BB29942B8BF81804388C1881CB2ED
:101DD000002C03D5002321444380C180D21A09B2CC
:101DE0008A42B8BFC280B0BDB1F90430012B37DBE5
:101DF000B1F90620012A33DBF0B5B0F90450012D0A
:101E000028DBB0F906C0BCF1000F23DDB0F900609B
:101E1000B1F90040B1F90270B0F902E02344354451
:101E2000BE4539463A44B8BF7146A6422DB21BB2F0
:101E30004180B8BF3446048012B29D42C8BF2B46D1
:101E40001B1B83800EEB0C031BB29342C8BF1A46C8
:101E5000521A02E0838009680160C280BDE8F04048
:101E60007047000080B583B084460598CDF808C05F
:101E7000ADF80610ADF80420ADF80230ADF8000062
:101E80000298BDF806100180BDF804104180BDF82D
:101E900002108180BDF80010C18003B080BD000039
:101EA00081B0009000980021018041808180C18034
:101EB00001B07047F8B50D46044607F0C0F840B3CE
:101EC000B5F90020B5F902C0B4F90210B4F9000068
:101ED000614566461746C8BF0E4666809042C8BF39
:101EE0000746A38827801844AB8800B21A4412B270
:101EF0009042B8BF0246D01BA080E0880844E98821
:101F000000B2614409B28842B8BF0146881BE08034
:101F1000F8BD002060602060F8BD000082B0019034
:101F2000009101990098C86302B0704780B582B0F3
:101F300001900198009000F029FF009842F21C11D6
:101F4000C0F60201083101600021C16302B080BD0A
:101F500080B582B001900198009000F005F80098DB
:101F600008F082F902B080BD80B582B0019001987E
:101F7000009000F03BFF009802B080BDE0B1014648
:101F80000020B1F5803F38BF012038BF09040001AF
:101F9000B1F1807F3CBF08300902B1F1805F3CBFE6
:101FA00004300901B1F1804F3CBF02308900B1F12A
:101FB000FF3FC8BF013070472020704780B582B016
:101FC0008DF803008DF802108DF801209DF80300B4
:101FD00000049DF8021040EA01209DF80110084419
:101FE00040F07F4101A805F01BFB019802B080BDC5
:101FF00070470A88C28402F00CB90000B0B50C46E4
:10200000054604302221EEF7F2FB0848214608304D
:102010002860012085F82500FF2085F82800208809
:10202000E8842846FFF7E5FF2846B0BD50210208A6
:1020300008F01AB980B582B001900198009000F0C4
:102040005DFF009802B080BD80B586B0ADF8160087
:1020500000200490BDF81600002849DCFFE7BDF819
:10206000161047F67430C2F2000050F82100F0B1AB
:10207000FFE7BDF8161047F67430C2F2000050F8C2
:102080002100039003980168084447F67C31C2F2AE
:102090000001086003984168084447F68031C2F2A5
:1020A0000001086003988168084404901FE047F627
:1020B0007C31C2F2000143F28050C0F60300086098
:1020C000BDF8161041F20430C0F6020050F82100AD
:1020D00047F68031C2F200010860BDF8161043F6E1
:1020E000CC40C0F6020050F821000490FFE7FFE763
:1020F0000498A0B1FFE7BDF8160048F69441C2F27B
:102100000001088004980290F8F712F80190F8F79F
:102110000DF801990246029805F046FAFFE706B06D
:1021200080BD000084B0DDF810C0039002910192E0
:102130008DF80330FFE74BF20000C4F202000068A4
:10214000C00708B1FFE7F6E74BF20801C4F202014D
:10215000232008604BF23401C4F20201022008601F
:102160000298000401304BF24401C4F202010860FD
:1021700003984BF23C01C4F2020108609DF8030091
:10218000FE282DDCFFE74BF22401C4F202010220FD
:1021900008609DF803100920C0F2010040EA0160C8
:1021A0004BF21C01C4F20201086001984BF22001BD
:1021B000C4F20201086003984BF21401C4F2020158
:1021C000086003984BF20C01C4F2020108604BF264
:1021D0000001C4F202010120C0F20200086014E014
:1021E0004BF21C01C4F202010220086004984BF279
:1021F0003801C4F2020108604BF20001C4F202018E
:102200000120C0F203000860FFE704B0704700003F
:1022100084B00390029101928DF80330FFE74BF2F6
:102220000000C4F202000068C00708B1FFE7F6E74B
:102230004BF20801C4F20201232008604BF2340182
:10224000C4F20201022008600198000401304BF240
:102250004401C4F20201086003984BF23C01C4F24D
:102260000201086002984BF20C01C4F202010860FE
:102270009DF80300FE281FDCFFE79DF80300000621
:1022800000F102104BF21C01C4F2020108604BF293
:102290002401C4F202010220086003984BF21401E9
:1022A000C4F2020108604BF20001C4F202010120F5
:1022B000C0F20200086010E09DF80300000600F183
:1022C00002104BF21C01C4F2020108604BF2000143
:1022D000C4F2020101200860FFE704B0704700006B
:1022E00084B00390029101928DF80330FFE74BF226
:1022F0000000C4F202000068C00708B1FFE7F6E77B
:102300004BF20801C4F20201232008604BF23401B1
:10231000C4F20201022008600199090401314BF264
:102320004402C4F20202116003994BF23C02C4F26F
:102330000202116002994BF20C02C4F20202116017
:102340009DF80310090601F500314BF21C02C4F29E
:10235000020211604BF22401C4F2020108600398EA
:102360004BF21401C4F2020108604BF20001C4F206
:1023700002010120C0F20200086004B070470000B2
:10238000FFE74BF20000C4F202000068C00708B18A
:10239000FFE7F6E74BF20801C4F2020123200860D0
:1023A0007047000082B00190009102B070470000B9
:1023B000F0B548480369CBB34288848802261C4F95
:1023C00000210180C1802244C4EBC40406EB420614
:1023D00003EB82053E4045613544C560032505EBAE
:1023E000440407F5F0152C4004EB820434442344E4
:1023F0008361036A1B1B0024C3614FF6FF73A24273
:1024000007D0056945F82410456925F814300134D2
:10241000F5E700210C228388994207D2C368013175
:102420009C5C04F0DF049C540E32F4E7F0BD00BF66
:10243000FCFF010010B52749002300244A8882428E
:1024400098BF012489881144814288BF012304EA8E
:10245000030010BDB0B51F4DAC6804B1B0BD049C05
:102460006980A860104619462246BDE8B04000F0D9
:102470000DB800BF10B5F3F76AFC20B1154800692C
:1024800050F8240010BD002010BD00BF10B5D9B118
:10249000104B9C69C4B95C889A8014FA82F492B299
:1024A00004EB4404C2EBC202640004EB42028A4221
:1024B0000BD21962810720F0030118BF081D1861B3
:1024C000BDE81040FFF774BF10BD034803493F2229
:1024D000EEF7ACF8D80200204C350208A53502080A
:1024E00082B00190ADF802100198BDF80210018091
:1024F00002B0704780B582B00190019800900C3016
:1025000005F096F8009802B080BD10B5044690F82A
:10251000600070B194F86C0094F86D10084208D116
:1025200018B1D4E91912F3F7B0FBD4E91C12F3F790
:10253000ACFBD4E90612002084F860008A4298BF00
:10254000012010BD2DE9F04104464A480B4604F134
:10255000500C0068012808BF13469CE8E010A3EB6C
:1025600005080023B8454FF00007A8BF0127FF006A
:10257000B8F1000F48BF0427B4F90850012808BF7C
:10258000C1EB4512961B6645A8BF01235800002EDB
:1025900048BF0120074494F86C00B8B117B117EA9E
:1025A00000011AD194F8601021B1D4E91912F3F79F
:1025B0006CFB0BE0D4E9191284F86D0004F11400EF
:1025C000F8F7A8FC40F20110A4F8600004F1140030
:1025D00041463246F8F794FC394684F86C10C4E959
:1025E0001986BDE8F08100BFF8B5044690F8600098
:1025F00016460F4618B12046FFF787FFC0B31D48A7
:1026000001683846012908BF3046D4E9142CD4E9C2
:10261000163E851A002000229D42A8BF0122D2004A
:10262000002D48BF0422B4F90830012908BFC7EBC8
:1026300043160021A6EB0C067645A8BF01214900F0
:10264000002E48BF01218F180AD184F86D0004F1D3
:10265000140029463246F8F75DFC012084F8610039
:10266000C4E91C5684F8600084F86C70C4E91956FB
:10267000F8BD00BF100300202DE9FC410446807A1C
:10268000484300EB10200130070A380636D094F892
:102690006100002832D02046FFF737FF002830D0F5
:1026A0006068DFF808810168D8F8005089688847B9
:1026B00001462846FCF7A1FF0546FCF7C1FF01686B
:1026C000496B88470646FCF7BBFF0168096B8847E2
:1026D000102811D8DFE800F01820272F64373F09B1
:1026E00009090909646464646400B4F90C00B4F96C
:1026F0000E1001FB06000544002039E00120BDE872
:10270000FC810020BDE8FC81B4F90E10B4F90C0086
:10271000714301EB4000EEE7B4F90C00B4F90E1080
:1027200000EB4000E5E7B4F90E10B4F90C0071437A
:1027300001EB8000DFE7A089082201B291FBF2F1F2
:10274000A0EBC1000EE0A089042201B291FBF2F1DE
:10275000A0EB810006E0A089022201B291FBF2F118
:10276000A0EB4100B4F90E2009B202FB06110D44A2
:102770006168FAB2C0B233B2CDE9000204F11400CC
:102780002A46F8F7D1FB0546606801680969884761
:10279000D8F800000168096B88472846BDE8FC812D
:1027A0003D4903A0E022EDF741FF00BF8C8C0020E3
:1027B00066616C73652026262022556E73757070D5
:1027C0006F72746564206269742064657074682235
:1027D000000000002DE9FE43044641600A98394993
:1027E00000279946154604F114082646A0729088E1
:1027F0000831276146F80C7F216020814046F8F7B8
:1028000073FC04F150001221C4E91C77EDF7EFFFCF
:10281000A4F86C70C4E91977FBF77AFFA0B3288895
:10282000D9F800206988D9F8043001EB124110442E
:10283000CDE90023C0EA01402946C4E90303684604
:10284000FBF7DAFF3046FBF7C5FF0098A06440466F
:1028500000F068FFB4F91000B4F91210BDF90420BB
:10286000BDF9063004F15005C4E90F01A4F84C008D
:10287000BDF90000BDF9021052015B0140014901A0
:102880000FC52046BDE8FE83024803492A22EDF722
:10289000CDFE00BF503B0208AC3B020880B500F003
:1028A00005F8BDE8804007F0DFBC000010B5044625
:1028B000044800F10801204640F8141B00F0C8FF4E
:1028C000204610BDBC21020881B0009001B07047C5
:1028D0000A4609688B69011D1046184782B00190AD
:1028E0008DF8031002B0704781B0009001B07047BE
:1028F00081B0009001B07047F0B589B00D46016B12
:10290000002969D0044607A806F076FE2989A08E22
:1029100001440BB2BDF91C10994231DCBDF82020F6
:102920000A4412B29A422BDD6E89B4F836E076443E
:1029300037B2BDF91E60BE4222DCBDF822303344FE
:102940000FFA83FCBC451BDDAB89184400B2814201
:1029500008DC824206DDE889704400B2864201DC70
:1029600084450DDC4B48083003900020ADF818007A
:10297000059002200490206B01684A6C03A99047DF
:10298000211D01A806F038FE1448BDF80610BDF858
:1029900004200830039068680490BDF81E00081AEF
:1029A000E18E0844E9890144ADF81A10BDF81C1005
:1029B000511AA28E1144AA890A44ADF818206A89D6
:1029C0001044ADF8160028890844ADF81400206BB7
:1029D0000168CA6C03A9904709B0F0BDF024020851
:1029E00081B0009001B07047F0B58BB00446064648
:1029F0000D4654F8300F10B16868002848D0371DD4
:102A000009A8394606F0F8FD6868A8B92989BDF813
:102A10002430B5F80AC0BDF826E006F1360006F10C
:102A20003402CDE90020C81A234601B2ACEB0E00F7
:102A300002B2384604F036FA216849B307A806F016
:102A4000DBFD1448F18E0027ADF8187008300390B4
:102A50006868049068890844BDF81E10401ABDF8E3
:102A600026100844B18EADF8160028890844BDF838
:102A70001C10401ABDF824100844ADF81400306B47
:102A800001684A6C03A99047686808B1C4E90077F7
:102A90000BB0F0BD1C180208B0B586B00D46016B36
:102AA00001B3044604A806F0A7FD0F48E18E0830E4
:102AB00000902889ADF8080068680190A88908444A
:102AC000BDF81210401AA18EADF80C0068890844B8
:102AD000BDF81010401AADF80A00206B01688A6C2E
:102AE0006946904706B0B0BDE019020880B582B0D3
:102AF0000190009101980430009904F0B5FA02B0F9
:102B000080BD1FB50A46044600F1080102A806F080
:102B1000D4FA94F8380020B102A9204600F00FF949
:102B20001FBD04346846214606F066FDBDF800006E
:102B3000BDF80810081ABDF80A10ADF80800BDF875
:102B40000200081AADF80A0002A9204607F01BF996
:102B50001FBD0000E0B500210091A2490988ADF831
:102B600006109F490988ADF8041001688A68694613
:102B700090478CBD2DE9F04188B08046B1F9040042
:102B80000128C0F2D980B1F906000D460128C0F233
:102B9000D3801446204601F099FB294606F04FFAEF
:102BA000E16918B900290C46F4D1C5E0002900F00C
:102BB0009E8020682146C26804A89047204601F004
:102BC000FDFA0746BDF81060204601F00AFB0599A2
:102BD000BDF812200391F1191044C1EA00402946C2
:102BE000029002A8FFF766F9204601F06FFB01464C
:102BF000DDE90202CDE900026846FFF75BF9DDE995
:102C00000001CDE9060106A8294606F05FFA002872
:102C10006DD0BDF91C00012864DBBDF91E00002841
:102C200060DDB5F90220BDF91A10914211DDA888C6
:102C3000ADF81220ADF814002888ADF81000881AFD
:102C4000E269ADF8160004A94046FFF793FFF2F7DA
:102C500003FFB5F90020BDF91830934212DDADF83D
:102C60001600981AADF81020E269ADF81210ADF810
:102C7000140004A94046FFF77DFF2A88F2F7ECFE16
:102C8000BDF81830BDF81C603344AE881BB2324426
:102C900012B29A420FDDADF81600D01AE269ADF813
:102CA0001210ADF81030ADF8140004A94046FFF73B
:102CB00061FFF2F7D1FE08446988EA8800B2114446
:102CC00009B2814213DDAA88ADF81200081AADF8E6
:102CD00016004046ADF814202A88ADF81020E269AD
:102CE00004A902E0E26940462946FFF743FF204677
:102CF00001F0ECFA024606A8294606F0DEF9BDF915
:102D00001C00012818DBBDF91E00012814DB204639
:102D100001F054FABDF81810081AADF81800204652
:102D200001F05FFABDF81A10081AADF81A00206811
:102D3000826806A92046904708B0BDE8F08170B5CA
:102D400086B0054600200C462E1D059003A831468E
:102D500006F052FC6068BDF80E1002906088401AC0
:102D6000BDF80C10ADF806002088401AADF804003C
:102D700001A905AA304604F065F8059A1AB128465B
:102D80002146FFF7F7FE06B070BD00001CB50446F3
:102D9000114821210830206004F10800EDF727FDDB
:102DA000002001210022C4E90B0060630B4884F875
:102DB000291084F8381000F10801204640F8041F5B
:102DC0000749B1F900300749B1F90010009100211D
:102DD00001F0BAF920461CBDD02102086024020887
:102DE000080300200A03002007F03EBA80B582B035
:102DF000019001980090043004F0FAF9009802B0B4
:102E000080BD0000B0F840208A4210D9013AA0F8F5
:102E1000402092B28A4209D900EBC20350F8322016
:102E20005B6840F8312000EBC100436070471A48EE
:102E30001A4940F2DD12EDF7F9FB00BF10B5B0F80A
:102E40004030082B3FBF5C1CA0F8404040F83310D6
:102E500000EBC3003CBF426010BD03480F4940F285
:102E6000A312EDF7E3FB00BF6D340208B0F8802039
:102E70008A420AD9013AA0F8802092B28A4284BFDD
:102E800050F8222040F8212070470348034940F2BF
:102E9000DD12EDF7CBFB00BF9C340208E0340208E2
:102EA00080B584B00390ADF80A10ADF80820019306
:102EB0000398009006F0CCFB48B1FFE7009806F0BD
:102EC00059FB20B1FFE7009801990860FFE704B0C3
:102ED00080BD000080B582B001900198009001F0A3
:102EE00071FA009842F20421C0F602010831016033
:102EF00002B080BD81B00090FEDE000080B582B0DF
:102F000001900198009001F07FFA009802B080BD16
:102F10007CB501AB14460D46064600F03BF8002E8A
:102F200031464FF0FF322B4618BF0121B6F1FF3F6B
:102F3000D8BF1146002D18BF0123B5F1FF3FD8BF00
:102F4000134659432346002C18BF0123B4F1FF3F19
:102F5000D8BF1346594301290CDB0199002900D53C
:102F60004942002C00D56442621CB1EB520F28BFCD
:102F700001307CBDB1F1FF3F00DD7CBD002C00D5F0
:102F800064420199002900D54942B1EB540F88BF32
:102F900001387CBDF8B54FF0FF37B0F1FF3F1C465C
:102FA0001546C8BF0127002948BF7F42002800D529
:102FB0004042002900D5494288420E462A4638BF81
:102FC000064688BF0146002D00D56A426B46304652
:102FD00000F0EEFF00997943002D216048BF7F4249
:102FE0007843F8BD82B0019000910198009901608A
:102FF00002B070474FF4B47190FBF1F202FB110084
:10300000002848BF00F5B4705A2803D9B42805D861
:10301000C0F1B400094931F810007047B0F5877F5E
:1030200005D8064901EB40000549405A04E0034930
:10303000C0F5B47031F810004042704724260208F1
:1030400098FEFFFF80B582B000900098410101A872
:10305000FFF7C8FF019802B080BD80B5002805D4F5
:1030600000290BD400F02AF85A3080BD40420029D4
:103070000AD400F023F8C0F5877080BD494200F003
:103080001DF8C0F15A0080BD494200F017F800F564
:10309000877080BD10B5014600204FF48042B0EB30
:1030A000114F18BF4FF080421318CC1A24BF21468D
:1030B000981840089208F7D110BD0000BCB5002850
:1030C00020D40C46B1F1FF3F1CDD15460146A0425D
:1030D00006D220462A46FFF7F1FFC0F15A00BCBDD8
:1030E0000846214600F024F8286048B1024601ABAA
:1030F00020464FF48061FFF74DFF00F039F8BCBD6A
:103100000020BCBD074902A04FF45D72EDF78EFAB6
:1031100078203E3D20302026262079203E3D20305C
:10312000000000008E3A0208C0F15A00FFF762BFAB
:1031300070B501240028024600D5424200290D4600
:1031400000D54D42960BAB0BB6EB953FC8BF930B2A
:10315000022B05D35C4391FBF3F190FBF3F0E9E71D
:10316000404301FB0100FFF795FF604370BD000085
:1031700080B5002804D4B0F5806F06D9002015E092
:103180004042FFF7F5FF404210E0B0F5357F09D926
:103190004043C0F58010FFF77DFFFFF7E9FFC0F166
:1031A0005A0003E003300249C008085C40B280BD09
:1031B000DA26020884B0DDF810C003900291019273
:1031C0000093039842F26C21C0F6020108310160BD
:1031D00002994160019981600099C160049901617F
:1031E00004B0704780B582B001900198009000F063
:1031F00005F8009807F038F802B080BD81B0009063
:10320000009801B070470169CA888B881A430ED0B4
:10321000B1F90220002A0AD4C36A934207DDD0E93B
:1032200001329A423CBF08310161511C81607047F4
:103230002DE9F04FD1B0804600EBC10B0DF1040A2F
:10324000ABEB0800482841DD6FF00701D8F80450C7
:10325000D8F8004008F1080601EA500008EB000128
:1032600058F800304A68C8F80030C8F804204D60AB
:10327000ABF1080548F800403146284600F0C0FA96
:1032800038B1306871682A686B6832607360696051
:1032900028604046314600F0B3FA78B1D8F8000013
:1032A000D8F80820D8F80410D8F80C30C8F808006E
:1032B000C8F80C10C8F80020C8F804302846414669
:1032C00000F09EFA0028404628D12FE06FF0070753
:1032D00008F108045C4519D24FF0000908EB090514
:1032E00005F108062946304600F08AFA58B13068E0
:1032F0002A6871686B68A9F10809326073602860F8
:1033000069604F45EAD1083FA046E1E701A8824540
:103310003CD95AF8088DDAF804B091E701684268A0
:103320002B686C68036044606A602960ABEB060739
:1033300008364146304600F063FA083F0028F7D1CE
:10334000A5EB0804083D4046294600F059FA083C20
:103350000028F7D1AE4211D9D8F80000D8F80410EF
:103360002A686B68BC42C8F80020C8F8043069605D
:10337000286005DD40462946B04604E03046CDE7EA
:1033800059463046AB46EAE8020159E751B0BDE87C
:10339000F08F2DE9F04F8DB0054616980F46561167
:1033A000984602F01F03411100F01F0A8E4205D11A
:1033B000284631463A46CDE9008A95E0841AB4F1B0
:1033C000FF3F0DDDE86A864200F390808142C8BF6E
:1033D000411CC3F1200006910122059220220FE03A
:1033E000002A00F18380B0F1FF3F4FF0FF304FF033
:1033F000FF320590D8BF114606916442002218465C
:10340000A8EB0701089248430C9190FBF4F101FBF3
:103410001409C819314600EBE97B2846CDE900B212
:103420003A4600F0AFF805984FEA6B118719284625
:103430003A4600F05EF8069B9F4203D10898C0F11F
:1034400020034CE00C9ACDE903A8500190FBF4F066
:1034500000FB04F1C1EB421100EBE17000290A907E
:1034600048BF2144059A0B912146D01AB9F1000FAB
:103470000C9058BFA9EB0409500009900898C0F1BE
:10348000200007900C98801926D00B989719924627
:10349000884681440A98B9F1FF3F00EB0B04C4BF92
:1034A0000134A9EB0109002F0BD4E86A874208DA3E
:1034B0000898079B39465A46CDE90040284600F057
:1034C00061F8099861118219284600F029F83E46F2
:1034D000A34641465246D5E7DDE903A8079B069976
:1034E000CDE9008A28465A4600F04CF80DB0BDE8F8
:1034F000F08F70B5064600690C461546B0F900100D
:10350000A14203D1B0F90200A84207D03046FFF72C
:103510007AFE3069002141604580048070BD000062
:1035200070B5064600690C461546B0F90010A14278
:1035300003D1B0F90200A84208D03046FFF763FE7D
:103540003069002141604580048070BD904902A02F
:103550006822EDF76BF800BF63757243656C6C50C1
:1035600074722D3E7820213D2078207C7C2063756C
:103570007243656C6C5074722D3E7920213D207928
:10358000000000002DE9F04F89B004461298139D09
:103590001F460B464111BD4206D120461A4609B0CE
:1035A000BDE8F04FFFF7A5BF561100F01F0C02F069
:1035B0001F0A8E420BD12269E91B0CEB0A0093888B
:1035C0000B449380D38800FB0130D08086E0CDF897
:1035D00010C00891801AE91BB0F1FF3F06DDCAF167
:1035E00020024FF001094FF0200C05E040424FF05F
:1035F000FF394FF0000C524651430190CDF80CC0FA
:10360000029391FBF0F202FB101821694CEA0A00C8
:10361000CA46B14402EBE87B8A885A448A80CA8849
:103620000BFB00201A46C88020464946FFF778FF6A
:10363000089B5F44994543D00BEB05000095D146AC
:10364000C01B019D410191FBF5F101FB05F2C2EBAD
:10365000401001EBE0710028069148BF2844079014
:10366000B8F1000FA3EB0A0008904FEA4A0058BFD8
:10367000A8EB05080590DDF808B00898B0421ED008
:103680000798DDF818A05A468044B8F1FF3FC8BF3C
:103690000AF1010A2069818851448180C18801EBC7
:1036A0004A11C180059881192046FFF739FFB8F10A
:1036B000FF3FC8BFA8EB05084E445744DDE7009D17
:1036C0002169DDE90336E81B8A8802448A8006F115
:1036D0002002D21ACB8800FB0230C88009B0BDE8B6
:1036E000F08F10B50446406AC10708D0D4E907122C
:1036F000204600F04FF8606A20F001006062800709
:103700000ED52046FFF77FFDA16829B16068814290
:1037100002D8E068FFF78CFD606A20F0020060626A
:10372000E06810BD10B50446FAF7D6FFE060FAF77E
:10373000DFFFC1080F2861600FD900200139626ADC
:10374000C4E90110E168216148606FF080200860E1
:10375000022060F30102626210BD0D4901A03A220D
:10376000ECF764FF6D617843656C6C73203E20312B
:1037700020262620224E6F7420656E6F75676820A4
:103780006D656D6F727920666F722043575222000B
:10379000EC3B02087CB5044690F82400800712D563
:1037A00015460E46D4E90512B14208BFAA420AD016
:1037B000204633460095FFF7ECFD606AC4E90565D5
:1037C00040F0010060627CBD70B50546406A0E465F
:1037D0001446810703D42846FFF7A4FF686AC00790
:1037E00004D0D5E907122846FFF7D4FF7111621102
:1037F0002846FFF77EFEC5E90564C5E9076470BD8C
:103800000246B1F90200B2F902308342BCBF012086
:1038100070474FF0000006D1B1F90010B2F9002056
:103820008A42B8BF0120704710B504460C482421D5
:1038300008302060201DECF7DAFF6FF00040C4E98B
:103840000A002046FFF76EFF204610BD06F00CBDB3
:103850000021C0E90311024908310160704700BF2F
:103860007C2202082DE9F84FD0F800808246994664
:1038700015460E46404600F0C8F9002E0746DDF812
:1038800034C0DDE90AE218BF0137582D18BF782D82
:1038900012D100260746B9F1000F1DD0FAB9012850
:1038A0001DD1B8F80000302811BF012108F102082D
:1038B000CAF80080002113E0642DECD0692DEAD015
:1038C0006F2DE6D0732D16D0632D05D14FF0000E6D
:1038D0000121002601271AE00025014618E00146D3
:1038E000B8B2904204DAD51B4FF0000E17460FE035
:1038F0004FF0000E0BE0B9F1000F01464FF0000E43
:10390000074618BF11469042D8BF01460026002541
:10391000DDF84490DDE90F20BCB20023644525DAD0
:103920000C9C1CB30E9CACEB0703FCB98FB28EF061
:103930000104B7FA87F77F093C4301D11D4414E025
:103940001C0412D01468A0F1010B4FF6FF7C4FF05D
:10395000200E1CFA83F39FB29F4206D05C4504DA26
:1039600029F814E001341460F3E70023471E1468BB
:103970002EB1BC4203DA29F81460013414602E041D
:1039800004D0BC4202DA013D3026F4E708F102051A
:103990004FF6FF7616FA81F188B2884212D0BC4207
:1039A00010DA35F8020CCAF80050023529F8140074
:1039B00001341460EEE7BC420BDA202029F8140031
:1039C000013414604FF6FF7010FA83F398B29842F6
:1039D000F1D1BDE8F88F2DE9FE4F054600201746CE
:1039E0001E460C461870DDF830B08BF800000D9ABA
:1039F00010700E9B38801870109908702868DDF8D8
:103A00004480DDF83CA0CDE90021029308B1008894
:103A100004E0206808B1007800E000204FF00109C0
:103A2000202805D0232805D02D2806D02B2813D1F7
:103A3000388004E08BF8009001E086F8009028467A
:103A40002146F2F71AF801D00088E9E72168002042
:103A50000029E5D00878E3E7A0F130010A290DD26A
:103A60000121029A3028117062D100980170284615
:103A70002146F2F702F807D0008809E02A2817D17A
:103A800002990120087005E0206800284FD00078D6
:103A90002A284DD14FF0FF302146CAF800002846B1
:103AA000F1F7EBFF01D0008802E02068E8B300786E
:103AB0002E283AD101990120087028462146F1F7B5
:103AC000DCFF01D0008802E0206868B100782A2875
:103AD0000BD14FF0FF302146C8F80000284603B054
:103AE000BDE8F04F00F0ADB800200021C8F800108C
:103AF000A0F13001092911D8D8F80010F2F71BF80D
:103B0000C8F800002846F1F7B8FF01D00088EFE7B9
:103B1000216800200029EBD00878E9E7D8F80000F8
:103B20000628A8BF0620C8F80000BDE8FE8F0020C8
:103B30000021CAF80010A0F130010929B8D8DAF83C
:103B40000010F1F7F8FFCAF800002846F1F795FFDA
:103B500001D00088EFE7216800200029EBD0087829
:103B6000E9E771B3F0B589B09C1E222C26D8002459
:103B70000DF1030C07468DF823401F2497FBF3F645
:103B800006FB03F57F1B4FF0570548BF7F420A2F06
:103B900038BF30253D4437460CF80450013C002E18
:103BA000ECD1B0F1FF3FDABF2D200CF80400013456
:103BB0000CEB04030846194600F030F809B0BDE8E4
:103BC000F040704701B3F0B589B09C1E222C18D884
:103BD00000248DF823400DF103041F34B0FBF3F5EE
:103BE000572705FB13060A2EB8BF30273E449842DC
:103BF00004F801692846F1D2631C0846194600F012
:103C00000DF809B0BDE8F0407047002120B10288EE
:103C100012B101310230FAE788B27047002370B167
:103C200069B110B50023934206D20C78048024B108
:103C3000013301310230F6E71346BDE8104098B277
:103C4000704702680AB102320260086808B10130A8
:103C50000860704781B0C0B5039303AB009300F0D8
:103C600004F8BDE8884001B070471CB514460093C5
:103C70000022234600F002F81CBD00002DE9F04FA1
:103C8000A5B004460020CDE923320D4642219A46D4
:103C90009346229011AE3046ECF7A9FD002C00F0BF
:103CA00080812E986F1E09950A90B01C08902846B6
:103CB000229ED046584608B1008805E0B8F1000FB2
:103CC00014BF98F800000020002800F06781BE4271
:103CD00080F26481D046584630B1018849B3252925
:103CE00027D0BE420BDB24E0B8F1000F26D098F8B5
:103CF000001041B325292AD0BE4228DA68B130F835
:103D0000021BB8F1000F24F81610249001D083464E
:103D100008E04FF00008834609E098F8000024F816
:103D20001600002008F1010AD046CDF88CA001361B
:103D3000D2E722960188002581460FE022964FF0B7
:103D400000080020B7E722964FF0000903E00028A2
:103D500081462296EED198F8001001250029AAD0BC
:103D6000BE42A8DA0020ADF842008DF841008DF87F
:103D700040008DF83F008DF83E000E908DF8370022
:103D80000C9015B909F102002490B8F1000F1CBF86
:103D900008F1010023900DF142020DF1410310A83A
:103DA00000900DF13F0001900DF13E0002900EA831
:103DB00003900DF1370004900CA8059024A823A9C6
:103DC000FFF709FEDDF838A0BAF1FF3F06DC0A99DB
:103DD00001C920EAE07A0A91CDF838A0DDF830B0C8
:103DE000BBF1FF3F06DC0A9901C920EAE07B0A919A
:103DF000CDF830B0DDE923C109B10A8804E0BCF197
:103E0000000F4AD09CF80020A2F16303152B0AD8BA
:103E1000012000FA03F36548034204D011AD0B956D
:103E200059B108880EE0582AF8D0252A35D1252224
:103E3000E046894624F816209DE0BCF1000F48D0EA
:103E40009CF80000A0F16F01092919D9582856D013
:103E5000692818BF642831D109980A990A23801B60
:103E600082B201C90A912946FFF77BFEBDF84400E2
:103E70002D285BD108980B902D20ADF8420055E01D
:103E80000998801BDFE801F00525252529252E2529
:103E900025320A9982B208232BE0CDE9238935B176
:103EA000B8F1000F14BF98F80000002001E0B9F845
:103EB000000024F81600701C22905CE0632808D1F2
:103EC0000A9901C90A910021ADF84400ADF84610E5
:103ED0002CE00020ADF8440028E00A9901C9CDE9A2
:103EE0000A1023E00A9982B20A2302E00A9982B2F8
:103EF000102301C90A912946FFF764FE16E00998CC
:103F000029461023801B82B20A980068FFF75AFEE8
:103F1000298841B1A1F1610292B2192A9CBF2039CE
:103F200029800235F4E70A9804300A90DDE92389F4
:103F3000BDF84210B9F1000F02D0B9F8002005E039
:103F4000B8F1000F14BF98F8002000229DF83F0040
:103F50009DF83E509DF841609DF83730CDE9000B4B
:103F6000CDE9025A049622A805900998CDE90604E5
:103F70000BA8FFF777FCB9F1000F1ABF09F1020B8C
:103F8000CDF890B04FF0000BB8F1000F0EBF4FF01E
:103F9000000A08F1010ACDF88CA089E6002024F877
:103FA0001600204625B0BDE8F08F00BF4310250065
:103FB0002DE9FC471C4615460E4690B18EB10746CA
:103FC000FDF7DCFF88B93046FDF7D8FF0028304602
:103FD0003E46F2DC4FF0FF3020606FF00040BDE85D
:103FE000FC8700202060BDE8FC8736FA00F824D06A
:103FF0004FF0FF3107FA00F92A46234601FA00F094
:104000003946B9FBF5FA26EA0000FFF7D1FF0AFBB3
:104010001591064601AB40462A46FFF7C9FF2168C5
:10402000019A1144B1FBF5F202FB151121600AFB64
:10403000086108441044BDE8FC8706FB07F1B1FBAA
:10404000F5F000FB15112160BDE8FC8780B584B058
:1040500003900398416882680192C06801EB600197
:104060000291C00730B1FFE70199029800684058FB
:10407000009002E001980090FFE7029800998847BD
:1040800004B080BD80B58AB0019302920A460199BE
:104090000346029809910890089809990793069297
:1040A0000591049007980390F9F70EFE039842F2E9
:1040B0008C21C0F602010831016006994160049923
:1040C000059AC26081600AB080BD000080B582B0F0
:1040D000019001980090F9F7F7FD009842F28C21C9
:1040E000C0F602010831016000214160C1608160B9
:1040F00002B080BD80B582B001900198009000F0C0
:1041000005F8009806F0B0F802B080BD80B582B026
:10411000019001980090F9F7E7FD009802B080BD8A
:1041200080B584B003900291039801900299F9F749
:10413000E1FD0198029B59689A68DB68C360826060
:10414000416004B080BD000080B584B0844606980C
:10415000CDF80CC0ADF80A10ADF80820ADF8063067
:10416000ADF8040003980090BDF90A10BDF90820CD
:1041700000F0E6F80098BDF90610BDF9042000F043
:1041800059F804B080BD70B5044652EA010008BF7A
:1041900070BD20680E461546816920468847A08874
:1041A000304401B2E088284402B2204600F0C8F84A
:1041B000206881692046BDE8704008471CB5044668
:1041C000008C4FF6FF71884209D16846214605F000
:1041D00013FABDF80000BDF802102084618400B21B
:1041E0001CBD1CB50446408C4FF6FF71884209D1B6
:1041F0006846214605F000FABDF800002084BDF8AD
:104200000200608400B21CBD81B00090002001B0AB
:10421000704770B5054608460C4605F0CDF80646D1
:10422000204605F033F9024628463146BDE8704085
:10423000AFF3008080B584B00390ADF80A10ADF8FC
:10424000082003980190BDF90A100268926B90470C
:104250000198BDF908100268D26B904704B080BD88
:1042600080B584B00390029101920398009000F011
:104270001FF8009801990968C1610199086004B0AC
:1042800080BD000082B00190009102B07047000034
:1042900081B0009001B0704782B00190009102B0EF
:1042A0007047000082B00190009102B0704700009A
:1042B00081B0009000994FF6FF708881088448848F
:1042C00001B0704781B0009001B07047BCB50446A2
:1042D00005464FF6FF7134F80C0F88420CD10020D0
:1042E000A9680090286801916946826A284690472B
:1042F000DDE90001C5E903012046BCBDB0B50546B6
:1043000008680C46C2682846904720682946C26A59
:1043100020469047B0BD000082B00190ADF8021079
:104320000199BDF80200888002B0704782B0019008
:10433000ADF802100199BDF80200C88002B07047C4
:1043400080B584B00390ADF80A10ADF8082003984A
:104350000190BDF90A100268126B90470198BDF9EF
:1043600008100268526B904704B080BD80B582B0DF
:104370000190ADF80210ADF800200198BDF80210D0
:104380008288891ABDF80020C388D21A03685B6D41
:1043900009B212B2984702B080BD000082B001900D
:1043A000ADF802100199BDF80200088102B0704713
:1043B00082B00190ADF802100199BDF80200488169
:1043C00002B0704780B582B001900198009042F22F
:1043D000A421C0F60201083101600430FDF760FD40
:1043E00000980C30FDF75CFD00980021416181616F
:1043F000C1610184418480F82410012180F82510D6
:1044000002B080BDFEDE000081B00090009801B0D7
:10441000704700002DE9F04385B0054617461E4A57
:1044200088460C9EC0884FF000091C46ADF810303D
:10443000A988CDF808900832ADF81260ADF80E00EA
:10444000ADF80C10591A01920AB281EAE231A1EBDF
:10445000E2310AB2A98A8A4208DC301A02B280EA42
:10446000E230A0EBE23000B2884210DD286901683A
:104470004A6801A99047F01BA5F80890EE80AC802F
:10448000A881A4EB080068810120A87300E0002047
:1044900005B0BDE8F08300BFF0240208F0B585B098
:1044A0000446481E1F4616460D46022820D2B4F97F
:1044B0000A00032802DC10F1040F08DC1949F1F7A7
:1044C000EAFA0021029101688A6801A99047B4F9CB
:1044D0000C00032802DC10F1040F10DC1149F1F785
:1044E000DAFA0121029101688A6801A9904706E081
:1044F0002DB90020E780A680A060C4F80B000A4810
:10450000ADF80E70ADF80C600295083001900020F7
:10451000ADF81000206901680A6801A9904705B04C
:10452000F0BD00BFE01902081C18020801617047C5
:10453000817B49B101890131018189B2082922BFFA
:1045400000218173C0F80A107047000081B000900C
:1045500000980021018041808180C18001814181DA
:104560008181817301B0704780B582B0019001985C
:104570000090FFF7EBFF009800210161818202B0FB
:1045800080BD0000FEB517785678DDE9084577B1A3
:10459000012F17D0022F43D1032E4ED8DFE806F0AB
:1045A00002311D33F1F78EFC00F082FEFEBD032EBA
:1045B00037D8DFE806F0022E1518F1F783FC01F07A
:1045C000BDF9FEBD032E32D8DFE806F00210121549
:1045D000F1F778FC00F02EFFFEBDD0F8800014E06B
:1045E000D0F8800016E0D0F8840013E0C06F04E03B
:1045F000D0F8800001E0D0F8840088B10668366900
:104600000BE0C06F01E0D0F8840048B10668B668DE
:1046100003E0C06F20B10668F668CDE90045B047F9
:10462000FEBD164916A040F2CF12EBF7FFFF13496B
:1046300005A04FF4F672EBF7F9FF1F480F494FF44E
:10464000D972EBF7F3FF00BF66616C736520262615
:104650002022556E6B6E6F776E204C385F5247424A
:1046600038383820636F6D7072657373696F6E20B0
:10467000616C676F726974686D212200F033020803
:1046800066616C73652026262022556E6B6E6F77EF
:104690006E204C385F415247423838383820636FBB
:1046A0006D7072657373696F6E20616C676F72698C
:1046B00074686D2122000000953102082DE9F04F49
:1046C00085B090460F9A002A00F09880B3F90460F4
:1046D000012EC0F29380B3F90650012DC0F28E80F6
:1046E000B4B2B3F90060B3F902300E98ADB2FF2A4C
:1046F00003FB086301EB430648D04FEA480182F010
:10470000FF090194A1EB44010091C1B2514304910E
:10471000C0F30721C0F3074000FB02F705FB08F0D8
:10472000DFF80081514306EB4000039102900298AC
:10473000864263D206EB440A564523D2B6F800B04F
:10474000FC2000EADB00CBF341210D18F82000EA41
:104750001B2040EA5B3019FB007080B2C047044662
:10476000039819FB050080B2C0470546F1F742FBEC
:10477000049919FB001080B2C047F1F7FBFA26F844
:10478000020BD9E70098019C0644D0E705FB08F12D
:1047900006EB410500F02AF95FEAC87109D1B107BB
:1047A00018D04FEA48013246AA4211D210800A447A
:1047B000FAE74FEA4801A1EB4401AE421ED206EBF4
:1047C0004402964202D226F8020BFAE70E44F4E7BE
:1047D000013C0236E10714D184B1611000EB0040C6
:1047E000AE420BD2B20716D106EB8102334693429A
:1047F00001D201C3FBE706EB4806F1E705B0BDE8CF
:10480000F08F013C4FEA480206EB4401A942E3D293
:1048100008801144FAE7104903A040F2A942EBF7DF
:1048200005FF00BFE9170108287265696E7465729B
:10483000707265745F636173743C75696E747074D3
:10484000725F743E287762756633322920262033E2
:1048500029203D3D20300000F03302082DE9F04FC3
:1048600097B004460E46086849689946CDE9140198
:1048700010685168CDE9120114A8F9F7ABFF12A82E
:10488000F1F762FAF1F7CEFABDF84C50BDF84E6080
:10489000F1F722FA00EB40000444C0480068F1F749
:1048A0007BFAB9F1FF0F6BD040076BD4BB4836B22F
:1048B0000FFA85F8F1F7C1F9B949F1F7B2F9F1F753
:1048C000B8FA0C90BDF95400A0EB080000EB4000D2
:1048D0000B904800B9F1FF0F6FD0A0EB4800CDF866
:1048E0003890DFF83CAD0A9089F0FF00DDF8389091
:1048F0000D900C98834573D20BEB48000F900F98E6
:10490000834538D2BBF800000D9B454694F80180E2
:1049100000F01F01C0F3820242EAC101C0F341224C
:1049200059431191FC2101EAD001114401FB03F725
:10493000F82101EA102141EA5030217858431091C2
:10494000A17811FB090080B2D047064618FB097018
:10495000A84680B2D0470746DDE9101011FB0900D8
:1049600080B2D04702463046394601F0ADF92BF807
:10497000020B0334C3E70B9804440A988344B8E756
:10498000C00793D08548BDF84A30BDF848204FF0A5
:104990000108BDF8547000680168D1F844C080492E
:1049A0008DE8E002B1F800E000210891CDE9068130
:1049B000CDE9041E2146E04715E0A0EB48060C981F
:1049C00083450DD20BEB4807BB4505D2F1F720F923
:1049D0002BF8020B0334F7E70B98B3440444EEE7DB
:1049E0006E48F1F71AF917B0BDE8F08F80B584B0C2
:1049F000039003A8019005F04BFB024601984FF489
:104A0000784101EA1221009105F042FB009903462A
:104A100001984FF4FC6202EA53121144029105F02E
:104A200037FB01460298C1F3C401084404B080BDBD
:104A30002DE9F04F91B005460E4608684968984642
:104A4000CDE90E0110685168CDE90C010EA8F9F707
:104A5000C1FE0CA8F1F778F9F1F7BBF84F4FBDF89C
:104A60003440BDF83660F1F78AF905EB8005386807
:104A7000F1F792F9B8F1FF0F7CD040067DD4386889
:104A800036B224B2F1F705F94549BDF93020BDF938
:104A90003230DFF88CABF1F7CCF909900020A0EBB5
:104AA0008401A0EB4400CDE90714069009988345E2
:104AB0005CD208980BEB40040A94A34549D22E68B7
:104AC000300E42D0B8F1FF0F08BFFF2838D000FBEE
:104AD00008F0D0470746BBF8000000F01F01C0F304
:104AE0008202C0F3412342EAC10187F0FF02514331
:104AF0000B91FC2101EAD001194401FB02F4F821D9
:104B000001EA102141EA5030C6F30741504311FB3E
:104B1000070080B2D0478146C6F3072010FB07404C
:104B200080B2D0470B990446F0B210FB071080B258
:104B3000D0470246214648460A9C01F0C5F802E0EB
:104B40003046FFF753FFABF8000004350BF1020BC2
:104B5000B3E70798BDF93C10284400EB81051049E4
:104B600006980988584400EB410B9FE70B48F1F782
:104B700054F810E080067FF582AF3868F1F708F846
:104B800001684F6DBDF83C10CDE9004602AC84E8E9
:104B900002112946B84711B0BDE8F08F8C8C002077
:104BA0000C0300202DE9F04F93B01C9C1F461646C5
:104BB0008A4605460A2C18BF082C1FD1DFF80C8F37
:104BC000D8F800000168D1F8AC108847012843D11B
:104BD00030687168CDE9100110A8F9F7FBFD38685D
:104BE0007968CDE90E010EA8F1F7AEF8DFF8B0460E
:104BF000206801283AD1F0F7D7FF39E064BB1D984F
:104C0000FF2809D0DFF8C40E00680168D1F8AC10A5
:104C10008847012840F0BD82504604F091FB049083
:104C2000DFF8A80EF1F709F8814630687168CDE920
:104C3000100110A8F9F7CEFD38687968CDE90E01AA
:104C40000EA8F1F781F8DFF858462068012840F0F7
:104C50005D81F0F7A9FF5BE11D98CDE90040284692
:104C6000514632463B46FBF7BDFA90E2F0F79FFF14
:104C700005902068012802D1F0F799FF01E0F0F7D4
:104C800093FFBDF946104FF0FF340125BDF9446094
:104C900004EB00400139012998BF2946B0FBF1F02F
:104CA0000490504604F04CFB0390D8F80000F0F755
:104CB000F0FFF0F7BBFFBDF942701944DFF8283E62
:104CC0003A441B8802FB031100EB4100711E0D905A
:104CD0000598012988BF0D4604EB00400024B0FB75
:104CE000F5F9DFF8C4554FEA490C09EB49024FEAE0
:104CF000890E09EB8907C9EBC9064FEA420BCDF8CB
:104D00002CC007A8A0E8C440BDF93E00844280F250
:104D10003982BDF93800BDF93A10069409FB00F854
:104D200060180499002448430599000C48430399EE
:104D300001EB800ABDF93C0004F1400181425EDCD8
:104D4000079C00200C91B0F5807F3AD04FEA1841C3
:104D500008EB09025AF82110130C295029182030A9
:104D60005AF823304B600CEB08031B0C5AF8233025
:104D70008B6004EB08031B0C5AF82330CB600EEB5E
:104D800008031B0C5AF823300B6107EB08031B0CBC
:104D90005AF823304B610BEB08031B0C5AF82330F5
:104DA0008B6106EB08031B0C5AF82330CB6102EB36
:104DB00009014944494449444944494401EB09082B
:104DC000C1E728464FF48071FDF7ECFA0D9C1D9B5E
:104DD000294640222046FDF783FADFF8CC040DF186
:104DE000200EDDF82CC09EE8C04085420546DFF865
:104DF000BC0408BF054680340D940C9C9AE784429D
:104E00004DDA0D9A05F11C0E002700260C92A3190D
:104E100003F10802824245DC4FEA184208EB09031D
:104E200020375AF822204FEA134C4EF81C2C05EB81
:104E3000860208365AF82C1051600B994144090C2F
:104E40005AF82110916007994144090C5AF8211031
:104E5000D1600A994144090C5AF82110116109994D
:104E60004144090C5AF8211051610BEB0801090C5F
:104E70005AF82110916108990C9A41441032090C9A
:104E80000C925AF821104EF8201B03EB09014944FB
:104E9000494449444944494401EB0908B7E70D9B9B
:104EA000069C2BE0069C002283420CDA4FEA184154
:104EB000C844013201335AF82110E9510C990437E2
:104EC00002310C91F0E7394628461746FDF76AFA99
:104ED0000D981D9BF2192946FDF702FADFF8C80369
:104EE0000DF1200E85420546DFF8C00308BF0546D8
:104EF000BDF93C00DDE90BC39EE8C040E94901343F
:104F00000988081A03EB40000D90FDE6F0F74FFE0C
:104F100005902068012802D1F0F749FE01E0F0F782
:104F200043FEF0F783FEBDF94240BDF94660BDF98E
:104F300044501944DB4B22441B8802FB0311721EB0
:104F40000123012A98BF1A4609EB410B4FF0FF31AC
:104F500001EB0040B0FBF2F00390059801EB00403C
:104F6000691E012988BF0B46B0FBF3FA1D98FF2884
:104F700000F014810AEB4A07CAEBCA06DFF828934F
:104F80004FEA4A0C4FEA8A030AEB8A050022CDE970
:104F900007767800CDF82CC0CDE90953DDE9077616
:104FA0000D90BDF93E00824280F2EC80BDF93800E0
:104FB000BDF93A104FF0000E06920AFB00F85018A7
:104FC000039948430599000C4843049901EB4004B8
:104FD000BDF93C100EF1800088425BDCDDF82CC08E
:104FE000DDE9095E0C900020B0F5807F3CD04FEAEF
:104FF000184108EB0A0234F81110130C29F80010BC
:1050000009EB0001103034F813304B800CEB08032F
:105010001B0C34F813308B8007EB08031B0C34F89F
:105020001330CB800EEB08031B0C34F813300B81CC
:1050300005EB08031B0C34F813304B810D9B4344E4
:105040001B0C34F813308B8106EB08031B0C34F86F
:105050001330CB8102EB0A01514451445144514475
:10506000514401EB0A08BFE748464FF48071FDF751
:1050700099F91D9B584649468022FDF7C9F88A4890
:105080000BF5807B81458146884808BF8146DDF865
:1050900030E09DE78E456DDA8BB24FF0040C4A4646
:1050A0000EEB0C0118B2043181423CDC4FEA18408F
:1050B000BDF83C300CF1080C34F81000108008EBFF
:1050C0000A00010C504434F81110504450445180EF
:1050D0000B995044504441445044090C34F8111089
:1050E000918007994144090C34F81110D1800A9934
:1050F0004144090C34F81110118109994144090CFB
:1051000034F8111051810D994144090C34F81110F3
:1051100091810899414400EB0A08090C34F81110F8
:10512000D1811032BCE7ACF1040505EB0E0019B2D9
:1051300088420BDA4FEA1841BDF83C30D0440130C8
:1051400034F8111029F815100135F0E769004846C8
:10515000FDF728F91D9B584649462A46FDF758F8A1
:1051600051480BEB450B81458146504808BF8146AD
:10517000BDF93C10AE48069A00880132401A0BEB8C
:10518000400B0EE7FDF7FCF8A848F0F746FDF0F7F6
:1051900018BD1D990020CDE9000160E54FEACA0065
:1051A00000250B90BDF93E008542EDDABDF93820AF
:1051B0005C46BDF93A300A950AFB02F00D90501C8E
:1051C0000AFB00F00C90901C0AFB00FBD01C0AFBB1
:1051D00000F8101D0AFB00F7501D0AFB00F1901D9E
:1051E00007320AFB02F9EA18039B0AFB00F00025CC
:1051F0005A43059B120C5A43049B03EB42020823BB
:105200000D9EBDF93CE006EB050C734529DC4FEA29
:105210001C46083332F8166026800C9E2E44F0F7A8
:1052200036FE66800BEB0506F0F731FEA68008EB34
:105230000506F0F72CFEE6807E19F0F728FE2681A1
:105240004E19F0F724FE66814619F0F720FEA6817C
:1052500009EB0506F0F71BFEE6810B9E1034354482
:10526000CEE70A9D1FFA8EF1A3F10800A34609B20A
:1052700088420CDA4FEA1C410CEB0A03013032F889
:1052800011109C462BF8021BBDF83C10EFE7E348D9
:10529000013500884000A0EB4100834482E700BF55
:1052A000100300200C03002060000020600100209B
:1052B0002DE9F04F8DB080460888022840F0AE807E
:1052C0001698002800F0A7808A46F0F7BCFD0AA8CF
:1052D000F9F780FA08A8F0F737FDBDF92060BDF8AE
:1052E0002800BDF92250BDF92440BDF92690F0F701
:1052F00030FC2844ADF82200C748F0F79EFCC749AF
:10530000F0F762FC0394098803FB012200EB420CD6
:1053100015FB0B60169A08EB00070AF104000690D3
:105320000020FF2AA0EB440053D0019001FB09F0BC
:10533000DFF890890CEB400002906042009082F010
:10534000FF000490DDF810900298844560D2039825
:105350000CEB40000590059884452ED217F8011BF0
:10536000069ABCF80060F823DDF858B032F811A0B6
:1053700003EA16200797674609FB00F003EA1A21A3
:10538000F0F7FCFBFC21044601EAD60001EADA0151
:1053900009FB00F0F0F7F2FB0546F0004FEACA0106
:1053A000C0B2C9B200FB09F0F0F7E8FBF0F7E2FC8D
:1053B000BC46079F2CF8020BCDE70098BDF92C10D6
:1053C00038444718954901980988604400EB410C1E
:1053D000BAE701FB09F1069D62420CEB41018C45E5
:1053E00016D2039B0CEB43039C4506D217F8014BE6
:1053F00035F814402CF8024BF6E7BDF92C40BB18E9
:105400001F19864C0CEB0003248803EB440CE6E7E1
:105410008148F0F702FC0DB0BDE8F08F02487D49ED
:105420004FF41372EBF702F9F23202088C8C002071
:105430000C0300202DE9F04F97B00446088801289E
:1054400040F0E080DDF88090B9F1000F00F0D780E7
:105450008B4610685168F0F784FB14A8F9F7BAF985
:1054600012A8F0F771FCF0F7DDFC6B4DBDF84C6055
:10547000BDF84E70F0F730FC04442868F0F78CFC5F
:105480000006286875D401680FFA87FA35B2C96A30
:1054900088476249F0F7C5FBB9F1FF0F0D95098800
:1054A00003FB012200EB42070BF1040010904FF0C8
:1054B00000007ED0A0EB45000B9001FB0AF007EB4B
:1054C00040000C9068420A9089F0FF00DFF8F497E2
:1054D0000E90DDF838800C98874280F08D8007EBC5
:1054E00045000F900F98874236D214F8011BB7F889
:1054F00000B0109DF820209B119701EB410100EABC
:105500001B2027461C466A1840EA5B3015F801A0AC
:105510005678927800FB08F012FB030080B2C8476F
:105520000546F0F767FB00FB08F016FB040080B2AD
:10553000C8470646F0F75EFC00FB08F01AFB0400C3
:105540003C46119F80B2C84702462846314600F0CB
:10555000BBFB27F8020BC5E70A98BDF954100D9D57
:10556000204444182D490B980988384400EB410722
:10557000B1E70168BDF84A204FF00008BDF8483097
:105580004D464FF00109D1F840C02449CDE90888C3
:105590008DE8C4004FF00B08B1F800E0BDF85410DE
:1055A00003AACDF81C8082E8224221465A46E047F1
:1055B00025E0A0EB450901FB0AF0C5F1000A07EB65
:1055C0004006B74218D207EB4505AF4207D214F8A0
:1055D000010B1099F0F753FC27F8020BF5E7BDF922
:1055E000541004EB0A000D9D44180C4907EB090008
:1055F000098800EB4107E4E7CF48F0F70EFB17B04E
:10560000BDE8F08F0248CB4940F29A22EBF70EF842
:1056100090330208F03302088C8C00200C03002029
:10562000E91701082DE9F04F89B0DDF84CA0BAF177
:10563000000F00F05981834608461E4617460C4667
:1056400003F0BAFE0546204603F020FFADF8220025
:105650002046ADF82050ADF81E60ADF81C7003F088
:105660006FFE8146204603F0A1FD0746204603F069
:10567000D1FE102800F23881DDF84880DFE810F014
:10568000110088008F0036013601360136013601DF
:105690003601360136019E0036013601A70036017B
:1056A000AF00204603F010FE002800F0A38002A8FF
:1056B000214603F0C7FDDDE90201CDE9040104A89C
:1056C0004146FCF7F7FBBDF914000128C0F2F78052
:1056D000BDF91600002840F3F280DBF800004946CF
:1056E00004690020CDE900A007AA04AB5846A047F2
:1056F000B8F90210BDF9120088420CDDB8F8042098
:10570000401AADF80A10F0F74AFB07AA02AB00F006
:10571000F1F9BDF81200B8F90010BDF910208A4265
:1057200012DDBDF81630ADF80A00501AADF80810B9
:10573000F0F7B9FB07AA02AB00F0DCF9B8F80010EB
:10574000BDF81200BDF81020BDF814301A44B8F8A6
:10575000043012B2194409B291420EDDBDF8163080
:10576000ADF80A00881AADF80820F0F79CFB07AAEC
:1057700002AB00F0BFF9BDF81200F0F72FFB40F3C9
:10578000B380F0F799FBF0F70AFB07AA02AB9CE0A5
:1057900007A9484642465346FFF760F8A4E0CB48C5
:1057A0000068F0F7F9FABAF1FF0F08BF10F0200017
:1057B0002CD007A948464246534693E0CDE9008ADB
:1057C00007AB584649463A46FEF7DCFE8CE0DBF86C
:1057D0008800002800F0888001688C6806E0DBF80B
:1057E0008800002800F080800168CC68CDF800A017
:1057F00007AA07E0DBF8000004690020CDE900A05B
:1058000007AA584649464346A0476DE0204603F0A4
:105810005BFD00285CD002A8214603F013FDDDE902
:105820000201CDE9040104A84146FCF743FBBDF9A0
:105830001400012852DBBDF9160000284EDDB8F92E
:105840000200BDF91210814208DDF0F735FBFF239D
:10585000F0F70BFB07A902AAFFF7EAF8B8F9000076
:10586000BDF91010814205DDF0F75EFA07A902AA22
:10587000FFF7DEF807AA04AB494603F0F7FEBDF8D0
:105880001000BDF81410B8F804200844B8F800104F
:1058900000B2114409B2814205DDF0F745FA07A9CB
:1058A00002AAFFF7C5F8BDF81200F0F797FA1BDD62
:1058B000F0F702FBF0F7D9FA07A902AA11E0CDF838
:1058C00000A007AA48463946434600F013F90BE00A
:1058D00007AA4946434603F0C9FE05E007A9484622
:1058E0004246FF23FFF7A4F8F0F781B9764902A0FA
:1058F000CF22EAF79BFE00BF66616C736520262607
:105900002022556E737570706F72746564206269C1
:10591000746D617020666F726D617420696E204CC9
:10592000434431366270703A3A626C6974436F7006
:1059300079212200F03302088C8C00202DE9F04FF1
:1059400097B004460888002840F0B5808946106862
:105950005168DDF88080F0F704F914A8F8F73AFFF1
:1059600012A8F0F7F1F9F0F75DFAD44DBDF84E60EA
:10597000F0F7B2F927182868BDF84C40F0F70CFA98
:10598000000674D4286836B224B2F0F782F9CC4904
:10599000F0F747F90D94098803FB012200EB420A56
:1059A00001FB06F00AEB40000E90BDF95400001B0D
:1059B0000C904800A0EB440009F104040B900F94F4
:1059C0000E98824571D20D980AEB40061096B245AA
:1059D00048D217F8010B54F82050280E3FD0B8F1E8
:1059E000FF0F08BFFF2835D0BAF800B0F82100FB40
:1059F00008F0DFF8188B01EA1B2141EA5B34C0474D
:105A000080F0FF090646C5F3074104FB09F011FBCE
:105A1000060080B2C0471190F0F7ECF8C5F30721FB
:105A200000FB09F011FB060080B2C0470446F0F706
:105A3000E1F9E9B200FB09F011FB0600109E80B20B
:105A4000C047024611982146DDF880800F9C00F087
:105A50003BF902E02846FEF7C9FFAAF800000AF168
:105A6000020AB4E70C9807440B988244A8E7286818
:105A7000BDF84A200025BDF848304FF00B0E0168F4
:105A8000D1F840C08E49CDE908558DE85400012574
:105A90004A46B1F800A0BDF85410CDE9031805A995
:105AA00081E820443946E04702E08448F0F7B5F841
:105AB00017B0BDE8F08F0348034940F2F512EAF74A
:105AC000B5FD00BF40330208F03302088C8C002083
:105AD0007B48008810B1400080B2704703480449F9
:105AE0005522EAF7A3FD00BF0C030020B0320208E4
:105AF0002E3402082DE9F04F8DB089460546F0F7A7
:105B0000A2F90AA8F8F766FE08A8F0F71DF9BDF992
:105B10002060BDF82800BDF92240BDF92480BDF900
:105B200026A0F0F716F82044ADF822006348F0F7FD
:105B300084F86349F0F748F8CDF80C80098803FB36
:105B4000012200EB420701FB0AF007EB4000049042
:105B500014FB0B6009EB000605EB40051698FF28C7
:105B60004FF00000A0EB480052D00290C8F10000B6
:105B700001900498874280F09B8007EB48094F45CD
:105B80003AD23078A0B316994843FBF72DFE78B38C
:105B9000B7F800A0B5F800B0F82104460595494DC6
:105BA00084F0FF0801EA1A2001EA1B216143EFF7A4
:105BB000CCFFFC21069001EADA0001EADB01614337
:105BC000EFF7C3FF079606464FEACB004FEACA013C
:105BD0002A46059DC0B2C9B2604311FB080080B2DD
:105BE0009047024606983146079E00F06DF83880CF
:105BF000013602350237C2E70198BDF92C10029A2E
:105C0000F0F772F92E49B818098800EB4107B0E7A0
:105C10000590C8F1000002900498874248D207EB33
:105C2000480106918F4237D296F800B0BBF1000FC1
:105C30002ED0BBF1FF0F01D1288828E03C88B5F8B1
:105C40000080F8218BF0FF0ADFF8209E01EA142083
:105C500001EA1821EFF796FFFC21079001EAD40032
:105C600001EAD801EFF78EFF4A4681464FEAC800A5
:105C7000E100C0B2C9B200FB0BF011FB0A0080B218
:105C8000904702460798494600F01EF8069938806A
:105C9000013602350237C5E70298BDF92C10059A86
:105CA000F0F722F9DE49B818098800EB4107B3E79D
:105CB000DC48EFF7B2FF0DB0BDE8F08F8C8C002010
:105CC0000C030020E91701086FF0180300F0F8003A
:105CD00003EAC10141EA002040EAD2007047000017
:105CE000FF2B0BD00B2A15D8DFE802F03436383AF8
:105CF000A6A6A6A6062C062CC06D70470B2A15D8A2
:105D0000DFE802F0636567699A9A9A9A0624062486
:105D1000006E70472C3A072A00F28E80DFE802F00E
:105D20002231404B04140414C06E70472C3A072AE9
:105D300000F28280DFE802F06372515A040C040C16
:105D4000006F7047406E7047406F7047806E7047BD
:105D5000806F7047406C7047406D7047C06B7047F4
:105D6000C06C70474968002974D04A78002A77D1FE
:105D70000978F1B1022965D0012904BFC0697047D3
:105D80005AE04968002971D04A78002A74D109780C
:105D9000C9B1022958D0012904BF406A70474BE0BD
:105DA000496800296ED04A78002A71D10978002903
:105DB00042D1C06A7047496800296FD04A78002AEA
:105DC00072D10978C1BB406B7047806C7047806DA1
:105DD0007047006C7047006D70474968002969D0B2
:105DE0004A78002A6CD1097831BB27E0496800293C
:105DF0006CD04A78002A6FD10978E9B920E0496867
:105E000000296FD04A78002A72D10978B1B10229ED
:105E10001CD0012904BF006A70470DE049680029C1
:105E20006CD04A78002A6FD1097849B102290FD085
:105E3000012904BF806A704700207047006B7047DB
:105E4000806B7047C0687047406970470069704751
:105E5000806970473048EB4940F60302EAF7E6FBF9
:105E60002C48E84940F60B02EAF7E0FB2A48E549EE
:105E700040F2EA72EAF7DAFB2648E24940F2F272AF
:105E8000EAF7D4FB2448DF4940F62F02EAF7CEFBBD
:105E90002048DC4940F63702EAF7C8FB1E48D949DA
:105EA00040F61C02EAF7C2FB1A48D64940F6230224
:105EB000EAF7BCFB1848FA4940F6A502EAF7B6FB38
:105EC0001448F74940F6AD02EAF7B0FB1248F4492E
:105ED00040F69102EAF7AAFB0E48F14940F6990212
:105EE000EAF7A4FB0C48EE4940F67802EAF79EFB7D
:105EF0000848EB494FF40862EAF798FB0648E8497E
:105F000040F65F02EAF792FB0248E54940F6670275
:105F1000EAF78CFBED310208DE3302082DE9FF477A
:105F20000020DFF8448B3D4ACDE90200B248B8F8C2
:105F30000030128800680028184608BF1046ADF8E7
:105F40000E0008BF1A46ADF80C2008684968CDE974
:105F5000000102AC68462146F8F74EFC2046F8F7EF
:105F600039FCBDF80800BDF80010DFF8F89A0844C5
:105F7000BDF80210ADF80000BDF80A000844ADF805
:105F80000200D9F80000EFF707FFC00739D1D9F8B0
:105F90000000BDF90460BDF906700168496B8847CF
:105FA000BDF90C10BDF90020BDF9023013FB012131
:105FB00000EB4104D9F80000EFF76BFEB8F80010D1
:105FC000BDF90020BDF902304FEA460A03FB012269
:105FD00000EB420501FB07F005EB4007D9F8000094
:105FE000BD42016816D28E6B294622465346B04701
:105FF000BDF90C0004EB4004B8F8000005EB4005C7
:10600000ECE7D9F8000001680B6EDDE90012984753
:10601000BDE8FF87096B8847BDE8FF870E030020B6
:106020000C0300208C8C00202DE9F04F8BB0DFF8A2
:10603000349A0546D9F80000C06C032800F0CB80E4
:106040001498002800F0CD80DDE915B08846194687
:106050001E461746ADF826001868ADF824B0089023
:1060600008AC2046FBF726FF20463946FBF722FF07
:106070005F4FDFF880A12046B7F90020BAF9001081
:10608000FBF794FE5C48006850B13888BDF92610D3
:10609000081AB0FA80F0420988B2BDF824100AE06C
:1060A000BAF80000BDF92410081A89B2B0FA80F0DD
:1060B0004209BDF8260009B2012963DB00B20028BD
:1060C00060DDDDE908010392ADF814B06960318844
:1060D0002860411A29807188C1EB104068802868C7
:1060E0006968CDE906011698ADF816000020049005
:1060F00006A804AC2146F8F77FFB08A8F8F76AFB6E
:106100002046F8F767FB3D48BDF914B000880290BF
:10611000D8F80000416B404688478046D9F8000017
:10612000BDF91840BDF91AA00168496B8847149958
:1061300006460AFB0BF0BDF92050BDF9227001EBB9
:10614000440101EB4004D9F80000EFF725FEC00739
:106150001CD106EB4500039907FB08060298ABEB40
:106160000000B0FA80F04009084001281CD1BDF9B8
:106170001E00324600FB08F3D9F8000001688D6B61
:1061800021460DE00020686028600AE0D9F8000090
:10619000BDF91C3001680D6FDDE90812009323463C
:1061A000A8470BB0BDE8F08FBDF91E004FEA4B0ABF
:1061B00000FB0BF004EB4007BC42F2D2D9F8000020
:1061C000324601688D6BBDF91C104B002146A84773
:1061D00054444644F0E743486B4940F2DD32EAF765
:1061E00025FA0748684940F2DE32EAF71FFA00BF95
:1061F0000A03002008030020100300200C030020E5
:1062000095300208F03302082DE9F04387B00646C6
:1062100021480068C06C03282CD00DF11A0090466C
:106220008946ADF81A3003F0F5F807463068016B7F
:1062300030468847874223D10DF11A0003F080F8D9
:1062400020B30DF11A040746204603F0B5F80546C1
:10625000204603F01BF931684A464346CC69029058
:106260000DF112003146CDE90075A047384607B060
:10627000BDE8F0831B480A4940F2D232EAF7D6F96A
:10628000064807494FF47572EAF7D0F9044905A0AA
:1062900040F2D632EAF7CAF98C8C00205B32020851
:1062A000F033020828626D705F6461746120213DE3
:1062B00020302920262620224E6F206D656D6F72BA
:1062C0007920616C6C6F636174656420666F722005
:1062D00074686520676976656E204269746D6170C7
:1062E00022000000E33002087CB5102A88BF7CBD84
:1062F000DDE90645DFE802F009121B2424242424EA
:10630000242424242424242424000668089A36699A
:10631000CDE900521A462346B0477CBD08461946CF
:1063200022462B4602B0BDE87040FEF797BA0846F9
:10633000194622462B4602B0BDE87040FEF778BBF6
:10634000B24902A04FF47372EAF770F966616C7398
:10635000652026262022556E737570706F727465E5
:1063600064206269746D617020666F726D61742063
:10637000696E204C434431363A3A626C6974436F1B
:106380007079212200000000F03302082DE9F04F5F
:1063900091B01A9E002E00F0B6800C46106851682D
:1063A000DDF86C801546EFF71BFC0EA8F8F712FA23
:1063B0000CA82946F8F720FAEFF70BFCBDF834508B
:1063C000BDF83670EFF7DBFC04EB40097848006855
:1063D000EFF7E2FCFF2E08BFB8F1000F66D0FF2EEA
:1063E00001D0400764D472483FB22CB2EFF725FCCD
:1063F0007049BDF93020BDF93230FF2E098803FB0A
:10640000012200EB420563D00020DFF860B607945C
:10641000A0EB4400069001FB07F005EB400008905C
:1064200086F0FF0009900898854269D2079805EB2D
:1064300040000A900A9885422BD2B5F8008039F8BE
:10644000024BF821DDF868A02E46099D01EA1820CC
:1064500001EA1421EFF742FDFC210B9001EAD8007C
:1064600001EAD401EFF73AFD0746E0004FEAC80120
:10647000C0B2C9B200FB0AF011FB0500354680B27C
:10648000D84702460B983946FFF71EFC25F8020B49
:10649000D0E7069ABDF93C1009EB020000EB410978
:1064A0004449A818098800EB4105BCE7C0079AD009
:1064B0003F48EFF76DFB006801688C6CBDF83C103D
:1064C000CDE9005702AD85E842114946A0471AE0E0
:1064D00001FB07F0660005EB4007BD4210D23448CF
:1064E0004A463346006801688C6B2946A047BDF9CF
:1064F0003C0009EB40092F48008805EB4005ECE71C
:106500002B48EFF78AFB11B0BDE8F08FE9170108BF
:10651000002B4BD02DE9F04186B00646B1F90400BE
:10652000012840DBB1F9060001283CDB0868496816
:106530001D461446CDE9040104A8F8F74BF9DFF82D
:10654000008BD8F80000EFF727FCFF2D15D00007CF
:1065500015D4D8F80000EFF79CFB014615480288D7
:106560003068876ACDE9004504AB3046B847D8F8B3
:1065700000000168096B884715E08007E9D5D8F865
:106580000000BDF81670BDF81230BDF810204FF0B5
:10659000000C01684E6EBDF81410CDE9025CCDE927
:1065A00000172146B04706B0BDE8F041704700BF74
:1065B0008C8C00200C03002080B548B103291CD826
:1065C0000120DFE801F0040E02124FF0FF3080BD21
:1065D000032912D84FF0FF30DFE801F00302070D66
:1065E000F5E7FFF775FA400880BDFFF771FA002163
:1065F000A1EB500080BD012080BD0348034940F25B
:10660000F542EAF713F800BFC9310208F033020877
:106610002DE9F04F99B0CDE91723279B587B9C7942
:1066200000F0080254EA42181EBFDA7900F01000A8
:1066300052EA001702D119B0BDE8F08F269A2498CB
:10664000229C93F9093008911297B2F802C0D588BC
:10665000B2F900A0928840B1C31A0FFA83FBBBF1D4
:10666000FF3F05DCA4EB0B0400E01C444FF0000BE3
:1066700005EB0C000FFA84F92D9FCDF83C80239E8A
:10668000139002EB0A004D461190289832463B4683
:106690001590DFF8CC03CA45C8BF554629460068A7
:1066A000149017A8FBF760F8ADF85A0017A8324607
:1066B00029463B4610954646FBF774F8ADF858005E
:1066C0000DF15A0016A9F8F7C9F8CA45AAEB04005B
:1066D000C8BF8344DDF8ACA0DDF89490129D5B4602
:1066E00017B91498012807D12D98012840F09580FA
:1066F0001498012840F091801399239AA5EB090082
:1067000009B28C1AA042B8BF0446012C93DBDFF813
:1067100030B91F46DBF80000EFF73EFB299900294E
:1067200044D0BAF1040F41D110F480713ED01199D8
:10673000109806F1010E3B462EF0010C0AB2B9B2D8
:1067400000B221B9831993423B4640F36C81101A81
:106750000844B042A8BF3046B0EB01083FF46BAF2D
:1067600041EA0800C00758D1DBF80000A4B21FFAC4
:1067700088F5BDF858304FF0000B4FF48077026871
:10678000966DCDE900542A9CBDF85A20CDF808C07A
:1067900003942C9C04AD85E89008289D4FEA5E0484
:1067A00004FB095404EB5101B04744E7BAF1080F68
:1067B0003B4632D110F400702FD01098119900B2DE
:1067C00009B2081A99B210FA83F5B542A8BF354646
:1067D0008D423FF430AFDBF800001F46A4B24FF407
:1067E000007EBDF858304FF0000CED1B0268ADB2D2
:1067F000D2F85880CDE900540F9CBDF85A20CDF84E
:1068000018C002942A9C03942C9CCDE9044E289C29
:1068100006FB09442144C0470DE7299868B10820C8
:106820001C46B0FBFAF0311801398AB2B2FBF0F322
:1068300058432346801A08440F9043EA0900000495
:1068400012D00F982899A5EB09051FFA83F880B29A
:1068500000FB09F010FA83F000FB0AF001EBD00115
:1068600000F00709159103E01FFA83F84FF00009C3
:1068700014982D9F01383946B0FA80F0440920461B
:1068800000F0F6F8834620463946FFF795FE0446A9
:106890001398239900B2421A9542B8BF2A4610981D
:1068A000119900B209B2081A4044B042B8BF064676
:1068B0000C92012AFFF6BFAEA6EB0805012DFFF6EC
:1068C000BAAE4FF0FF30CDE912B94FF0FF0B00FA2E
:1068D0000AF0C043C7B20F9880B2A0EB0509089830
:1068E00010B96048EFF7A9F9BBFBF7F1BDF95A20E1
:1068F000BDF958301097149109FB0AF10B915A49D0
:10690000098801FB032100EB410BA8EB0600129E56
:1069100061002A9C0A9006FB05F0A1EB400009905B
:106920002046FEF763F8159B1190139F0C994FEAD0
:106930004609187820FA07F2E0B20F90C4F3072056
:106940000E90C4F307402C9C0D90002963D0DDF815
:106950002880109D01390C91B8F1000F4CD012EA3B
:1069600005003BD014994143FF2C02D11198FE2918
:1069700032D801FB04F03D4C1593139280B2A0472E
:10698000BBF8005026460446F8200D9984F0FF0A13
:1069900000EA152040EA5530EFF79AFA1290EFF727
:1069A00030F90E99EFF794FA32463E460746EFF774
:1069B00001F9DDE90F1500FB0AF0DDF8ACA011FBD1
:1069C00004002C9C80B29047024612983946374604
:1069D000FFF77AF9139A159BABF800005744CB44A4
:1069E00008F10108B8B2082827BF13F8012F0027C3
:1069F00022FA0AF0C2B2AFE70B9840B1384481B234
:106A000000F00707CA089A5C03EBD103FA40099823
:106A10000C99834499E7089800287FF40CAE11483C
:106A2000EFF7FBF807E6DBF80000A4B24FF480763E
:106A3000BDF85830BDF85A2001688D6DCDE900C40D
:106A40002A9C0021CDF808C006914FEA5E0103940C
:106A50002C9CCDE90446289C01FB0941A847EAE5A6
:106A6000100300208C8C00200C030020E917010883
:106A700080B528B1032919D8DFE801F011160A0EF4
:106A8000032913D808460121DFE800F00E020609A9
:106A9000FFF71EF8410807E04FF0FF3104E0FFF771
:106AA00017F80021A1EB5001084680BD02480349B8
:106AB00040F2D342E9F7BAFDC9310208F0330208C7
:106AC00010B5074904460020A0600831C4E9001051
:106AD00004F10C008021E9F78AFE204610BD00BFBA
:106AE0000C23020803F0C0BB80B582B0019001986E
:106AF0000090FAF77FFE009802B080BD80B584B0A8
:106B000003900398019069464FF0FF330B60002219
:106B100002921146FBF7A6F901980299816004B030
:106B200080BD000080B584B00390ADF80A100398D2
:106B30000190BDF80A10009102F03EFE03F01EFA2B
:106B40000168096B8847009902460198891A026812
:106B5000526B09B2904704B080BD1FB504468888C7
:106B60002189A0856089084302D1204600F03AF8C7
:106B700020682146D0F8842001A8904701AA04F19A
:106B8000400307CA07C31FBD80B584B00390ADF8AA
:106B90000A10ADF8082003980190BDF90A100268A8
:106BA000126B90470198BDF908100268526E904729
:106BB00004B080BD80B586B00590ADF8121005997F
:106BC0000091BDF8120088860868D0F8842001A8DA
:106BD000904700990198029A039B8B644A64086469
:106BE00006B080BDB0B504460E48EFF73FF828BFA9
:106BF000B0BD2068416F204688470546EEF78AFF02
:106C00000346A06B40F00200022803BF29B22046D1
:106C10001A462AB21CBF20461946BDE8B040FDF70F
:106C200009BB00BF9C8C002082B001908DF803103E
:106C300001999DF8030081F8360002B0704700000A
:106C400082B00191009000990198086302B07047EA
:106C500080B586B00590ADF8121005980090BDF98A
:106C60001210FDF79BFB00990868D0F8842001A85A
:106C7000904700990198029A039B8B644A640864C8
:106C800006B080BD80B586B00590ADF812100598AD
:106C90000090BDF91210FDF78BFB00990868D0F841
:106CA000842001A8904700990198029A039B8B6465
:106CB0004A64086406B080BD80B586B0059005982A
:106CC00001902621E9F793FD0198FCF703F901985B
:106CD00042F26831C0F60201083140F8281B014633
:106CE00002914FF6FF7100F079FCFFE70198303018
:106CF000002100F095FCFFE7019800218186FF222A
:106D000080F8362080F837108163C1634030FFF788
:106D1000F5FEFFE7019806B080BD0490039106E000
:106D2000024602980492039100F074FCFFE7019878
:106D3000FCF7E4F8FFE703F085FC03F095BA0000E8
:106D400080B582B0019001980090283000F062FC7C
:106D50000098FCF7D3F8009802B080BD10F10F0F37
:106D6000A2BF0F30000970476FF00E01081A10F033
:106D70000F0118BF4FF0FF31A1EB1010704700005A
:106D800010B50A9C41610D490283069A83800482F2
:106D9000099C083101600599C481089C01F07F01BC
:106DA0000473079C41EAC2118172C472049C44724C
:106DB000039C0472029CC48010BD00BFF82302082B
:106DC000FEDE000080B582B0019001980090FAF7D5
:106DD0000FFE009802B080BDB0B50C4628300568A3
:106DE0003DB12068294682682046904705F1180089
:106DF000F5E7B0BD2DE9F0410E4690F82410984615
:106E0000154609B1C8F8000028300768B7B197F8EF
:106E1000250080B1381D31462A4602F033F950B1C1
:106E2000B8884346301A01B2F888281A02B2386886
:106E3000446A3846A04707F11800E6E7BDE8F0814C
:106E4000806A7047FEB50D4690F8251041B3866AFA
:106E500036B3144601AF1EB396F82500F0B1321DCB
:106E60003846294602F029F9BDF90800012815DB4A
:106E7000BDF90A00012811DBB088BDF804102246D4
:106E8000081ABDF80610ADF80400F088081A394653
:106E9000ADF806003068C36D30469847B669DAE74A
:106EA000FEBD00002DE9F04F8FB01C46189B054633
:106EB0000020CDE908121880199B1880604B1B68D0
:106EC0002060284693F850602346FFF793FF042E76
:106ED00030460196C0F0B0800DA82946069502F014
:106EE0008BFBD4F800800494B8F1000F23D00BA8DA
:106EF000414602F081FBBDF93030BDF932406FF000
:106F00000100BDF93450BDF92C10BDF93660099F60
:106F1000BDF92E2094FBF0F493FBF0F0089B3E4467
:106F2000B21A2B4402FA84F2591A01FA80F0404353
:106F300002FB020001E04FF0FF30059001980321B1
:106F40000138B0FBF1F0032838BF014606980091E4
:106F500000230430079000208B426DD0394A039003
:106F600000F0010001330025029302EB401A019862
:106F70005843B0FBF1F9042D59D05AF83560089800
:106F800006FB090007B20AEBC500446809983946B8
:106F900004FB09000FFA80FB07985A4602F072F8CA
:106FA000002842D0002039465A460A9006980AAB7B
:106FB000FFF720FF0A9FB7B3474534D00BA83946E7
:106FC00002F01AFBBDF93230BDF9362009996FF095
:106FD000010BBDF92E80BDF930E0BDF93400BDF9DB
:106FE0002CC00A4493FBFBF3A2EB08019EFBFBF2CF
:106FF00001FA83F1089B1844A0EB0C0000FA82F020
:10700000404301FB0100059988420DD2189B06FB05
:1070100009F104FB09F2059019800A99049B196093
:1070200019990A8000E04746B8460135A3E703985E
:107030000099029B01308FE70FB0BDE8F08F00BFD1
:107040008C8C00207C12020870B514460D4600F1AD
:107050002806306838B10646224656F8181B4B6D94
:1070600029469847F5E770BD814217D04A69D2B9E1
:107070000022C1E9050250F8282F6AB1906938B1A1
:107080008A420246FAD11C481A493222E9F7CEFA5E
:107090008A420DD002F1180001607047154917A00F
:1070A0002022E9F7C3FA134904A02122E9F7BEFA26
:1070B000114810493522E9F7B9FA00BF642E706112
:1070C00072656E74203D3D203020262620224361CB
:1070D0006E6E6F7420616464204472617761626CCB
:1070E00065206D756C7469706C652074696D65736D
:1070F00022000000B33602088036020826642021F0
:107100003D2074686973202626202243616E6E6FCD
:107110007420616464204472617761626C652074DC
:107120006F2073656C662200836A2BB141B17BB11D
:107130008B4209D09B69FAE701680B6E114618472C
:107140008262C2E9050370478B69C2E905038A615F
:10715000704750F8282FC2B18A420BD0AAB110460E
:1071600092698A42FAD151F8182F002341F8043C61
:10717000826108E051F8182F002341F8043C002AEE
:1071800014BF026001460020086070470021816240
:10719000704700F128020020C30707D112682AB106
:1071A000501A1832B0FA80F04009F5E700F00100FB
:1071B0007047826A00212AB19369516191618362AB
:1071C0001A46F8E77047000080B582B00190019838
:1071D0000090FDF7F7F8009842F26041C0F6020116
:1071E000083101600021816202B080BD03F03CB82B
:1071F00080B582B0019001980090FDF705F90098E4
:1072000002B080BD81B00090009801B0704703F0DB
:107210002BB80000F0B54A69D1E90A574C689FEDD8
:10722000733AB2EB050EA4EB070C17BFBC42002665
:107230000CFB0EF2102418BF92FBF4F68A690B685F
:10724000D41B5D1B17BFBA42002704FB05F26FF089
:107250000F0318BF92FBF3F7BA1900F1180600EEFE
:10726000102A0027B8EEC00A20EE031AB7EE000A73
:1072700080EE012A3C2F14D0CA19143792ED021A5D
:1072800080EE011A06ED061A92ED034A21EE044A39
:1072900006ED034A92ED044A21EE041AA6EC011A07
:1072A000E8E700EE105A90ED024A90ED011A02EE66
:1072B000904A90ED035AD0ED044AD0ED076AB8EE3B
:1072C000C00AF8EEE22A20EE036A00EE10EA62EE4F
:1072D000832AB8EEC00A60EE030A90ED000A34EE8D
:1072E000407A31EE444A60EE871A44EE061A22EEE6
:1072F000611A01EE90CAF8EEE11A80ED0A1A61EE09
:10730000831A22EE873A04EE213A90ED054A74EE94
:10731000453A34EEC44AD0ED084A20EEA37A62EE34
:10732000A33A22EE033A04EE067A44EE213A90EDB7
:10733000064A80ED093A74EEC45A76EEE44A60EEED
:10734000A50A62EE233A22EE477A44EE860A80EDE1
:107350000C7AC0ED0B3A22EE606A62EEA50A44EEAA
:10736000A10A80ED0E6A22EE202A63EE800A43EE27
:10737000450A80ED0D2AF5EE400AF1EE10FA12DC16
:10738000F5EE400AF1EE10FA0ADBB1EE455A21EEB5
:10739000055A07EE005AB5EE405AF1EE10FA02DA3D
:1073A00047F6FF7101E04FF4004122EE002AC1636D
:1073B00003EE442AB5EE402AF1EE10FA12DCB5EEE7
:1073C000402AF1EE10FA0ADBB1EE442A21EE021A4D
:1073D00006EE001AB5EE401AF1EE10FA02DA47F6A0
:1073E000FF7101E04FF400410164F0BD0000803DF9
:1073F00081B0009041F65C0001B0704782B001900E
:10740000ADF80210019ABDF8020041F65C0100FBE4
:107410000120083002B0704780B582B00190019819
:107420000090F6F783FE009842F20451C0F6020184
:107430000831016002B080BD80B582B00190019832
:10744000009000F005F8009802F00EFF02B080BD39
:1074500080B582B0019001980090F6F770FE009818
:1074600002B080BD81B00090102001B070470000D4
:1074700082B00190ADF802100198BDF8021000EB47
:107480000110083002B0704780B582B001900198B9
:107490000090F6F74BFE009842F23851C0F6020118
:1074A0000831016002B080BD80B582B001900198C2
:1074B000009000F005F8009802F0D6FE02B080BD02
:1074C00080B582B0019001980090F6F738FE0098E0
:1074D00002B080BD81B000900C2001B07047000068
:1074E00082B00190ADF802100198BDF8021001EBD6
:1074F000410100EB8100083002B0704780B582B0D6
:10750000019001980090F6F711FE009842F26C513C
:10751000C0F602010831016002B080BD80B582B0C2
:1075200001900198009000F005F8009802F09CFE90
:1075300002B080BD80B582B0019001980090F6F74E
:10754000FEFD009802B080BD81B0009001B0704790
:1075500081B0009001B0704781B00090009842F275
:10756000A051C0F602010831016001B0704700006F
:1075700080B582B001900198009000F005F8009865
:1075800002F072FE02B080BD81B00090009801B0A0
:107590007047000081B00090009848F6A441C2F204
:1075A0000001086001B0704783B002900191ADF80E
:1075B0000220029848F69841C2F200010860019842
:1075C00048F6A041C2F200010860BDF8020048F68A
:1075D0009C41C2F20001088003B0704782B0019064
:1075E000ADF80210019842F2B851C0F6020108311C
:1075F0000160BDF80210818002B0704780B582B092
:1076000001900198009000F005F8009802F02CFE1F
:1076100002B080BD81B00090009801B070470000BA
:1076200082B00190009101980099016002B070470A
:1076300081B0009000980021016001B07047000007
:1076400080B584B0039002910192F3F79DFDF4F7A9
:1076500031FD0198006830B1FFE7019800680168CA
:10766000C9688847FFE70198006830B1FFE70198D3
:107670000068016809688847FFE70398006830B12F
:10768000FFE703980068016849698847FFE70298A7
:10769000006830B1FFE702980068016849688847D0
:1076A000FFE70398006830B1FFE7039800680168BE
:1076B00009688847FFE70298006830B1FFE7029841
:1076C0000068016889688847FFE704B080BD000052
:1076D00080B584B003900291019203980168C96853
:1076E0008847029801680968884703980199FBF761
:1076F000EFF80198016809698847019801684969AC
:10770000884704B080BD012180F84C107047B0B5A7
:107710000C4621F00F01B1F5887F054610D0B1F578
:10772000807F24D195F84D00D8B995F84C100120F0
:1077300085F84D0005F1500089B1E9F737FC10E0FC
:1077400095F84E0030B9012085F84E0005F1D800BB
:10775000E9F730FC05EBC400A0F5F56005E0E9F7BA
:1077600021FC05EBC400A0F5F66003C8B0BDE9F745
:10777000E5FBF0B581B00E4621F00F011C46154621
:10778000B1F5887F074610D0B1F5807F26D197F8F4
:107790004D00D8B997F84C10012087F84D0007F13B
:1077A000500089B1E9F702FC10E097F84E0030B9BB
:1077B000012087F84E0007F1D800E9F7FBFB07EB43
:1077C000C600A0F5F56005E0E9F7ECFB07EBC600A5
:1077D000A0F5F660C0E9005401B0F0BDE9F7AEFBDA
:1077E00090F88101704710B582B004460021D0F8AE
:1077F000780101910091694601AA03F052FBDDE98D
:10780000002301462046F0F71FF80838B0FA80F050
:10781000400902B010BD21F01F00A0F58070B0FA41
:1078200080F04009704780B50168CA684FF0FF31A9
:107830009047002080BD084600F096B92DE9F04F32
:1078400081B053685FEAD30C50D0D2F800E0002733
:10785000634600BF07EB53050EEBC5041EF83580E9
:1078600094F8019094F802A0E27848EA09284AEADC
:10787000022648EA064602F0400246EA42622244F4
:107880006FEA53041C448A4294BF6F1C5C08002CAE
:107890002346DFD157B367450EEBC70102D14FF046
:1078A000FF3C13E0FA000EEB02031EF802205F78A3
:1078B0009E78DD7842EA072246EA052742EA074237
:1078C00005F0400742EA476202EB030C11F808BDDD
:1078D0000E1D0BD03278B778F578747847EA052713
:1078E00042EA042242EA0742012A03D1002001B001
:1078F000BDE8F08F91F8018091F8029091F803E0D3
:10790000002A1ED402F0804442EA4404A719A45D70
:107910007D78BE78FB7844EA052446EA032344EAEE
:107920000345B5F1FF3F0EDD05F08043EC19FD790D
:1079300004EB430A07EB850303F1080500243E46E8
:1079400028E0154600E03E46C5F30364022C12D041
:10795000012C0AD0ACBB351D4AF2253A002A48BF9B
:107960000025C0F6010A002414E04AF22D3AC0F6C0
:10797000010A002404E04AF2353AC0F6010A022462
:10798000C5F3074706EB8703B2F1FF3F03F1040598
:1079900000DCB7B94BEA082349EA0E2743EA07435C
:1079A0000EF0400743EA47631944C0E9561C44EA15
:1079B000D271C0F87861C0E9585AC0F86C11012042
:1079C00095E7E9F7BBFAB0B584B0044600680D4608
:1079D000C26820464FF0FF31904730F001002DD0B3
:1079E00040F20001C0F20001A0EB050591B103A92E
:1079F00002AA2846AFF30080B0FA80F100284FEACF
:107A0000511016D1DDE90221CDE90012002918BF7D
:107A100001210EE043F2807044F28011C0F60300B1
:107A2000C0F603010090081A4FF00101019018BF41
:107A30000120C00718BF5FEAC17004D1012084F89B
:107A4000800104B0B0BD6A4620462946FFF7F6FE25
:107A50000028F3D0F5E7B0B5054690F8800108B1ED
:107A600000240EE02846FFF7BEFE0446012808D198
:107A700028680121426B2846904795F8800100282C
:107A8000EED12046B0BD0C2906DD0F2908D00E2905
:107A90000AD00D2906D009E08A1C03D04A1C05D162
:107AA000443008E03C3006E0403004E00C2904D8C3
:107AB000083000EB81000068704780B5E9F73EFAB6
:107AC00010B500F10804204600F018FA2046BDE881
:107AD0001040E9F753BF0C2908DD0F290AD00E2901
:107AE00004BF026470470D2906D007E08B1C03D049
:107AF0004B1C03D142647047C26370470C299EBF80
:107B0000083040F8212070478F2904BF82647047F5
:107B100080B5E9F713FAB0B590F8802122B1084694
:107B20002821E8F764FEB0BDD0F86C4100F5B075CF
:107B3000D0E956CE2CCD4C6101F108042CC4C1E92A
:107B400000CED0F87021D0E95E35D0F87401C1E9DB
:107B50000835C1E90620B0BD02310020122938BF26
:107B60000120704770470000811C612900F26A8083
:107B700043F6C840C0F60200DFE811F062007D0065
:107B8000A800AC009800B000B8009200A4009E00CD
:107B90009600AA00A200880086006200C2007D0054
:107BA0007C007C007C007C007C007C007C007C00F5
:107BB0007C007C007C007C007C007C007C007C00E5
:107BC0007C007C007C007C007C007C007C007C00D5
:107BD0007C007C007C007C007C007C007C007C00C5
:107BE0007C007C007C007C007C007C007C007C00B5
:107BF0007C007C007C007C007C007C007C007C00A5
:107C00008400B400BC00C600BA008A009A00C80014
:107C10009C00B600A600A000C000D200AE00D000BC
:107C2000CA00CE00D400CC007E008000C400D80082
:107C30008E009400D6008200B2008C009000BE003E
:107C4000A7A07047A0F580701F2813D8DFE800F0C8
:107C5000108A8286789298889E7C9C767A96748424
:107C6000728E9AA49094A2A6807EAC70A8AAA08CD2
:107C70006DA070479CA0704777A0704775A07047B3
:107C80006EA0704788A0704788A0704788A0704792
:107C900080A0704767A070476BA0704764A07047D2
:107CA00089A0704767A0704784A0704789A070477B
:107CB00077A0704774A0704781A070476FA070478D
:107CC0007CA070477FA070476DA0704783A070476D
:107CD00079A0704780A0704765A070477CA070476E
:107CE00055A070476FA0704766A0704777A0704797
:107CF00069A070476AA070474CA070475EA07047AB
:107D000078A0704752A0704764A070475FA070478A
:107D100055A0704751A0704752A0704753A07047BC
:107D200054A070474EA0704745A0704747A07047C9
:107D300022A070472CA070472DA070472FA070473D
:107D400035A070472CA070472EA070471DA070472B
:107D50001DA0704732A0704724A070472FA0704725
:107D60002AA070472FA0704710A070471DA0704731
:107D700019A0704727A0704716A070471DA0704734
:107D800023A0704716A070471DA070471EA0704723
:107D900007A070470EA0704710A070470BA0704757
:107DA00005A0704703A0704705A0704764333100F9
:107DB0006433300064323900643238006432370092
:107DC0006432360064323500643234006432330089
:107DD0006432320064323100643230006431390080
:107DE0006431380064313700643136006431350065
:107DF0006431340064313300643132006431310065
:107E000064313000643900006438000064370000D9
:107E10006436000064350000643400006433000000
:107E200064320000643100006430000073333100BC
:107E300073333000733239007332380073323700D5
:107E400073323600733235007332340073323300CC
:107E500073323200733231007332300073313900C3
:107E600073313800733137007331360073313500A8
:107E700073313400733133007331320073313100A8
:107E8000733130007339000073380000733700001D
:107E90007336000073350000733400007333000044
:107EA0007332000073310000733000007231320011
:107EB00072313100723130007239000072380000C6
:107EC0007237000072360000723500007234000014
:107ED0007233000072320000723100007230000014
:107EE000737000006C720000756E6B6E6F776E20A1
:107EF00072656769737465720000000010B504460E
:107F000090F8450050B194F84400002804F148006E
:107F100002D0E9F73FFD01E0E9F738FD94F84600AB
:107F200028B104F1D000BDE81040E9F737BD10BD1D
:107F3000704770477047F0B581B01546DDE90672AD
:107F40000E4689681C467AB1814204D0406849686F
:107F5000E9F75AFE60B931462A462346069701B032
:107F6000BDE8F04000F088B8406849688842F2D027
:107F700001B0F0BD2DE9F0411646069A0C4689681D
:107F8000984607468AB1B94230D07D68496828468C
:107F9000E9F73AFE50B32068B8420ED0416828464F
:107FA000E9F732FE48B1BDE8F08178684968884257
:107FB0001CD0216849688842F5D12069B04220D0A0
:107FC0006069B0421DD0D4E90901C4F820800131B4
:107FD00001286661A16205D1A069022804BF0120C1
:107FE00084F836000420E062BDE8F0816068B042A9
:107FF000D9D1E06901281CBFC4F81C80BDE8F0811C
:10800000D1E7B8F1010F18BFBDE8F081012020626F
:10801000BDE8F08180B5D1F824E0BEF1000F10D0AA
:10802000D1F814C0886B844502D1086990420FD002
:108030000EF10100486202208861012081F83600BB
:1080400080BD886B8B61C1E904200120486280BD3E
:108050008869022804BF8B6180BDF1E780B5D1F843
:1080600008C0D0F804E0DCF80400864518BF80BDE5
:10807000BDE88040FFF7CEBF80B548684FF0010EE5
:10808000984281F835E000D080BD0B69DDF808C06A
:1080900081F834E02BB193420FD0486A0130486236
:1080A00017E00120BCF1010F0A61C1F818C0486255
:1080B000EAD1086B01280CD0E6E78A69022A04BFDE
:1080C000C1F818C06246086B012818BF80BD012A9C
:1080D000DAD1012081F8360080BD2DE9F04190B061
:1080E000054640684B68984233D041F20833144645
:1080F000C0F6020341F21432C0F6020208461946E5
:108100000023002702F0EAFB20B3276837B30DF104
:108110000408064608F104003821E8F768FB4FF030
:10812000FF300490012031688DF83B000D900395DD
:10813000CD69304641463A4601230196A847079843
:108140000138B0FA80F04FEA501704BF059820605C
:1081500000E00127384610B0BDE8F081E8F7EEFEF8
:108160002DE9F04383B0DDE90A940E46896898460C
:108170001546074684B1B94204D078684968E9F7E2
:1081800043FD68B931462A464346CDF8289003B0EE
:10819000BDE8F043FFF770BF786849688842F1D0C6
:1081A000B8682A46016843464F693146CDE90094D4
:1081B000B84703B0BDE8F0832DE9F04383B0DDF8A4
:1081C00028900C46896898461546B9F1000F074675
:1081D0002FD0B9423FD07E6849683046E9F714FD98
:1081E000C8B32068B84204D041683046E9F70CFDB6
:1081F00038BB2069A84237D06069A84234D0E06A11
:10820000C4F82080042837D00020A086B868012652
:1082100001682A464F6921462B46CDE90069B847D7
:1082200094F8350030B394F834000321E16280BB48
:1082300022E07868496888420DD021684968884200
:10824000D7D0B8682A46016843468F692146CDF8E1
:108250000090B8471DE06068A8421AD1E069012883
:1082600018BFC4F81C8014E0B8F1010F04BF01204E
:1082700020620EE00420E062D4E909016561013169
:108280000128A16205D1A069022804BF012084F859
:10829000360003B0BDE8F08380B5D1F808C0D0F84F
:1082A00004E0DCF804C0E64507D08068D0F800C0E0
:1082B000DCF81CC0BDE880406047BDE88040FFF7A7
:1082C000A9BE000080B582B00190019800F002F8CC
:1082D00002B080BD81B00090002001B07047002046
:1082E00070470022CB10002948BFA2EBE1031946DA
:1082F0006FF35F21B1F5807F88BFC1F50071006B1E
:10830000012818BF1946FF29A8BFFF21084670475A
:10831000BFB5044600682146826E02AD28469047EC
:10832000002069460090A06801902846F9F7C2FD38
:1083300020682946026920469047BFBD0021416060
:108340000160704789680022026041607047000048
:108350007FB5044600686E460D462146826E304663
:10836000904702A82946324600F0A7FEA06A0028DE
:1083700057D00168CA68211D9047002851D0BDF927
:108380000C1001294DDBBDF90E20012A49DB2548DF
:108390000068012823D0002843D1BDF80A0002ADAF
:1083A00081180EB200B2B0423BDAEDF76FFBBDF8B8
:1083B0000E1038B9012905D008B201304008ADF8D7
:1083C0000E00F2E7BDF80A0008440144ADF80A00C7
:1083D00009B2B142C4BF311AADF80E10E2E7BDF8E0
:1083E000080002AD01440EB200B2B04219DAEDF756
:1083F0004DFBBDF80C1038B9012905D008B2013089
:108400004008ADF80C00F2E7BDF80800084401444C
:10841000ADF8080009B2B142C4BF311AADF80C1072
:10842000E2E77FBD1003002090F826007047383047
:1084300001F09AB9006B704710B504460068D0F897
:10844000B0102046884740B194F8250028B1206834
:1084500041692046BDE81040084710BD90F86E0005
:108460007047806E704702207047F0B500200224EC
:108470009842A4BF0020F0BDC51895FBF4F606EBAA
:10848000860532F815708F4201D2701CF0E7334632
:10849000EED802EB45000230F0BD826C02B3A1F2CF
:1084A00021639BB2192B05D8D06800EBC10043F2C1
:1084B000081109E0A1F241639BB2092B06D81069AB
:1084C00000EBC10043F20821401A7047A1F271632A
:1084D0009BB2622B04D8D38B13B15269FFF7C5BF8F
:1084E000002070471088984205D802EB810030F8D0
:1084F000040C984201D20020704770B500208CB265
:1085000081B2A14210D214FA80F525F0010132F8AF
:10851000116069089E4201D2481CF1E7EFD845F08E
:10852000010032F8100070BD002070BD90F82C10D2
:1085300000200C2938BF0120704790F82C000C2136
:108540000B30B0FBF1F101EB4101A0EB81000130F8
:10855000704790F82C00704790F82D00704790F805
:108560002E00704780B588B00690ADF816100492C2
:1085700006980190049820B1FFE70498007B20B989
:10858000FFE700208DF81F0036E00198006A009098
:10859000049801F02BFC0146009800EB8100039049
:1085A0000498007BADF80A00FFE7BDF80A00012837
:1085B0001EDBFFE7BDF8160003990988884205D144
:1085C000FFE7039880788DF81F0015E0BDF81600CE
:1085D00003990988884201DAFFE709E0FFE7BDF85F
:1085E0000A000138ADF80A00039804300390DCE774
:1085F00000208DF81F00FFE79DF91F0008B080BD27
:1086000081B000900098406A01B0704786B0059034
:10861000049105980499039103990988029103999B
:108620004A88029941EA02410291C0690190019889
:1086300004998988C1F3C42150F821000090009862
:108640000299084406B0704781B000900098806A93
:1086500001B0704780B5054800680168D1F8AC10DA
:1086600088470138B0FA80F0400980BD8C8C00202A
:108670001CB5C468008A009001EB4200DDE90513D7
:108680002246F9F74FFD1CBDF9F77ABEF0B585B06B
:10869000044691F82800FF2823D101F126060D4653
:1086A00002A8314600F0CEFDBDF80C70304600F057
:1086B00083FE80B2874214D1BDF80E70304600F0C0
:1086C000E5FE80B287420CD1DDE902012060002086
:1086D000616069460090A86801902046F9F7EAFBBE
:1086E00002E000206060206005B0F0BD0146263049
:1086F000C96A09B1F6F784B9F6F791B92DE9FF41D6
:10870000054690F82800C0B10DF108080C4629462E
:10871000404600F071FFF6F793FF07462846FFF743
:10872000E5FF396842462346CE6895F82810CDE922
:10873000000105F126013846B047BDE8FF81000081
:1087400081B00090002001B07047000082B001901D
:1087500000910199009880888880012002B07047BC
:1087600081B0009001B070478088704781B0009060
:108770000098C06C01B0704781B000900098C06C48
:1087800001B0704781B000900098006D01B0704753
:1087900080B582B00190019800F03AFF02B080BD30
:1087A00080B582B00191FEF7A9F902B080BD00004A
:1087B0002DE9F04F8DB0054627480C46A98D00885D
:1087C000814246D205F12806304601F0D7FB002849
:1087D0003FD00746D5F8309095F836A0304601F0E6
:1087E00067FB83460494AC6BB5F83480304601F0E7
:1087F00081FB8DF82100E86B8DF82EA0ADF82C8060
:10880000CDE909498DF820B007970C9095F837000D
:108810008DF82F00F6F714FF074605A8294600F04B
:10882000EBFE304601F0F2FB04462868C16F284693
:10883000884706462868D0F8801028468847DDE932
:10884000051207AB039038468DE85800049BF7F7F4
:10885000B3FA0DB0BDE8F08F9C8C0020002242607E
:10886000026091F82620FF2A00D070478968416095
:10887000704790F8261029B190F8251011B10168C1
:10888000496908477047BCB50446086849686D46A1
:10889000CDE9000120682946C26A20469047F6F7D4
:1088A000CFFE0168A26A94F826304C6A2946A04798
:1088B000BCBD0000102984BF00207047DFE801F034
:1088C0000B0D0F11111111090909090911111111CC
:1088D0001100082070471020704718207047202092
:1088E0007047114902A040F20932E7F79FFE00BF2E
:1088F00066616C73652026262022556E7375707034
:108900006F72746564206269746D617020666F7245
:108910006D617420696E2067657442697444657086
:1089200074682829220000005F3902082DE9FC4103
:1089300007460848984615460E460489EDF776F82E
:10894000CDE90040384631462A46434600F004F857
:10895000BDE8FC8104030020B0B504981C4600FB70
:1089600002150599FFF7A6FFC00805FB0040B0BD42
:1089700081B00090002001B07047000081B00090ED
:108980000098C08801B0704780B50268D2689047EF
:1089900030B1817A407B00F0800041EA400080BD28
:1089A000002080BD81B00090002001B070470168B8
:1089B000096B084781B000909FED010A01B0704734
:1089C0000000000082B080B586B00993089205903F
:1089D0000491059808A90391049A03990191019BB8
:1089E000002100F0D9F8ADF80A00BDF80A0006B081
:1089F000BDE8804002B0704781B080B587B0099370
:108A000006908DF817100492069809A903919DF815
:108A10001710049A039B0193019B00F0BDF8ADF879
:108A20000A00BDF80A0007B0BDE8804001B07047F9
:108A300081B000900098807A00F07F0001B070470C
:108A400081B000900098807AC00901B070470000A2
:108A500081B000900098008A01B0704781B000900A
:108A60000098C08901B0704782B02DE9F0439DB0F5
:108A70000446CDE9242324A80DF10C09EDF73FF9B4
:108A8000EDF710F9EDF7E4F8ECF7C9FF002000214D
:108A90002246029002AE48463346F4F703F947F601
:108AA000FF752FB278B10A280AD0029840B1E58844
:108AB00001F0A7F9281A00B2B842B8BF07463D46F0
:108AC000EDF707F8EDE738461DB0BDE8F04302B01A
:108AD000704782B02DE9F0439DB00446CDE92423D0
:108AE00024A80DF10C09EDF70AF9EDF7DBF8EDF725
:108AF000AFF8ECF794FF0027029702AEECF7E9FF1E
:108B0000B0B10A28FAD002980028F7D0E58801F021
:108B100078F90299281A3FB2CA79497B104401F0CA
:108B2000100100EB011000B2B842C8BF0746E5E7EC
:108B3000B8B21DB0BDE8F04302B0704782B02DE975
:108B4000F0419CB00646CDE9222322A888461B901E
:108B500002AC2046F4F744FD30681B9FC16C3046E0
:108B6000884705463068016D3046884700902046AA
:108B700041463A462B46F3F72AFD01252046F3F7F6
:108B800086FD18B10A2808BF0135F7E7A8B21CB066
:108B9000BDE8F04102B070472DE9F0479AB001AE50
:108BA0000546984691468A463046F4F719FD2868EE
:108BB000C16C2846884707462868016D28468847C3
:108BC00000903046494642463B46F3F700FD0024FC
:108BD0003046F3F754FDA7B258B93046294647F658
:108BE000FF725346F7F76DF901B2B942C8BF0446A8
:108BF000EEE738461AB0BDE8F087000081B000907B
:108C0000002001B07047417A8088084480B27047E4
:108C100081B00090002001B07047000080B588B09E
:108C20000690ADF8161006980190BDF8160018B918
:108C3000FFE70020079011E00198002104918DF8D2
:108C40000F10BDF816100268D2F808C004AA0DF182
:108C50000F03E047029002980790FFE7079808B0DB
:108C600080BD000081B000900098808801B07047FE
:108C7000D1E9191242600160704700002DE9F04F00
:108C8000A3B0866A044603AF0D463846214600F07D
:108C9000B3FC2068416E20468847009005A8314605
:108CA0003A462B46F9F796FD00200390206C0128E8
:108CB0003AD1D4E90B01626C636D0DF10C0B101A03
:108CC000591A5A46FAF7C9F9616C626D05AD8046CA
:108CD0002846F9F789FCA16CA26D2846F9F732FC09
:108CE000E56E0DF1040AB42D3EDAA8EB050738460F
:108CF000FAF780F90290584602A900F005FC0646F2
:108D0000D4F834903846FAF70FFA01905846514695
:108D100000F0FAFBA26B09EB0601121A05A8F9F79D
:108D200011FCE06E0544DEE7616C626D05AD28461E
:108D3000F9F75AFCA16CA26D254E2846B047E16CAC
:108D4000E26D2846B047216D226E2846B04705AC3B
:108D5000FF212046F9F790FC05462046F9F7A6FDCD
:108D6000284623B0BDE8F08FE16CE26D05AD2846E2
:108D7000F9F7E8FB216D226E2846F9F7E3FB4FF087
:108D8000B40B03AF0DF1040AE06EABEB000BBBF1CB
:108D9000010FDCDB0BEB08063046FAF72BF90290EB
:108DA000384602A900F0B0FB0546D4F82C903046B6
:108DB000FAF7BAF901903846514600F0A5FB226B4C
:108DC00009EB0501121A05A8F9F7BCFBDCE700BFA7
:108DD000452501082DE9F04786B0044690F82600A5
:108DE000002800F0EA8020682146826E04A890479F
:108DF000E26A636B6FF01F062021E06B92FBF1F5D6
:108E000093FBF6F690FBF1F1AD1948BF6D42B5EB5F
:108E1000410F0FDBD4F83090A66B20276FF01F05B1
:108E2000490099FBF7F796FBF5F57F1948BF7F429C
:108E30008F4203DA2068026904A9BCE000EB40011C
:108E40004FF0000C1F250331ACEBA10705EBA1018E
:108E50004909B0F1FF3FB8BFACEB571106EB090071
:108E6000BDF914C0BDF916800225202790FBF5F04E
:108E700000B290FBF7FA981890FBF5F0C44500B2E9
:108E800090FBF7F007DA00EB010E401A93420BDA81
:108E90004E450CDB4BE00AEB010EAAEB01079342B7
:108EA00024DA4E4525DB61E041D04E453FDDBDF87B
:108EB0001210BDF81020ADF80000ACEB0000ADF8CA
:108EC00002A0AAEB01031044ADF80A10ADF8082087
:108ED000ADF80E30AEEB0203ADF80400ADF80C3087
:108EE000A8EB0A031944ADF806105CE03ED04E45ED
:108EF0003CDDBDF81210BDF81020ADF80000ADF853
:108F00000270AEEB0103ADF80820ADF80A10ADF821
:108F10000E30831AADF80C30ACEB0003A8EB070061
:108F20001A440844ADF80420ADF806003BE0BDF853
:108F30001210ADF80800ACEB0000ADF802A0AAEBEF
:108F40000102ADF80A10ADF80E20BDF81020104453
:108F5000ADF80020ADF80C00A8EB0A000844ADF80D
:108F60000600AEEB0200ADF804001CE0BDF81010E6
:108F7000BDF81230ADF80A70ADF80000421AADF835
:108F80000810ADF80230ADF80C20A8EB07021A4427
:108F9000ADF80E20AEEB0302ADF80620ACEB0002FC
:108FA0001144ADF804102068026902A920469047D8
:108FB0002068694602692046904706B0BDE8F08700
:108FC0000A88038893420ED14A88438893420AD183
:108FD0008A888388934206D1C988C088401AB0FA2B
:108FE00080F0400970470020704770B5B1F9044027
:108FF00002460120012C21DBB1F90630012B1DDBDB
:10900000B2F90000B1F90060864205DBB2F9025006
:10901000B1F90210A94201DA002070BD34449688EB
:1090200024B2304406B20020B44207DCD28819448E
:1090300009B22A4412B29142D8BF012070BD10B5C6
:10904000B1F900208B8813441CB2B0F90030A34260
:1090500015DA848823441BB2934210DDB1F9022053
:10906000C988B0F9023011440CB20021A34207DADA
:10907000C088184400B29042C8BF012100E000211E
:10908000084610BD0346B0F90000884213DC10B555
:109090009C88204400B28842BDE810400BDDB3F943
:1090A00002100020914205DCDB88194409B291428C
:1090B000C8BF012070470020704780B50B68496821
:1090C000416011460360F8F7F5FE80BD80B5FFF7FB
:1090D00077FF80F0010080BD91F82820FF2A03D09F
:1090E000002141600160704780B5263100F0AAF888
:1090F00080BD90F8281029B190F8251011B10168B1
:10910000496908477047F0B58BB0054600200F4607
:109110002C46CDE9080054F8260BC26A08A9284657
:10912000904704A8214600F037F9DDE90401CDE9B4
:10913000060106AE39463046F8F7BCFEBDF91C0004
:10914000012813DBBDF91E0001280FDBF6F778FAC2
:109150000168BDF92020BDF922308F6895F82810EC
:1091600001250295CDE900612146B8470BB0F0BD5D
:1091700082B00190ADF8021047F67C30C2F20000D8
:10918000006847F68031C2F200010968BDF802208C
:1091900051F8221000EB410002B07047018A3822DA
:1091A000408A02EA912141EA50307047B0B5CE4D75
:1091B0000446A86800283ED0698822888A4220D2C6
:1091C00002EB820100EB8101486880B32B698BB30D
:1091D00053F8222072B30846FFF7E0FF0B3818BFA0
:1091E00001202388A9682A6903EB830401EB840129
:1091F0000C89498904FA00F0484352F823100330DF
:1092000011E0A8880844904211D9501AE968ECF797
:10921000E1FB0ED00B290AD1018940894843296915
:10922000033051F8221020F003000844B0BD0020A4
:10923000B0BD0D30B0BDAF48AF4940F6AB02E7F767
:10924000F5F900BF10B5A84A936893B3548809880C
:10925000A1420DD201EB810103EB8101CA680260DA
:109260004A8A098A6FF35F326FF35F31C2801AE076
:10927000938823448B420BD9091BD268C1EBC101EF
:1092800052F8113002EB410149680360416010BDA2
:109290004FF6FE72914208D1002101600849098809
:1092A000C18008490988818010BD002141600160AA
:1092B00010BD9048904940F66C02E7F7B7F900BF3F
:1092C0000A0300200803002087498A688AB34B8874
:1092D0000088984212D200EB800002EB8000028AE4
:1092E00001896FF35F328A4219D3428A4189002093
:1092F0006FF35F328A4238BF012070478A881A4470
:1093000082429CBF00207047C01AC968C0EBC000F1
:1093100001EB40000189B0F904208A4201DA012002
:1093200070474189B0F9062000208A42B8BF012069
:1093300070477048704940F68502E7F777F900BF3B
:1093400010B5694B9A680AB35C880188A14205D2BE
:10935000186958B150F8210040B110BD98882044D8
:10936000884208D9186900EB81000DE001EB81000B
:1093700002EB800008E04FF6FE7081421CBF002027
:1093800010BDED4800684830006810BD59485A4982
:1093900040F69402E7F74AF970B5054608460C46D0
:1093A00000F00AF80646204600F070F8E880002039
:1093B000AE80286070BD00004B498A6822B34B889C
:1093C0000088984204D200EB800002EB800009E0A4
:1093D0008A881A44824208D9C01AC968C0EBC00002
:1093E00001EB4000008900B270474FF6FE718842E1
:1093F00008D13E483E4AD1490068002808BF0A46C5
:109400001088F0E70020EEE73A483B4940F6460274
:10941000E7F70CF9B0B5344DA96889B304466A88FA
:109420000088904211D200EB800001EB8000FFF732
:10943000B5FE296919B3228851F82210F9B1A0F1BB
:109440000E01032938BF0846B0BDA98811448142E6
:1094500009D9801AE968C0EBC00001EB4000007B2D
:1094600000F01F00B0BD4FF6FE71884206D1F6F73E
:10947000E7F80168096BBDE8B04008470020B0BDBF
:109480001C481D4940F6DC02E7F7D0F816498A6807
:1094900022B34B880088984204D200EB800002EB94
:1094A000800009E08A881A44824208D9C01AC96833
:1094B000C0EBC00001EB4000408900B270474FF69E
:1094C000FE71884208D109489C4A09490068002871
:1094D00008BF0A461088F0E70020EEE70548064975
:1094E00040F65902E7F7A2F8D80200201003002046
:1094F0000E03002015350208A535020881B0009042
:109500000098006801B07047E0B50968006801ABD9
:109510004FF40042F9F73EFD8CBD000083B002908D
:109520000298009041680020019099B1FFE70099EE
:109530008868CA6802F001010143002818BF0120B1
:10954000002A18BF0122002918BF01211140084339
:109550000190FFE7019800F0010003B07047E0B50B
:10956000002182680091016801920A69694690476A
:109570008CBD000081B00090009890F8240000F0AD
:10958000010001B07047B0B5ECF73AFAB4F9040045
:1095900001280BDBB4F90600012807DB686928B154
:1095A00001688A6A2146BDE8B0401047B0BD00009E
:1095B000B0B5ECF725FAB4F90400012810DBB4F9D2
:1095C000060001280CDB686928B101680A69214698
:1095D000BDE8B0401047074800680430A84200D0FA
:1095E000B0BDF1F7D1FD0368216862681B6CBDE86E
:1095F000B0401847C402002080B5024600208B68A6
:10960000106008685360C36A08461146984780BDD9
:1096100080B582B001900198009090F82500C007B5
:1096200028B1FFE70098016849698847FFE702B061
:1096300080BD82880B881A444B880A80C2884069A2
:109640001A444A8010B10268D26A1047704700007D
:1096500081B00090009890F8250000F0010001B062
:10966000704700207047FCF733BA00002DE9F04F37
:1096700087B00191106851681546CDE9040118685A
:109680005968CDE9020104A8F5F7A4F802A8294613
:10969000F5F7B2F8BDF90870BDF81000BDF90A6021
:1096A000BDF91420BDF90CB0BDF90E50384400923C
:1096B000ADF80800BDF812003044ADF80A001E48AD
:1096C000ECF7BBFADFF874A0BDF90820BDF90A3049
:1096D000BAF8001003FB012200EB420401FB05F085
:1096E000019904EB40090020A0EB8B08A0EB4B058F
:1096F000009816FB007001EB80074C4515D204EB77
:109700004B06B44205D201CFFBF770F924F8020BE7
:10971000F7E7BDF9141007EB080000EB8107BAF872
:109720000010601900EB4104E7E70348ECF775FA15
:1097300007B0BDE8F08F00BF8C8C00200C03002028
:10974000102070477949828D09888A4224BF002001
:109750007047283000F0ACBB80B582B00191F8F7BB
:109760009FFB02B080BD00002DE9FC4104466F481C
:10977000ECF77CFA24BF0020BDE8FC8104F1280648
:10978000304600F0FBFB0546304600F0B3FB804658
:10979000304600F03BFC0646ECF7E4FA0746ECF7EF
:1097A00060F9296832463B46CC690090284641461C
:1097B000A047BDE8FC8100BF81B000900098283030
:1097C00001B070470020704781B00090002001B0C8
:1097D0007047000070B50446ED48ECF747FA24BF27
:1097E000002070BD04F1280000F010FC0546ECF7E5
:1097F000B9FA0646ECF735F90346206829463246A1
:10980000D0F878C02046BDE8704060471CB50446DB
:1098100090F8360018B3DE48ECF728FA1FD2B4F9F6
:10982000080001281BDBB4F90A00012817DB04F14A
:10983000280000F0EBFBB4F94610002910D4B4F96D
:10984000441000290CD4A16C814209D1D4E9101232
:109850002068CDE9001202696946204690471CBD88
:10986000206841692046BDE81C40084782B02DE9C8
:10987000F04F9BB00546C648CDE924238946A98D03
:109880000088814246D224A805F128071A9038465C
:1098900000F074FB06460068816B304688470DF186
:1098A000040804464046F3F79BFE3068DDF868A0E4
:1098B000C16C3046884783463068016D3046884722
:1098C00000904046494652465B46F2F780FED5F886
:1098D0003C90384600F00EFB0646384600F04EFB42
:1098E000034695F8370029893246081A494600B2DE
:1098F00000904046F6F7AEFAB5F9341000B201FA1E
:1099000084F2012A08DB00FB04F289B2013801FB72
:10991000002404E0002402E00028D8BF002420B284
:109920001BB0BDE8F04F02B0704700BF9C8C002018
:109930002DE9F04FABB08246CF488B46898D008829
:10994000814273D20BF12804204600F017FB074632
:109950002046079400F05AFB04463868816B38466D
:109960008847BBF83410069001EB0008DBF83C1088
:1099700012A8002960D0F3F733FE3868C16C38466E
:10998000884706463868016D38468847ECF71DFA67
:109990008146ECF73CFACDE9009012A82146324608
:1099A0002B46F2F70BFEDBF8380040F002010BF11A
:1099B0000800022914BF0BF10A020246148802298A
:1099C00008BF0BF10A0005889BF83760079800F084
:1099D00091FABBF93410DBF83C20CDE90007A01B5D
:1099E0000DF120092B46CDE9021282B212A9484698
:1099F000F7F7FEFB002600244846F7F7C1FA20B22D
:109A0000BDF84240A042C8BF0446BDF82000013660
:109A100000285AD09DF84600002856D1387AA5EB88
:109A2000080500FA85F00028E6DC4EE04FF0FF3133
:109A30000020CAE90001A6E0F3F7D2FD3868C16C46
:109A40003846884781463868016D38468847ECF7C4
:109A5000BCF90646ECF7DBF9CDE9006012A8214617
:109A60004A462B46F2F7AAFDDBF83800CDF814A0E1
:109A70000DF148094FF0000A40F00200022814BF1F
:109A80000BF108000BF10A0005880026079800F08A
:109A900031FA03464846394647F6FF72F6F711FA9F
:109AA00004460FFA8AF0A042C8BF04464846013671
:109AB000F2F7E5FD38B9387AA5EB0805A24600FAB9
:109AC00085F00028E2DCDDF814A0BBF8341006FBBA
:109AD00008F0069A401A01B210B28142C8BF084687
:109AE000DBF83820797A42F00202022A14BF0BF127
:109AF0000A020BF10802B2F900604518DBF8000019
:109B0000C16E58468847012807D002280BD19BF820
:109B10003710B0B22144401A07E020B20221301AB7
:109B200090FBF1F001E09BF83700FA7A3B7B811A59
:109B30001019DBF838201844032A08D0022A0ED066
:109B4000012A14D1BBF808200C46561B04E0BBF8D0
:109B50000A2001440026541A294605460AE0BBF8AB
:109B60000A200144541BBBF80820561A01E00E4697
:109B7000002401460798C1EA054500F047FAC6EA05
:109B80000441CAE90015CAF808002BB0BDE8F08FFF
:109B90009C8C00202DE9F04F8FB00446D148A28D57
:109BA0000088824265D208684E6804F12805CDE934
:109BB0000C06284600F02AFAB4F94620310C002A97
:109BC00012D4B4F94420002A0ED4A26C82420BD1E4
:109BD000D4E91001CDE906010CA806A9F8F76AF945
:109BE000BDF83610BDF8346030B2012841DB08B250
:109BF00001283EDB284600F0C1F9D0B306462068B4
:109C000094F83680D4F83090C16E2046884782465A
:109C1000D4F838B0A78E284600F06CF98DF81D00F6
:109C2000E06B8DF82A80ADF82870CDE908B98DF881
:109C30001CA006960B9094F837008DF82B00F5F7D2
:109C4000FFFC064604A82146FFF7D6FC284600F094
:109C5000DDF90546ECF786F80746EBF702FFDDE98C
:109C6000041206AB039030468DE8A8000CABF6F763
:109C7000A3F80FB0BDE8F08F9C8C002042697AB148
:109C8000F0B59388CC1A09D4008B431E84420ED3BE
:109C9000C3EBC300EBF7A7FE002803DD0020F0BDF7
:109CA000002070470225C41848BF93FBF5F4002636
:109CB00002259E42F2DCC4EBC40002EB4000878820
:109CC0008F42ECD010D9B442E8DD631EC3EBC30071
:109CD000EBF789FE1844A042E0DA9C19B042B8BF05
:109CE00094FBF5F00446E4E79C42D7DA661CC6EB29
:109CF000C600EBF778FED1D48419F0189C42C8BF97
:109D000090FBF5F4D5E7F8B5002631B30A2924D045
:109D1000054642F20B0081421FD04FF6FF608142A0
:109D20001BD028461C461746FFF7A8FF064648B931
:109D3000286801692846884701462846FFF79EFFA4
:109D4000064660B128683146C26D284690473860A3
:109D50002868C16B2846884720703046F8BD002629
:109D6000FBE70021416001607047B0B58D6A044691
:109D70000020606020602DB1291D2046F8F734F8DE
:109D8000AD69F8E7B0BD90F8252062B3FEB5846AEE
:109D90003CB30E684F686D461CB394F82500F0B1D3
:109DA000211D2846CDE90067F8F784F8BDF90400C5
:109DB000012814DBBDF90600012810DBA088BDF8DE
:109DC0000010081ABDF80210ADF80000E088081A6B
:109DD0002946ADF802002068826820469047A469B1
:109DE000DAE7BDE8FE4070470120704781B000907F
:109DF0000099C87A497B01F0070140EA012001B0CF
:109E00007047017A407B00F02002400641EAC2011F
:109E100048BF01F57E4108B27047000082B0019052
:109E2000ADF80210019ABDF8020041F65C0100FB9A
:109E30000120083002B0704781B00090012001B0CD
:109E40007047000082B00190ADF802100198BDF893
:109E5000021000EB0110083002B0704781B0009092
:109E6000012001B07047000082B00190ADF80210EF
:109E70000198BDF8021001EB410100EB81000830B0
:109E800002B0704781B00090012001B0704700001F
:109E900081B000900098818848F69C40C2F2000092
:109EA000028800209142B8BF012001B07047000035
:109EB0000B49096879B10B4A8088128890423FBFEC
:109EC00001EB4000407800F0030070470648074966
:109ED0008522E6F7ABFB064804498422E6F7A6FB99
:109EE000988C00209C8C002077270208D03A02082A
:109EF0003527020880B584B003900398029048F695
:109F00009840C2F20000006808B1FFE70AE042F2A0
:109F10003570C0F6020042F2E271C0F602019022F2
:109F2000E6F784FB48F69840C2F200000168002082
:109F3000019019B1FFE701200190FFE70298019914
:109F4000FFF7A6FF08B1FFE70AE042F27770C0F61C
:109F5000020042F2E271C0F602019122E6F766FBCE
:109F6000029948F69840C2F200000068898800EB28
:109F700041004078C0F3810004B080BD80B584B05A
:109F800003900398029048F69840C2F200000068DF
:109F900008B1FFE70AE042F23570C0F6020042F273
:109FA000E271C0F602016C22E6F740FB48F69840E9
:109FB000C2F2000001680020019019B1FFE7012002
:109FC0000190FFE702980199FFF762FF08B1FFE7F0
:109FD0000AE042F27770C0F6020042F2E271C0F687
:109FE00002016D22E6F722FB029A48F6A040C2F277
:109FF0000000006848F69841C2F2000109689288A2
:10A0000011F8121050F8210004B080BD80B584B062
:10A0100003900398029048F69840C2F2000000684E
:10A0200008B1FFE70AE042F23570C0F6020042F2E2
:10A03000E271C0F602016022E6F7F8FA48F69840AD
:10A04000C2F2000001680020019019B1FFE7012071
:10A050000190FFE702980199FFF71AFF08B1FFE7A7
:10A060000AE042F27770C0F6020042F2E271C0F6F6
:10A0700002016122E6F7DAFA029948F6A440C2F238
:10A08000000000688988FFF773F804B080BD000005
:10A0900081B000900098006801B0704700A0704740
:10A0A0007374643A3A6261645F6578636570746979
:10A0B0006F6E0000042100F0D9B8704770470000AF
:10A0C00080B5804704A000F0BCFD00F051F90CA061
:10A0D00000F0B7FD00F032F97465726D696E61745D
:10A0E000655F68616E646C657220756E6578706519
:10A0F000637465646C792072657475726E65640052
:10A100007465726D696E6174655F68616E646C65BB
:10A110007220756E65787065637465646C792074FF
:10A120006872657720616E20657863657074696F09
:10A130006E00000080B5804701A000F082FD00BFE6
:10A14000756E65787065637465645F68616E646C74
:10A15000657220756E65787065637465646C7920CE
:10A1600072657475726E65640000000040F2100044
:10A17000C2F200000068704740F21400C2F2000012
:10A180000068704710B500F06EFA08B104681CB999
:10A19000FFF7ECFFFFF794FF04F12800EEF7D3F987
:10A1A0000028F5D06069FFF78BFF00F0C7F80000CA
:10A1B00082B001908DF80310019804389DF90310C6
:10A1C00002B0EFF7EDBE000080B584B0844606987B
:10A1D000CDF80CC08DF80B108DF80A208DF80930E1
:10A1E0008DF80800039804389DF90B109DF90A209A
:10A1F0009DF909309DF908C0EE46CEF800C0EFF792
:10A20000DDFE04B080BD000082B001908DF8031027
:10A21000019804389DF9031002B0EFF7F9BE000071
:10A2200081B000900098043801B0EFF727BF00001C
:10A2300082B0009000980190043802B0EFF72ABF76
:10A2400082B00191009000980838019902B0F3F7AC
:10A25000A3BB083800F008B882B0009000980190C5
:10A26000083802B0F3F7D2BBE6F7C3B8FFF7FCBF7C
:10A2700081B00090009800280DD4FFE7009901F00C
:10A280001F02012090404A094EF20011CEF2000157
:10A2900041F82200FFE701B0704700004EF60C5075
:10A2A000CEF200000068C0F30220704782B0019037
:10A2B00000910198002809D4FFE700980001019956
:10A2C0004EF20042CEF2000288540AE000980001EB
:10A2D000019901F00F014EF61452CEF2000288549B
:10A2E000FFE702B07047000083B00290029800F0D0
:10A2F000070000904EF60C51CEF200010868019064
:10A3000001984FF6FF02104001900198009A40EA30
:10A3100002200022C0F2FA52104301900198086016
:10A3200003B0704708461146EEF706BF08461146CF
:10A33000EEF702BF08461146EEF7FEBE80B500F00C
:10A3400017F8FFF71FFFB0B5873020F0070420464D
:10A35000EEF71DF9054630B128462146E6F747FAE3
:10A3600005F18000B0BDFFF70DFFFFF7E7FF00002C
:10A3700070B50546EEF7E7F8064600F06FF90446BB
:10A380002846283800BF7EB1C169002948BF49422C
:10A39000226801319042C1611CBF82612060616806
:10A3A00001396160C06C70BD2168002902BF206066
:10A3B00005F1580070BDFFF7E5FEFFF7BFFF10B5D0
:10A3C000044600F04BF9D4E9001244F64E43C0F2C3
:10A3D0004303090A83EA122341EA026142F62B325F
:10A3E000C4F2437251401943A4F128010AD154F830
:10A3F000042C1AB98368816044F8083C501C44F866
:10A40000040C02E0826812B98160012010BDFFF7E0
:10A41000B9FEFFF793FF00002DE9F04F87B020B998
:10A420000020FFF7A5FFFFF7ADFE0546FFF7A0FFF1
:10A430002846EEF788F8074640B16C6B55E9060BE5
:10A44000EE6AA5F1280A4FEAE47806E0FFF78EFEEF
:10A4500083464FF0000AFFF78FFEFFF76BFEFFF712
:10A4600087FF002F67D016F8011B06A80696EEF7A7
:10A4700095FA06980178FF295FD0CDE9034800F1ED
:10A48000010800204FF0000918F9011B01F07F02BC
:10A49000824049EA0209002900F10700F4D4CDF80E
:10A4A000188000F0E0F806680746002E45D006F157
:10A4B00028042046EEF747F8B6EB0A0118BF012141
:10A4C0000840C844DDF8109001281DD1D6F808A036
:10A4D000204603C800BF42F60132C4F22B3250407E
:10A4E00044F64762C4F24C325140084314BF06F1AF
:10A4F000800CD6F804C00398494642465346CDE93D
:10A5000000C5EEF723FB60B342F21060C0F6020014
:10A5100000F10806059641F22C33039805AFC0F60A
:10A52000020349464246CDE90075EEF70FFB38B10C
:10A5300005A8AFF3008000F046F85846FFF7C0FDCD
:10A5400000F041F80420FFF7FEFE066041F22C31D6
:10A550004AF2BB02C0F60201C0F6010200F0F1F8B7
:10A560000EE0F06979684042F061481C786000F0C4
:10A570002AF800F028F82046FFF7FAFE00F0B4F8B9
:10A5800005A8AFF3008001E000E0FFE700F01BF852
:10A5900000F058F8FFF7D2FE10B578B1044650F835
:10A5A0007C0C013844F87C0C08D154F8741C09B1B7
:10A5B00020468847A4F18000EDF7D9FF10BDFFF7D2
:10A5C000BDFEFFF7BBFEB0B500F04DF805460068D4
:10A5D000D0B1014651F8282F44F64E444B68C0F2E2
:10A5E0004304120A84EA132442EA036242F62B333C
:10A5F000C4F243735A40224307D1C169B1F1FF3F0E
:10A6000009DD0139C1610BD0B0BD0846EDF757F83F
:10A6100000202860B0BD0131C161F5D38069F8E741
:10A620008169296090F82810012905D14168A1F1BC
:10A630008004EDF79CFF20468030BDE8B040FFF776
:10A64000ABBF00001EB47446EEF745FAA646024CB6
:10A65000A4461EBC60470000A177000848F64C20C5
:10A66000C2F20000704748F64C20C2F2000070476A
:10A67000F0B581B00646A0F18007002014460D46D3
:10A6800046F87C0CFFF778FD46F8700CFFF76EFD7E
:10A6900046F86C0C44F6476042F6003148F6373213
:10A6A000C4F24C30C4F22B31C0F6000246E91E540D
:10A6B00046E91610384646F8502C01B0F0BD0000AF
:10A6C00080B501A000F0BDFA507572652076697200
:10A6D0007475616C2066756E6374696F6E2063615A
:10A6E0006C6C65642100000070B5FFF7B7FF05686A
:10A6F0002DB32C4654F8281F44F647636268C4F211
:10A700004C335A4042F6003321F0FF01C4F22B33A0
:10A71000594051EA020606D1E96942684942E961B5
:10A72000511C416001E0002101602046ECF7FCFF74
:10A730002046FFF71DFE16B96869FFF7C1FCFFF759
:10A7400021FD70B514460D460646FFF787FF4168A8
:10A7500022460131416030462946FFF789FF044611
:10A760000120606004F12800ECF7DEFF2046EEF7E0
:10A77000D2F8000080B582B0EDF786FA4AF6FC61A7
:10A78000C2F2000101910860EDF7E0FA019948601A
:10A79000EDF718FA01998860EDF706FC0199C86099
:10A7A000EDF736FB01990861EDF798FB01994861D7
:10A7B000EDF75EFC0199886102B080BD80B582B082
:10A7C00047F68430C2F200000190EFF7FBFC0199DC
:10A7D0004AF2FD10C0F6000040F20002C0F600028E
:10A7E000E5F71EFF02B080BD80B582B040F2443074
:10A7F000C2F200000190F3F7CBFE01994EF24560E2
:10A80000C0F6000040F20002C0F60002E5F708FFC3
:10A8100002B080BD80B582B047F68830C2F2000039
:10A820000190F0F74DFA01994AF66950C0F6000020
:10A8300040F20002C0F60002E5F7F2FE02B080BD71
:10A8400080B582B048F6C010C2F200000190FCF75B
:10A8500037F9019946F6E920C0F6010040F20002FE
:10A86000C0F60002E5F7DCFE02B080BD80B54AF21A
:10A870006140C0F6000040F20401C2F2000140F263
:10A880000002C0F60002E5F7CBFE80BD80B584B0C3
:10A8900069464FF4A0704860F020086048F6281020
:10A8A000C2F20000039047F68831C2F2000148F678
:10A8B000C012C2F2000247F68433C2F20003EEF780
:10A8C000CDFA039948F6C960C0F6000040F20002D4
:10A8D000C0F60002E5F7A4FE04B080BD2DE9F04308
:10A8E00085B00746884602A8394699461546EDF7D1
:10A8F0000EFE039E294630460022EDF743FD029CE2
:10A9000058B1049E3846214642462B46CDE900699F
:10A91000EDF793FD05B0BDE8F083384621462A46A1
:10A920003346CDF80090EDF7BEFD10B105B0BDE89F
:10A93000F0833846214642462B46CDE90069EDF7C3
:10A9400036FD05B0BDE8F08380B5084600F06DF92E
:10A950000921002808BF0521013818BF084680BD1D
:10A960002DE9F0418CB0074600294FF0030000F0BC
:10A9700086801546002A00F0828008460C46EDF7D6
:10A98000E2FD27F0080102295DD00646012907F003
:10A99000080727D0002943D1002F54D102A8012154
:10A9A000324623460095EDF707FE089808284AD05E
:10A9B000062864D100200B900BAF284600210D2201
:10A9C00000230097ECF708FF0B98206246B1079828
:10A9D000029904AF04F1240C8CCF8CE88D006163E4
:10A9E00006204CE00020D4F8208002900DF1080CE5
:10A9F000284600210D220023CDF800C0ECF7ECFE24
:10AA0000029880450ED156B304F124078FCF0790EA
:10AA100004A80EC0F817CDE902700620089028E0BF
:10AA200003202CE047F0020102A83246234600959D
:10AA3000EDF7C2FD0898082805D006281FD120464A
:10AA4000FFF7BDFC15E020462946FFF77DFF0146D4
:10AA5000052818BF0920002908BF08200FE002A818
:10AA60000621002223460095EDF7A6FD089806284A
:10AA700008D102AA20462946EDF755FF07200CB061
:10AA8000BDE8F0812046FFF773FCFFF77BFB000079
:10AA900080B582B001908DF80310FFE70198EAF7C6
:10AAA000C7FC08B9FFE7F9E701989DF80310EAF73A
:10AAB000C7FC02B080BD70B5054600681446426907
:10AAC00028460E46904740B128683146826928469C
:10AAD0009047C4E90001002070BD4EF27260CFF6CD
:10AAE000FF7070BD10B502680C46526A90476168ED
:10AAF0000020002904BF4EF26B60CFF6FF7010BD3E
:10AB000070B5054600681446826828460E46904790
:10AB100038B128683146C268284690472060002036
:10AB200070BD4EF27260CFF6FF7070BDB0B50446D6
:10AB300042F2C850C0F6020048F6A8420830C2F2FD
:10AB40000002C4E9000204F1080000254022A4F834
:10AB50004C5084F84E50E5F7A9FD04F150004FF435
:10AB60009971A564E5F743FE20460021FCF72BFF11
:10AB70000020B0BD80B50168896A88474EF27460D4
:10AB8000CFF6FF7080BD0168C96B08472DE9F04121
:10AB90000546006816464269284698460F46904783
:10ABA00048B128683946C469284632464346A0471A
:10ABB0000020BDE8F0814EF27260CFF6FF70BDE874
:10ABC000F08170B58AB00446006816468268204657
:10ABD0000D46904718B3206829460369204632463F
:10ABE0009847681C19D120686946426A20469047F8
:10ABF00020680021426B20469047049868B1206885
:10AC00006FF00101C268204690472168049A0B69E1
:10AC1000024420466FF001019847002003E04EF205
:10AC20007260CFF6FF700AB070BD01680A6A002139
:10AC30001047000080B582B00190E7F7F1FFFFE711
:10AC4000FEE780B5E6F77AF980B582B08DF80700A7
:10AC5000E7F79EF90021084600F062F80A2000900C
:10AC600000F092F90120FF2100F05AF8009800F05E
:10AC70008BF90220E02100F053F8009800F084F9ED
:10AC80000321084600F04CF8009800F07DF99DF88B
:10AC900007100520EBF78EFE009800F075F99DF87F
:10ACA00007100620EBF786FE009800F06DF99DF87E
:10ACB00007100720EBF77EFE009800F065F99DF87D
:10ACC00007100820EBF776FE009800F05DF99DF87C
:10ACD00007100920EBF76EFE009800F055F9E6F733
:10ACE000F1FF02B080BD000080B584B0ADF80E0069
:10ACF0000020C4F202000190102102910022E8F726
:10AD0000EDF99DF80F0000F075F89DF80E0000F0C9
:10AD100071F8019802990122E8F7E0F904B080BDCA
:10AD200080B584B08DF80F008DF80E100020C4F2AD
:10AD300002000190102102910022E8F7CFF99DF85E
:10AD40000F0040000130C0B200F054F89DF80E0032
:10AD500000F050F8019802990122E8F7BFF904B019
:10AD600080BD000080B584B0002202928DF80F20D3
:10AD70000020C4F202001021E8F7B0F902988DF823
:10AD80000E00FFE79DF80E0007282FDCFFE79DF877
:10AD90000F0040008DF80F000020C4F20200019067
:10ADA00020210122E8F79AF901984021E8F76EF98D
:10ADB00038B1FFE79DF80F0040F001008DF80F005B
:10ADC00006E09DF80F0000F0FE008DF80F00FFE791
:10ADD0000020C4F2020020210022E8F77FF9FFE7FB
:10ADE0009DF80E0001308DF80E00CBE79DF80F00A6
:10ADF00004B080BD80B584B08DF80F009DF80F00C1
:10AE00008DF80E000020C4F20200102100220292F0
:10AE1000E8F764F902988DF80D00FFE79DF80D0042
:10AE2000072830DCFFE79DF80E000006002808D553
:10AE3000FFE70020C4F2020080210122E8F74EF96A
:10AE400007E00020C4F2020080210022E8F746F962
:10AE5000FFE70020C4F202000090202101910122AE
:10AE6000E8F73CF9009801999DF80E2052008DF802
:10AE70000E200022E8F732F9FFE79DF80D000130BF
:10AE80008DF80D00CAE704B080BD000080B54AF619
:10AE9000E820C2F2000002F0E1FF0620FFF7D4FE36
:10AEA00080BD0368002B08D401230B60C179042303
:10AEB000043003EB810111607047C3F3036CBCF1F4
:10AEC000000F0FD0BCF1030F04D0BCF1010F1CBF69
:10AED00000207047C3F3074C042303EB8C034FF0AF
:10AEE000020C02E04FF0010C04231360C1F800C013
:10AEF0007047000080B582B0ADF806000420E9F785
:10AF000049FABDF806004AF6A401C2F20001086041
:10AF1000BDF80600009000984FF47A714843009005
:10AF20004EF21001CEF20001086840F00200086005
:10AF300000984EF21402CEF200021060086840F051
:10AF40000100086002B080BD80B582B0019004F0BD
:10AF5000E5F9012804D0FFE7019803F0FBF911E0BF
:10AF600000200090FFE700980199884209D2FFE78E
:10AF70004FF47A7000F008F8FFE700980130009075
:10AF8000F1E7FFE702B080BD86B005900020019098
:10AF90004EF21400CEF200000068009005984AF6C8
:10AFA000A401C2F200010968484304904EF218005F
:10AFB000CEF2000000680390FFE74EF21800CEF2D8
:10AFC0000000006802900298039988421ED0FFE7B3
:10AFD00002980399884207D2FFE703980299411A21
:10AFE00001980844019008E000980299401A0399DA
:10AFF0000144019808440190FFE7029803900198EA
:10B000000499884201D3FFE701E0FFE7D5E706B0E6
:10B010007047000080B582B00190009100984AF618
:10B020004001C2F20001884209D1FFE79DF80410F7
:10B0300041F20000C4F20100FFF72AFD11E0009880
:10B040004AF2EC71C2F20001884209D1FFE79DF893
:10B05000041041F20000C4F20100FFF719FDFFE700
:10B06000FFE7019802B080BD80B582B04AF6F0607B
:10B07000C2F2000069464860022008604DF6F910EF
:10B08000C0F6010042F69E71C0F602018022002344
:10B0900004F0BAF803F02AFB02B080BD80B582B09C
:10B0A00001909DF804104AF69400C2F20000E6F701
:10B0B00085FF02B080BD000081B08DF80300012043
:10B0C0008DF80200FFE79DF80300C00758B9FFE7BD
:10B0D0009DF8020001308DF802009DF80300400841
:10B0E0008DF80300EFE79DF8020001B07047000003
:10B0F00080B584B0ADF80E008DF80D109DF80D00F0
:10B10000E8B9FFE7BDF80E0005F014FC41EC100BA8
:10B110009FED251B53EC112B51EC100B05F01EFC81
:10B1200041EC100B51EC100B9FED210B53EC102B4D
:10B1300005F030FA41EC100B8DED000B2EE0BDF860
:10B140000E0005F0F7FB41EC100B9FED1B1B53ECC1
:10B15000112B51EC100B05F001FC41EC100B51ECE4
:10B16000100B9FED130B53EC102B05F013FA41EC71
:10B17000100B51EC100B9FED120B53EC102B05F044
:10B18000EDFB41EC100B51EC100B05F05FFB05F0F3
:10B19000BAFB41EC100B8DED000BFFE79DED000BB2
:10B1A00004B080BD00BF00BF9A9999999999494010
:10B1B00000000000E0FFEF4000000000000024401D
:10B1C0000000000000408F4082B0019001990020F3
:10B1D000009041B1FFE70198411E0840B0FA80F0AD
:10B1E00040090090FFE7009800F0010002B07047AE
:10B1F00082B0019001990020009041B1FFE70198D1
:10B20000411E0840B0FA80F040090090FFE7009826
:10B2100000F0010002B0704782B001900198C0F1C7
:10B22000140000900098152803DBFFE7142000901D
:10B2300009E0009810F1150F04DCFFE76FF0130030
:10B240000090FFE7FFE79DF9000002B070470000A3
:10B2500080B582B08DF803009DF80300012807D166
:10B26000FFE740F21801C2F2000101200870FFE779
:10B2700040F21800C2F200000078002800F00381BC
:10B28000FFE741F20000C4F202000821E7F7FEFEEA
:10B29000002861D0FFE70020C4F202004FF4004113
:10B2A000E7F7F4FE002857D0FFE740F20040C4F271
:10B2B00002004FF40061E7F7E9FE00284CD0FFE7F9
:10B2C00040F20040C4F202004FF48061E7F7DEFE76
:10B2D000002841D0FFE70020C4F202004FF4807143
:10B2E000E7F7D4FE012837D0FFE740F60000C4F2AC
:10B2F00002004FF40071E7F7C9FE01282CD0FFE7E8
:10B3000040F60000C4F202004FF48071E7F7BEFE81
:10B31000012821D0FFE741F20000C4F202008021A1
:10B32000E7F7B4FE012817D0FFE741F20000C4F2AE
:10B3300002004FF48071E7F7A9FE01280CD0FFE767
:10B3400041F20000C4F202004FF40071E7F79EFEE4
:10B35000012840F09880FFE70A20E7F797FC40F2C9
:10B360001801C2F200010020087041F20000C4F28E
:10B3700002000821E7F78AFE18B9FFE701200190D3
:10B38000F0E00020C4F202004FF40041E7F77EFE37
:10B3900018B9FFE702200190E4E040F20040C4F257
:10B3A00002004FF40061E7F771FE18B9FFE70320D0
:10B3B0000190D7E040F20040C4F202004FF48061F7
:10B3C000E7F764FE18B9FFE704200190CAE0002007
:10B3D000C4F202004FF48071E7F758FE012803D150
:10B3E000FFE705200190BDE040F60000C4F2020036
:10B3F0004FF40071E7F74AFE012803D1FFE706206A
:10B400000190AFE040F60000C4F202004FF48071FA
:10B41000E7F73CFE012803D1FFE707200190A1E0F8
:10B4200041F20000C4F202008021E7F72FFE01285C
:10B4300003D1FFE70820019094E041F20000C4F23C
:10B4400002004FF48071E7F721FE012803D1FFE7E6
:10B450000920019086E041F20000C4F202004FF49E
:10B460000071E7F713FE012803D1FFE70A200190DE
:10B4700078E0FFE7FFE7FFE7FFE7FFE7FFE7FFE72A
:10B48000FFE7FFE76BE041F20000C4F20200082191
:10B49000E7F7FCFD012861D1FFE70020C4F20200BC
:10B4A0004FF40041E7F7F2FD012857D1FFE740F2E2
:10B4B0000040C4F202004FF40061E7F7E7FD012805
:10B4C0004CD1FFE740F20040C4F202004FF480612B
:10B4D000E7F7DCFD012841D1FFE70020C4F20200BC
:10B4E0004FF48071E7F7D2FDC0BBFFE740F60000E4
:10B4F000C4F202004FF40071E7F7C8FD70BBFFE72C
:10B5000040F60000C4F202004FF48071E7F7BEFD80
:10B5100020BBFFE741F20000C4F202008021E7F700
:10B52000B5FDD8B9FFE741F20000C4F202004FF4C4
:10B530008071E7F7ABFD88B9FFE741F20000C4F284
:10B5400002004FF40071E7F7A1FD38B9FFE740F2C0
:10B550001801C2F2000101200870FFE7FFE7002098
:10B560000190FFE7019802B080BD000080B588B06F
:10B57000002003908DF81E008DF81D0040F600009D
:10B58000C4F2020005900F2104910122E7F7A6FD05
:10B59000039A0598F021E7F7A1FD0498E7F776FBF9
:10B5A0000598E6F703FD00F0F0008DF81D009DF80A
:10B5B0001D0020B9FFE700208DF81F005FE09DF817
:10B5C0001D00102813D0FFE79DF81D0020280ED085
:10B5D000FFE79DF81D00402809D0FFE79DF81D00FA
:10B5E000802804D0FFE700208DF81F0047E040F6D8
:10B5F0000000C4F2020002900F2101910022E7F73F
:10B600006DFD0298F0210122E7F768FD0198E7F748
:10B610003DFB0298E6F7CAFC00F00F008DF81E0013
:10B620009DF81E00012813D0FFE79DF81E00022898
:10B630000ED0FFE79DF81E00042809D0FFE79DF813
:10B640001E00082804D0FFE700208DF81F0016E038
:10B650009DF81D00FFF730FD04388DF81C009DF8A3
:10B660001E00FFF729FD8DF81B009DF81C109DF8AA
:10B670001B0000EB810004388DF81F00FFE79DF8E8
:10B680001F0008B080BD000080B5E7F751FDB42071
:10B69000FFF730FCEBF7D2F9E9F74AFFE9F716FFBD
:10B6A000EAF73AF9E9F7D6FEE9F7E6FEEAF7C2F873
:10B6B000EAF7E8F8EAF726F9FFF7E8FBFFF7D4FC2A
:10B6C000002080BD80B588B007900798806A08B9CF
:10B6D000FFE7C8E00798406A0690FFE70698C06851
:10B6E00006990969884200F0BE80FFE70698C168A4
:10B6F000069A526811400844007D8DF817009DF8A5
:10B70000170008B9FFE7AEE00698C0680699096916
:10B71000884205D9FFE70799486B01304863A2E0EA
:10B720000698C06806994968084002900698C06863
:10B730009DF81710084406994968084001909DF843
:10B74000170004380699CA680232069B5B681A40E3
:10B750001144097D88420FD0FFE79DF81720069914
:10B76000C8681044C8600799886A013888620799D8
:10B77000486B01304863B1E70198029988423AD298
:10B78000FFE79DF817000799C969884223D8FFE7AA
:10B7900007988069069A029BD11814311268D21A50
:10B7A000E4F784FF07988069069951F8142B029BEF
:10B7B000D21A1044019AE4F779FF0798806940781B
:10B7C0008DF816009DF817000438039007988069DB
:10B7D000033004900EE09DF817200699C8681044C5
:10B7E000C8600799886A013888620799486B0130F8
:10B7F000486373E71CE00698C1680131069A5268F5
:10B8000011400844007D8DF816000698C168023189
:10B81000069A526811400844007D03900698C1685A
:10B820000331069A52681140084414300490FFE72F
:10B830000798006840B1FFE70798036803989DF8F0
:10B840001610049A9847FFE70799086B01300863C0
:10B850009DF817200699C8681044C8600799886A3F
:10B86000013888623AE708B080BD000084B00390D8
:10B8700002910398406A019000200090FFE7009831
:10B880000299884280F08A80FFE7039880690099D6
:10B89000405C8F280BD1FFE7039890F82000C00789
:10B8A00028B9FFE70399012081F8200072E0019890
:10B8B000407AC00778B1FFE701980169019A5268A0
:10B8C0001140014400200875019A1169013111618C
:10B8D00001994872FFE7039880690099405C0199DB
:10B8E0000A69019B5B681A4011440875019908694F
:10B8F000013008610199087A0130087201990868DD
:10B900000969019AD268891A88420ED1FFE7019924
:10B910000020C86001990861039988620199087242
:10B920000399C86B0130C863FFE7039890F82000C3
:10B93000C00728B1FFE70399002081F8200029E023
:10B94000039880690099405C7F2818D1FFE701992E
:10B95000087A0130D1F810C0019B1A7AD2436244B0
:10B960005B681A401144087501990020087201991A
:10B97000012048720399886A01308862FFE70399C1
:10B98000886A896B884204D9FFE70399886A8863CB
:10B99000FFE7FFE700980130009070E704B07047C0
:10B9A00080B584B000200190FFE7019868BBFFE7F5
:10B9B00001994AF63440C2F2000050F82100039089
:10B9C000039808B9FFE71CE00398806808B9FFE70F
:10B9D00017E00398406A08B9FFE712E00398FFF701
:10B9E00071FE039A90689169D26902F093F902900E
:10B9F000029808B9FFE704E003980299FFF736FFC1
:10BA0000FFE7019801300190CFE704B080BD00004E
:10BA100080B584B003904AF6E820C2F2000002909C
:10BA200001F036FB4DF22901C0F601010020019022
:10BA300000F05EF80198029980224FF4007300F044
:10BA400007F8FFE7FFF7ACFF0A2002F083FCF9E7F5
:10BA500080B586B00590049103920293059808B1D1
:10BA6000FFE743E00298FFF7AFFB08B9FFE73DE0CF
:10BA700005994AF63440C2F2000050F8210098B906
:10BA8000FFE740200090E4F785FC00990246059B03
:10BA90004AF63440C2F2000040F82320059A50F8DC
:10BAA0002200E4F7A4FEFFE705994AF63440C2F20B
:10BAB000000050F8210001900498019988600398D3
:10BAC000E4F768FC019988610198806908B9FFE78B
:10BAD0000CE003980199C861029800F073F901998C
:10BAE00048620198406A08B9FFE7FFE706B080BDE9
:10BAF00080B584B003900291039808B1FFE725E078
:10BB000003994AF63440C2F2000050F8210098B977
:10BB1000FFE740200190E4F73DFC01990246039BBA
:10BB20004AF63440C2F2000040F82320039A50F84D
:10BB30002200E4F75CFEFFE70298039A4AF63441DC
:10BB4000C2F2000151F822100860FFE704B080BD86
:10BB500080B586B0059004910392059808B1FFE77F
:10BB600046E005994AF63440C2F2000050F8210040
:10BB700098B9FFE740200190E4F70CFC01990246D8
:10BB8000059B4AF63440C2F2000040F82320059A93
:10BB900050F82200E4F72BFEFFE705994AF63440FF
:10BBA000C2F2000050F82100029004980299486007
:10BBB0000298C06828B1FFE70298C068E4F719FC52
:10BBC000FFE70398E4F7E6FB0299C8600298C068B3
:10BBD00008B9FFE70CE003980299086102984069F0
:10BBE00030B9FFE7012002F09BFE02994861FFE7B0
:10BBF00006B080BD80B58CB00B900A910992089375
:10BC0000099818B1FFE7089808B9FFE7D7E00B9843
:10BC100008B1FFE7D3E00B994AF63440C2F20000C6
:10BC200050F8210008B9FFE7C9E00B994AF6344003
:10BC3000C2F2000050F8210007900798406820B138
:10BC4000FFE70798C06808B9FFE7B8E007984069C0
:10BC50004FF0FF3103F0A6F9079800690899053104
:10BC6000884213D8FFE70798C06808994900E4F7AD
:10BC7000E7FB0690069808B9FFE7A0E00698079949
:10BC8000C86008984000079908611CE0089800EB1C
:10BC90004000093007990969884213D8FFE70799DE
:10BCA000C86809694908E4F7CBFB0590059808B90D
:10BCB000FFE784E005980799C8600799086940087C
:10BCC0000861FFE7FFE70798C06804900020039031
:10BCD0000B9A0A9941EA0211049A039BD1540399E1
:10BCE000013103910899049A039BD15403990131BE
:10BCF00003910290FFE702980899884222D2FFE759
:10BD000009980299405C7F2806D0FFE709980299BC
:10BD1000405C8F2808D1FFE70499039A8F2088544C
:10BD2000039801300390FFE709980299405C049959
:10BD3000039A8854039801300390FFE7029801307A
:10BD40000290D8E70499039A7F2088540398013021
:10BD500003900499039A4AF63830C2F20000019029
:10BD6000E4F7A4FC019942F60730C0F60200E4F7BC
:10BD700041FC07984068806B58B1FFE7079840681E
:10BD80000499039A02F024F80798406801F0E6FF4E
:10BD900009E0079840680499BDF80C204FF6FF733E
:10BDA000E9F73AFAFFE70799C86A0130C8620798CD
:10BDB0004069002319461A4602F06EFEFFE70CB0F8
:10BDC00080BD000080B584B0029002981430E4F782
:10BDD000E1FA0190019818B9FFE70020039011E003
:10BDE0000298019908600298013801994860019908
:10BDF0000020C860019908610199012048720198EA
:10BE00000390FFE7039804B080BD000081B000906C
:10BE1000009801380090009840EA50000090009887
:10BE200040EA90000090009840EA101000900098BE
:10BE300040EA10200090009840EA104000900098DE
:10BE4000013001B07047000080B588B007900691BE
:10BE50004BF22800C2F20100006804904AF6444008
:10BE6000C2F20000006803904AF64C40C2F20000A3
:10BE7000006802904AF63C40C2F2000002680021CD
:10BE800082F859100068043002F094F888B9FFE78E
:10BE90004AF63C40C2F200000068C16A012000FA84
:10BEA00001F24AF62C71C2F2010108689043086061
:10BEB00000E0FFE70798013028BBFFE7069810B3C2
:10BEC000FFE7FFE74BF20001C2F201014868019071
:10BED000019A4AF63C40C2F2000003689A60019A57
:10BEE00092680368DA6002680432019B9B685A60BA
:10BEF00002680432019B9A60006841610868013061
:10BF00000860FFE735E00498079908440590059814
:10BF10004AF63C41C2F2000109684860059804995C
:10BF200088420AD2FFE702984AF63C41C2F2000179
:10BF30000968043102F0A6F81AE003984AF63C4179
:10BF4000C2F200010968043102F09CF805984AF633
:10BF50008C71C2F201010968884207D2FFE7059897
:10BF60004AF68C71C2F20101086000E0FFE7FFE7CA
:10BF7000FFE708B080BD000080B582B0019002F0FC
:10BF8000DFF84AF61C71C2F201010868013008604E
:10BF90004AF63C40C2F20000006898B9FFE70198F9
:10BFA0004AF63C41C2F2000108604AF61C70C2F237
:10BFB00001000068012803D1FFE700F083FB00E0E7
:10BFC000FFE71CE04AF6F470C2F201000068A0B975
:10BFD000FFE74AF63C40C2F200000068C06A0199DF
:10BFE000C96A884207D8FFE701984AF63C41C2F285
:10BFF0000001086000E0FFE700E0FFE7FFE74AF626
:10C000002870C2F2010001680131016000680199E5
:10C010004864FFE70198C16A012000FA01F24AF67C
:10C020002C71C2F20101086810430860FFE7019813
:10C03000C06A00EB80004AF65441C2F2000101EBF5
:10C040008000406800900098019A90600098806895
:10C05000019AD06001980430009A9268506001986B
:10C060000430009A9060019AD06A00EB800001EBE6
:10C07000800050610198C06A00EB800251F82200F4
:10C08000013041F82200FFE7FFE702F071F84AF6BD
:10C09000F470C2F201000068D8B1FFE7FFE74AF68A
:10C0A0003C40C2F200000068C06A0199C96A884237
:10C0B0000CD2FFE74EF60451CEF200014FF0805053
:10C0C0000860BFF34F8FBFF36F8F00E0FFE7FFE71C
:10C0D00000E0FFE702B080BD80B582B002F030F82A
:10C0E0004BF22C00C2F201000068B0BBFFE74AF639
:10C0F0003070C2F20100009001F0A4FF4AF64470D3
:10C10000C2F20100019001F09DFF009901984AF6EA
:10C110004042C2F2000211604AF65041C2F20001F0
:10C12000086005201021002202F00EFC01464BF2AF
:10C130002C00C2F201000160006860B1FFE74BF221
:10C140002C00C2F20100006842F6BD71C0F6020187
:10C1500002F080F800E0FFE700E0FFE702F008F8F7
:10C1600002B080BD80B582B0FFE74AF62070C2F20F
:10C170000100006808B3FFE701F0E2FF4BF2140092
:10C18000C2F20100C068C06801900198043001F05B
:10C1900011FF4AF61C71C2F20101086801380860FB
:10C1A0004AF62071C2F2010108680138086001F006
:10C1B000DFFF019800F01EF9D7E702B080BD000054
:10C1C00080B582B0019000910198006CB8B1FFE792
:10C1D0000199C8680A6C1044C86001988168C068F9
:10C1E000884204D3FFE701990868C86000E0FFE7D0
:10C1F0000098019AD168126CE4F758FAFFE702B090
:10C2000080BD000080B586B00590049103920020A7
:10C2100002900598806B01900598006C78B9FFE753
:10C220000598006848B9FFE70598806803F0C4F9ED
:10C23000029005990020886000E0FFE741E0039844
:10C24000B8B9FFE7059A04995068126CE4F72EFA22
:10C25000059948680A6C10444860059948688968DF
:10C26000884204D3FFE705990868486000E0FFE7CB
:10C2700026E0059A0499D068126CE4F717FA05993C
:10C28000C8680A6C801AC86005980168C06888424E
:10C2900006D2FFE7059988680A6C801AC86000E03A
:10C2A000FFE70398022809D1FFE7019820B1FFE7D3
:10C2B00001980138019000E0FFE700E0FFE7FFE7A9
:10C2C000FFE70198013005998863029806B080BDA8
:10C2D00080B58AB001200990002003900290FFE70A
:10C2E00002980F2813DCFFE7029A42F6B870C0F6F6
:10C2F0000200815C04A881540299405C08B9FFE700
:10C3000005E0FFE7FFE7029801300290E8E7002030
:10C310000890FFE70898002820DCFFE74CF2255042
:10C32000C0F6010003900398089A4AF68471C2F29D
:10C33000010101EB820269464A6000230B6004A9F7
:10C34000802202F061FF0990099808B9FFE705E033
:10C35000FFE7FFE7089801300890DBE709980AB08B
:10C3600080BD000070B58AB0DDF83CC0DDF838C093
:10C3700009900891ADF81E200693BDF81E008000BC
:10C3800000F046FD04900498A0B1FFE75C2000F0A7
:10C390003FFD0590059840B1FFE705985C21E4F763
:10C3A00004FA04980599086303E0049801F0F4FE88
:10C3B000FFE702E000200590FFE70598B0B1FFE736
:10C3C00009980899BDF81E20069BDDF838C00F9C1F
:10C3D000059DEE460026CEF80C60CEF80850CEF84B
:10C3E0000440CEF800C000F0F7F8FFE705980AB067
:10C3F00070BD000080B582B001900198006B01F023
:10C40000CBFE019801F0C8FE02B080BD82B0019061
:10C410000198406A38B1FFE70198006B0068C0F1ED
:10C420002000009002E000200090FFE7009802B09A
:10C430007047000082B001904AF64040C2F200000E
:10C4400000680068B0FA80F040090199086001981E
:10C45000006848B9FFE74AF64040C2F200000068B1
:10C46000C0680068009002E000200090FFE700989C
:10C4700002B0704784B04FF6FF7000904AF6187013
:10C48000C2F2000001909DF80400400788B1FFE768
:10C49000019807300190019820F007000190019A5F
:10C4A0004AF61871C2F200010098891A08440090F7
:10C4B000FFE70198029002994AF6F870C2F2010073
:10C4C0000160002141600298009A10440190019897
:10C4D00008380190019820F007000190019A4AF66F
:10C4E0004840C2F2000002600268516002681160B8
:10C4F000029903910199039A891A5160006803997E
:10C500000860039840684AF68871C2F20101086029
:10C51000039840684AF68071C2F20101086004B0D5
:10C520007047000080B582B00190FFE7FFF71AFE68
:10C530004AF65440C2F20000006802280CD3FFE71C
:10C540004EF60451CEF200014FF080500860BFF368
:10C550004F8FBFF36F8F00E0FFE7E7E780B582B052
:10C560000190019868B1FFE701980023836001986A
:10C5700003600198C360019819461A4602F08CFACC
:10C5800000E0FFE702B080BD80B584B0DDF818C0E0
:10C590000390029101928DF80330029818B9FFE7D9
:10C5A0000698006003E0019806990860FFE7039889
:10C5B0000699C8630298069908640698012102F05A
:10C5C00003FA9DF80300069981F8500006990020AF
:10C5D000886404B080BD000080B586B0DDF82CC052
:10C5E000DDF828C0DDF824C0DDF820C005900491F6
:10C5F000ADF80E2002930A98006BBDF80E1089006A
:10C60000A522E4F7CAF80A98006BBDF80E1000EBFB
:10C61000810004380190019820F0070001900498EF
:10C62000F8B1FFE700200090FFE700980F2813D82B
:10C63000FFE70498009A805C0A99114481F834005D
:10C6400004980099405C08B9FFE705E0FFE7FFE7C1
:10C65000009801300090E8E70A99002081F8430033
:10C6600000E0FFE70898202803D3FFE71F20089089
:10C6700000E0FFE708980A99C86208980A99C86418
:10C680000A98043001F0F6FC0A98183001F0F2FC28
:10C690000A9800610898C0F120000A9988610A98F8
:10C6A000406201980599029A00F08EFC0A99086090
:10C6B000099820B1FFE70A980999086000E0FFE7B0
:10C6C00006B080BD80B584B000200390FFE70398DA
:10C6D0001F2810D8FFE7039800EB80014AF654406A
:10C6E000C2F2000000EB810001F0ACFCFFE7039810
:10C6F00001300390EBE74AF65870C2F20100019056
:10C7000001F0A0FC4AF66C70C2F20100029001F048
:10C7100099FC4AF6A070C2F2010001F093FC4BF2C2
:10C720001400C2F2010001F08DFC4BF20000C2F2D5
:10C73000010001F087FC019902984AF64442C2F2D6
:10C74000000211604AF64C41C2F20001086004B0D8
:10C7500080BD000083B002904AF6F870C2F201007A
:10C760000190FFE7019800680299884205D2FFE72F
:10C77000FFE7019800680190F4E7019800900098A5
:10C780000199496808440299884209D1FFE7029853
:10C79000426801994868104448600198029000E09E
:10C7A000FFE70298009000980299496808440199AF
:10C7B0000968884220D1FFE7019800684AF648419D
:10C7C000C2F20001096888420DD0FFE701980068B5
:10C7D00042680299486810444860019800680068FF
:10C7E0000299086007E04AF64840C2F2000000687B
:10C7F00002990860FFE704E0019800680299086068
:10C80000FFE701980299884204D0FFE70298019956
:10C81000086000E0FFE703B07047000080B586B015
:10C8200005900491039202930020019004980599C9
:10C8300048600598006104980399884216D8FFE77C
:10C8400003980299401A05998969884203D3FFE742
:10C850000120019009E04AF65040C2F20000006851
:10C860000599043101F00EFCFFE717E003980299E7
:10C87000884208D2FFE704980299884203D3FFE771
:10C880000120019009E04AF64040C2F20000006831
:10C890000599043101F0F6FBFFE7FFE7019806B0C8
:10C8A00080BD000080B582B0019001F049FC019884
:10C8B000806B18B9FFE70120009002E00020009093
:10C8C000FFE701F055FC009802B080BD80B582B052
:10C8D000019001F035FC0198806B0199C96B884289
:10C8E00003D1FFE70120009002E000200090FFE765
:10C8F00001F03EFC009802B080BD000080B586B01B
:10C9000005900598806C0490002003900498806B3B
:10C910000499C96B884235D2FFE7049890F8450026
:10C920008DF80B00049805A90022FFF76BFC03901B
:10C930009DF90B00013088B9FFE70498406A58B1AF
:10C94000FFE70498243002F067FF18B1FFE70120E9
:10C95000039000E0FFE700E0FFE712E0FFE701F0EF
:10C960004DFB01909DF90B000199884207D2FFE72A
:10C970009DF80B000130049981F84500FFE7FFE7BF
:10C98000FFE700E0FFE7039806B080BD08480068B5
:10C99000006880F308884FF0000080F3148862B6C6
:10C9A00061B6BFF34F8FBFF36F8F00DF00BF000092
:10C9B00008ED00E080B584B0039002914AF6404053
:10C9C000C2F200000068C068C0680190019804309D
:10C9D00001F0F0FA019890F828004007002806D5E9
:10C9E000FFE701980399029A00F004F907E0019922
:10C9F00091F8280000F0FE0081F82800FFE7019878
:10CA0000016A884704B080BD80B58AB000200990D3
:10CA1000089007900690FFE74BF22C00C2F201004D
:10CA2000006806A9002202F013FA002800F09180A5
:10CA3000FFE70698B0F1FF3F09DCFFE706A80430E6
:10CA4000029002990A6848688968904700E0FFE709
:10CA50000698002800F17C80FFE70898059005986B
:10CA6000406928B1FFE70598043001F0A3FA00E01F
:10CA7000FFE704A800F0F6F8039006980138014695
:10CA80000191082862D80199DFE801F00505323AE2
:10CA90004C0505323A00059991F8280040F0010054
:10CAA00081F828000598079B81691944039AFFF7CC
:10CAB000B5FED8B1FFE7059890F828004007002898
:10CAC00008D5FFE70598079982691144039A00F099
:10CAD00091F807E0059991F8280000F0FE0081F830
:10CAE0002800FFE70598016A884700E0FFE72EE08D
:10CAF000059991F8280000F0FE0081F8280026E052
:10CB0000059991F8280040F0010081F82800079865
:10CB1000059988610598039B816919441A46FFF7B6
:10CB20007DFE14E0059890F828008007002804D4C2
:10CB3000FFE7059801F030FB07E0059991F8280020
:10CB400000F0FE0081F82800FFE700E0FFE7FFE7C4
:10CB500062E70AB080BD000080B584B00390029106
:10CB600001F0FEFD684600F07DF801900098D8BB0A
:10CB7000FFE7029860B9FFE703980199884207D858
:10CB8000FFE702F00BFF03980199FFF713FF2AE07C
:10CB9000029858B1FFE74AF65040C2F20000006820
:10CBA0000068B0FA80F040090290FFE74BF22C00D9
:10CBB000C2F2010000680399019A891A029A01F0F1
:10CBC00097FB02F0EBFE60B9FFE74EF60451CEF2A0
:10CBD00000014FF080500860BFF34F8FBFF36F8F9D
:10CBE00000E0FFE7FFE702E002F0D8FEFFE704B055
:10CBF00080BD000080B584B0039002910192FFE7F0
:10CC00000398029B81691944019AFFF707FE48B116
:10CC1000FFE7039881690298084402900398016A2B
:10CC20008847EDE704B080BD4AF64440C2F20000F8
:10CC30000068006840B9FFE74AF68C71C2F2010152
:10CC40004FF0FF3008600CE04AF64440C2F20000AA
:10CC50000068C06800684AF68C71C2F20101086081
:10CC6000FFE7704780B582B0019002F073FB00903F
:10CC700000984AF63841C2F200010968884206D29B
:10CC8000FFE700F011F801990120086003E0019925
:10CC900000200860FFE700984AF63841C2F2000120
:10CCA0000860009802B080BD80B582B0FFE74AF608
:10CCB0004040C2F200000068006870B1FFE74AF629
:10CCC0004040C2F200000068C0680068019001980E
:10CCD0004FF0FF31FFF76EFEE9E74AF64042C2F23D
:10CCE0000002106800904AF65041C2F20001086844
:10CCF00010600098086002B080BD000082B0002083
:10CD000000904FF0500080F31188BFF36F8FBFF396
:10CD10004F8F0190FFE7009808B9FFE7FBE702B0EB
:10CD20007047000080B584B00390FFE701A8FFF7CB
:10CD300081FB029002980199FFF70EFFFFF764FE56
:10CD4000F4E7000080B582B0019001F0F9F9019894
:10CD500090F845008DF80300FFE79DF903000128D6
:10CD600025DBFFE70198806C50B1FFE70198FFF7E2
:10CD7000C5FD18B1FFE701F0CBFB00E0FFE710E0D5
:10CD80000198406A58B1FFE70198243002F044FD51
:10CD900018B1FFE701F0BCFB00E0FFE700E006E0B0
:10CDA000FFE79DF8030001388DF80300D5E70199EE
:10CDB000FF2081F8450001F0DBF901F0C1F901988D
:10CDC00090F844008DF80200FFE79DF90200012869
:10CDD00016DBFFE70198006980B1FFE7019810308A
:10CDE00002F01AFD18B1FFE701F092FB00E0FFE747
:10CDF0009DF8020001388DF8020000E000E0E4E751
:10CE00000199FF2081F8440001F0B2F902B080BD21
:10CE100080B588B007900020039001F0A1FC4AF68D
:10CE20004840C2F20000006818B9FFE7FFF722FB94
:10CE300000E0FFE70798A8B1FFE7079800F00700B8
:10CE4000C0F11000029007980299C943884205D8A2
:10CE5000FFE7029907980844079002E00020079036
:10CE6000FFE700E0FFE79DF81F000006002800F143
:10CE70008C80FFE70798002800F08580FFE707987F
:10CE80004AF68071C2F20101096888427BD8FFE747
:10CE90004AF6F870C2F20100059000680690FFE7BC
:10CEA00006984168079A00209142019007D2FFE757
:10CEB00006980068002818BF01200190FFE701983C
:10CEC000C00730B1FFE70698059006980068069005
:10CED000E6E706984AF64841C2F20001096888422E
:10CEE0004FD0FFE705980068083003900698006867
:10CEF00005990860069840680799401A112811D3CF
:10CF0000FFE7069807990844049006984068079937
:10CF1000401A049948600798069948600498FFF7FA
:10CF200019FC00E0FFE7069842684AF68070C2F2FA
:10CF300001000168891A016000684AF68871C2F22E
:10CF40000101096888420BD2FFE74AF68070C2F2FD
:10CF5000010000684AF68871C2F20101086000E031
:10CF6000FFE70699486840F00040486006990020B5
:10CF700008604AF69471C2F2010108680130086045
:10CF800000E0FFE700E0FFE700E0FFE702F006FD5A
:10CF9000039818B9FFE701F037F800E0FFE70398BE
:10CFA00008B080BD81B04AF63C40C2F20000006883
:10CFB0000090009828B1FFE70099086D01300865DE
:10CFC000FFE7009801B0704783B002900191009292
:10CFD00002980438029002994FF08070086002981D
:10CFE00004380290019820F001000299086002982C
:10CFF0000438029002994CF6FD40C0F6010008602A
:10D000000298143802900098029908600298043837
:10D01000029002996FF00200086002982038029096
:10D02000029803B07047000080B584B003908DF87B
:10D030000B1001929DF80B100020B0EB111F01D0D6
:10D04000FFE722E001980078F0B9FFE70199D1F8F5
:10D0500001004A684AF6D461C2F200010091C1F8A9
:10D060000320086040F60040C4F202000821E6F701
:10D0700021F800994AF6EC60C2F200000068002234
:10D08000022301F009FD00E0FFE704B080BD0000CD
:10D0900080B584B00390039808B9FFE71BE00399BB
:10D0A000002002901422FEF753FD029B4AF6E06036
:10D0B000C2F2000069464860032008604DF2DD00BE
:10D0C000C0F6010042F60371C0F602014FF400728F
:10D0D00002F09AF8FFE704B080BD000080B58EB082
:10D0E0000D90002003908DF817008DF816008DF834
:10D0F000150002F02FF9039A04900120062101F097
:10D1000023FC014640F21830C2F2000001600068C2
:10D1100020B9FFE7002001F043F9FFE7FFE7FEF742
:10D1200025FA07900120FEF793F8069008A80A2137
:10D13000282200F0C7FB069820B1FFE706981030C0
:10D140000790FFE707984AF6DB61C2F20001019100
:10D1500008700898FEF760F80199C8700998FEF702
:10D160005BF8019908710A98FEF756F80199487022
:10D170000B98FEF751F8019A90700C988DF81600F4
:10D180000021029105230846FEF734FD0198029A1A
:10D190009DF816304AF6E461C2F200010B70C378C4
:10D1A0004B7003798B704378CB7083780B71007868
:10D1B000487140F21830C2F200000068022301F00A
:10D1C0006BFC9DF81700002800F0C180FFE74AF6CD
:10D1D000DB60C2F2000090F9000028BBFFE7FFE728
:10D1E0009DF8170012281DDCFFE79DF8170000EBE3
:10D1F00040014AF64C30C2F2000000EB810050F8CA
:10D20000040C78B1FFE79DF8170000EB40024AF6E6
:10D210004C31C2F2000101EB820151F8042C0221D1
:10D220009047FFE7FFE791E04AF6DB60C2F20000BB
:10D2300090F900009DF81710884231D1FFE7FFE711
:10D240004AF6DB60C2F2000090F90000122825DCEB
:10D25000FFE74AF6DB60C2F2000090F9000000EB45
:10D2600040014AF64C30C2F2000000EB810050F859
:10D27000080C98B1FFE74AF6DB60C2F200000078C4
:10D2800041B201EB41024AF64C31C2F2000101EB1E
:10D29000820151F8082C01219047FFE7FFE754E095
:10D2A000FFE79DF8170012281DDCFFE79DF8170027
:10D2B00000EB40014AF64C30C2F2000000EB810066
:10D2C00050F8040C78B1FFE79DF8170000EB40021E
:10D2D0004AF64C31C2F2000101EB820151F8042CF4
:10D2E00002219047FFE7FFE7FFE74AF6DB60C2F263
:10D2F000000090F90000122825DCFFE74AF6DB6009
:10D30000C2F2000090F9000000EB40014AF64C30F8
:10D31000C2F2000000EB810050F80C0C98B1FFE75E
:10D320004AF6DB60C2F20000007841B201EB410234
:10D330004AF64C31C2F2000101EB820151F80C2C8B
:10D3400000219047FFE7FFE7FFE7FFE739E04AF6F4
:10D35000DB60C2F2000090F9000088B3FFE7FFE74E
:10D360004AF6DB60C2F2000090F90000122825DCCA
:10D37000FFE74AF6DB60C2F2000090F9000000EB24
:10D3800040014AF64C30C2F2000000EB810050F838
:10D390000C0C98B1FFE74AF6DB60C2F2000000789F
:10D3A00041B201EB41024AF64C31C2F2000101EBFD
:10D3B000820151F80C2C00219047FFE7FFE7FFE7BF
:10D3C000FFE74AF6DB60C2F2000090F90000A0B16E
:10D3D000FFE74AF6DB60C2F2000090F900009DF81A
:10D3E0001510884208D0FFE74AF6DB60C2F2000061
:10D3F00000788DF81500FFE7FFE74AF6DB60C2F220
:10D40000000000788DF81700FFE704A80A2101F05A
:10D4100027FFFFE783E6000080B586B00490039104
:10D420000292049840B1FFE70398FDF7E1FE18B9B6
:10D43000FFE70020059045E01C20E2F7ABFF0190DC
:10D44000019818B9FFE7002005903BE00398B0F180
:10D45000FF3F04DCFFE76FF000400390FFE7039815
:10D46000FEF7D4FC0390049898B9FFE70398E2F71D
:10D4700091FF019908610198006930B9FFE70198AF
:10D48000E2F7B7FF002005901CE0019901204861F8
:10D4900006E0049801990861019900204861FFE7BE
:10D4A00001990020486001990860039801998860FB
:10D4B000039801380199C860029801998861019820
:10D4C0000590FFE7059806B080BD000080B58CB0E0
:10D4D0000A90099108920A9840680A990968401AC6
:10D4E00006900A988069A8BBFFE7042003900020FB
:10D4F00002900A99886809680A9AD2681140401A0D
:10D50000039988420DD2FFE70A99886809680A9A48
:10D51000D2681140401A029002990398084403907F
:10D52000FFE7069818B9FFE700200B905EE00A9924
:10D5300008690968029A11440A9AD2681140405851
:10D54000079008980799884203D2FFE700200B90C4
:10D550004CE015E00020039008980699884203D912
:10D56000FFE70698019002E008980190FFE7019814
:10D570000790079818B9FFE700200B9036E0FFE707
:10D580000A980068039908440A99C96808400590F8
:10D5900007980A998968059A891A884206D9FFE787
:10D5A0000A9880680599401A009002E00798009058
:10D5B000FFE70098049009980A990969059A1144AF
:10D5C000049AE3F773F80998049B18440A990969C7
:10D5D000079AD21AE3F76AF80798039942180A994A
:10D5E00008681044086007980B90FFE70B980CB090
:10D5F00080BD000080B58CB00A90099108920A990C
:10D6000088684A680A990968891A084406900A983D
:10D610008069C8BBFFE704200390002002900A99AC
:10D62000886849680A9AD2681140401A039988426A
:10D630000DD2FFE70A99886849680A9AD2681140B2
:10D64000401A02900299039808440390FFE7089853
:10D65000039908440699884203D9FFE700200B90FC
:10D660005EE008980790079818B9FFE700200B9034
:10D6700056E007980A9A11695268029B1A440A9B5D
:10D68000DB681A40885015E000200390089806993E
:10D69000884203D9FFE70698019002E008980190BC
:10D6A000FFE701980790079818B9FFE700200B9053
:10D6B00036E0FFE70A984068039908440A99C96868
:10D6C0000840059007980A998968059A891A88423E
:10D6D00006D9FFE70A9880680599401A009002E091
:10D6E00007980090FFE7009804900A980069059950
:10D6F00008440999049AE2F7D9FF0A980069099940
:10D70000049B1944079AD21AE2F7D0FF07980399AD
:10D7100042180A9948681044486007980B90FFE740
:10D720000B980CB080BD000086B002AB009303469E
:10D730000098ADF814308DF813108DF8122049F6CA
:10D740004041ADF8101045F20821ADF80E104FF42D
:10D75000FA61ADF80C10BDF81010BDF80C20891A54
:10D760009DF81320514348F21F52C5F2EB1251FBB2
:10D7700002F2511101EBD27100EE101AB8EEC00A9C
:10D7800080ED000ABDF80E10BDF80C20891A00EEDD
:10D79000101AB8EEC00A90ED001A30EE410A30EED1
:10D7A000000A9DF8121001EE101AB8EEC11A80EEB0
:10D7B000010ABDEEC00A10EE101AADF806100021E5
:10D7C0008DF80510BDF8141000EE101AB8EEC00A5E
:10D7D000BDF80E1001EE101AB8EEC11A90ED002A35
:10D7E00031EE421AB4EE410AF1EE10FA1CDBFFE70B
:10D7F0000098BDF8141000EE101AB8EEC00ABDF87B
:10D800000E1001EE101AB8EEC11A90ED002A31EE9A
:10D81000021AB4EE410AF1EE10FA05DCFFE7BDF89A
:10D820000E00ADF81400FFE7BDF81400BDF80E10AF
:10D83000884225DDFFE70098BDF81410BDF80E20E2
:10D84000891A00EE101AB8EEC00A90ED001A30EEF8
:10D85000410ABDF8060001EE100AB8EEC11A80EECA
:10D86000010AB3EE041A30EE010ABDEEC00A10EE52
:10D87000100A8DF805009DF80500ADF816001CE0B3
:10D88000BDF81400BDF80E10884210DAFFE7BDF8AD
:10D890001400BDF80C10401ABDF8061090FBF1F012
:10D8A0008DF805009DF80500ADF8160005E09DF81F
:10D8B00012004008ADF81600FFE7BDF8160006B0EC
:10D8C0007047000080B588B007908DF81B108DF868
:10D8D0001A20079900200860079948600799886016
:10D8E0000799C860079908610590FFE705986328C4
:10D8F0005EDCFFE70520FDF7D1FB4AF69400C2F29B
:10D900000000019000889DF81B109DF81A20FFF779
:10D910000BFF03460198079A11681944116040886B
:10D920009DF81B109DF81A20FFF7FEFE0346019894
:10D93000079A51681944516080889DF81B109DF822
:10D940001A20FFF7F1FE03460198079A91681944DF
:10D950009160C0889DF81B109DF81A20FFF7E4FE27
:10D9600003460198079AD1681944D16000890021C3
:10D97000FDF7BEFB8DED020B07980490006902F0E5
:10D98000D9FF9DED021B41EC100B53EC112B51EC18
:10D99000100B02F057FD41EC100B51EC100B02F094
:10D9A00085FF04990861FFE70598013005909DE720
:10D9B0000799086848F21F52C5F2EB12A0FB02302B
:10D9C0004009086007994868A0FB02304009486098
:10D9D00007998868A0FB0230400988600799C868E9
:10D9E000A0FB02304009C86007990869A0FB02202B
:10D9F0004009086108B080BD80B584B0039000F094
:10DA00009FFB4AF6F460C2F20000694648600220BB
:10DA100008604DF6C920C0F6010042F67571C0F6E7
:10DA200002018022002301F0EFFB029002980128FE
:10DA300004D0FFE700F09CFBFFE7FEE740F21C305C
:10DA4000C2F20000694648600220086046F6D550E0
:10DA5000C0F6000042F67B71C0F602014FF480521E
:10DA6000002301F0D1FB02900298012804D0FFE7C7
:10DA700000F07EFBFFE7FEE74AF63040C2F200000E
:10DA800069464860022008604BF61120C0F601008C
:10DA900042F68971C0F602018022002301F0B4FB36
:10DAA00002900298012804D0FFE700F061FBFFE735
:10DAB000FEE74AF6F060C2F20000006800F070FC79
:10DAC00000F056FB04B080BD80B584B0039040F6F2
:10DAD0000040C4F20200029001221146E5F7FEFA6E
:10DAE000029802210022E5F7F9FAFFE740F600402C
:10DAF000C4F2020001900121E5F7DCFA019802214D
:10DB0000E5F7D8FA4FF47A7000F024FCEEE7000055
:10DB100040F21430C2F200000078704780B584B043
:10DB200084460698CDF80CC0ADF80A10ADF8082070
:10DB3000ADF80630ADF804000398BDF80A10BDF842
:10DB40000820BDF80630BDF804C0EE46CEF800C08F
:10DB5000E8F772FB04B080BD80B5F0F7EFFFF1F796
:10DB60008DFEEDF77BF980BD7047000080B584B075
:10DB7000EBF7E2FB0190EBF7E5FB014601986A4603
:10DB80000023029313601A46F4F764FC48F6BC10B5
:10DB9000C2F20000F9F7FEFC0298F4F755FA40F2E1
:10DBA0000400C2F20000EEF705FBEBF797F90390D3
:10DBB00048F62810C2F20000EBF7EAF804B080BD86
:10DBC00080B548F62810C2F20000F2F737F880BDA1
:10DBD00080B586B00590059800F0A2F904900498ED
:10DBE00008B9FFE733E00598808D03900498C26878
:10DBF0000598818DB2FBF1F000FB11200290039893
:10DC00000299401A0190019A0499C8681044C860AA
:10DC1000049800680599896A029A1144019AFFF7ED
:10DC2000E9FC0598C06BC069B0F5807F0FD0FFE7B5
:10DC3000FFE70598816A828DE7F7ACFA30B1FFE71C
:10DC4000FFE7059900200864FFE7F2E7FFE706B069
:10DC500080BD000080B586B00590059800F060F9A1
:10DC60000490049808B9FFE722E00598818D01F03F
:10DC7000010000EB510003900498C2680598818D63
:10DC8000B2FBF1F000FB1120029003980299401AB8
:10DC90000190019A0499C8681044C860049800680B
:10DCA0000599896A029A1144019AFFF7A3FCFFE7DC
:10DCB00006B080BD80B586B00590059800F030F9BB
:10DCC0000490049808B9FFE722E00599888DC96B94
:10DCD00009684968401A03900498C2680598818DC4
:10DCE000B2FBF1F000FB1120019003980199401A5A
:10DCF0000290029A0499C8681044C86004980068A9
:10DD00000599896A019A1144029AFFF773FCFFE7AB
:10DD100006B080BD80B586B004900391029203984E
:10DD200018B1FFE7029818B9FFE70020059011E04D
:10DD3000049800F0F5F80190019818B9FFE7002069
:10DD4000059007E0019800680399029AFFF7BEFB6F
:10DD50000590FFE7059806B080BD000080B584B04F
:10DD60000290029800F0F4F80190019818B9FFE7CA
:10DD70000020039028E00298806B18B9FFE700208C
:10DD8000039021E0019840680090009818B9FFE7DF
:10DD90000020039018E0FFE702980068006800F098
:10DDA00040010020B0EB911F01D1FFE7F4E702989A
:10DDB00001990968BDF80020E7F7BAFA0199002037
:10DDC000486000980390FFE7039804B080BD00000E
:10DDD00080B586B0049003910292039818B1FFE7D2
:10DDE000029818B9FFE70020059033E0049800F08E
:10DDF000AFF80190019818B9FFE70020059029E0DD
:10DE0000019841688068401A009000980299884201
:10DE100010D2FFE701990868496808440399009AFD
:10DE2000E2F744FC009A0199486810444860009861
:10DE300005900FE001990868496808440399029A1F
:10DE4000E2F734FC029A019948681044486002984D
:10DE50000590FFE7059806B080BD000080B584B04E
:10DE600003900398406C8006002803D4FFE7E4F792
:10DE700099F8FFE70398C06BB0B3FFE7039800F091
:10DE80004FF80290029870B3FFE702980069E2F73A
:10DE900081FA0299886002984069E2F77BFA029958
:10DEA00048600299486849690122FFF7B5FA02996A
:10DEB000086003980168C86840F01000C860FFE778
:10DEC00000200190039800680068019003980068A2
:10DED000406801900198FFE70398029A9168128ABE
:10DEE000E7F758F9FFE702E0E4F75CF8FFE703988B
:10DEF000806B78B1FFE7039800F02AF80090009853
:10DF000038B1FFE700988068E2F744FA00990860AA
:10DF1000FFE702E0E4F746F8FFE704B080BD000049
:10DF200082B000900098006841F20001C4F2010143
:10DF3000884206D1FFE740F21C00C2F200000190C7
:10DF400003E0FFE700200190FFE7019802B070476F
:10DF500082B000900098006841F20001C4F2010113
:10DF6000884206D1FFE740F23400C2F2000001907F
:10DF700003E0FFE700200190FFE7019802B070473F
:10DF8000017809B1002070474178012903D08A0740
:10DF900005D402224270481E18BF0120704780B588
:10DFA00043F63540C0F60200FCF74BFE012101703C
:10DFB0004170704782B0019001980069009001980B
:10DFC000416880688860019948688968486000985D
:10DFD00040680199884205D1FFE70198806800995F
:10DFE000486000E0FFE70199002008610099086897
:10DFF000013808600098006802B070474AF61C704B
:10E00000C2F201000068704780B54AF2EC70C2F2BB
:10E01000000042F60D71C0F60201E2F7F7FA80BD8A
:10E0200080B582B001900091009A4AF2EC70C2F281
:10E03000000042F62771C0F60201E2F7E7FA02B0EB
:10E0400080BD000081B00090009901F10800486097
:10E0500000994FF0FF308860009901F10800C86016
:10E06000009901F10800086100990020086001B0E2
:10E070007047000081B0009000990020086101B055
:10E080007047000084B003900291029800680090ED
:10E090000098013020B9FFE703980069019010E073
:10E0A000039808300190FFE70198406800680099E4
:10E0B000884205D8FFE7FFE7019840680190F3E741
:10E0C000FFE70198406802994860029841688860BB
:10E0D0000198029988600298019948600398029912
:10E0E0000861039908680130086004B070470000B7
:10E0F00083B00290019102984068009000980199C5
:10E100004860009880680199886001980099896842
:10E110004860019800998860029801990861029905
:10E1200008680130086003B070470000DFF80C0099
:10E13000016841F4700101607047000088ED00E063
:10E1400081B04FF0500080F31188BFF36F8FBFF3A1
:10E150004F8F009040F24800C2F200000168013188
:10E1600001600068012801D1FFE7FFE701B07047B7
:10E1700081B040F24800C2F200000168013901603C
:10E18000006830B9FFE700200090009880F3118804
:10E19000FFE701B07047000080B584B0039003989A
:10E1A0000290039888B3FFE702980838029002981B
:10E1B00001900198C1790020B0EBD11F23D0FFE777
:10E1C00001980068E8B9FFE70199486820F000402D
:10E1D000486000F0C5FA019842684AF68071C2F2C0
:10E1E00001010868104408600198FEF7B3FA4AF686
:10E1F0009871C2F2010108680130086001F0CEFB9D
:10E2000000E0FFE700E0FFE7FFE704B080BD0000AB
:10E210004EF21001CEF20001002008604EF218020A
:10E22000CEF20002106040F20000C2F2000000686E
:10E2300044F6D352C1F26202A0FB02024FF0FF305B
:10E2400000EB92104EF21402CEF200021060072092
:10E250000860704784B003900291002000900298FB
:10E26000C8B3FFE700200190FFE70198072831D8E5
:10E27000FFE70398019A4AF6B471C2F2010101EB7B
:10E28000C2014968884209D1FFE701994AF6B47092
:10E29000C2F2010000EBC10000901BE0009890B9B1
:10E2A000FFE701994AF6B470C2F2010050F831005C
:10E2B00048B9FFE701994AF6B470C2F2010000EBD9
:10E2C000C100009000E0FFE7FFE7FFE701980130A1
:10E2D0000190CAE7FFE7009838B1FFE7029800997C
:10E2E0000860039800994860FFE704B07047000099
:10E2F00080B584B003900291019203980090FFF7DB
:10E300001FFF009890F94400013028B9FFE70099F9
:10E31000002081F84400FFE7009890F945000130A3
:10E3200028B9FFE70099002081F84500FFE7FFF7D3
:10E330001FFF0098806B38B9FFE7009824300299DE
:10E34000019A00F001F900E0FFE70098FEF7FAFCFF
:10E3500004B080BD80B582B001900020009001988B
:10E3600050B1FFE700F0FCF901980021FDF76CFDCA
:10E3700001F014FB009000E0FFE7009860B9FFE7B0
:10E380004EF60451CEF200014FF080500860BFF30A
:10E390004F8FBFF36F8F00E0FFE702B080BD00003A
:10E3A00080B586B0059000200390FFF7C9FE059860
:10E3B00038B9FFE74AF63C40C2F20000006801901D
:10E3C00002E005980190FFE701980490049804305A
:10E3D000FFF7F0FDE0B9FFE7FFE70498C06A00EB44
:10E3E00080014AF65440C2F2000050F8210068B99A
:10E3F000FFE70498C16A012000FA01F24AF62C7185
:10E40000C2F20101086890430860FFE7FFE700E0FF
:10E41000FFE70498806A28B1FFE704981830FFF7F7
:10E42000C9FD00E0FFE74AF62871C2F20101086861
:10E430000130086004984AF63C41C2F200010968C4
:10E44000401AB0FA80F0400902904AF6F470C2F225
:10E4500001000068A8B1FFE7029890B1FFE70498B7
:10E46000011D4BF21400C2F20100FFF741FE4AF613
:10E470002071C2F201010868013008600120039098
:10E4800009E04AF61C71C2F201010868013808600F
:10E49000FEF7CAFBFFE7FFF76BFE0398012804D0E5
:10E4A000FFE70498FDF7A6FFFFE74AF6F470C2F213
:10E4B00001000068B8B1FFE704984AF63C41C2F297
:10E4C0000001096888420CD1FFE74EF60451CEF2F4
:10E4D00000014FF080500860BFF34F8FBFF36F8F84
:10E4E00000E0FFE7FFE706B080BD000081B00090CC
:10E4F0004AF69070C2F201000068009908604BF281
:10E500002800C2F2010000680099486001B070471D
:10E510004BF23401C2F20101012008607047000093
:10E5200080B582B00190009101984AF63C41C2F258
:10E53000000109681831FFF7A5FD00980121FDF7DA
:10E5400083FC02B080BD000080B584B003900291CE
:10E550000192FFE703984068009000984AF63C411A
:10E56000C2F200010A68D061009880680A681062EF
:10E5700008681830009A9268506008681830009A4D
:10E580009060039809688862039908680130086000
:10E59000FFE7019820B1FFE74FF0FF300290FFE75F
:10E5A00002980199FDF750FC04B080BD80B588B099
:10E5B000079006910798059001200290079800287F
:10E5C00000F09180FFE70598C06C0699884203D25D
:10E5D000FFE70698039003E00598C06C0390FFE7FF
:10E5E0000598C06A039988427BD0FFE70598006DC3
:10E5F000012874D1FFE70598C06A04900398059933
:10E60000C8620598C07E0006002806D4FFE703987C
:10E61000C0F120000599886100E0FFE70598406996
:10E62000049901EB81024AF65441C2F2000101EB68
:10E630008201884251D1FFE705980430FFF7BAFC08
:10E6400068B9FFE70598C16A012000FA01F24AF6AD
:10E650002C71C2F2010108689043086000E0FFE7F6
:10E66000FFE70598C16A012000FA01F24AF62C7111
:10E67000C2F20101086810430860FFE70598C06A0C
:10E6800000EB80004AF65441C2F2000101EB800029
:10E69000406801900198059A906001988068059AF9
:10E6A000D06005980430019A926850600598043053
:10E6B000019A9060059AD06A00EB800001EB80001F
:10E6C00050610598C06A00EB800251F822000130C9
:10E6D00041F82200FFE7FFE700E0FFE700E0FFE787
:10E6E00000E0FFE700E0FFE708B080BD80B582B042
:10E6F000FDF7EEFD00900098012804D1FFE701F03E
:10E7000065FA009000E0FFE7009801281FD1FFE7BD
:10E710004FF0500080F31188BFF36F8FBFF34F8F1E
:10E7200001904AF68C71C2F201014FF0FF3008608F
:10E730004AF6F471C2F20101012008604BF228018F
:10E74000C2F201010020086000F094F800E0FFE749
:10E7500043F6D040C0F60200006802B080BD000061
:10E760004AF62471C2F2010108680130086070475E
:10E7700080B588B04AF62470C2F20100006838B152
:10E78000FFE74BF23401C2F20101012008606FE0A3
:10E790004BF23401C2F2010100200860FFE74AF6A3
:10E7A0003C40C2F200000068006B05904FF0A530BD
:10E7B000049005980068B0F1A53F12D1FFE70598D5
:10E7C0004068B0F1A53F0CD1FFE705988068B0F133
:10E7D000A53F06D1FFE70598C068B0F1A53F0CD072
:10E7E000FFE74AF63C40C2F2000001683431039171
:10E7F00000680399FFF714FCFFE7FFE7FFE74AF61D
:10E800002C70C2F20100006807900798B0FA80F0FF
:10E810008DF81B009DF81B00C0F11F000290FFE760
:10E82000029800EB80014AF65440C2F2000000EB6F
:10E8300081000190019948684068486001994868E2
:10E840000831884204D1FFE70199C8684860FFE7B2
:10E8500001984068C0684AF63C41C2F20001086075
:10E86000FFE7FFE74AF63C40C2F200000068FFE71E
:10E8700008B080BD80B582B04EF60850CEF20000E0
:10E88000006801904EF62051CEF20001086840F475
:10E890007F000860086840F07F4008604EF61C5119
:10E8A000CEF20001002000900860FFF7B1FC009854
:10E8B00040F24801C2F200010860FFF737FC4EF653
:10E8C0003471CEF20001086840F040400860FEF765
:10E8D0005DF8FFF74DFFFEF711FA009802B080BD1A
:10E8E00080B582B04FF0500080F31188BFF36F8F76
:10E8F000BFF34F8F009000F037FD40B1FFE74EF6B9
:10E900000451CEF200014FF08050086000E0FFE7B4
:10E9100000200190019880F3118802B080BD0000B2
:10E9200080B584B08DF80F00012001900021009186
:10E930009DF80F2000F008F802900298FDF70EFEF7
:10E94000029804B080BD000080B588B007900691A1
:10E950008DF8172000200490079880B3FFE70799EF
:10E960004FF0FF30B0FBF1F00699884227D3FFE764
:10E9700007980699484310F1550F20D8FFE70798EC
:10E9800006994843039003985430FEF741FA0490E7
:10E99000049890B1FFE704980290029854300290D6
:10E9A00007980699029A9DF81730DDF810C0EE46D8
:10E9B000CEF800C0FDF7E8FD00E0FFE700E0FFE76C
:10E9C000049808B080BD000080B584B00390029127
:10E9D00001200190039800900098002856D0FFE78E
:10E9E0000098C06B002851D0FFE70098C26B016C03
:10E9F0004FF0FF30B0FBF2F0884247D3FFE7FFF75C
:10EA00009FFB00990B68C86B0A6C00FB02308860A2
:10EA100000990020886300990868486000990B6895
:10EA2000C86B0A6C013800FB0230C8600099FF20F7
:10EA300081F84400009981F845000298D0B9FFE7B9
:10EA400000980069A0B1FFE70098103000F0E4FEE4
:10EA500060B1FFE74EF60451CEF200014FF0805056
:10EA60000860BFF34F8FBFF36F8F00E0FFE700E058
:10EA7000FFE708E000981030FFF7E4FA0098243030
:10EA8000FFF7E0FAFFE7FFF773FB02E000200190D9
:10EA9000FFE7019804B080BD80B58CB00A90099161
:10EAA00008920793002006900A980290FFE7FFF76C
:10EAB00047FB0298806B0299C96B884204D3FFE739
:10EAC0000798022858D1FFE70298806B01900298BE
:10EAD0000999079AFDF796FB05900298806CE0B1C2
:10EAE000FFE70798022804D1FFE7019808B1FFE784
:10EAF00012E00298FDF702FF60B1FFE74EF6045105
:10EB0000CEF200014FF080500860BFF34F8FBFF38B
:10EB10006F8F00E0FFE7FFE729E00298406AA0B1AD
:10EB2000FFE70298243000F077FE60B1FFE74EF671
:10EB30000451CEF200014FF080500860BFF34F8FB8
:10EB4000BFF36F8F00E0FFE710E0059860B1FFE7CB
:10EB50004EF60451CEF200014FF080500860BFF332
:10EB60004F8FBFF36F8F00E0FFE7FFE7FFE7FFF78F
:10EB7000FFFA01200B9065E0089828B9FFE7FFF73E
:10EB8000F7FA00200B905DE0069830B9FFE703A884
:10EB9000FFF7ACFC0120069000E0FFE7FFE7FFE78E
:10EBA000FFF7E6FAFFF7DCFDFFF7CAFA029890F9E3
:10EBB0004400013028B9FFE70299002081F84400A1
:10EBC000FFE7029890F94500013028B9FFE7029964
:10EBD000002081F84500FFE7FFF7CAFA03A808A95B
:10EBE00000F0B0FA28BBFFE70298FDF76FFEC8B14E
:10EBF000FFE7029810300899FFF792FC0298FEF7A1
:10EC0000A1F800F0CBFE60B9FFE74EF60451CEF25A
:10EC100000014FF080500860BFF34F8FBFF36F8F3C
:10EC2000FFE705E00298FEF78DF800F0B7FEFFE77A
:10EC300007E00298FEF786F800F0B0FE00200B9087
:10EC400000E034E70B980CB080BD000080B58EB0BA
:10EC50000A900991089207930A980490EFF31181A2
:10EC60004FF0500080F31188BFF36F8FBFF34F8FC9
:10EC70000C910B900C9805900498806B0499C96BCB
:10EC8000884204D3FFE7079802285DD1FFE7049884
:10EC900090F845008DF80F000498806B029004985E
:10ECA0000999079AFDF7AEFA9DF90F000130A8BB4C
:10ECB000FFE70498806CC8B1FFE70798022804D1E9
:10ECC000FFE7029808B1FFE70FE00498FDF716FE92
:10ECD00048B1FFE7089820B1FFE7089901200860D4
:10ECE00000E0FFE700E0FFE7FFE716E00498406A76
:10ECF00088B1FFE70498243000F08EFD48B1FFE7AB
:10ED0000089820B1FFE708990120086000E0FFE7BC
:10ED100000E0FFE700E0FFE7FFE712E0FFE7FFF7B3
:10ED20006DF901909DF90F000199884207D2FFE724
:10ED30009DF80F000130049981F84500FFE7FFE7D7
:10ED4000FFE70120069002E000200690FFE705980B
:10ED50000D900D9880F3118806980EB080BD0000CC
:10ED600080B58CB00890079108980490EFF311815A
:10ED70004FF0500080F31188BFF36F8FBFF34F8FB8
:10ED80000A9109900A9805900498806B0390039863
:10ED90000499C96B884250D2FFE7049890F8450067
:10EDA0008DF80B0003980130049988639DF90B00DE
:10EDB000013060BBFFE70498806C80B1FFE70498E6
:10EDC000FDF79CFD48B1FFE7079820B1FFE70799E1
:10EDD0000120086000E0FFE700E0FFE716E004988C
:10EDE000406A88B1FFE70498243000F015FD48B16F
:10EDF000FFE7079820B1FFE707990120086000E0CE
:10EE0000FFE700E0FFE700E0FFE7FFE712E0FFE7D2
:10EE1000FFF7F4F801909DF90B000199884207D2A1
:10EE2000FFE79DF80B000130049981F84500FFE7EA
:10EE3000FFE7FFE70120069002E000200690FFE7D1
:10EE400005980B900B9880F3118806980CB080BD44
:10EE500080B58AB008900791069200200590089826
:10EE60000290FFE7FFF76CF90298806B0190019820
:10EE700030B3FFE702980799FDF7A2F9019801382E
:10EE80000299886302980069A0B1FFE702981030E8
:10EE900000F0C2FC60B1FFE74EF60451CEF2000173
:10EEA0004FF080500860BFF34F8FBFF36F8F00E0CB
:10EEB000FFE700E0FFE7FFF75BF9012009906DE055
:10EEC000069828B9FFE7FFF753F90020099065E09D
:10EED000059830B9FFE703A8FFF708FB012005906C
:10EEE00000E0FFE7FFE7FFE7FFF742F9FFF738FC35
:10EEF000FFF726F9029890F94400013028B9FFE79E
:10EF00000299002081F84400FFE7029890F945003B
:10EF1000013028B9FFE70299002081F84500FFE79A
:10EF2000FFF726F903A806A900F00CF930BBFFE7AC
:10EF30000298FDF7B7FCD0B1FFE70298243006999C
:10EF4000FFF7EEFA0298FDF7FDFE00F027FD60B92D
:10EF5000FFE74EF60451CEF200014FF080500860FA
:10EF6000BFF34F8FBFF36F8F00E0FFE705E002981C
:10EF7000FDF7E8FE00F012FDFFE70EE00298FDF756
:10EF8000E1FE00F00BFD0298FDF78CFC18B1FFE7E5
:10EF90000020099002E0FFE7FFE763E709980AB065
:10EFA00080BD000080B58AB00890079100200690CF
:10EFB000089903910290FFE7FFF7C2F80398806B6E
:10EFC0000190019860B3FFE70198013803998863C5
:10EFD0000398006828B9FFE7FDF7E4FF039988600C
:10EFE00000E0FFE703980069A0B1FFE70398103045
:10EFF00000F012FC60B1FFE74EF60451CEF20001C2
:10F000004FF080500860BFF34F8FBFF36F8F00E069
:10F01000FFE700E0FFE7FFF7ABF8012009908DE084
:10F02000079828B9FFE7FFF7A3F80020099085E0CB
:10F03000069830B9FFE704A8FFF758FA01200690B8
:10F0400000E0FFE7FFE7FFE7FFF792F8FFF788FB35
:10F05000FFF776F8039890F94400013028B9FFE7EC
:10F060000399002081F84400FFE7039890F94500D8
:10F07000013028B9FFE70399002081F84500FFE738
:10F08000FFF776F804A807A900F05CF8A8BBFFE733
:10F090000398FDF707FC48B3FFE70398006850B9F1
:10F0A000FFE7FFF74DF80398806800F003FB02903C
:10F0B000FFF75EF800E0FFE7039824300799FFF7B9
:10F0C0002FFA0398FDF73EFE00F068FC60B9FFE7F9
:10F0D0004EF60451CEF200014FF080500860BFF3AD
:10F0E0004F8FBFF36F8F00E0FFE705E00398FDF758
:10F0F00029FE00F053FCFFE71FE00398FDF722FE16
:10F1000000F04CFC0398FDF7CDFBA0B1FFE702989F
:10F1100070B1FFE7FFF714F80398FDF777F9009057
:10F12000039880680099FFF741FAFFF721F8FFE79D
:10F130000020099002E0FFE7FFE73DE709980AB0E9
:10F1400080BD000080B586B005900491FEF7F8FF01
:10F150004BF22800C2F20100006802900298059963
:10F160004968401A01904AF63C40C2F2000000682B
:10F1700090F8590058B1FFE74AF63C40C2F200004F
:10F180000168002081F859000120039037E00498BD
:10F190000068013018B9FFE7002003902EE04AF61E
:10F1A0009070C2F2010000680599096888420CD08D
:10F1B000FFE7029805994968884206D3FFE70120D6
:10F1C000039004990020086017E0019804990968E9
:10F1D00088420BD2FFE7019A04990868801A0860F8
:10F1E0000598FFF783F90020039005E004990020BB
:10F1F000086001200390FFE7FFE7FFE7FFE7FEF766
:10F20000B7FF039806B080BD10B588B0DDF82CC0FC
:10F21000DDF828C007900691ADF8162004930798F2
:10F220000699BDF81620049BDDF828C00B9CEE461D
:10F23000CEF80440CEF800C0FDF794F80390039890
:10F2400030B1FFE70398FCF797FE0120029003E03E
:10F250004FF0FF300290FFE7029808B010BD0000A9
:10F2600080B586B00590049100200190FFF778FAF0
:10F270004BF22800C2F20100006800900598006877
:10F28000049908440390009805990968884210D2AF
:10F29000FFE7039805990968884208D2FFE70398B9
:10F2A0000099884203D9FFE70120019000E0FFE7C1
:10F2B0000FE0039805990968884205D3FFE7039892
:10F2C0000099884203D9FFE70120019000E0FFE7A1
:10F2D000FFE7039805990860019838B1FFE70398A4
:10F2E0000099401A0021FCF7AFFD00E0FFE700F0B5
:10F2F00055FB0290029860B9FFE74EF60451CEF23A
:10F3000000014FF080500860BFF34F8FBFF36F8F45
:10F3100000E0FFE7019806B080BD000081B04AF62A
:10F32000F470C2F20100006818B9FFE701200090F4
:10F330000DE04AF62470C2F20100006818B9FFE738
:10F340000220009002E000200090FFE7FFE7009815
:10F3500001B0704781B04BF22800C2F20100006892
:10F360000090009801B0704780B588B000200590EB
:10F370004AF62470C2F201000068002840F01081B3
:10F38000FFE74BF22801C2F2010108680130049046
:10F39000049808600498D0B9FFE7FFE74AF64442B2
:10F3A000C2F20002106803904AF64C41C2F200011A
:10F3B00008681060039808604AF69071C2F2010173
:10F3C000086801300860FDF72FFCFFE700E0FFE769
:10F3D00004984AF68C71C2F2010109688842C0F0B3
:10F3E000BE80FFE7FFE74AF64440C2F20000006833
:10F3F000006840B9FFE74AF68C71C2F201014FF094
:10F40000FF300860AAE04AF64440C2F200000068FB
:10F41000C068C068079007984068069004980699ED
:10F42000884207D2FFE706984AF68C71C2F20101C2
:10F43000086093E0FFE7FFE70798406902900798AC
:10F440008168C068886007998868C96848600298C0
:10F45000406807990431884205D1FFE70798C068E2
:10F4600002994860FFE707990020486102990868FF
:10F4700001380860FFE70798806A08B3FFE7FFE7F5
:10F480000798806A01900798C169006A88600799A7
:10F49000C869096A4860019840680799183188422C
:10F4A00005D1FFE70798006A01994860FFE70799CF
:10F4B000002088620199086801380860FFE700E0D1
:10F4C000FFE7FFE70798C16A012000FA01F24AF658
:10F4D0002C71C2F20101086810430860FFE7079829
:10F4E000C06A00EB80004AF65441C2F2000101EB11
:10F4F0008000406800900098079A906000988068AB
:10F50000079AD06007980430009A92685060079874
:10F510000430009A9060079AD06A00EB800001EBFB
:10F52000800050610798C06A00EB800251F8220009
:10F53000013041F82200FFE7FFE70798C06A4AF66A
:10F540003C41C2F200010968C96A884203D9FFE759
:10F550000120059000E0FFE7FFE744E7FFE74AF6F8
:10F560003C40C2F200000068C06A00EB80014AF62D
:10F570005440C2F2000050F82100022803D3FFE7F4
:10F580000120059000E0FFE74BF23400C2F20100D9
:10F59000006818B1FFE70120059000E0FFE707E0F1
:10F5A0004AF69C71C2F20101086801300860FFE769
:10F5B000059808B080BD000080B584B00390039822
:10F5C000029000200190039800286ED0FFE7029976
:10F5D000086D013808650299C86AC96C884262D012
:10F5E000FFE70298006D00285BD1FFE70298043026
:10F5F000FEF7E0FC68B9FFE70298C16A012000FA53
:10F6000001F24AF62C71C2F20101086890430860C9
:10F6100000E0FFE70299C86CC8620299C86AC0F1AD
:10F6200020008861FFE70298C16A012000FA01F218
:10F630004AF62C71C2F20101086810430860FFE726
:10F640000298C06A00EB80004AF65441C2F2000101
:10F6500001EB8000406800900098029A906000984A
:10F660008068029AD06002980430009A92685060D4
:10F6700002980430009A9060029AD06A00EB8000F1
:10F6800001EB800050610298C06A00EB800251F8E3
:10F690002200013041F82200FFE7FFE7012001903E
:10F6A00000E0FFE700E0FFE700E0FFE7019804B0BB
:10F6B00080BD000080B584B00390039802900020C4
:10F6C00001900398002800F0A380FFE70298C06A29
:10F6D0004AF63C41C2F200010968C96A884280F0DA
:10F6E0008680FFE70298C07E000600280BD4FFE763
:10F6F0004AF63C40C2F200000068C06AC0F1200037
:10F700000299886100E0FFE702994869C96A01EB44
:10F7100081024AF65441C2F2000101EB82018842A3
:10F7200059D1FFE702980430FEF744FC68B9FFE7BF
:10F730000298C16A012000FA01F24AF62C71C2F265
:10F74000010108689043086000E0FFE74AF63C408A
:10F75000C2F200000068C06A0299C862FFE702981E
:10F76000C16A012000FA01F24AF62C71C2F20101CD
:10F77000086810430860FFE70298C06A00EB800049
:10F780004AF65441C2F2000101EB8000406800904B
:10F790000098029A906000988068029AD06002985F
:10F7A0000430009A9268506002980430009A906089
:10F7B000029AD06A00EB800001EB80005061029851
:10F7C000C06A00EB800251F82200013041F82200AB
:10F7D000FFE7FFE708E04AF63C40C2F2000000689D
:10F7E000C06A0299C862FFE7012001900FE0029809
:10F7F000C06C4AF63C41C2F200010968C96A8842FD
:10F8000003D2FFE70120019000E0FFE7FFE700E0FF
:10F81000FFE7019804B080BD87B006900698C068E5
:10F82000C0680590FFE70598806A03900598C16954
:10F83000006A88600599C869096A48600398406849
:10F8400005991831884205D1FFE70598006A0399A8
:10F850004860FFE70599002088620399086801382D
:10F860000860FFE74AF62470C2F201000068002831
:10F870005DD1FFE7FFE70598406902900598816830
:10F88000C068886005998868C968486002984068BF
:10F8900005990431884205D1FFE70598C0680299AF
:10F8A0004860FFE70599002048610299086801381F
:10F8B0000860FFE7FFE70598C16A012000FA01F23E
:10F8C0004AF62C71C2F20101086810430860FFE794
:10F8D0000598C06A00EB80004AF65441C2F200016C
:10F8E00001EB8000406801900198059A90600198B2
:10F8F0008068059AD06005980430019A926850603B
:10F9000005980430019A9060059AD06A00EB800057
:10F9100001EB800050610598C06A00EB800251F84D
:10F920002200013041F82200FFE7FFE71DE0FFE77A
:10F930004AF6A071C2F20101486800900098059A49
:10F94000D06100988068059A106205981830009A76
:10F950009268506005981830009A9060059881620E
:10F96000086801300860FFE7FFE70598C06A4AF6BB
:10F970003C41C2F200010968C96A884208D9FFE720
:10F98000012004904BF23401C2F20101086002E050
:10F9900000200490FFE7049807B0704780B588B056
:10F9A0000020009007900690FEF7CAFB0098059093
:10F9B0004AF62470C2F20100016801390160006852
:10F9C000002840F0FC80FFE74AF61C70C2F20100FC
:10F9D0000068002800F0F280FFE7FFE74AF6A07019
:10F9E000C2F201000068002800F09A80FFE74AF6A2
:10F9F000A070C2F20100C068C0680790FFE70798D6
:10FA0000806A04900798C169006A88600799C8698C
:10FA1000096A48600498406807991831884205D1FE
:10FA2000FFE70798006A04994860FFE707990020FC
:10FA300088620499086801380860FFE7FFE70798C3
:10FA40004069039007988168C06888600799886852
:10FA5000C96848600398406807990431884205D115
:10FA6000FFE70798C06803994860FFE707990020FF
:10FA700048610399086801380860FFE7FFE70798C5
:10FA8000C16A012000FA01F24AF62C71C2F20101AA
:10FA9000086810430860FFE70798C06A00EB800021
:10FAA0004AF65441C2F2000101EB80004068029026
:10FAB0000298079A906002988068079AD060079829
:10FAC0000430029A9268506007980430029A90605D
:10FAD000079AD06A00EB800001EB80005061079824
:10FAE000C06A00EB800251F82200013041F8220088
:10FAF000FFE7FFE70798C06A4AF63C41C2F20001FF
:10FB00000968C96A884209D9FFE7059A4BF23401AE
:10FB1000C2F20101012041F8220000E0FFE75DE7A9
:10FB2000079818B1FFE7FDF77FF8FFE74AF69C70EA
:10FB3000C2F20100006801900198F0B1FFE7FFE711
:10FB4000FFF712FC48B1FFE7059A4BF23401C2F20D
:10FB50000101012041F8220000E0FFE7019801388F
:10FB60000190FFE701980028EAD1FFE74AF69C716F
:10FB7000C2F201010020086000E0FFE705994BF2A6
:10FB80003400C2F2010050F82100A8B1FFE70120C3
:10FB90000690FFE74AF63C40C2F2000000684EF6CD
:10FBA0000451CEF200014FF080500860BFF34F8F38
:10FBB000BFF36F8FFFE700E0FFE7FFE700E0FFE73D
:10FBC000FEF7D6FA069808B080BD000080B584B074
:10FBD00000200390FCF780FA4BF22C00C2F20100E7
:10FBE0000068B8B1FFE74BF23000C2F2010069468D
:10FBF00048601F2008604CF62550C0F6010042F610
:10FC0000C271C0F602014FF480720023FFF7FCFAC4
:10FC1000039000E0FFE7039804B080BD5FEA400C6A
:10FC200008BF91F0000F4FEA8C234FEAC12243EA4C
:10FC300051514FEA1C5018BF00F5F0404FEA300018
:10FC400018BF41F000415FEA6C5C00F02980BCF114
:10FC5000FF3F08BF40F080407047130C06BF1204FE
:10FC60004FF0100C4FF0000C130E04BF12020CF1F9
:10FC7000080C130F04BF12010CF1040C930F04BF06
:10FC800092000CF1020CD30F04BF52000CF1010CD6
:10FC900011464FF00002A0F11F00A0EB0C007047CE
:10FCA00011F0004F08BF704731F000413FF4D5AF6D
:10FCB0000B0C06BF09044FF0100C4FF0000C0B0E9C
:10FCC00004BF09020CF1080C0B0F04BF09010CF171
:10FCD000040C8B0F04BF89000CF1020CCB0F04BF86
:10FCE00049000CF1010CCCF1200322FA03F341EAA4
:10FCF000030102FA0CF2A0EB0C0000F101007047C6
:10FD000023F07F4720F07F4C80EA030000F00040A2
:10FD1000ACEB070303F57C5303F1FF032DE98049A6
:10FD200009B44FEA144324EA03484FEA154B25EA85
:10FD30000B4E0FF2042606EB13273E7803FB0667F3
:10FD4000C7F5000707FB06F64FEAD64606F102069E
:10FD50004FEA543707FB066CCCF1005C4FEA1C47B6
:10FD60002CEA074C0CFB06F507FB06F404EB1546E2
:10FD70004FEA961649085FEA320234BF00204FF07E
:10FD800000404FEAD13706FB07FC4FEA1C4C0CFB46
:10FD90000BF7D21B03FB0CF761EB07010CFB0EF713
:10FDA000B0EB074072EB17420CFB08F734BFA2EB35
:10FDB0000742B2EB074261EB17414FEA0C444FEAAE
:10FDC000910706FB07FC4FEA1C4C0CFB0BF7B0EB52
:10FDD000C74072EB573203FB0CF734BFA2EBC742AC
:10FDE000B2EBC74261EB57310CFB0EF7B0EBC7002B
:10FDF00072EB57720CFB08F734BFA2EBC702B2EBF1
:10FE0000C70261EB57714FEA816141EA92114FEAF3
:10FE1000826242EA90124FEA806004EBCC04039FB6
:10FE20004FEAD13706FB07FC4FEA1C4C0CFB0BF7E3
:10FE3000D21B03FB0CF761EB07010CFB0EF7B0EBD9
:10FE4000074072EB17420CFB08F734BFA2EB0742E6
:10FE5000B2EB074261EB17414FEA8C5504EB9C244F
:10FE60004FEA910706FB07FC4FEA1C4C0CFB0BF713
:10FE7000B0EBC74072EB573203FB0CF734BFA2EB79
:10FE8000C742B2EBC74261EB57310CFB0EF7B0EB48
:10FE9000C70072EB57720CFB08F734BFA2EBC70226
:10FEA000B2EBC70261EB57714FEA816141EA9211EF
:10FEB0004FEA826242EA90124FEA806015EB4C25CD
:10FEC00044F100044FEAD13706FB07FC4FEA1C4C13
:10FED0000CFB0BF7D21B03FB0CF761EB07010CFBD0
:10FEE0000EF7B0EB074072EB17420CFB08F734BF7C
:10FEF000A2EB0742B2EB074261EB17414FEA8131B7
:10FF000041EA92414FEA823242EA90424FEA80301F
:10FF10004FEA0C7615EB1C1544F1000448EA034344
:10FF20004EEA0B484FF0000EB2EB080C71EB0307E2
:10FF300024BF624639464EEB0E0E4FF0000B001800
:10FF4000524149414BEB0B0BB2EB080C71EB030731
:10FF50007BF1000B24BF624639464EEB0E0E4FF08C
:10FF6000000B0018524149414BEB0B0BB2EB080C54
:10FF700071EB03077BF1000B24BF624639464EEB61
:10FF80000E0E51EA020718BF46F0010616EB0E7678
:10FF900055F1000254F1000103D5BDE88901BDE827
:10FFA0000088BDE88901BDE80048B619524141EB1F
:10FFB0000101A3F10103704780807F7E7D7C7B7A05
:10FFC0007978777676757473727171706F6E6E6D05
:10FFD0006C6C6B6A6A6968686766666564646363AB
:10FFE00062616160605F5F5E5E5D5D5C5C5B5B5A31
:10FFF0005A5959585857575656555555545453539E
:020000040802F0
:1000000052525251515050504F4F4F4E4E4D4D4DF8
:100010004C4C4C4B4B4B4A4A4A4949494848484743
:100020004747474646464545454444444443434381
:1000300043424242424141419C46002B30D477002A
:100040002BD04FEA37071CB503B44FF010004FF028
:100050001001BAF1000F06D0BCF1000FDCBF40F078
:10006000080040F008014FF000000FBCBDE8104050
:100070000BF1010BBBF1010F08BF5FEA170722BFAD
:1000800012F1010211F101014FF0004143F10003AF
:1000900000F0004043EA00007047F9D35708D0E76A
:1000A00046EA06464FEA164613F1400F1FDD13F1EC
:1000B000200FDFBF16430A46002120335B42BED02B
:1000C000C3F1200746EA06464FEA164602FA07F74A
:1000D00046EA070622FA03F2C3F1200701FA07F7FE
:1000E00042EA070221FA03F14FF00003A7E746EACC
:1000F000020646EA06464FEA164646EA0106BCBF35
:1001000046EA0646360C4FF000034FF000024FF06F
:10011000000194E72DE9804C70B49A46934691E82B
:10012000380007C831EA400C48BF34EA430C03D515
:10013000FFF7E6FDFFF780FFF0BCBDE8008C2DE97E
:10014000804C70B49A46934691E8380007C810F086
:10015000804F08BF13F0804F03D100F005F8FFF780
:100160006BFFF0BCBDE8008C20F07F4723F07F4C94
:1001700080EA030000F0004007EB0C03A3F57C537A
:10018000A3F1FE0392F0000F00F0B38095F0000F92
:1001900000F077802DE901494FEA114021EA00483B
:1001A0004FEA144624EA064700FB06FC08FB06F665
:1001B00007FB08F818EB06484CEB164C00FB07F75A
:1001C00018EB07484CEB17404FEA124B22EA0B4E54
:1001D0004FEA154625EA06470BFB06FC0EFB06F622
:1001E00007FB0EFE1EEB064E4CEB164C0BFB07F707
:1001F0001EEB074E4CEB174B18EB0B0840F10000C1
:1002000018EB0E0B58EB000840F100008F1A4FF06E
:1002100000014FF000063CBFC943661B14BFB5EB9D
:10022000040C00213CBFC943F61B4FEA174427EAE0
:1002300004454FEA1C472CEA074C04FB076205FB08
:1002400007F70CFB05F616EB074642EB174204FBDB
:100250000CFC16EB0C4642EB1C421BEB060658EB63
:10026000020241414EEA8E0E46EA9E0601D5BDE8E5
:100270000189B619524141EB0101A3F10103BDE827
:1002800001894FEA144524EA05464FEA114721EA5D
:10029000074C05FB07F406FB07F70CFB06F111EB17
:1002A000074144EB174405FB0CFC11EB0C4144EBFC
:1002B0001C444FEA124722EA074C05FB07F206FBF3
:1002C00007F70CFB06F616EB074642EB174205FB59
:1002D0000CFC16EB0C4642EB1C456A1854F100016D
:1002E00048BF7047B619524141EB0101A3F1010328
:1002F000704795F0000F37D04FEA114221EA0246CD
:100300004FEA144724EA074C02FB07F106FB07F704
:100310000CFB06F414EB074441EB174102FB0CFC09
:1003200014EB0C4441EB1C414FEA154725EA074CFE
:1003300002FB07F506FB07F70CFB06F616EB074674
:1003400045EB174502FB0CFC16EB0C4645EB1C423B
:10035000121951F1000148BF7047B619524141EBE3
:100360000101A3F1010370474FEA144524EA054651
:100370004FEA114721EA074C05FB07F106FB07F797
:100380000CFB06F212EB074241EB174105FB0CFC9C
:1003900012EB0C4251EB1C414FF0000648BF704776
:1003A000921841EB0101A3F10103704703B40198D6
:1003B0004100009850EAC12018BF04204A0D18BF20
:1003C00040F0010040F2FF72B2EB515F08BF40F015
:1003D0000200012808BF052002B0704730380A2803
:1003E00001D20120704700207047000010B500299D
:1003F0000AD00878002807D005487844E1F704FCC3
:10040000002801D0002010BD0248784410BD000033
:100410004E3201004632010010B500290AD008789A
:10042000002807D005487844E1F7EEFB002801D00A
:10043000002010BD0248784410BD00003E3201008B
:100440003632010010B591EA030F48BF83F0004334
:1004500000F18A83841A71EB030C05D2121943EB65
:100460000C03001B61EB0C014FEA1154A4EB135C6D
:10047000DFF81CE11EEA430F18BF9EEA445F00F05C
:10048000748021EA045123EA0E0343F48013DCF163
:10049000200E32D322FA0CFE10EB0E0023FA0CFED3
:1004A00041EB0E01CCF1200E03FA0EFE10EB0E0014
:1004B000CCF1200E51F10001B1F5801F32D201EBD9
:1004C000045112FA0EF2BDE8104058BF7047401CAC
:1004D00038BF5FEA420218BF7047002814BF20F0FF
:1004E000010041F100014FEA410313F5001F38BF3D
:1004F0007047A1F1C04100F029BB012A43EB030280
:10050000ACF1200CDCF11F0E32BF4FF0000E23FACD
:100510000CF310EB030041EB0451B4EB115FD0D0AE
:10052000A1EB045101F58011490801EB04515FEA88
:1005300030000ED350F1000038BF12FA0EFE08D181
:10054000BDE81040C9E7401C38BF5FEA4202CAD18B
:10055000C3E7BDE810404FEA410313F5001F38BF61
:100560007047A1F1C04100F0F1BA9EEA445F08D0A3
:1005700011EA5E0FBDE8104004BF01F00041002009
:100580007047BDE8104070B500F092FA64FBBE3EC3
:100590000000E0FF2DE9C04130B4DFF8A8C23CEA1A
:1005A000111418BF3CEA131400F0F0801CEA111477
:1005B00081EA030544EAD57418BF1CEA131500F05C
:1005C000CB80A4EB050404F17F7404F500344FF0F4
:1005D000004545EAC12145EAC32341EA505143EAB7
:1005E00052534FEAC0204FEAC222994208BF9042BC
:1005F00000F0A0804FEA13650FF24816765D4FEACF
:10060000134506FB05F7C7F1807706FB07F74FEAAE
:10061000D737A7FB03687642A7FB06CEC8F580381C
:1006200038BFA8F1010807FB08E6A6FB028C4FF0D3
:10063000000EE6FB03CED8F100086FEA0C0C5CF16B
:10064000000C6FEA0E0E4EF1004EA6FB0C584FF058
:100650000007E6FB0E87A1FB08C6A0FB07CE16EB42
:100660000E064FF0000545F10005E1FB076515F1A9
:10067000E04E7EBFA4F580345FEA46066D4116F178
:10068000800745F100054FEA172747EA05674FEA5B
:1006900015254FEA0666A6F1DE46B6F1805F20D941
:1006A000384605EBC47124F0010C01EB0C11BCF1D0
:1006B000FE6F02D8F0BCBDE8008124425CBF01F5AA
:1006C000801E9EEAC47F02D4F0BCBDE800812442B3
:1006D00000F13980A1F1C041F0BCBDE8004100F05B
:1006E00035BA4FEAD02040EA41504FEAD1214FEAD3
:1006F000D22242EA43524FEAD323A7FB028607FBEA
:10070000036605FB02661EEA0E0F58BFA6EB0056F5
:10071000B6EB00564FEA520E4EEAC37E18EB0E0EB1
:1007200056EB530EBCD518EB02085E417F1C55F109
:100730000005B5E74FF480154FF000074FF00006B5
:100740004FF00008ACE701F1C04101F000414FF06B
:100750000000F0BCBDE800810CEA131511EA0C1F83
:1007600000D00CE013EA0C1F00F025804FF00000D1
:1007700081EA030101F00041F0BCBDE80081F0BC5A
:10078000BDE8004181EA030100F0E0B9F0BCBDE83A
:10079000004170B500F08CF9097EFC3E00F007B80E
:1007A0004FF0000081EA030101F00041704781EA47
:1007B000030100F0CBB9F0BCBDE8004122494FF085
:1007C00000007047FFFDFBF9F7F5F4F2F0EEEDEBFA
:1007D000E9E8E6E4E3E1E0DEDDDBDAD8D7D5D4D33F
:1007E000D1D0CFCDCCCBCAC8C7C6C5C4C2C1C0BF8B
:1007F000BEBDBCBBBAB9B8B7B6B5B4B3B2B1B0AF91
:10080000AEADACABAAA9A8A8A7A6A5A4A3A3A2A174
:10081000A09F9F9E9D9C9C9B9A999998979796952F
:1008200095949393929191908F8F8E8E8D8C8C8BCB
:100830008B8A898988888787868585848483838253
:10084000828181800000FF070000F87F4FEA4103AA
:100850004FEA5353A3F58063D3F11E03C8BFD3F10E
:10086000210C0CDD4FF0004242EAC12242EA505214
:1008700032FA03FC8CEAE17CACEBE1707047102BA0
:10088000C4BF0020704703F5787CBCF1FF3F04D063
:100890006FF0004282EA2100704770B500F008F95D
:1008A0004992248000207047F2E700004FEA11537C
:1008B000A3F58063D3F11E03A8BFD3F1200C08DB9E
:1008C0004FF0004242EAC12252EA505232FA03F09B
:1008D000704709420BD4102BC4BF0020704703F5AA
:1008E000787CBCF1FF3F05D04FF0FF3070474FF0F0
:1008F0000000704770B500F0DBF800BF499224801B
:1009000000207047F0E710F0004248BF4042B0FAC4
:1009100080F310FA03F10AD0C3F11D0303F58063DD
:1009200002EB03524FEA415002EBD12170474FF0E6
:1009300000007047B0FA80F310FA03F10AD0C3F157
:100940001D0303F580634FEA03524FEA415002EB67
:10095000D12170474FF000007047000070B5DFF8FC
:1009600048C11CEA111E1EBF1CEA13159EEA0C0F9B
:1009700095EA0C0F00F06F8081EA03044EEAD47E02
:10098000AE4421EA4C1123EA4C1341F4801143F4A4
:100990008013AEF17F7EA1FB024CA0FB03653619EC
:1009A00055EB0C05A1FB034C4CF10003A0FB021C12
:1009B00016EB0C06654153F10003094218BF46F0DF
:1009C000010613F4007F0BD14FEA03314FEA0530E3
:1009D00041EA155140EA165034036FF003020AE071
:1009E0004FEAC3214FEAC52041EA555140EA56502B
:1009F000F4026FF0020202EB2E4201EB025585EA8F
:100A0000CE710AD05FEA440C18BF24F0004450F1C4
:100A1000000041F1000120EAD47040F2FE7C624502
:100A200000D270BDA84214BF4FF080444FF0404444
:100A3000002E08BF0024BEF1806FA8BFA1F1C04105
:100A4000BDE8704080F2828001F1C04101F00041B8
:100A50004FF0000070470CEA13159EEA0C0F18BF08
:100A600095EA0C0F06D081EA030E4FF000000EF05D
:100A7000004170BD00F01CF88900013E00F007B88D
:100A800000F009B84FEA430C5FEA5C5C08D081EAE9
:100A9000030100F05BB84FEA410C5FEA5C5CF6D101
:100AA00002494FF0000070470000FF070000F87F88
:100AB0000EF1020E2EF0030E5EF8046B364205D4E2
:100AC000012A43EB030515F5001F12D8012841EB5D
:100AD000010C1CF5001F0CD80ED14FEAD17C0CEB99
:100AE0004C0C0CF1020C15F5001F08BF4CEBD37C2D
:100AF00004E04FF0080C01E04FEAD37C0CEB4C050E
:100B000026FA05F606F00706B6F1040C06D20EEB3F
:100B1000860CBDE870404CF0010C6047DFE80CF03B
:100B2000090B02024FF00041A1F500214FF0000037
:100B300070BD19461046012851EB010418BFD4F5C9
:100B4000001484BF002001F0004170BD0808A0F52A
:100B500000114FEA3101704710B591EA030F48BF09
:100B600083F000433FF576AC841A71EB030C07D297
:100B70008CF0004C121943EB0C03001B61EB0C01D1
:100B80004FEA1154A4EB135CDFF8A4E11EEA430F13
:100B900018BF9EEA445F00F0B48021EA045123EAC2
:100BA0006E035242C3EB6E0338BF5B1EDCF1200EB6
:100BB00025D322FA0CFE10EB0E0043FA0CFE41EB9B
:100BC0000E01CCF1200E03FA0EFE10EB0E00CCF15C
:100BD000200E51F1000129D401EB045112FA0EF25A
:100BE000BDE8104058BF7047401C1CBFB2F1004F19
:100BF000704700280CBF491C20F00100704712EB21
:100C0000020E43EB030218BF4FF0010E4EEA420200
:100C1000ACF1200CDCF11E0E56D943FA0CFE10EBA1
:100C20000E00CCF11E0E51F1FF31D5D50EF1010EA3
:100C300012FA0EFE404141EB010101EB445C5FEA18
:100C40005C5C10D901EB045110EBDE7038BFBEF1D3
:100C5000004FBDE8104018BF704700280CBF491C6A
:100C600020F00100704734D24FEAD42C24F4006401
:100C700011F500111BD0B1FA81F20B3AA41AA41E8F
:100C8000D2F12003914030FA03F31943904001EB75
:100C9000CC7101EB0451002CBDE81040A8BF704797
:100CA00001F1C04101F000414FF000007047B0FA7F
:100CB00080F310FA03F102D1BDE810407047E41A46
:100CC000173C4805C90AE2E701EB0451BDE81040B2
:100CD000704749104FEA300001EB0451BDE8104065
:100CE00002E04FF0000170474A0008BF0042F8D010
:100CF000B2F5001F28BF704701F000414FF000001F
:100D000070479EEA445F07D011EA5E0FBDE81040CD
:100D100004BF002100207047BDE8104070B5FFF708
:100D2000C7FE00BF40DFF63E104683F0004170472B
:100D30000000E0FFF1EE100A4FF6FF71C0F2C03183
:100D400020EA010040F04070E1EE100A7047E0F741
:100D5000CDBAE0F701BC0000099CFF7F08840F00BA
:100D6000FFFF01092A4CAE0100764E000000000092
:100D7000F19BFF7F08840F00FFFF01092A4CAE01A1
:100D800000764E0000000000D99BFF7F08840F0012
:100D9000FFFF01092A4CAE0100764E000000000062
:100DA000C19BFF7F08840F00FFFF01092C50B40195
:100DB000007C4E0000000000A99BFF7F08840F000C
:100DC000FFFF01092C52B601007E4E00000000001A
:100DD000919BFF7F08840F00FFFF01092A4EB0019D
:100DE00000784E0000000000799BFF7F08840F0010
:100DF000FFFF01092C50B401007C4E0000000000F0
:100E0000619BFF7F08840100FFFF0108280C6C0034
:100E1000344E00004D9BFF7F08840B00FFFF012331
:100E2000004400004404A601005204AC0100640424
:100E3000B20100721CB801009C0102BE01009E01BB
:100E4000520000001D9BFF7F843F2F01B0B0B0080F
:100E5000FFFF019C02002200002204FA12002E185B
:100E600080130050048613005E048C13006C1292F1
:100E700013008A01049813009801129E1300B60112
:100E800004A41300C60104AA1300D60104B0130081
:100E9000E60104B61300F60104BC1300860204C286
:100EA0001300960204C81300A60204CE1300B40275
:100EB00018D41300D80204DA1300EC02B604E013CD
:100EC00000A40708E61300BE0760E01300A00808AE
:100ED000F21300BA088601E01300C2091CFE1300D9
:100EE000F00916E01300880A088A1400A20A60E0DC
:100EF0001300840B1C961400B20B16E01300CA0BEF
:100F000008A21400E40B60E01300C60C1CAE140031
:100F1000F40C16E013008C0D1CBA1400BA0D16E088
:100F20001300D20D08C61400EC0D60E01300CE0EC5
:100F30001CD21400FC0E16E01300940F1CDE1400EB
:100F4000C20F16E01300DA0F08EA1400F40F52E0A3
:100F50001300C81008F61400DE10E801E01300C802
:100F60001208821500E21210E01300F212B0030022
:100F700000000000ED99FF7F08840100FF000D01D3
:100F8000051604CA0101010000000000D599FF7F89
:100F900008840500FFFF0108140436001830000023
:100FA000C199FF7F08840700FFFF0110002800009F
:100FB00028045E003C1A640056280000A599FF7FB3
:100FC00008840B00FFFF010C34066E004C0874000F
:100FD000543A00008D99FF7F08840100FF000D0145
:100FE0000416063201010000000000007599FF7F21
:100FF00008840500FFFF010C0014000014043200F7
:10100000182C00005D99FF7F08840900FFFF01098B
:101010003008820100386200000000004599FF7F1F
:1010200008840500FFFF01081E064800243C00005C
:101030003199FF7F08840300FFFF010C002C0000A2
:101040002C063A00321A00001999FF7F0884050027
:10105000FFFF0110002A00002A0862003822680001
:101060005A28000084050181B0B00108000000008A
:1010700084060181B0B0000800000000E598FF7F01
:10108000B0088400FF0015010C02080A010A0400E0
:10109000000E06140101000000000000C598FF7F4B
:1010A000B0B0A800FF000D0104021A2601010000E3
:1010B00000000000AD98FF7FB00B8400FF0011011D
:1010C00008080624010E1A000001000000000000BC
:1010D0009198FF7FB0B0AA00FF001101080A044AEE
:1010E000010E400000010000000000007598FF7F25
:1010F000B0B0A800FF00110108040454010850001A
:1011000000010000000000005998FF7FB0AF06000A
:10111000FF0051014700420000420446018A0104D9
:10112000F402009A0106F20200B80136F00200FE55
:101130000118E802009602120000A80204E802006A
:10114000AC02080000B40214E80200D60212F00259
:1011500000F40204FC0201F8020800000100000093
:1011600000000000FD97FF7FB0B0A800FF00110154
:1011700008180426011C082A0101000000000000D4
:1011800000000000000000003031323334353637C3
:1011900038394142434445464030580030313233BB
:1011A00034353637383961626364656640307800BB
:1011B0000400000800000000000000020001000020
:1011C0001030313233343536373839616263646513
:1011D0006678700030313233343536373839414231
:1011E000434445465850000002400000000000A063
:1011F0000000000005400000000000C800000000E2
:101200000C4000000000409C00000000194000005D
:101210000020BCBE0000000034400000BFC91B8E8F
:1012200000000004B5400000504BCFD06607E2CF6D
:10123000010000006C4100003E8251AADFEEA7349D
:1012400001000000D9420000DCB5A0E23A301F974F
:10125000FFFFFFFFB4450000FD25A0C8E9A3C14F73
:10126000FFFFFFFFFF3F00000000008000000000C4
:10127000FF3F0000000000800000000000000000B0
:10128000FFFFFFFFFFFFFFFF000000000100000065
:10129000000000000000000001000000FFFFFFFF51
:1012A000FFFFFFFF01000000FFFFFFFFFFFFFFFF49
:1012B000010000000100000001000000000000002B
:1012C00000000000010203040607080900000000F6
:1012D000010203040006101600061016D4DF0208EF
:1012E000000000003200320027000C00030018400C
:1012F000D43C020800000000A300800000000000B1
:10130000A300800048350308FC17020848130208B0
:1013100040130208FC1702086913020808130208A8
:10132000FC1702088B13020814130208FC170208AA
:10133000B013020838130208D4170208C2130208B7
:10134000D4170208CF1302084E31305F5F637878FC
:10135000616269763131365F5F7368696D5F747998
:1013600070655F696E666F45004E31305F5F637810
:1013700078616269763131375F5F636C6173735F87
:10138000747970655F696E666F45004E31305F5FDE
:10139000637878616269763132305F5F73695F6369
:1013A0006C6173735F747970655F696E666F450019
:1013B000537431336261645F657863657074696F1B
:1013C0006E00537439657863657074696F6E00538D
:1013D0007439747970655F696E666F000000000093
:1013E000000000006D8D0008558D0008032B0108DA
:1013F0005D8C0008F12801086D8C0008E9290108BE
:10140000F9280108992A01087D8C0008DD280108C7
:10141000998B00080000000000000000C98E000841
:10142000B18E00089DF0000881EE0008918D000843
:101430003DFC0008DD8D0008C98D000859EE00084C
:1014400073FB000849EB00086DED000871EE000821
:10145000C5820108418E00080DEB0008BDF80008A8
:10146000F1F90008A5F9000851EB0008D9EB0008D4
:10147000B1ED000891EC000871FA00089DF1000838
:101480002DFA000893F0000881EF0008F1EF000842
:1014900045ED0008118E0008B98D0008ED8D00089B
:1014A000218E00080DFC000839F400085DEF0008EB
:1014B000D9F10008CDF400084DEE0008718901084B
:1014C00019FC000865EE0008D1EA000875F2000872
:1014D00089F20008D1F100088DF60008818D00081E
:1014E000318E0008FD8D000811F8000897F80008FB
:1014F00069F500083DED0008B1EA0008B5F0000804
:1015000000000000000000006990000851900008F1
:10151000B1A0000800000000000000002D930008AA
:1015200015930008DD920008B1920008BD920008F2
:101530000000000000000000C99E0008B19E0008E5
:10154000032B010851930008F1280108E92801083C
:10155000E9290108F9280108992A01085993000886
:10156000DD28010849930008000000000000000089
:101570002DA00008999F000895A000087DA00008F4
:1015800011A00008A19F0008BD9F0008FCFFFFFFFD
:101590000000000031A2010821A2010809A20108EF
:1015A000B1A10108C9A1010800000000000000006D
:1015B00019A1000801A10008B1A000080000000066
:1015C000000000008DC000081DC000089DC000087C
:1015D000EDB200083DA1000861DA000899A10008F9
:1015E00081A1000875A4000865B2000829B90008A7
:1015F000D1B20008B5B2000885C0000835B90008AE
:1016000075B1000801B3000811C10008C9C0000885
:101610000000000000000000FDA10008E5A1000896
:10162000BDA10008ADA100080000000000000000FE
:10163000BDA30008A5A300089DF0000881EE0008E6
:1016400021A200083DFC0008CDA2000871A20008FC
:1016500059EE000873FB000849EB00086DED000827
:1016600071EE0008D582010835A300080DEB0008D3
:10167000BDF80008F1F90008A5F9000851EB0008D1
:10168000D9EB0008B1ED000891EC000871FA0008F0
:101690009DF100082DFA000893F0000881EF000882
:1016A000F1EF000845ED0008F9A2000861A200086A
:1016B000DDA200080DA300080DFC000839F40008A5
:1016C0005DEF0008D9F10008CDF400084DEE0008E8
:1016D0007189010819FC000865EE0008D1EA0008CC
:1016E00075F2000889F20008D1F100088DF60008B3
:1016F00011A2000815A30008EDA2000811F80008C7
:1017000097F8000869F500083DED0008B1EA000807
:10171000B5F000080000000000000000D1A30008A0
:1017200061A4000849A400080000000000000000B7
:101730008DC000081DC000089DC00008EDB2000863
:101740002DC0000861DA000891A5000879A50008FD
:1017500075A4000865B2000829B90008D1B20008D4
:10176000B5B2000885C0000835B9000875B1000899
:1017700001B3000811C10008C9C000080000000042
:101780000000000015A70008C5D6000871D70008A2
:10179000ADA6000883D70008FDAB0008A1A600088D
:1017A00069AD000851AD0008A5D7000829D7000889
:1017B0001BD7000821A70008D1AA000817D70008E6
:1017C00019D700086FD7000861D700080000000093
:1017D000141302082385000827850008337F0108B9
:1017E000357F0108DB800108377F0108757F01081C
:1017F0005D80010800000000201302082385000816
:1018000037850008337F0108357F0108DB80010838
:1018100061810108B9810108998201080000000076
:1018200000000000F11F01089FAD0008DF820108E1
:10183000000000000000000069B1000851B100087C
:101840000DB100082DB1000825B10008F9B000085D
:1018500015B1000800000000000000008DC0000865
:101860001DC000089DC00008EDB200082DC0000892
:10187000C7C000082DDD00089DC10008ADC00008EC
:1018800065B2000829B90008D1B20008B5B2000855
:1018900085C0000835B9000875B1000801B300081B
:1018A00011C10008C9C000080000000000000000CD
:1018B000094401088DC20008518301083D830108D5
:1018C000B195010811830108119601080942010828
:1018D000FD420108A12E01088795010833960108F1
:1018E000194301082D4301089D430108B143010834
:1018F000C542010899420108A54201088542010834
:1019000091420108874101086D43010861420108C5
:101910005DC200082984010845830108C1A60108A9
:10192000000000000000000035C5000831C50008B7
:10193000879D0108639D0108B19501085F95010825
:1019400039840108416E0108FD420108F56D010866
:101950008795010833960108194301082D430108B2
:10196000AFC40008CDC40008C5420108994201086F
:10197000A5420108854201089142010887410108FA
:101980006D430108456E0108697001085371010833
:10199000B37101088D710108937101082971010863
:1019A000A56E0108D96D01086B9D010849700108F9
:1019B0003DD6000819D60008A5C2000811C40008C9
:1019C0004DC400089DC400086384010881C4000858
:1019D0003584010897C400085D8401082F8401083C
:1019E0000000000000000000F11F01085BC50008B6
:1019F000678401080000000000000000A9C500087D
:101A000091C5000861C500082DB1000825B1000886
:101A1000F9B0000815B10008000000000000000047
:101A200009440108ADD60008879D0108639D01089F
:101A3000B19501085F95010811960108416E0108F2
:101A4000FD420108F56D01088795010833960108EC
:101A5000194301082D4301089D430108B1430108C2
:101A6000C542010899420108A542010885420108C2
:101A700091420108874101086D430108456E010844
:101A80006970010853710108B37101088D71010873
:101A90009371010829710108A56E0108D96D01082B
:101AA0006B9D0108497001083DD6000819D6000851
:101AB000C1A601080000000000000000C1A6010846
:101AC000C5D6000871D7000815D7000883D70008CD
:101AD000C1A6010811D7000881D800087FD80008E6
:101AE000A5D7000829D700081BD70008C1A6010800
:101AF000C1A6010817D7000819D700086FD700083A
:101B000061D70008000000000000000085D900082F
:101B10006DD90008079D01081D8C01085D8A010828
:101B2000518A0108C5890108F989010889890108D4
:101B3000698A0108D38A0108AF8901087D890108F3
:101B4000078C0108658C0108318A0108418A010867
:101B5000658501083D8B0108018601084986010859
:101B6000FD8B0108B58901080D8601080000000001
:101B7000000000000DDA000809DA000855860108A7
:101B80004D870108898601087186010899D90008E6
:101B9000F8FFFFFF0000000059A2010853A201084E
:101BA00041A20108000000000000000009440108F3
:101BB00049DA0008FD8601088D860108B195010803
:101BC0005F950108F390010809420108FD420108F0
:101BD000A12E0108879501083396010819430108D1
:101BE0002D4301089D430108B1430108C542010886
:101BF00099420108A5420108854201089142010865
:101C0000874101086D43010861420108F31F010883
:101C10002DDA000829DA00080000000000000000AA
:101C20008DC000081DC000089DC00008EDB200086E
:101C30002DC0000861DA0008F9DA0008E1DA0008CE
:101C4000ADC0000865B2000829B90008D1B200088B
:101C5000B5B2000885C0000835B9000875B10008A4
:101C600001B3000811C10008C9C00008000000004D
:101C700000000000BDDC0008B5DC00084187010859
:101C80004D87010861870108C1A601080000000016
:101C900000000000E9DC0008E1DC0008C1A6010842
:101CA000C1A60108000000000000000021DD0008BE
:101CB00019DD0008C1A60108C1A601080000000046
:101CC000000000003FE100083DE10008C1E000081D
:101CD000C1DF00086987010845E000083FE000080F
:101CE000C1A60108C1A60108C1A60108C1A6010834
:101CF00000000000000000002BE2000813E20008D2
:101D000041E100080572010851E20008A9E100085C
:101D100005E20008000000000000000069E2000881
:101D200045E50008FDE40008C5E3000859E40008A3
:101D300091E30008B5E4000845E600082DE6000838
:101D40000000000000000000A5E600088DE6000885
:101D500059E600080000000000000000C1A60108CC
:101D6000C1A60108C1A60108C1A60108C1A60108B3
:101D7000C1A60108C1A601084DE7000845E7000813
:101D80000000000000000000C1E70008B9E70008FB
:101D9000418701084D87010861870108C1A6010834
:101DA000000000000000000041E9000829E90008E7
:101DB000B187010859970108B19501085F9501089D
:101DC0009187010809420108FD420108A12E01087E
:101DD0008795010833960108194301082D4301082E
:101DE000516C0108856C0108C5420108994201083F
:101DF000A542010885420108914201088741010876
:101E00006D43010861420108296C0108256B010836
:101E1000896B010845970108D59701086997010862
:101E20006D9801086D870108C9970108A18701080D
:101E30000000000000000000B5E900089DE900086E
:101E4000B187010859970108B19501085F9501080C
:101E50009187010809420108FD420108A12E0108ED
:101E60008795010833960108194301082D4301089D
:101E7000516C0108856C0108C542010899420108AE
:101E8000A5420108854201089142010887410108E5
:101E90006D43010861420108296C0108256B0108A6
:101EA000896B010845970108D597010869970108D2
:101EB0006D9801087987010885870108A1870108C5
:101EC0000000000000000000416D0108E9E9000881
:101ED000B187010859970108B19501085F9501087C
:101EE0009187010809420108FD420108A12E01085D
:101EF0008795010833960108194301082D4301080D
:101F0000516C0108856C0108C5420108994201081D
:101F1000A542010885420108914201088741010854
:101F20006D43010861420108296C0108256B010815
:101F3000896B010845970108D59701086997010841
:101F40006D980108C5970108C9970108A187010884
:101F500000000000000000000944010899EA0008A0
:101F6000878801085D880108B19501085F9501081F
:101F70007388010809420108FD420108A12E0108E9
:101F80008795010833960108194301082D4301087C
:101F90009D430108B1430108C54201089942010867
:101FA000A5420108854201089142010887410108C4
:101FB0006D430108614201080000000000000000BC
:101FC000ADFD0008A9FD00089DF0000881EE0008A5
:101FD000E5EA00083DFC000801EE0008FDED000800
:101FE00059EE000873FB000849EB00086DED00088E
:101FF00071EE0008C1A601087BFB00080DEB00088C
:10200000BDF80008F1F90008A5F9000851EB000837
:10201000D9EB0008B1ED000891EC000871FA000856
:102020009DF100082DFA000893F0000881EF0008E8
:10203000F1EF000845ED0008C1A60108C1A601089E
:10204000C1A60108C1A601080DFC000839F400086A
:102050005DEF0008D9F10008CDF400084DEE00084E
:102060007189010819FC000865EE0008D1EA000832
:1020700075F2000889F20008D1F100088DF6000819
:10208000B9EA000859FB0008C1A6010811F80008C8
:1020900097F8000869F500083DED0008B1EA00086E
:1020A000B5F000080000000000000000094401082D
:1020B000951D0108518301083D830108B195010870
:1020C00011830108D58D010809420108FD4201086C
:1020D000A12E0108879501083396010819430108CC
:1020E0002D4301089D430108B1430108C542010881
:1020F00099420108A5420108854201089142010860
:10210000874101086D430108614201085DC2000872
:1021100029840108718C01087D8C010800000000F1
:1021200000000000691F0108511F0108032B01086E
:10213000C9280108F1280108E9280108E92901084E
:10214000F9280108992A0108E1290108DD28010878
:1021500000000000000000000944010831200108CF
:1021600007910108D9900108B19501085F95010810
:10217000F390010809420108FD420108A12E01085F
:102180008795010833960108194301082D4301087A
:102190009D430108B1430108C54201089942010865
:1021A000A5420108854201089142010887410108C2
:1021B0006D43010861420108F31F0108000000009F
:1021C00000000000AD2801089D28010845250108F0
:1021D0000000000000000000ED2D0108E92D0108BD
:1021E000032B0108C9280108F1280108E928010882
:1021F000E9290108F9280108992A0108E1290108BB
:10220000DD2801080000000000000000FD2E01088C
:10221000F52E0108C1A60108C1A60108B195010863
:102220005F9501081196010809420108FD42010865
:10223000A12E01088795010833960108194301086A
:102240002D4301089D430108B1430108C54201081F
:1022500099420108A54201088542010891420108FE
:10226000874101086D430108614201080000000038
:1022700000000000FD310108E53101080000000008
:1022800000000000513801084D380108000000002E
:10229000000000000D410108F54001084D40010813
:1022A0001D9501080000000000000000094401081D
:1022B00005440108C1A60108C1A60108B19501089D
:1022C0005F9501081196010809420108FD420108C5
:1022D000C1A6010887950108339601081943010832
:1022E0002D4301089D430108B1430108C54201087F
:1022F00099420108A542010885420108914201085E
:10230000874101086D430108614201080000000097
:1023100000000000F5170108E56A010825560108CC
:10232000A54B01088D630108E962010809620108F3
:10233000296001081D5F010811650108BD460108FB
:10234000419701086396010867960108551701082F
:10235000D901010815140108E10D0108E15C01082B
:102360007112010811660108000000000000000061
:10237000416D01083B6D0108959B010859970108C3
:10238000B19501085F9501080D98010809420108FF
:10239000FD420108A12E0108879501083396010826
:1023A000194301082D430108516C0108856C01088F
:1023B000C542010899420108A54201088542010869
:1023C00091420108874101086D43010861420108FB
:1023D000296C0108256B0108896B010845970108E4
:1023E000D5970108699701086D980108C5970108FC
:1023F000C9970108319901080000000000000000A1
:10240000F1190108C16D0108079D01081D8C010823
:102410005D8A0108518A0108C5890108F989010806
:1024200089890108698A0108D38A0108AF890108EE
:102430007D890108078C0108658C0108318A010833
:10244000418A0108C1A601083D8B0108A589010840
:10245000118C0108FD8B0108B5890108C1A601088E
:10246000000000000000000009440108ED710108AF
:10247000879D0108639D0108B19501085F950108DA
:1024800011960108416E0108FD420108F56D010831
:102490008795010833960108194301082D43010867
:1024A0009D430108B1430108C54201089942010852
:1024B000A5420108854201089142010887410108AF
:1024C0006D430108456E01086970010853710108E8
:1024D000B37101088D710108937101082971010818
:1024E000A56E0108D96D01086B9D010849700108AE
:1024F0000000000000000000F11F01080F72010839
:10250000E99D01080000000000000000517401086E
:1025100039740108C1E00008C1DF000869870108BB
:1025200045E000083FE00008399E0108F17301080A
:10253000FD7301081D9E010800000000000000005E
:10254000C1740108A9740108C1E00008C1DF0008D6
:102550006987010845E000083FE000085D9E01082A
:102560006574010871740108459E010800000000AF
:1025700000000000357501081D750108C1E0000864
:10258000C1DF00086987010845E000083FE0000856
:10259000859E0108D5740108E1740108699E01084F
:1025A0000000000000000000517501084975010895
:1025B0008975010871750108000000000000000025
:1025C00015760108FD7501080000000000000000FC
:1025D000317F0108657B0108597B0108877A010872
:1025E000D77A0108177801080F7701087377010877
:1025F000577A0108177B0108C17A0108E1770108C1
:1026000027780108C779010837780108077701089A
:10261000000000002C130208BBA00108B5A00108AF
:102620009DA0010800003C027804B306EE08280BC8
:10263000610D990FD01106143A166C189D1ACB1C17
:10264000F71E212148236C258E27AC29C72BDF2DAF
:10265000F32F0332103418361D381C3A183C0E3E46
:102660000040ED41D443B74594476B493D4B084D7D
:10267000CE4E8E504752FA53A6554C57EB58825ABD
:10268000135C9D5D1F5F9A600E627A63DE643A663A
:102690008E67DA681E6A5A6B8D6CB86DDA6EF46FED
:1026A00004710D720C730274EF74D375AE7680777B
:1026B00048780779BC79687A0B7BA37B337CB87C3C
:1026C000347DA67D0E7E6D7EC17E0C7F4C7F837F28
:1026D000B07FD37FEC7FFB7F00800000010102020E
:1026E0000303040404050506060707080809090989
:1026F0000A0A0B0B0C0C0D0D0E0E0E0F0F10101105
:10270000111212131314141515161617171718187B
:1027100019191A1A1B1B1C1C1D1D1E1F1F202021EE
:102720002122222323242425262627272828292A54
:102730002A2B2B2C2D747970656454657874732062
:10274000213D20302026262022547970656454656E
:1027500078742064617461626173652068617320BC
:102760006E6F74206265656E20696E697469616C54
:10277000697A65642E220068617356616C696449E8
:10278000642829202626202274797065645465788F
:10279000744964206C6172676572207468616E2090
:1027A0006E756D6265724F665479706564546578B4
:1027B00074732E22005479706564546578742064B3
:1027C0006174616261736520686173206E6F74204B
:1027D0006265656E20696E697469616C697A6564A9
:1027E0002E00437562654D582F4D6964646C6577A2
:1027F000617265732F53542F746F756368676678C1
:102800002F6672616D65776F726B2F696E636C7581
:1028100064655C746F7563686766782F547970655A
:1028200064546578742E6870700073697A656F6699
:10283000285472616E735479706529203C3D20687C
:102840006561702E7472616E736974696F6E537412
:102850006F726167652E656C656D656E745F736917
:102860007A65282920262620225472616E736974A5
:10287000696F6E20616C6C6F636174696F6E206547
:1028800072726F723A20436865636B20746861747A
:1028900020616C6C207472616E736974696F6E7301
:1028A0002061726520616464656420746F204672E3
:1028B0006F6E74656E64486561703A3A5472616E09
:1028C000736974696F6E5479706573220073697AE5
:1028D000656F662850726573656E746572547970A1
:1028E0006529203C3D20686561702E7072657365B6
:1028F0006E74657253746F726167652E656C656D79
:10290000656E745F73697A65282920262620225017
:10291000726573656E74657220616C6C6F6361744F
:10292000696F6E206572726F723A20436865636BDF
:10293000207468617420616C6C2070726573656EC0
:1029400074657273206172652061646465642074CB
:102950006F2046726F6E74656E64486561703A3AB6
:1029600050726573656E7465725479706573220078
:1029700073697A656F662853637265656E54797002
:102980006529203C3D20686561702E736372656522
:102990006E53746F726167652E656C656D656E74DC
:1029A0005F73697A65282920262620225669657773
:1029B00020616C6C6F636174696F6E206572726FF9
:1029C000723A20436865636B207468617420616C9F
:1029D0006C20766965777320617265206164646537
:1029E0006420746F2046726F6E74656E6448656112
:1029F000703A3A5669657754797065732200437569
:102A000062654D582F4D6964646C657761726573BA
:102A10002F53542F746F7563686766782F667261E1
:102A20006D65776F726B2F696E636C7564655C6D35
:102A300076702F4D56504170706C69636174696F88
:102A40006E2E68707000636F6D70617469626C6582
:102A50004672616D65627566666572284269746D5D
:102A600061703A3A524742353635292026262022CF
:102A70005468652063686F73656E207061696E7459
:102A80006572206F6E6C7920776F726B7320776937
:102A900074682052474235363520646973706C6122
:102AA00079732200437562654D582F4D6964646CDB
:102AB0006577617265732F53542F746F7563686700
:102AC00066782F6672616D65776F726B2F696E63C2
:102AD0006C7564655C746F7563686766782F776979
:102AE00064676574732F63616E7661732F416273DF
:102AF00074726163745061696E74657252474235D5
:102B000036352E6870700025730075736564203E3D
:102B100020300075736564203E2031006F66667357
:102B20006574203C207573656400437562654D587B
:102B30002F4D6964646C6577617265732F53542FF0
:102B4000746F7563686766782F6672616D65776FFD
:102B5000726B2F696E636C7564655C746F75636806
:102B60006766782F5465787450726F766964657201
:102B70002E687070004B6579256400286672616D5F
:102B8000655F6275666665725F73656D20213D20C5
:102B90004E554C4C292026262022437265617469CB
:102BA0006F6E206F66206672616D65627566666520
:102BB000722073656D6170686F7265206661696C03
:102BC00065642200287673796E635F71756575653B
:102BD00020213D204E554C4C292026262022437290
:102BE000656174696F6E206F66207673796E6320FD
:102BF0006D657373616765207175657565206661C4
:102C0000696C656422004372656174696F6E206F40
:102C100066206672616D65627566666572207365B1
:102C20006D6170686F7265206661696C65640043F0
:102C300072656174696F6E206F66207673796E635A
:102C4000206D6573736167652071756575652066B4
:102C500061696C6564002E2F437562654D582F5471
:102C60006F7563684746582F7461726765742F4F9C
:102C70005357726170706572732E63707000667264
:102C8000616D6542756666657220213D20302026A3
:102C900026202241206672616D65627566666572E6
:102CA0002061646472657373206D7573742062654E
:102CB0002073657422007769647468203E3D204467
:102CC0004953504C41595F574944544820262620C7
:102CD000686569676874203E3D20444953504C4103
:102CE000595F4845494748542026262022467261AC
:102CF0006D656275666665722063616E6E6F7420C5
:102D0000626520736D616C6C6572207468616E2001
:102D1000646973706C61792200437562654D582F48
:102D20004D6964646C6577617265732F53542F74B9
:102D30006F7563686766782F6672616D65776F720D
:102D40006B2F696E636C7564655C746F756368671F
:102D500066782F68616C2F48414C2E687070004176
:102D6000206672616D656275666665722061646475
:102D700072657373206D757374206265207365745A
:102D8000004672616D656275666665722063616E8C
:102D90006E6F7420626520736D616C6C6572207457
:102DA00068616E20646973706C617900302026263A
:102DB0002022556E737570706F7274656420466F53
:102DC000726D6174212200302026262022556E73F8
:102DD0007570706F7274656420666F726D617422B5
:102DE000002E2F437562654D582F546F75636847E9
:102DF00046582F7461726765742F67656E657261DE
:102E00007465642F53544D3332444D412E637070BA
:102E10000073746174655B64726177696E67426C9C
:102E20006F636B5D203D3D20414C4C4F4341544509
:102E3000440073746174655B73656E64696E6742A8
:102E40006C6F636B5D203D3D2053454E44494E47BA
:102E50000073746174655B6E65787453656E646944
:102E60006E67426C6F636B5D203D3D20445241575D
:102E70004E0073746174655B73656E64696E67425E
:102E80006C6F636B5D203D3D20445241574E007393
:102E9000746174655B64726177696E67426C6F63BD
:102EA0006B5D203D3D20454D505459004375626592
:102EB0004D582F4D6964646C6577617265732F534B
:102EC000542F746F7563686766782F6672616D65DD
:102ED000776F726B2F696E636C7564655C746F7568
:102EE00063686766782F68616C2F4672616D654212
:102EF0007566666572416C6C6F6361746F722E6883
:102F000070700073656E64207461736B0046726547
:102F10006552544F53206D616C6C6F63206661691C
:102F20006C656421200A00537461636B206F7665C1
:102F300072666C6F7721205461736B6E616D653AB8
:102F40002025732E200A004672656552544F532087
:102F5000617373657274206661696C65642E2046C6
:102F6000696C653A2025732C206C696E653A2025C2
:102F7000752E200A007461736B3100546F7563689D
:102F80004746585F5461736B006D65737361676585
:102F90005F706F6C6C696E675F7461736B007374E4
:102FA0006172745F7461736B00092563092575098B
:102FB00025750925750D0A0049444C4500546D726C
:102FC0005100546D72205376630073697A65203C1A
:102FD0003D20656C656D656E745F73697A6528293F
:102FE0000030203D3D20287374617469635F636124
:102FF00073743C75696E7431365F743E282873743F
:10300000617469635F636173743C636F6E73742092
:1030100075696E74385F742A3E28616464726573E2
:103020007329202D207374617469635F6361737405
:103030003C75696E74385F742A3E28656C656D65F1
:103040006E74283029292929202520656C656D6535
:103050006E745F73697A65282929002E2E2F2E2E13
:103060002F2E2E2F2E2E2F6672616D65776F726B4D
:103070002F736F757263652F636F6D6D6F6E2F4168
:1030800062737472616374506172746974696F6E93
:103090002E637070002864737420213D2028766FA1
:1030A00069642A29302920262620224120636F7254
:1030B000726563742064657374696E6174696F6EA0
:1030C000206D656D6F727920706F696E7465722006
:1030D0006D7573742062652070726F7669646564C3
:1030E0002122002848414C3A3A676574496E73744E
:1030F000616E636528292D3E6765744672616D6552
:103100005265667265736853747261746567792875
:103110002920213D2048414C3A3A524546524553D8
:10312000485F53545241544547595F5041525449A6
:10313000414C5F4652414D45425546464552292035
:1031400026262022436F7079206672616D65627554
:103150006666657220726567696F6E20746F206D98
:10316000656D6F7279206973206E6F74207375704E
:10317000706F7274656420696E2050617274696149
:103180006C204672616D65627566666572206D6F52
:10319000646521220066616C736520262620225515
:1031A0006E6B6E6F776E204C385F52474235363506
:1031B00020636F6D7072657373696F6E20616C67E9
:1031C0006F726974686D21220066616C73652026D8
:1031D000262022556E657870656374656420746579
:1031E000787420726F746174696F6E220028636F47
:1031F0006D7072657373696F6E416C676F7269741D
:10320000686D203D3D204269746D61703A3A434FCC
:103210004D5052455353494F4E5F4C385F4E4F4EC1
:1032200045292026262022546578747572656D61C3
:1032300070706572206F6E6C7920737570706F722C
:10324000747320756E636F6D70726573736564203F
:103250004C3820696D61676573220028626D702E9D
:10326000676574466F726D61742829203D3D206644
:1032700072616D65627566666572466F726D6174C6
:10328000282929202626202254686520676976652A
:103290006E206269746D61702068617320616E20B8
:1032A000696E76616C696420666F726D617422006C
:1032B00048414C3A3A4652414D455F425546464593
:1032C000525F5749445448203E2030202626202271
:1032D00048414C20686173206E6F74206265656E92
:1032E00020696E697469616C697A656420796574B6
:1032F00022002A7265696E746572707265745F630C
:103300006173743C636F6E73742075696E743136CB
:103310005F742A3E28636C75744461746129203D92
:103320003D204269746D61703A3A434C55545F4692
:103330004F524D41545F4C385F524742353635004D
:103340002A7265696E746572707265745F63617309
:10335000743C636F6E73742075696E7431365F747C
:103360002A3E28636C75744461746129203D3D20B8
:103370004269746D61703A3A434C55545F464F52FE
:103380004D41545F4C385F4152474238383838001D
:103390002A7265696E746572707265745F636173B9
:1033A000743C636F6E73742075696E7431365F742C
:1033B0002A3E28636C75744461746129203D3D2068
:1033C0004269746D61703A3A434C55545F464F52AE
:1033D0004D41545F4C385F5247423838380074656D
:1033E00078747572652E65787472614461746100D9
:1033F0002E2E2F2E2E2F2E2E2F2E2E2F6672616DFB
:1034000065776F726B2F736F757263652F706C6168
:1034100074666F726D2F6472697665722F6C636467
:103420002F4C434431366270702E637070002E2E24
:103430002F2E2E2F2E2E2F2E2E2F6672616D65773A
:103440006F726B2F696E636C7564655C706C617410
:10345000666F726D2F6472697665722F6C63642F6C
:103460004C434431366270702E687070005F73692F
:103470007A65203C20636170616369747920262637
:103480002022566563746F72206361706163697492
:10349000792065786365656465642200696E64659A
:1034A00078203C205F73697A65002E2E2F2E2E2FF8
:1034B0002E2E2F2E2E2F6672616D65776F726B2FF9
:1034C000736F757263652F746F7563686766782FA5
:1034D0004170706C69636174696F6E2E6370700007
:1034E0002E2E2F2E2E2F2E2E2F2E2E2F6672616D0A
:1034F00065776F726B2F696E636C7564655C746F52
:103500007563686766782F68616C2F54797065738E
:103510002E687070006269746D61707320262620B9
:10352000224269746D6170206461746162617365C7
:1035300020686173206E6F74206265656E20696E0D
:10354000697469616C697A65642E22002863736905
:103550007A65203E202873697A655F6361636865D8
:103560005F7461626C6573202B2073697A655F6498
:10357000796E616D69635F6269746D61705F6461CA
:10358000746129292026262022496E737566666992
:103590006369656E742063616368652073746F721C
:1035A00061676522002E2E2F2E2E2F2E2E2F2E2ECF
:1035B0002F6672616D65776F726B2F736F757263B3
:1035C000652F746F7563686766782F4269746D61E3
:1035D000702E6370700062756666657253697A65F5
:1035E000203E3D2032202A2073697A656F66284389
:1035F000656C6C2920262620224E6F7420656E6F24
:10360000756768206D656D6F727920616C6C6F6392
:103610006174656420666F722043575222006861AE
:10362000734275666665722829002E2E2F2E2E2F66
:103630002E2E2F2E2E2F6672616D65776F726B2F77
:10364000736F757263652F746F7563686766782F23
:1036500063616E7661735F7769646765745F7265D5
:103660006E64657265722F43616E7661735769642B
:1036700067657452656E64657265722E6370700062
:103680006865616420213D2026642026262022438F
:10369000616E6E6F74206164642044726177616250
:1036A0006C65206D756C7469706C652074696D65EE
:1036B0007322002E2E2F2E2E2F2E2E2F2E2E2F66E3
:1036C00072616D65776F726B2F736F757263652FA3
:1036D000746F7563686766782F636F6E7461696E67
:1036E0006572732F436F6E7461696E65722E6370BD
:1036F00070002E2E2F2E2E2F2E2E2F2E2E2F667256
:10370000616D65776F726B2F736F757263652F7460
:103710006F7563686766782F68616C2F444D412E22
:10372000637070006672616D6542756666657241B0
:103730006C6C6F6361746F72202626202248414CA6
:103740003A3A6672616D65427566666572416C6C87
:103750006F6361746F72206E6F7420696E69746933
:10376000616C697A656421220028626C69744F700B
:103770002E6F7065726174696F6E202620676574A4
:10378000426C6974436170732829292026262022FF
:10379000626C69742066696C6C206F70657261740C
:1037A000696F6E206E6F7420737570706F727465C0
:1037B00064220028626C69744F702E6F70657261AC
:1037C00074696F6E202620676574426C697443616A
:1037D00070732829292026262022626C6974206FA4
:1037E0007065726174696F6E206E6F74207375708E
:1037F000706F7274656422005553455F414E494DA8
:103800004154494F4E5F53544F524147452026265D
:103810002022416E696D6174696F6E2073746F72DE
:1038200061676520726571756972656420666F7283
:103830002074686973206F7065726174696F6E2E91
:10384000205365652048414C3A3A736574416E696E
:103850006D6174696F6E53746F7261676522006683
:10386000616C7365202626202248414C3A3A524525
:1038700046524553485F53545241544547595F504F
:1038800041525449414C5F4255464645525F544669
:10389000545F4354524C206F6E6C79207375707076
:1038A0006F7274732031366269742C20323462690D
:1038B000742C206F72203332626974206672616DDD
:1038C00065627566666572220066616C73652026A6
:1038D00026202248414C3A3A524546524553485FC9
:1038E00053545241544547595F5041525449414CF9
:1038F0005F4652414D45425546464552206F6E6CDB
:103900007920737570706F727473203136626974C8
:10391000206F72203234626974206672616D656254
:1039200075666665722200287769647468203E2097
:1039300030292026262028686569676874203E2083
:103940003029202626202243616E6E6F7420626C1F
:10395000697420656D707479207265637422002E1D
:103960002E2F2E2E2F2E2E2F2E2E2F6672616D654E
:10397000776F726B2F736F757263652F746F7563DA
:10398000686766782F68616C2F48414C2E637070B1
:103990000021757365456C6C697073697320262608
:1039A000202257696465205465787420686173200B
:1039B00073746F70706564207769746820616E201D
:1039C000656C6C6970736973202D20646F206E6F55
:1039D00074207363616E20616E79206675727468FD
:1039E000657221220028626974735065725069788B
:1039F000656C203D3D2031207C7C206269747350D1
:103A00006572506978656C203D3D2032207C7C20B9
:103A100062697473506572506978656C203D3D2011
:103A200034207C7C206269747350657250697865BB
:103A30006C203D3D2038292026262022496C6C65CB
:103A400067616C2062697473506572506978656C47
:103A500020666F7220676C79706822002E2E2F2EE0
:103A60002E2F2E2E2F2E2E2F6672616D65776F7280
:103A70006B2F736F757263652F746F7563686766FC
:103A8000782F6C63642F4C43442E637070002E2E8D
:103A90002F2E2E2F2E2E2F2E2E2F6672616D6577D4
:103AA0006F726B2F696E636C7564655C746F7563A0
:103AB000686766782F776964676574732F63616ED2
:103AC0007661732F4357525574696C2E687070007D
:103AD0002E2E2F2E2E2F2E2E2F2E2E2F6672616D14
:103AE00065776F726B2F696E636C7564655C746F5C
:103AF0007563686766782F54797065645465787467
:103B00002E6870700075736564202B206E756D20B3
:103B10003C3D2073697A65002E2E2F2E2E2F2E2EDF
:103B20002F2E2E2F6672616D65776F726B2F696E07
:103B3000636C7564655C746F7563686766782F5431
:103B400065787450726F76696465722E6870700063
:103B500043616E76617357696467657452656E641C
:103B6000657265723A3A6861734275666665722875
:103B70002920262620224E6F2062756666657220F7
:103B8000616C6C6F636174656420666F7220436161
:103B90006E76617357696467657452656E646572A9
:103BA00065722064726177696E6722002E2E2F2E57
:103BB0002E2F2E2E2F2E2E2F6672616D65776F722F
:103BC0006B2F736F757263652F746F7563686766AB
:103BD000782F776964676574732F63616E7661739C
:103BE0002F43616E7661732E637070002E2E2F2E20
:103BF0002E2F2E2E2F2E2E2F6672616D65776F72EF
:103C00006B2F736F757263652F746F75636867666A
:103C1000782F63616E7661735F7769646765745F3F
:103C200072656E64657265722F4F75746C696E652E
:103C30002E637070005F5F6378615F6775617264A7
:103C40005F6163717569726520646574656374652D
:103C5000642072656375727369766520696E697434
:103C600069616C697A6174696F6E3A20646F20795A
:103C70006F75206861766520612066756E63746972
:103C80006F6E2D6C6F63616C207374617469632057
:103C90007661726961626C652077686F736520690F
:103CA0006E697469616C697A6174696F6E206465AC
:103CB00070656E6473206F6E207468617420667521
:103CC0006E6374696F6E3F00706300002C360308EA
:103CD0001F000000C921C921C921C921C921C92149
:103CE000C921C921C921E921CA21C921EA29EA2119
:103CF000EA29E921EA29EA29EA21EA21EA29EA214D
:103D0000EA290A2A0A2AEA210A2A0A2A0A2A0A2A5D
:103D10000A2A0A2A0A2A0A2A0A2A0B2A0A2A0B2A01
:103D20000B2A0B2A2A2A0B2A2B2A2B2A2B2A2B2A4C
:103D30002B2A2B2A2B2A2B2A2B2A2B2A2B2A2B2ADB
:103D40002B2A2B2A2B2A4C324B2A4B2A4B2A2B2A42
:103D50002B2A2C2A4C324B2A4B2A4C324C2A4C2AE6
:103D60004B2A4C324C324C2A4C324C2A4C2A4C3284
:103D70004C324C2A4C324C2A4C326C324C2A6C322B
:103D80006C324C326C2A6C326C326C326C326C326B
:103D90006C2A6C326C326C326C326C326C326D323A
:103DA0006C328C326C326C324C324C2A4C324C2A93
:103DB0006C324C324C2A4C326C324C2A4C326C32C3
:103DC0004C2A6C324C326C326C326C326C326C324B
:103DD0006C326C326C326C326C326C326C326C32F3
:103DE0006C326C326C326D326C326C326C326D32E1
:103DF0006C326C328D328C328C328D328D328C3210
:103E00006C328D328D328C328D328D328C328C32DE
:103E10008D328D328C328D328D32C921C921C9212A
:103E2000C921C921EA29EA29C921EA29C929E9219F
:103E3000EA29EA21E929EA21EA29EA29EA21EA2903
:103E4000EA29EA29EA21EA29EA29EA210A2A0A2AA8
:103E5000EA290A220B2AEA290B220B2A0B2A0A2A10
:103E60000B2A0A2A0A2A0B2A2B2A0B2A0B2A2B2A6C
:103E70002B2A0B2A0B2A0B2A2B2A2B2A2B2A2B2AFA
:103E80002B2A2B2A2B2A2B2A4B2A4B2A2C2A2B3241
:103E90002C2A2C2A4B2A4C322B2A4B2A4C2A2B2AEE
:103EA0004C324C2A4B2A4C324C2A4C324C324C323B
:103EB0004C2A4B2A4C326C326C2A6C324C2A4C32D3
:103EC0006C324C2A4C326C326C2A6C326C326C3252
:103ED0006C2A6C326C326C326C326C326D326D32F8
:103EE0006C326C326D326C328D326C324C2A4C2A10
:103EF0004C324C2A4C324C326C2A6C324C324C2AAA
:103F00006C324C326C2A4C324C326C2A6C324C3251
:103F10006C2A6C326C326C326C326C326C326C32B9
:103F20006C326C326C326D326C328C328D326C325F
:103F30006C326D328D328C326D326D328C326D322C
:103F40006C326C326D326C328D326C328D328D321D
:103F50006C328D328D326C328C328D326D328C32CD
:103F6000C921C921C929CA29EA21E929C921CA21A6
:103F7000E929CA21E921EA29CA21E921E921EA2915
:103F8000EA21EA29EA29EA21EA29EA210A2AEA2198
:103F90000A2A0A2A0A2AEA210B2A0A2A0A2A0A2AA9
:103FA0000A220A2A0B2A0B2A0B2A2A2A0B2A2A2A35
:103FB0002B2A0B2A2B2A0A2A0B2A2B2A2B2A2B2ABA
:103FC0002B2A2B2A2B2A2B2A2B2A2B2A2B2A2B3241
:103FD0002B2A2B2A2B2A4B324C2A4C324B322B2A9F
:103FE0004C324C324B2A4C324B324C322B2A4C2A1C
:103FF0004C2A4B2A4C324B2A4C324C2A4C2A6C32DB
:104000004C324C2A4C2A6C326C326C326C324C2A58
:104010006C324C326D326C324C2A6D326D326C32F5
:104020006C2A6C326D326C326D326C326C326C32A6
:104030004C324C2A4C324B2A6C2A4C326C324C3269
:104040006C326C2A4C326C326C2A4C2A6C326C32D8
:104050006C326C2A6C324C326C326D326C2A6C329F
:104060006C2A6D326D326C326D326D326C326C3264
:104070006C326C326D328C326C326C328D328C32EE
:104080006C328D326C326C328D328D328D328D329B
:104090006C326C328D328C326D328D3A8D328D3283
:1040A0008D3A8C328D32C921C929C921C921C92132
:1040B000C921C921C921EA21C921CA29E921C9295E
:1040C000EA21EA29C921EA21EA29E921EA21EA21AA
:1040D0000A2AEA29EA21EA210A2A0A2A0A2A0B2AB2
:1040E0000A2A0B2A0B2A0A220A220A2A0A2A0B2A3D
:1040F0002B2A0A2A0B2A2A2A2B2A0B2A2A2A2B2A7B
:104100000B2A2B2A2B2A2B2A0B2A2B2A2B322B2A3F
:104110002B2A2B2A2C2A2B322B2A2C2A4B324B2AA5
:104120004C2A2B2A2B2A4C2A2B2A4B2A4C2A4C323B
:104130004B2A4C324C324B2A4C2A4B2A4C324C32B2
:104140004C2A4C2A6C324C324C2A6C324C326C2A3F
:104150006C326C324C2A4C2A6C326D326C326C32BE
:104160006C326D326C326C2A6D326C326C2A6D326C
:104170006C326C326C2A4C2A4C324C324C2A4C3207
:104180006C2A4C2A4B326C2A4C326C326C324C2AE0
:104190004C326C326C326C324C326C326C326C2A77
:1041A0004C326D326C326C326C2A6C326C326C3246
:1041B0006D326C326C326D326C326D328D326C32EB
:1041C0006C326D328C326D328D326C328C328C327C
:1041D0008C328D326C328C326D328D328C328C322C
:1041E0008C328D3A8C328D328D326C32C921C9219C
:1041F000C921C921C929EA29C921C921EA29C9290D
:10420000EA21CA21C929EA29EA29EA21EA29E92970
:10421000EA21EA29EA29EA29EA21EA290A2AEA21FD
:10422000EB29EA210A2A0A2AEA210B2A0A2A0B2A5E
:104230000B2A0A2A0B2A2B2A0B2A0B2A0A2A2B2A98
:104240000B2A2B2A2B2A0B2A2A2A2B2A2B2A2B2A07
:104250002B2A2B322B2A2B2A2B2A2C2A4B2A2B2A8D
:104260002C2A4B322B2A2C2A4C324B2A2B2A2C2A32
:104270004C324C2A2B2A4C2A4B2A4C324C324B2A99
:104280004C324C324C324C324C324C2A6C324C2A2E
:104290006C324C324C2A4C2A4C326C326C2A6C2ACE
:1042A0006C2A6C326C326C2A6C326C326C326C322E
:1042B0006C326D328D326C324C2A4C2A4C326C325C
:1042C0004C326C324B2A4C326C326C324C2A6C328F
:1042D0004C2A4C324C326C2A6C326C2A4C324C2AAE
:1042E0006C326C326C326C324C326C2A4C326C3226
:1042F0006C326C326D328C326C326C326C2A6D32B4
:104300008C326C326D326C326C328D326C326D327A
:104310008D326C326C328D328D326C326D328C3229
:104320006C326D326C328D328C328C326C328D321A
:104330008D32C921C921CA29C921EA21EA29C92105
:10434000CA29EA21E921C921EA29EA21E921EA2148
:10435000E929EA21EA29EA21EA29EA290A22EA21C5
:10436000EA290A2A0A2AEA210A2A0A2A0A2A0A2AF7
:104370000A2A0A2A0B2A0B2A0A2A0A220B2A0A2AA2
:104380000B2A0B2A0A2A2B2A2B2A0B2A2B2A2B2A06
:104390002B2A2B2A2B322B2A2B2A2B2A2B2A2B2A6D
:1043A0002B322B2A4B2A4C322B2A2B2A2B2A4C32EB
:1043B0004B2A2B2A2B324C2A2B2A4B324C324C2A9A
:1043C0004B2A4C2A4C324C2A6C2A6C324C2A4C32E6
:1043D0006C324C2A4C2A6C326C324C2A6C326C3265
:1043E0006C324C326D326C326C326D2A6C326C3203
:1043F0006D2A6D326C326C2A6C326C326C324C2A03
:104400004C2A4C324C2A4C2A4C326C324C2A6C329C
:104410004C2A4C324C326B2A6C324C326C326C323D
:104420004C2A6C326C326C2A6C326C326C326C32CC
:104430006C326C326D326D326C326D326C326D3288
:104440006C326C326D328C326C326D328C326C323A
:104450008D328C326C326C326D328D328C326D32E8
:104460008C328D326D328D328C3A8D3A6D328D3286
:104470008D3A8C328C328D32C921C921C929C9218A
:10448000E921C921E929C921C921EA29C921EA2942
:10449000EA21E921EA29CA21E929EA21EA29EA21CE
:1044A0000A2A0A2AEA29EA210A2A0A2A0A2A0A2AB6
:1044B000EB210B2A0A2A0B2A0B2A0A2A0A2A0A2289
:1044C0000B2A0A2A0A2A2B2A0B2A0A2A2B2A0A2A08
:1044D0002B2A2B2A0A2A2B2A2B2A0B2A2B2A2B2A75
:1044E0002B2A2B2A2B2A2B2A2B2A4B322B2A4C32D3
:1044F0004B322B2A2B2A4C2A4C324B322C2A2B2A79
:104500004C324B2A2B2A4C324C324C2A4B2A4C32FE
:104510004B2A4B2A4C2A6C324C2A4C324C2A4C2ABD
:104520004C326C324C2A4C2A6C326D326C326C320A
:104530004C326D326C324C326D326D326C2A6C2AD8
:104540006C324C2A4C324B324C324B326C2A4C2A55
:104550004C324C2A4B2A6C326C324C2A6C326C3204
:104560006C2A6C324C2A4C2A6C326C326C326D32B2
:104570004C2A6C2A6D326C326C326D326C326C3279
:104580006C2A6C328D326C326C326D326C326C3221
:104590008D328D326C326D326C326C326C326C32E8
:1045A0006C326C326C328D328C326C328D328C3299
:1045B0008C328D328C328D326D328D3A8C32C921F3
:1045C000C921CA29EA29C921CA21C921C921EA293F
:1045D000CA21EA29C921C929EA29EA29EA21EA29BD
:1045E000EA29EA29EA21EA29EA290A2AEA21EA212A
:1045F000EA290B2A0A220A2AEA210B2A0A2A0A2273
:104600000A2A0B2A0A2A0B2A0B2A0A220B2A2B2AED
:104610000A2A2B2A2B2A2B2A2B2A0B2A2B2A2B2A33
:104620002B2A2B2A2B2A2B322B2A2B2A2B2A2C32D1
:104630002B2A2B2A4C324C2A2B2A2B2A4C2A2B2A67
:104640004C2A4B324C2A4C2A2B2A4C324C2A4B2ACD
:104650004C324B2A4C324C324C324C2A4C326C325B
:104660004C2A4C324C2A4C2A4C2A6C326C326C321A
:104670004C2A6C2A6C326D326C2A6C326C326C3281
:104680006C326C326C324C2A4C2A4C2A4C324C2AFA
:104690004C326C324B324C2A4B324C2A6C324C32FC
:1046A0004C2A4C324C2A4C2A6C324C324C326C2AFA
:1046B0004C326C326C326C326C326D326C326C3229
:1046C0006C2A6D326C326C326C326C326D326C2A08
:1046D0006C326C326C328C328D326D326C328D3287
:1046E0006D326C326D328D328C326D326C326D3295
:1046F0008C326D326D326C328C326D328C328D3246
:104700008D328D3AC921C921C921C921C921C9299F
:10471000EA29CA21C921C921EA29E921C921EA21B5
:10472000E921E929EA21EA29EA21EA21EA290A2AF2
:104730000A2AEA29EA21EA29EA210A2A0A2AEA298E
:104740000A220A2A0B2A0B2A0A220B2A0A2A2B2AB5
:104750000A2A0B2A0B2A0A2A2B2A2B2A0A2A0B2A74
:104760000B2A2B2A2B2A2B320B2A2B2A2B2A2B2AD9
:104770002B2A2C322B2A2B2A2B2A2B2A2B2A4C325F
:104780004B322B2A2B2A4C322B2A2B324C2A4C32DE
:104790004C324C2A4B2A4C324C2A4C2A4B2A4C3253
:1047A0004C2A4B326C326C324C2A6C324C326C32AA
:1047B0006C324C2A4C2A4C326C326D326C326C2A80
:1047C0006C326D326C2A6C326D324C2A4C2A4B3270
:1047D0004C324C2A6C324B2A4C2A4C326C324C2ACA
:1047E0004C324C324B2A4C326C326C324C326C3282
:1047F0006C326C326C326C2A6C326C326C324C32F1
:104800006C2A6C326C326C326C2A8D326C326C32A7
:104810006D326C326C326C328D326D326C326C3285
:104820006C328C328D328D326C326C328D328C32F5
:104830006C328D328C326D328D328C326D326D3203
:104840008D3A8D3A8C328C326C32C921C921C92102
:10485000C921C921EA21E929E921C921C921EA2976
:10486000EA29EA21EA29E921C921EA29E921EA29F3
:10487000EA21EA21EA21EA21EA290A2A0A2AEA297E
:104880000A2A0B2AEA290A2A0B220A2A0A2A0A22B7
:104890000B2A0A2A0B2A0B2A2A2A0B220B2A0A2A5B
:1048A0000B2A2B2A0A2A2B2A2B2A2B2A2B2A0B2AC1
:1048B0002B2A2B2A2B2A2B2A2B2A2B2A2B2A4C2A2F
:1048C0004C322B2A2B2A4C2A4C324B2A4C2A4C3263
:1048D0004B324C2A4B324C2A4C2A4C324C324C3202
:1048E0004B2A4B2A4C326C2A4C2A6C326C324C2AA2
:1048F0006C326C324C2A4C326C324C2A4C326C3258
:104900006C2A4C326C326C326C326C2A6C324C3207
:104910004C2A4B2A4B324B2A4C324C324B2A4B2AD4
:104920004C2A4C326C324C2A6C324C2A4C2A4C3277
:104930004C2A4C2A6C326C326C2A6C324C326C2A07
:104940006C324D326C326C326D326C326C326D3294
:104950006C326C2A6C328D326D326C2A6C326C3255
:104960006C2A8D326C328D326C326C328D326C32FC
:104970006C326D326C328D328D326C328C328D32C3
:104980008C328C328D328C328D3A6C328D326D326B
:10499000C921C929C929C921CA21C921E921C92196
:1049A000EA29EA29E921EA29C921EA21EA29EA21B1
:1049B000EA29EA29EA29E929EA21EA290A2A0A2A26
:1049C000EA290A220A220A2A0B220A2AEA210A2AA8
:1049D0000B2A0A2A0B2A0B2A0B2A0A2A2A2A0B2A12
:1049E0002B2A2B2A0B2A0A2A2B2A2B2A0B2A2B2A80
:1049F0002B2A0B2A0B2A2B2A2B2A2B2A2B2A2B2A4F
:104A00002B324B2A2B2A2B2A4C322B2A2B2A4C3284
:104A10004B2A4B2A4C2A4C322B2A4B2A4B324C32F3
:104A20004B2A4B2A4C324C2A4C324C324C324C2AB8
:104A30004C326C2A4C324C324C2A4C2A6C326C323E
:104A40006C326C326C2A4C2A6D326C326C2A6D32AC
:104A50006C324C2A4C2A4C324B2A4C2A4C324C2A6F
:104A60006C324C324C324B2A4B2A4C2A4C326C3230
:104A70004C2A6C324C324C2A4B2A4C324C326C321F
:104A80004C2A4C2A6C326C326C2A4C2A6C326C2ABE
:104A90006C326D326C326C326C2A6C326C326C322D
:104AA0006C326D326C326C328D328C326D328D32B2
:104AB0006C326C326D328C328C326C328D328C3284
:104AC0006D328D328D326C328D328D326C326C3271
:104AD0006D328C328D32C921C921C921CA29C9211F
:104AE000C929EA29CA21C921C921C921E921EA29FB
:104AF000E921CA21EA29E921EA21EA29E921EA2969
:104B0000EA290A22EA29EA21EA29EA290A2AEA21E3
:104B10000A2AEA290A2A0B2A0B2A0A220A2A2B2AFB
:104B20000A2A0B220B2A0A2A2B2A2B2A0A2A0B2AA8
:104B30002B2A0A2A0B2A2B2A2B2A2B2A2B2A0B2A2E
:104B40002B2A2B2A2B2A2B2A2B2A2B2A2B2A2B2ABD
:104B50004C322B2A4C2A2C324B324B2A2B2A4C2AF1
:104B60002C2A4B2A2B2A4C2A2B2A4C2A4C324C2AF0
:104B70004C2A4C324B2A4C2A6C326C324C2A4C2A2E
:104B80004C2A6C326C326C326C324C324C326D2AA4
:104B90006C324C2A6D324C324C2A4B2A4C322B2A26
:104BA0004C2A4C324B2A4C326C324C324C324C3206
:104BB0004C326B2A6C324C2A4B326C324C326C3297
:104BC0006C2A4C326C324C324C326C326C326D325C
:104BD0006C326C324C2A6C326C2A6C326C326C2A1D
:104BE0006D326D326C326C326C326D326C326C32D2
:104BF0008C326C326D328D328C326D328D328C3221
:104C00006D326C328C328D328C326C326D326C3251
:104C10008D3A8D328D328C326C328C32C921C92161
:104C2000C921CA21E921E929CA21C921E929CA21C1
:104C3000CA29EA29E921EA29EA29EA29E921EA290E
:104C4000EA21EA21EA21EA21EA29EA290A220A2AB2
:104C5000EA290B2A0A2A0A2A0B2A0B2A0A2A0A2AD2
:104C60000A2A0A220B2A0A2A0B2A2A2A0A2A0B2A89
:104C70002B2A2B2A0A2A2B2A2B2A2B2A0A2A0B2AEE
:104C80002B2A2B2A2B2A2B322B2A2B2A2B2A2C326B
:104C90002B2A2B2A2B2A4C324B322B2A2B2A4C2AFA
:104CA0004C322B2A2C2A2B324C322C2A4C324B2AB7
:104CB0004C324B2A4C326C2A6C324C324C2A6C32BD
:104CC0004C326C324C2A4C326C326C2A4C2A6C328C
:104CD0006D326C326C326C326C326C324C2A2B2A54
:104CE0004C324C324B2A4C2A4C324B324C2A4C2AF6
:104CF0004B2A4B2A4C324C2A4C2A6C324C324B2ACF
:104D00004C2A4C326C326C324C2A6C326C2A4C2A53
:104D10004C326C326C326D326C326D324C326C32E1
:104D20006C326C326C326D326C2A6C326D328D3278
:104D30008D326C326C326D328D326C326C326C3240
:104D40006C326C326D326C328D328D3A8D328C32E7
:104D50008D3A8D326C328D328D326C326D328D3AAD
:104D60008D32A921C921C921C929EA21CA21C92114
:104D7000C921C921EA29EA29EA21E921CA29E92127
:104D8000EA21EA29E929EA29EA29EA21EA29EA299C
:104D90000A2A0A2AEA210A2A0A2A0A2A0B220A2AA3
:104DA0000A2A0A220B2A0B2A0B2A0A2A0A2A0B2A67
:104DB0000B2A2B2A0A220B2A2B2A0A2A2B2A2B2AD5
:104DC0002B2A2B2A2B2A2B2A2B2A0B2A2B2A2B2A5B
:104DD0002B2A2B2A2B324C2A2B2A2B2A4C324B2AB9
:104DE0004C324C2A2B2A2B2A4B2A2B2A4C2A4C3267
:104DF0002B2A4B2A4C2A4C2A4C324C324C2A4B320E
:104E00004C324C2A4C2A4C2A6C326C324C324C2A92
:104E10004C324C2A6C324C2A6C2A6C326D326C2A21
:104E20004C324B2A4B2A4C324C2A4B324B2A4B2ABF
:104E30004C2A4C324C324B2A6C324C324C2A4C327B
:104E40006C324C324C2A6C324C2A4C2A4C326C2A32
:104E50006C324C326C2A6C326C326C2A6C326C3292
:104E60006C2A4C2A4C326C2A6C326D326C326C32A9
:104E70008C326C326C326C326D326C326C326C3221
:104E80006C326D328D326C326C326D326C326C320F
:104E90006C326D328C326D328D326C328D328C329E
:104EA0006C328D328D328C32C921C921C929C92178
:104EB000C921EA29E929C921EA29EA21C921C92107
:104EC000EA29E921EA21E921EA29EA21EA29EA296C
:104ED000EA29EA21EA21EA21EA29EA210A2AEA2141
:104EE000EA290B2A0A2A0A2A0B2A0A2A0A2A0A2249
:104EF0000A2A0A220B2A0B2A0A2A0B2A2B2A0A2AF6
:104F00000B2A2B2A2B2A2B2A2B2A2B2A2A2A0B2A3A
:104F10002B2A2B2A2B2A2B2A2B2A2B2A2B2A2B2AE9
:104F20002B2A2B2A2B2A2B2A4C322B2A4B2A4C3267
:104F30002B2A4B2A2C2A4B324B2A4C324C324B2AEE
:104F40004C2A4C324C2A4B2A4B324C324C2A6C3273
:104F50006C326C2A6C326C326C324C324C2A6C32B1
:104F60006D324C2A4C2A2B2A4C324C2A4B2A4B2A83
:104F70004C324C324C2A4C324C324B2A4C324C2A5A
:104F80004C324B2A4B2A4C324C2A6C326C324C320B
:104F90006C2A6C324C326C326C324C2A4C326D3290
:104FA0006C2A4C326C326C326C326C326C326C2A41
:104FB0006C326C326C2A6D326C326C326C326C3208
:104FC0006C326C328D326C326C328D326C326D32AE
:104FD0008D326C326C328C326D328C328C328D323E
:104FE0006C328D328D3A6C326C328C328D32C921FA
:104FF000C929CA21C921C921E929EA21CA21EA29E5
:10500000E929C921CA21EA29E921C921EA29EA2194
:10501000EA29EA21E921E921EA29EA29EA29EA211A
:105020000A2A0A2A0B2AEA210A2A0B2A0B2A0A2A06
:105030000A2A0B220A2A0A2A0B2A0A2A0A2A0A2AD6
:105040000B2A2B2A2B2A0B2A2B2A2B2A0A2A0B2A39
:105050002B2A2B2A2B2A2B2A2B2A2B322B2A2B2AA0
:105060002B2A2B2A2B2A2B2A2B2A2B2A4C322B2A6F
:105070004B2A4C322C2A2B2A2B2A4C2A4C324B2AD4
:105080004C324C324B2A4C2A4C324C2A4C2A4B2A5A
:105090004C2A4C324C2A4C324C2A4C2A4C326C3220
:1050A0006C2A4C326C326C324C322B2A4B324C32E2
:1050B0002C324B2A4C324C324B2A4C324C2A4B2A43
:1050C0004B2A4C2A4B324C326C2A4C324B2A4C32F3
:1050D0004C2A6C324C326C326C324C324C2A6C2A78
:1050E0006C326C326C326C326C326C326D326C32CF
:1050F0006C326D326C326C326D326C326D326D32BC
:105100008C326D328D326C2A6C326D326C2A8D325B
:105110008D328C326C326C328D326D328D326C321B
:105120006C328C326D326C328D328D326C328D320B
:105130006D328D3AC921C921C929E929C921CA2954
:10514000E929C921C921EA21EA29E921EA29CA294B
:10515000EA21CA29E929EA21EA29EA21EA290A2ACF
:10516000EA290A2AEA21EA290A2A0A2A0A2AEA2133
:105170000B2A0A220A2A0A2A0B2A0A2A0B2A0B2A93
:105180002B2A2B2A0A2A0B2A0A2A2B2A0A2A0A2A1B
:105190002B2A0B2A2B2A0B2A2B2A2B2A2B2A2B2AA7
:1051A0002B2A2B2A2B2A2B322B2A2C2A2B322C2A45
:1051B0004C2A2B2A2B2A4C322B2A4B2A4C322C32AB
:1051C0002B2A2B2A4C2A2B2A4C324B2A4C324B327C
:1051D0004C2A4C324C326C324C2A6C324C2A4C32B7
:1051E0006C324C2A6C2A4C326C326C324C2A4C2A6F
:1051F0004B2A4C2A2B2A4B324C2A2B2A4B2A4B2A3D
:105200004C324B2A4C2A4C324B324C324C2A4C32C8
:105210006C324C2A4C324C2A4C324C2A4C2A6C327E
:105220004C2A6C324C324C2A6C326C326C326C2A06
:105230006C326C326C2A4C2A6D326C326C326C2AB5
:105240006C326C326C2A6C326D326C326D326C3274
:105250006C328C328D326C326C326D326C326C321C
:105260006C328C328D326D328D328C3A8C328D3282
:105270008D328C328D326C326C32C921C921CA21F7
:10528000C921EA29E921C921C921C921EA29C9215C
:10529000C921C921EA29E921E921CA21EA29EA2902
:1052A000EA29EA21EA21EA21EA29EA290A220A2A44
:1052B000EA21EA210A2A0A2AEA290B2A0B2A0A22C7
:1052C0000A220A2A0A220B2A0B2A0A220A2A0B2A53
:1052D0000B2A0A2A0B2A2B2A2B2A2B2A2B2A0A2AA8
:1052E0002B322B2A0B2A2B2A2B2A2B2A2B2A2B2A2E
:1052F0002B322B2A2B2A2B2A2B324C322C2A2B2ACC
:105300004B2A4C322B2A4B2A4C322C2A4B2A4C3219
:105310004C2A4B2A4C2A4C324B2A4C324B2A4C32C8
:105320006C326C2A4C2A6C326C2A4C326C324C2A0D
:105330006C2A4C322B2A2B2A2C2A4C2A4C324B32E8
:105340004B2A2C324C324C2A4B324C2A4C2A4B32B0
:105350004C2A4C324B2A4B2A4C326C326B326C2A20
:105360006C324C324C2A4C326C326C324C2A4C2A05
:105370006C326C324C2A4C2A6C326D326C326C328C
:105380006C2A6C326C326C2A6C326C2A6C326C3245
:105390006C328D326C326C328D326C326C328D32BA
:1053A0008D326C326C326D326C328C326C326D32CA
:1053B0008D328D328C326C326D328C328D328D3238
:1053C000C921C921C929C921C921C921CA21EA295B
:1053D000EA21EA29EA29C921EA21EA21C921EA299F
:1053E000EA21E921EA21EA29E921EA29EA21EA2157
:1053F000EA290A2AEA29EA21EA290B2A0A2AEA29B9
:105400000A220A2AEA290B2A0A2A0A2A0A220B2A2B
:105410000B2A0A2A0B2A0B2A2B2A0A2A0B2A2B2AA6
:105420000A2A0B2A0B2A2B2A2B2A2B2A0B2A2B2A55
:105430002B2A2B2A2B2A2B2A4C2A4B2A4B2A4B323B
:105440002B2A4B2A2B2A2C2A4C322B2A4B2A4C3221
:105450002B324B2A4C2A4C324B2A4C324C2A4C2AA7
:105460006C324C2A4B2A4C324C326C324C2A4C3225
:105470006C324C2A6C2A4C2A2B2A4B324C324B323F
:105480002B2A4C2A4C324B2A4C2A2B2A4B2A4C32A0
:105490004C324B2A4C324C2A4C2A4C324C2A6C321D
:1054A0006C2A4C2A4C326C326C324C324C2A6C32A4
:1054B0006C324C2A6C326C326C324C326C326D3243
:1054C0006C326C324C326D326C326D326C326D3209
:1054D0006C326D326D328C326C326C326C326D32B9
:1054E0006C326C328D328D328C326D328D326C3248
:1054F0008C328C326C326C326D328D326C328D3239
:105500008D328D326C32C921C929CA21E929C921BC
:10551000C921C921E929C921C921EA21C929EA29C1
:10552000C921C921CA29EA29EA29EA21E929EA295E
:10553000EA21E921EA290A2A0A2A0A22EA290A2A68
:10554000EA21EA21EA290A2A0A2A0A2A0B2A0B2234
:105550000A2A0A2A0B2A0B2A0A2A0A222B2A0A2A90
:105560000B2A2A2A0B2A2B2A2A2A0B2A0B2A2A2A16
:105570000B2A2B2A2B2A2B322B2A2B2A2B322B2A93
:105580002C2A2B2A4C2A2B2A4B324C322B2A4B2AE0
:105590002C2A4C2A4C324B2A4C324C2A4C324B2A65
:1055A0004C2A4C324B2A4B2A4C324C2A4C2A4C3235
:1055B0004C2A4C2A4C326C324C2A4C322B2A2B2A45
:1055C0004C2A2B2A4B2A2B2A4B322B2A4C324B3279
:1055D0002B2A4C2A4C324B2A4C2A4C324B324B2A27
:1055E0004C324C324C2A4B324B2A4C2A4C2A4C32ED
:1055F0004C2A6C324C324C2A6C324C326C324C2A73
:105600006C2A4C326C326C326C326C2A6C324C32FA
:105610006C326C326C326C2A6C326D326C326D32A0
:105620008D326C326C326C326D328C326C326D3247
:105630008C328D326C326D328D328C328D328C32B6
:105640008D326C328D3A6C326C328D32C921C92167
:10565000C921CA29EA29C921C921CA21C921C929BF
:10566000EA21C921EA29EA29EA29E921EA21EA29E4
:10567000EA29EA21EA290A2AEA21EA290A2AEA2168
:10568000EA290A2A0A22EA29EA210A2A0B2A0B2AEB
:105690000A220A2A0B2A0B2A0A2A0A2A0A2A0B2A6F
:1056A0000B2A2B2A0A2A0B2A2B2A0B2A2A2A0A2AF5
:1056B0000A2A0B2A2B2A0A2A2B2A2B2A0B2A2B2AC4
:1056C0002B2A2B322B2A2B2A4C322B322B2A2C2AF8
:1056D0002B2A4B2A2B2A4B322C2A4B2A4C324C2A6F
:1056E0002B2A4C324C324C324C324B2A4C324C32FC
:1056F0004C326B2A4C324B2A6C326C2A4C324C3274
:105700004B2A2B322B2A4C322B2A2C2A4C324B324E
:105710002B2A4C2A4C324B2A4C324C324B2A4C2AE4
:105720004C324B2A4C324C324C2A4B324C324C2AA3
:105730004C326C324B2A4C326C326C324C326C3202
:105740004C2A4C2A6C324C326C2A6C326C326C2AE9
:105750006C326C326C2A6C326D326C326C326C2A68
:105760006C326C326C326C326C326C326C326D3248
:105770008C328C326C328D326C326D328D326C32B6
:105780006D328D328C3A8C326D328D326C326C329D
:105790008D32C921C929C921C921C921CA29CA21D2
:1057A000C921EA29EA29C921E921EA21EA29EA21CC
:1057B000E921E929EA21EA29E921EA21EA29EA2974
:1057C000EA210A2AEA29EA210A2AEA290A2A0A2ACD
:1057D000EA210B2AEA210A2A0B2A0A2A0B2A0B2A77
:1057E0000A2A0A220A2A0B2A2B2A0A220A2A0A2A07
:1057F0000A2A0B2A0B2A0B2A0A2A0B2A2B2A2B2AC3
:105800002B2A2B2A2B2A2B2A2B2A2B2A2B2A2B2AF0
:105810002B2A2B2A2B2A2B324C324C2A4B324B2A46
:105820004C2A4C324B2A4B324C2A4B2A4C324C2AB3
:105830004C2A4C2A4C324B2A4C326C324C2A4C3279
:105840006C2A4C2A4B2A4B2A2B2A2B2A2B2A4C32E5
:105850004B2A4C2A2B2A4C2A2B2A4C2A4B2A2B2AFD
:105860004C324C2A4B324C2A4C2A4B324C2A6C324A
:105870004C324C2A4C2A4B326C326C2A6C324C32F1
:105880006C2A6C2A4C326C326C326C326C324C2A80
:105890004C326C326C324D326D326C326C326C2A5E
:1058A0006D326C326C326C328D326D326C326D32E4
:1058B0006C2A8C326C326C326D328C328D326C329E
:1058C0008C328D326C326C328D328D328C326D3244
:1058D0008C328D328D326C32C921CA21EA29C9211C
:1058E000C921E921C921C921EA29EA21C921C921FE
:1058F000EA29EA21E921EA29CA21EA21EA29EA2951
:10590000E921EA29EA29EA21EA290A2A0A22EA21DE
:105910000A2AEB21EA290A2AEA210A2A0B2A0A2A58
:105920000A2A0A2A0A220B2A0B2A0A2A0A2A0A2ADD
:105930000A2A0B220A2A0B2A0B2A0A2A0A2A0B2ACB
:105940000A2A0B2A0B2A2B2A2B2A2B2A2B2A2B2A10
:105950002B322B2A2B2A4C2A4B2A2B2A2B2A4C2A35
:105960004C322B2A4C322B2A2B2A4C324C2A4B2AD3
:105970004C2A4B324B2A4C324C2A4B2A4C324C325A
:105980006C2A6C324C324C2A2B2A2B2A4C324B324A
:105990002B2A4C322B2A2B2A4B324C324C322B32B4
:1059A0002B2A4C322B2A4B2A4C2A4C324B324C2A73
:1059B0004B2A4B324C2A6C326C2A4B2A4C324C2AE2
:1059C0004C2A6C324C324C2A6C326C326C326C3257
:1059D0006C326C2A4C326C2A6C326C326C2A6C320F
:1059E0004C326C326C2A6C326D326C326C2A6D32F5
:1059F0006C2A6C328D326C326D326C326C2A6C32A5
:105A00008D326C326C326C328D326C328C326D3A3B
:105A10008D328C328C326C326D328C326C32C921C8
:105A2000C921C921C929EA21C921C929CA21C921F4
:105A3000C921E929CA29EA29EA21EA29EA29C92149
:105A4000EA29EA21EA29EA21EA210A2AEA21EA29BD
:105A5000EA29EA21EA290A2A0A22EA290B2A0A2A39
:105A60000A2A0B2A0A2A0A2A0A220A220A2A0A2AA5
:105A70000A220A220B2A0A2A0A2A0B2A0B2A0A2A93
:105A80000A2A0B2A2B2A2B2A2B2A2B2A2B2A0B2ACF
:105A90002B322B2A2B2A2C2A2B322B2A4C324B2A04
:105AA0002B322C2A2B2A2B2A4C2A2B2A2B2A4C32FB
:105AB0004C2A2B324C2A4C324C324C2A4C324C322F
:105AC0006C2A4C324C2A4C326C324C2A4B2A4B32C8
:105AD0002B322B2A2B2A4C324B2A2B2A4C2A2B2AAC
:105AE0004C2A2B2A4B2A4C324C324C324C324B2A09
:105AF0004C2A4C324C324C2A4C324C324C324C2ACE
:105B00004C326C324C2A4B326C326C2A4C326C3236
:105B10006C2A4C2A4C2A6C324C326C2A6C326C3215
:105B20004C326C2A6C326C326D326C326C326C32AC
:105B30006C326C326C326C326C326C326D326C3274
:105B40006C326D326C326C326C326C326D326C3263
:105B50006C328D326C328C328D328D328D3A8C3289
:105B60008D326D32C921C921C921CA29C921EA2929
:105B7000E929C921CA21E921E921C921EA29EA2122
:105B8000E921E921EA29E921E929EA21EA29EA29A1
:105B9000EA210A2AEA21EA21EA29EA29EA290A224B
:105BA000EA290A2A0A220A2A0A220B2A0A2AEA29A6
:105BB000EA21EA290A2AEA210A2A0B2A0A2A0A2AB7
:105BC0000A2A0B2A0A2A0B2A0A2A2B2A2B2A2B2AD0
:105BD0002B2A2B2A2B2A0B2A2B322B2A2B2A2B2A35
:105BE0002B2A2B2A2B2A2C2A4B322B2A4B2A4C329B
:105BF0002B2A4B2A4C2A4B322B2A4B2A4B2A4C322B
:105C00004C2A4B2A4B2A4C2A4C324B2A4C2A4C32D7
:105C10004B2A2B2A2B2A2C2A2B2A2B2A4B2A2B2A9B
:105C20002B324B2A2C2A4B322B2A2C2A4B324B2A32
:105C30004C2A4B2A4B324B2A4C2A4B2A4C324C2AA8
:105C40004C324C2A4C324B324C2A4C2A6C324C325D
:105C50004C2A6C324C324C326C326C324C2A4C3204
:105C60004C324C2A6D326D324C2A4C2A6C326C32DA
:105C70006D326C326C2A6D326C326C326D326C3239
:105C80006C326D328C326C326C328D328D326C32C1
:105C90006D326D326C326C326D326C326C326D3210
:105CA0006C328C326D328C328C32C921C921C921BF
:105CB000C921C921EA21E921EA29C921CA29C92121
:105CC000E921C921EA29EA21EA29EA29EA21E9297F
:105CD000EA21EA21E929EA29EA290A2AEA210A220B
:105CE000EA29EA210A2AEA29EA21EA21EA29EA211B
:105CF000EA29EA290A2AEB21EA290A2AEA210B2AB7
:105D00000B2A0B2A0A220A2A0B2A0B220A2A0B2AFE
:105D10000A2A0B2A2B2A2A2A0B2A2B2A2B2A2B2A3D
:105D20002B2A2B2A2B2A2B2A2C2A4C2A4B322B2A81
:105D30002B2A4C322B2A2C2A4C322B2A2C2A4C323E
:105D40004C324B2A4C324C324C324B2A4C324C2A7D
:105D50004B2A4C324C2A2B2A2B322B2A2B2A4C3200
:105D60004B322B2A2C2A2C324B2A2B2A4C324B2AF0
:105D70002B2A2C322B2A4C2A4C322B2A4C324C2ADE
:105D80004B324B2A4C2A6C324B2A4C326C324B2A07
:105D90004C326C326C2A4C2A6C324C326C326C3283
:105DA0006C326C2A6C326C326C2A4C326C324C3253
:105DB0004C2A6C326C326C326D326C326C326C2A22
:105DC0006C2A6C326C326C2A6C326D328C326C32D2
:105DD0006D328C328D328C326C326C328D328D322F
:105DE0008C328C326D328C326D326D328C326C3240
:105DF000C921C921C929C921C921C929CA21C92142
:105E0000C921CA21EA29CA29C921EA29EA21EA299C
:105E1000EA21E929EA21EA29EA21EA29EA21EA2113
:105E2000EA29EA29EA29EA29EA21EA21EA29EA21F2
:105E3000EA29EA21EA29EA210A220A2AEA290A2287
:105E40000A2AEA290A2A0A2A0A2A0A220A2A0B2ADA
:105E50000A220A2A2B2A2B2A0B2A2B2A2B2A0A2A25
:105E60002B2A2B2A2B2A2B322B2A2B322B2A2B2A7A
:105E70004B322B2A2C2A4C2A2B2A4B2A4C324B32BF
:105E80004B2A4C2A4C324C322B2A4C2A4C324C2A6C
:105E90004B2A4C324C2A4B324C322B2A2B2A2B2A9F
:105EA0002B2A2B2A4B324C322B2A2B2A2B2A2B2AF9
:105EB0002B2A2B2A4C2A4B324B2A2C2A4C324B2A87
:105EC0004C2A2B324C2A4C2A4B324C324C2A4B2A2D
:105ED0004C324C324C2A4C324C324B2A4C2A4C2AF3
:105EE0006C324C2A6C326C324C2A4C326C324C2A5A
:105EF0004C2A6C326C326C326C2A6C326C326C2AEA
:105F00006D326C326C326D326C326C2A6C326C32A7
:105F10006C326D326C326C326C328D328D328C322E
:105F20006C326C328D326D328C328D328C328C32DE
:105F30008D328D326D32C921C921C921CA29C921A9
:105F4000C921CA29C921E921E929C921EA21E92967
:105F5000C921C921E921EA29EA21EA29E921EA2915
:105F6000EA29E921EA21EA21EA29EA29EA21EA21C2
:105F7000EA29EA21EA29EA29EA21EA29EA290A2280
:105F8000EA29EA290A2A0A220A2A0B2A0A2A0A2ABA
:105F90000A2A0A2A0B2A0A2A0B2A2B2A0B2A0A2A3D
:105FA0002B2A2B2A0B2A2B2A2B2A2B2A2B2A2B2A69
:105FB0002B2A2B2A2B2A4C322B2A4B324C322B2ABF
:105FC0004C324B2A2B2A4C324B2A4B2A2B2A4C2A56
:105FD0004B324C2A4B2A4C324C324C2A4C2A2B2A1C
:105FE0002B2A2B2A2B322B2A2B2A2B2A2B2A4B2AE1
:105FF0002B322C2A2B2A2B322B2A4C2A2B324B2A9F
:106000004B324C324B2A4B2A4C324B2A4B2A4C32C5
:106010004C2A4B324C2A4C2A4C2A6C324C2A4C3299
:106020004C324C326C324C2A4C2A6C326C324C3230
:106030006C326C2A4C326C326C2A6C2A6C326C32A8
:106040004C2A6C326C326C2A6C326C326D326D328E
:106050006C326D326C328D326C326D328C326C320D
:106060006C326D326C326C326D326C326C326C323E
:106070008D326D326C328D328C326C32C921C92135
:10608000CA21C921C921E921C921CA29EA21E9294D
:10609000C921CA21EA29E921CA21EA29E921CA211B
:1060A000E921EA29EA21E921E929EA21E921E9218D
:1060B000E921E921EA29E929EA21EA29EA29EA216B
:1060C000EA210A2A0A2AEA21EA290B2A0B2A0A22A9
:1060D000EA290B220A2A0B2A0B220A2A2B2A2B2A0C
:1060E0000B2A2B2A2A2A0B2A0B2A2B2A2B2A0B2A89
:1060F0002B2A0B2A2B2A2B2A2B2A2B2A4C322B2AEF
:106100002B2A2B2A4C322B2A2B2A2C2A4C322B2A94
:106110004B2A4C322C2A4C2A4C324B2A4C2A4C2AE1
:106120004B324B2A2B2A2B2A2B2A2B2A2B322B2A77
:106130002B2A2B2A2B2A2B2A4C322B2A2B2A4C2A6D
:106140004C324C2A2B2A2B2A2C324C2A4B324C32E2
:106150004C322B2A4C2A4B2A4B324B324C2A4B3294
:106160004C326C2A4B2A6C324C2A4C326C326C32D8
:106170004C2A4C2A6C326C324C2A6C326C326C32A7
:106180004C2A6C326C324C324D326C326C326C3286
:106190006C2A6C326C326C326C2A6C326D326C321E
:1061A0008C326D328D326C326C326C326C326D32BC
:1061B0006C326C326D328D326C326C328D328D328B
:1061C0006C32C921C921C929C921CA29E921C9219A
:1061D000CA21EA29C921CA21EA29C921EA29CA21F1
:1061E000EA29E921E921CA29C929E921E921CA21A4
:1061F000C929E929CA21EA29EA29E921EA21E9216B
:10620000EA29EA29EA21EA290A2AEA290A2AEA21C4
:106210000A2A0B2A0A2A0A2AEA290B2A0A2A0A2AFD
:106220000B2A0B2A2B2A0A2A2B2A2B2A0B2A2B2A47
:106230000B2A2B2A2B2A2B2A2B2A2B2A2B322B2ACE
:106240002B2A2B2A2B2A2B2A2B2A4C322B2A4B2A5D
:106250004C324C2A2B2A2B2A4C324B324C2A4C32B1
:106260004C324C2A4C2A2B2A2B322B2A2B2A2B2A13
:106270002B2A4B2A2C2A2C2A2B2A2B2A2C2A4B322B
:106280002B2A2B2A4B2A4C322B322C2A4C2A4B32CB
:106290002C2A4B2A4C2A4C324B2A2C2A4C324B2A81
:1062A0004C2A4B2A4C324C324C324C326C2A4B2A00
:1062B0004B2A4C324C2A6C324C324C2A6C324C32C7
:1062C0006C326C324C326C326C326C2A6C326C3206
:1062D0006D326C324C2A6C326C326C2A6D326C32FC
:1062E0006C326D326C326C326C326D326C328D329B
:1062F0006D326C328D328C326D326C326C328D324A
:106300008C3A6D326D328C32C921C921C921C9291B
:10631000CA21C921C929EA21C921E929C921EA21BA
:10632000E929C921C921E929C921CA21C929C921C4
:10633000CA21C921E929CA21CA21E929EA29EA2170
:10634000C921EA21EA21EA29EA21EA21EA29EA2106
:10635000EA210A2AEA290A220A2A0A220A2A0A2AF7
:106360000B2A0A2A0A2A0B2A0B2A0A2A0A2A2B2A69
:106370000B2A2A2A2A2A0B2A0A2A2B2A2B2A2B2AD8
:106380002B322B2A2B2A2B2A2B2A2B2A2B2A4C3234
:106390004B2A2B2A2C324B2A4B2A2C2A4B2A4C32A2
:1063A0004B2A2B2A4B2A4C324C324B2A2B2A2B2A93
:1063B0002B322B2A2B2A2B322B2A2B2A2B324B32F5
:1063C0002B2A2B2A4B322B2A2C2A4B324B2A4C2A93
:1063D0004B324B2A4C324B322B2A4C2A2B2A4B3233
:1063E0004B2A4C322C2A2B2A4B2A4C324B2A4C3229
:1063F0004C324C2A6C324C326C2A6C326C324C323D
:106400004C2A6C324C2A6C324C2A6C2A4C326D323B
:106410006C326C2A6C2A6C324C326C2A6D326C32C3
:106420006C2A6C326C326C2A6C326C328D326C326B
:106430006C328C328D328D326C326C328D328D32C8
:106440008C326D328D326C328C328D328C32C9216D
:10645000C921C921C921C921C921EA29EA21C921A2
:10646000CA29C921C921C921C921C921C921C921D3
:10647000C921C921EA29C921CA21E929EA21C92159
:10648000C921EA29E921EA29EA29E921EA29EA29AF
:10649000EA21EA29EA290A2AEA21EA290A2AEA213A
:1064A000EA290B2A0B220A2A0B2A0A220A2A2B2A59
:1064B0000B2A0B2A2B2A0B2A0B2A2B2A2B2A2B2AB4
:1064C0002B2A2B2A2B2A2B2A2B2A2B2A2B322C2A1B
:1064D0002B2A2B2A2C2A2B2A2B2A4C322B2A2B2AEA
:1064E0004C322B2A2C2A4C324B2A4C2A4B2A4C3227
:1064F0002B2A2B2A2B2A2B2A2B2A2B2A2B2A2B2AF4
:106500002B2A2B2A2C2A2B2A2B2A4C322B2A4B2A99
:106510002C324C2A4B2A4C322B2A2B2A4C322B2A37
:106520002B322C2A4C324B2A4C324B324C2A4C32D6
:106530004C2A4B2A4B2A4C2A4B324C2A6C324C3276
:106540004C2A6C326C324C2A4C326C326C324C2AF3
:106550006C326C324C2A6C324C326C326C326C3293
:106560006C326C326C326D326C326D326C328C3219
:106570006D326C2A6D326C326C326C328D326C3210
:106580008C326D326C328C328D326C326C326D32B8
:106590008D328C32C921C921C921C921CA29C921F9
:1065A000C921C921C921C921C921C921C921C9219B
:1065B000CA29CA29C921C921C921C921C921C92971
:1065C000EA21E929C921EA21EA29E929EA21EA2976
:1065D000C929E921EA29E921EA29EA29EA21EA295E
:1065E000EA290A2A0A2A0A22EA290A2A0B2A0B2A53
:1065F0000A2A0B2A2B2A0A2A0A222B2A2A2A0B2A9F
:106600000B2A0B2A2B2A2B2A0B2A2B2A2B2A2B2A42
:106610002B2A2B2A2B2A2B2A2B2A2B2A4C324B2A89
:106620002B2A4C324B2A4B322C2A4C2A4B324C32DE
:106630002B2A2C2A2B2A2B2A2B2A2B2A2B2A2B2AB1
:106640002B2A2B2A2B2A2B2A2B2A2B2A2B2A2B2AA2
:106650004C324B2A2B2A2B2A2B2A2B2A2B2A2C3240
:106660004B2A2B2A4B2A4C2A4B324C2A4B2A4C328F
:106670004C2A4B2A4B324C2A4B324C2A4C2A4C3255
:106680004B2A4C2A4C326C2A4C324C324C2A6C32FB
:106690004C326C324C2A6C326C326C326C326C3252
:1066A0004D326C2A4C326C2A4C326C326C326C3269
:1066B0006D326C326D326C326C326D328D326C32C6
:1066C0006C2A6C326D328C326C326C326D326C32C0
:1066D0006C326C328D328C328D32A921C921C921A4
:1066E000C921C921C921C921C921C921C921C9215A
:1066F000C921C921C921C921C929E929C921C92912
:10670000C921C921C921EA29C921C929EA21EA21C6
:10671000C929EA21EA21E929EA21EA29EA290A2202
:10672000EA290A22EA21EA290A2A0B2AEA210A2A64
:106730000A2A0B2A0A2A0A220B2A0A2A2B2A0B2A9D
:106740000A2A0B2A0A2A2B2A0B2A2B2A2B2A2B2A23
:106750002B2A2B2A2B322B2A2B2A2B2A2B2A2B3281
:106760002B2A4B2A2B2A2B2A2C324B2A2B2A2B2A38
:106770004C2A2B2A4C2A4B322B2A2B2A2B2A2B2A07
:106780000B2A2B2A0B2A2B2A2B322B2A2B322B3289
:106790002B2A4B2A2B322B2A4B324C322B2A2B32D0
:1067A0002C2A2B2A2B2A4C322B2A2B2A2C2A4B32EE
:1067B0002B2A2B2A2B324C322B2A4B2A4C324C328E
:1067C0004B2A4C324C324B2A4B324C2A6C326C32B4
:1067D0004C2A4C326C2A6C2A6C324C326C324C2A69
:1067E0004C2A6C326C2A6C326D326C326C326D32E7
:1067F0006C2A6C2A6C326C2A6C2A6C326C326C32C9
:106800006C326C326C326C326C326D326D2A6C329E
:106810006D326C326D326C328D328C326D328D3223
:10682000C921A921A929A921C921A921A921A929C8
:10683000A921A921A921C929C921C921C921C92160
:10684000CA21C921CA21CA29E921CA21C921EA29A3
:10685000C921CA21C929EA21EA29E921EA21EA292B
:10686000EA29EA21EA29EA290A22EA290A2AEA2166
:10687000EA21EA290A220B220B2A0A2A0A220B2AD7
:106880000A2A0B2A0B2A2B2A2B2A0A2A0A2A2B2A03
:106890002B2A2B322B2A0B2A2B2A2B2A2B2A2B2A68
:1068A0002B322C2A4B2A2B2A2B2A2B2A4C324C2ACD
:1068B0004C322B2A4C2A2B322C2A2B2A4B2A2B2ABD
:1068C0000B2A2B2A2B2A2B2A2B2A2B2A0B2A2B2A60
:1068D0002B2A2B2A2B2A2B2A4C324B2A2B2A2B2AC7
:1068E0004C2A2B2A2B2A4B322B2A2B2A4C322B2A8E
:1068F0004C2A4C324B2A2C322B2A4B2A4C324C320B
:106900002C2A4C2A4B324C2A4B2A4C324C324C2AE1
:106910004C326C324B2A4C2A4C326C324C2A4C3260
:106920006C326C2A4C324C324C2A4C2A6C324C2A37
:106930006C326C326C324C326D326C326C326C3286
:106940006C2A6D326C326C2A6C326D328C326D3244
:106950008C326C328D326C328D328C328D326D32A3
:106960006C326C328D32A921A821A921A921A8213C
:10697000A821A921A821C921A921A921C921A92189
:10698000A921C921C921C921C921C921C921EA29AE
:10699000E929CA21EA29E929E921EA21EA29E921A3
:1069A000CA21EA29E921EA21EA29EA29EA210A2A6F
:1069B000EA290A2A0A22EA290A2A0B2A0A2A0B2A7F
:1069C0000A2A0B2A0B2A2A2A0A222B2A0B2A2B2ACA
:1069D0002B2A0B2A0A2A0B2A2B2A2B2A2B2A2B2A70
:1069E0002B2A2B2A2B2A2B2A2B2A2B2A2B2A2C2AFE
:1069F0002B322B2A4B2A2B2A4C2A4C2A4C324C3233
:106A00002B2A2B2A0B2A0B2A2A2A2B2A0B2A2B3237
:106A10002B2A2B2A2B2A2B2A2B2A2B2A2B2A2B2ACE
:106A20002B2A2B2A2B2A2B2A2B2A4B324C2A2B2A75
:106A30004C322B2A2B2A4B2A4B324B2A2C2A4C32F3
:106A40004B2A4C2A4B324B2A4C2A2B324C324B2AA3
:106A50004B2A4C324B2A4B2A4C324C2A4C2A6C3251
:106A60006C324C324C2A6C326C326C2A6C326C3286
:106A70004C326C326C326C2A6C326D326C2A6C3255
:106A80006C326D326C326C326C326D326C326C3214
:106A90006C326C326D328D326C326C326C328D32C3
:106AA0008C326C328C326C326C328D32A821A8213F
:106AB0008821A921A821A921A821C921A821A8218B
:106AC000C921C921C921A921C921C921C921C9298E
:106AD000C929C921C921E921CA21E921C929EA29EC
:106AE000EA21C921C929EA21E929EA29EA21EA2179
:106AF000EA21EA210A2AEA29EA21EA290A2AEA21DC
:106B00000B2A0A2A0A220A220B2A0B2A0A2A0A2AF2
:106B10000A2A0B2A2B2A2B2A0B2A2B2A2A2A2B2A2F
:106B20002B2A2B2A2B2A2B322B322B2A2B2A2B2AAD
:106B30002B2A2B2A4C322B2A4B322B2A2B2A2B3254
:106B40002B2A4B2A4B2A2B2A0B2A0B2A0A2A2B2ABE
:106B50002B2A0B2A2B2A2B2A2B2A2B2A2B2A2B32A5
:106B60002B2A2B2A2B2A2B2A2B2A2B322B2A2B2A75
:106B70002B322B2A4C322B2A4B2A2B2A2C324B2AF3
:106B80004C2A4B324C324C322B2A4B2A4C324B2A59
:106B90004C2A4B2A4C2A4C324C324C2A4B324B2A30
:106BA0004C324C324B2A4C2A4C324C2A6C324C32EE
:106BB0004C2A6C326C326C326C326C2A4C326C3235
:106BC0006C326C326C326C326D326C326C326C32D4
:106BD0006C328D326C326D328C326C328C328D3242
:106BE0006C326C328D326D326D326C326D328D3270
:106BF0008D32A821A821A821A921A921A921A92153
:106C0000C921C921A921C921C821A921C929C9216D
:106C1000C921C921C921C929CA21C921C921CA211A
:106C2000C921EA21EA29E929EA29EA21E929EA2907
:106C3000EA29EA29E929E929EA210A2AEA21EA29AD
:106C40000A2A0B2A0A2A0A2A0A2A0B2A0A220A2AAA
:106C50000B2A0B2A0B2A0A2A0A2A0A2A2B2A2B2A4F
:106C60002B2A2B2A2B2A2B2A2B2A2B2A2B2A2B2A7C
:106C70002B2A2B322C322B2A2B2A2B2A2B2A4C2A3A
:106C80002C2A4C324B324C2A2B2A2B2A0B2A2B2A09
:106C90002B2A2B2A0B2A0A2A2B2A2B2A0A2A2B2AAE
:106CA0002B2A2B2A2B322B2A2B322B2A2B322C2A23
:106CB0002C2A2B2A2C2A2B2A2B2A4C322B2A2B2A01
:106CC0002C322B322B2A4C322B2A2B2A4C324C3290
:106CD0004B2A4C324C324C322B2A4B2A4C324C2A07
:106CE0004C324C2A4C324B2A4C2A4B2A4C326C32B6
:106CF0006C2A4C324C326C324C2A6D326C326C2A1B
:106D00006D324C326C2A6C324C326C2A6C2A6C32EA
:106D10006D328C2A6C2A6D326C326D326C326C2A78
:106D20006C326C326D326D328C326C326C326C3251
:106D30008D326C326C328C32A921A921A821A82174
:106D4000A921A821A821A921A821C921C929A921AE
:106D5000C921A921C921C929C921C921C921C929F3
:106D6000E921C929EA29E921C921CA21C921C92161
:106D7000EA21EA21C921EA21EA29EA29EA21EA29C4
:106D8000EA210A2A0A2A0A220A2A0B2A0A220B2A9A
:106D90000A2A0B2A0A2A0A2A0B2A0B222B2A2B2A16
:106DA0000B2A0A2A2B2A0B2A0A2A0B2A2B2A0B2AFD
:106DB0002B2A0B2A0B2A2B2A2B2A2B2A2B2A2B2A6B
:106DC0002B2A2B2A2B2A2B2A4B324C2A2B2A2B2AD2
:106DD0000B2A2B2A0B2A2A2A0A2A2B2A0B2A0A2AAE
:106DE0000B2A2B2A0A2A0B2A2B2A2B2A2B2A2B2A5C
:106DF0002B2A2B2A2B2A2B322B2A2B2A2B2A4B32BB
:106E00004C324B2A2B2A2B2A2B2A4B2A4C2A2B2A50
:106E10002B2A4C2A4B324C2A4C2A4B322B2A4C2AF6
:106E20004B324B324B2A4B2A4C324C2A4B324C2A97
:106E30004C324C326C2A4C326C326C326C326C32CA
:106E40006C2A4C324C2A4C326C326C2A6C2A6D32D1
:106E50006C326C326C326C326C326C2A6C326C2A52
:106E60006C2A6C326D326C326C326C328D328D32F7
:106E70006D328C326C326C326C326C328D32A821B5
:106E8000A921A821A821C921A921A821A821A92196
:106E9000A821A921C921C921A921C921C921C929FB
:106EA000C921C921C921CA21C921C921C929C92189
:106EB000CA21EA29C921EA29EA21E929EA29EA219C
:106EC000EA21EA29EA21EA29EA29EA210A2A0B2AFF
:106ED0000A2A0A2A0A2A0B2A0A2A0A220A2A0B2A18
:106EE0000A2A0A220B2A2B2A0A2A0B2A2B2A0B2AC5
:106EF0000A2A0B2A0B2A2B2A2B2A2B2A2B2A2B2A4B
:106F00002B2A2B2A2B2A2C2A2B2A2B2A4C322B2AAF
:106F10002B2A2B2A2B2A2B2A0B2A2B2A0A2A0B2A2A
:106F20002B2A2B2A2B2A0B2A2B2A2B322B2A2B2AD1
:106F30002B322B2A2B2A2B2A2B2A2B2A2B2A2B2AA1
:106F40004B322B2A4B2A2B2A2B322B2A4C2A4C32FF
:106F50002B2A4B2A4C324B2A4B2A2C324C324B2AAE
:106F60004B2A4C2A4C324C322C2A4B2A4C324C3273
:106F70004C2A4C324B324C2A4B2A4B2A4C324C3244
:106F80006C2A6C326C324C2A4C326C326C324C2A89
:106F90004C326C326C324C326C324C2A6C326D3268
:106FA0006C326C326D326C326C326D326D326C32EE
:106FB0006C328C326C328D326D326C326D328D327D
:106FC0008D326C328821A821A921A821A921A921CB
:106FD000A921C921C921A921C921C921A921A921E1
:106FE000C929C921C921C921CA21C921C929CA213F
:106FF000C921C921C921E929EA29EA29C921C921C7
:10700000EA29E929EA21EA29E929EA21EA29EA2102
:107010000A2AEA210A2A0A2AEA210B2A0B2A0A2228
:107020000B2A0B2A0B2A0A2A0A2A2B2A0B2A0A2A9B
:107030000B2A2B2A2B2A2B2A2B2A0B2A2B2A2B2AE8
:107040000B2A2B2A2B2A2B2A2B2A2B322B2A2B2AB0
:107050002B324C2A2B2A2B2A2B2A0B2A0A2A2B2AA0
:107060000A2A0B2A0B2A0A2A2B2A2B2A0A2A2B2A1B
:107070002B2A2B2A0B2A2B2A2B2A2B2A2B322B2A80
:107080002B2A2B322B2A2C2A2B2A2B2A2B2A2B2A4F
:107090002B2A2B2A2B324B322C2A4B324B2A2B2ACF
:1070A0004C2A4B322B2A2B2A4C324B2A4C2A4B2A65
:1070B0004C2A4B324C2A4C2A4B324C324C2A4C3202
:1070C0004C324C2A6C324C2A4C2A6C326C326C3268
:1070D0006C326C324C2A4C326C326C2A6C324C3230
:1070E0006C2A6C326D326C326C326D326C326C32B6
:1070F0006C328D326C326D328D326C326C328D323C
:107100008C326C326D328C326D3288218821A8210C
:10711000A821A921A821A821A921A821A921C92103
:10712000C921C921C929A921C921C921C921C92127
:10713000C929C921C921C921EA29C921C921EA21AD
:10714000C929C921EA21EA21EA29EA29E921E92113
:10715000EA29EA21EA210A2A0A2A0A2A0B2AEA212A
:107160000A2A0B2A0A2A0A2A0B2A0A2A0B220B2A83
:107170000A2A2B2A0B2A0A2A0A2A2B2A0B2A2A2A0B
:107180000B2A0B2A2B2A2B2A2B2A2B2A2B2A2B2A97
:107190002B2A4C322B2A2B2A2B2A2B2A2B2A0B2A3E
:1071A0000A2A0A2A0B2A0B2A0A2A0B2A0A2A2A2A1C
:1071B0002B322B2A0A2A0B2A0A2A2B2A2B2A2B2A81
:1071C0000B2A2B2A2B2A2B322B2A2B2A2B2A2C3226
:1071D0002B2A2C324B2A4B322B2A2B2A4C2A2B2A95
:1071E0004C322B2A2C2A2B2A4C322B2A2C2A2B329B
:1071F0004B2A2B322B2A4C324B2A4B2A4C2A4B320D
:107200004C2A4B2A4C324C324C324C2A4C324C2AAF
:107210006C324C2A6C324C2A6C2A6C326C326D32D5
:107220006C2A6C326D326C326C326C326C2A6C327D
:107230006C326C326C2A6D326C326C326C326D3264
:107240006C2A6C326C326C326D328C326C326C3235
:1072500088218819A821A821A919A821A921A82134
:10726000A921C921C921A821A921C921C921C9212F
:10727000C921C929C921C921CA29C921E921C9218D
:10728000CA21C921E921CA21E929CA21EA21EA2919
:10729000EA21EA21EA290A2A0A2A0A2A0A2A0A22C9
:1072A000EB290A2A0A2A0B2A0A2A0A220B2A0A2A64
:1072B0000B2A2B2A0A2A0A2A0B2A0B2A0A2A0B2A09
:1072C0002B2A0A2A2B2A2B2A0A2A2B2A2B2A2B2A58
:1072D0002B2A2B322B2A2B2A2B2A2B2A2B2A2B2AFE
:1072E0002B2A0B2A0A2A0B2A0B2A0A2A2B2A2B2A98
:1072F0000B2A2B2A2B2A2B2A0B2A0B2A2B2A2B2A46
:107300002B2A2B2A2B2A2B2A2B322B2A2B2A2B2ACD
:107310002B2A2B2A2B2A2B2A2B2A4C322B2A2B2A9C
:107320002C2A4B322B2A2B2A4C324B2A2B2A4C321A
:107330004B2A2B2A4C324C2A4C2A2B2A2C2A4C32F0
:107340004C324C2A4C2A4B324C2A4B2A6C324B2A58
:107350004B2A4C324C324C2A6C324C324C2A6C3216
:107360004C326C326C324C326C2A6C2A4C326C329D
:107370006D326C2A6D326D328C326C326D326C3201
:107380006C326C326C326C326D328C326D326C32EB
:107390006D326C328D32A82188218819882188218C
:1073A000A821A821A921C921C921C921A821C92110
:1073B000C921C929C921C921C921CA21C921C9296C
:1073C000CA21C921C929EA29E929CA21E929EA29C1
:1073D000E929EA21E929E921EA29EA21EA21EA2938
:1073E0000A2A0A2AEA210A2A0A220A2A0A2A0B2A2D
:1073F0000A2A0A2A0A220B2A0B2A0A2A0A2A0B2AF2
:107400002B2A0A220B2A2B2A0B2A0B2A2B2A2B2A5D
:107410002B2A2B2A2B2A2B2A2B2A2B2A2B2A2B2AC4
:107420002B2A2B2A2B2A0B2A0B2A0A2A0B2A0B2A55
:107430000A2A0A2A0A2A2B2A0B2A0B2A0A2A0A2A89
:107440002B2A2B2A2B2A0B2A2B2A2B2A2B2A2B2AB4
:107450002B2A2B2A2B2A2B322B2A2B2A2B2A2B2A7C
:107460004B324B2A2B2A2B322B2A4C2A2B2A2B32FB
:107470002B2A4C2A4C322B2A2B324C324B324C2AA0
:107480004B324C324C324B2A4C324C2A4C324B2A27
:107490004C324C2A4C324C2A4C324C324C2A6C32F4
:1074A0004C2A6C326C324C2A4C2A6C326C2A4C328C
:1074B0006C326C324C2A6C326C326C326C326C2A0C
:1074C0006C326C326C326D2A6C328C326D326C32B2
:1074D0006D328D328D326C328D326C328821882142
:1074E00088198819A8218821A821A921A821A921C2
:1074F000A921C921C921C929C921A921C929C9216C
:10750000C921C921C921E929C921C921EA29CA21D9
:10751000C921C921EA21E929EA21CA21E929EA2167
:10752000EA29EA29EA210A2A0B2AEA29EA210B2A6E
:107530000A2A0B2A0A2A0A2AEA210B2A0A2A0A2AD2
:107540000B2A0B2A0A2A2B2A0B2A0A2A0A2A2B2A56
:107550002B2A2B2A2B2A0B2A2B322B2A0B2A2B2ABB
:107560002B2A2B2A2B2A2B2A2B2A0B2A0A2A0A2AD5
:107570000B2A2A2A0A2A2B2A2B2A2B2A0A2A2B2AC6
:107580002B2A0A2A0A2A2B2A2B2A2B2A2A2A0B2AB6
:107590002B2A2B2A2B2A0B2A2B322B2A2B2A2B2A5B
:1075A0004B322B2A2C2A2B2A2B2A2B2A2B2A2B2A0A
:1075B0002B2A4C324B2A2B2A2B2A4C324C2A4B2A70
:1075C0004B322C2A4B2A4B2A4C2A4B2A4B2A4C3220
:1075D0004C324C2A4C324B2A4C324C324B2A4C32D5
:1075E0004C324C2A4C2A4C324C2A4C2A6C326C328B
:1075F0004D2A4C326C326C326C326D326C326C2AE9
:107600006C326C326D2A6C328D326C326C326D326F
:107610006C326C326C326C326C326C326C328D3259
:107620006C328821A821A8218821A82188198821C5
:10763000A821A821A821A821C921A921C921C9219E
:10764000C921C929C921C921C921C921CA29E921B9
:10765000C921EA21C921C921EA21C921CA21E9296F
:10766000EA29EA29EA21EA290A2AEA290A22EA2950
:107670000A220B2AEA29EA210A220B2A0B2A0A2AC1
:107680000B2A0B2A0A2A2B220A2A0B2A0A2A2B2A1D
:107690000A220B2A2B2A0A2A0B2A0B2A2B2A2B2AEC
:1076A0002B2A2B2A2B2A2B2A2B322B2A2B2A0B2A4A
:1076B0000A2A0B2A0A2A0A2A0B2A0B2A2B2A0A2A06
:1076C0000B2A2A2A0B2A2B2A2B2A0B2A2B2A2B326B
:1076D0002B2A2B2A2B2A2B322B2A2B2A2B2A2B2AFA
:1076E0002B322B2A2B2A2B2A2B2A2B2A2C322B2AE1
:1076F0002B2A2B322C2A2B2A2B2A2B2A4C324B2A90
:107700002B2A4B2A2C2A4C324B322C2A4C324C320C
:107710004C2A4B2A4C324B2A4B2A4C2A4B324C32A5
:107720004C2A6C324B2A4C2A6C324C324C324C2A4A
:107730004C2A6C326C324C326C326C2A6C326D32A8
:107740006C326C324C326C326C326C326C2A6C3271
:107750006C326C2A6C326D328D328C326D328C32DE
:107760006C328D326C326C32A821A8218821A8217C
:107770008821882188198821A821A821A821A92148
:10778000C921A921A921A921C921C921C921C92109
:10779000C921C921C921C929CA21C921C929EA295F
:1077A000EA29E921E921EA29EA21EA210A2AEA2942
:1077B000EA21EA290A2AEA210A2A0A2A0A2A0A2A9C
:1077C0000A220A2A0A220B2A0A2A0A220A2A0B2A2F
:1077D0000A2A2B2A0A2A0B2A0B2A2B2A2A2A2B2A84
:1077E0000B2A2B2A2B2A0B2A2B2A2B2A2B2A2B2A31
:1077F0002B2A0B2AEA290A2A0B2A0A2A0A2A0B2AE6
:107800000B2A0A2A2B2A0A2A0B2A2B2A0A2A0A2A94
:107810002B2A2B2A0B2A2B2A0B2A2B2A2B2A2B2A00
:107820000B2A2B2A2B2A2B322B2A2B2A2B322B2AC0
:107830002B2A2B2A2B2A4B2A2B2A4B324C322B2A2F
:107840004C322B2A4B2A2B322C2A4B2A2B2A4C32F5
:107850004B2A4B324B324C324B2A4C324B2A4B2A5E
:107860004C324C2A4B2A6C326C324B2A4C324C3202
:107870006B2A6C324C324C2A4C326C2A4C324C2AD9
:107880006C326C326C2A6C326C2A6C326D326C3217
:107890006C326C326C2A6D326C326C326C326C32FF
:1078A0006C2A6C328D326D326C328D328D32882181
:1078B0008821A8198821A921A8218819882188212F
:1078C00088218821A821A821A821A921C921C9216D
:1078D000C929C921C929C921CA21C929C921C9213F
:1078E000CA21C921E929CA21EA29EA29EA21EA2982
:1078F0000A2A0A2AEA290A22EA29EA290A2A0B2A52
:107900000A220A2AEB29EA290A2A0B2A0A220B2A26
:107910000B2A0A2A0B2A0B220A2A0A2A0B2A0A2ACB
:107920000B2A2B2A2B2A0A2A0B2A2B2A0B2A2B2A30
:107930002B2A2B2A2B2A0B2A0A2A0A2A0B2A0A2A42
:107940000A2A0A2A0B2A0A2A0B2A0A2A0A2A2B2A74
:107950002B2A0B2A0B2A2A2A0A2A0B2A0A2A0A2A43
:107960000B2A2B2A2B2A2A2A2B2A2B322B2A2B2A88
:107970002B2A2B2A2B2A2B2A4B322C2A2B2A2B2A36
:107980004B2A2B2A4C322B2A4B2A2B2A4C324B2A9D
:107990002B2A2B324C2A4C2A2B2A4C2A2B2A4C2AB3
:1079A0004C324B2A4C324C324C2A4B2A4C324C3201
:1079B0004C324C2A4C2A4C324B2A6C326C324C2AB8
:1079C0004C2A4C326C326C324C326C2A4C326C3257
:1079D0006C326D324C2A6C326C326D326C2A6C32E5
:1079E0006D326C2A6C326D326C326C326C2A6C32B5
:1079F0008D326C328821A821A9218819A821A821BB
:107A000088198819A821A8218821A8218821A821BE
:107A1000A921A921C921C921C921C929C921C9214E
:107A2000CA21E929E929EA21EA21C921C921EA294A
:107A3000EA21EA21EA290A2AEA210A2A0A2AEA216B
:107A40000A2AEA21EA21EA290A2A0B220A2A0B2A0F
:107A50000A2A0A2A0A2A0A2A0B220A2A0B2A0A2A8C
:107A60000A222B2A0B2A2A2A0B2A0B2A2A2A2B2AF9
:107A70002B2A2B2A2B322B2A2B2A2B2A0A2A0A2A98
:107A80000B2A0B2A0B2A0A220A2A0B2A0B2A2B2A38
:107A90000A2A2B2A0A2A0A2A2B2A0B2A2B2A2B2AC1
:107AA0002B2A0A2A0B2A2B2A2B2A2B2A2B2A2B2A6F
:107AB0002B2A2B2A2B2A2B2A2B2A2B322B2A2B2A16
:107AC0002B2A2B2A2B2A2B2A2B2A2B2A2B2A4C32E5
:107AD0002C322B2A4C2A2B2A4C2A2B2A2B324C2A8A
:107AE0004B324B2A2C2A4B322C2A4C324B2A4C2A12
:107AF0004C324B2A4C2A4C324C324C324C2A4C2AB7
:107B00004C324C2A4C324C324C2A4C2A6C326C325D
:107B10006C326D324C326C2A6C326D326C2A6C32A3
:107B20006C326C326C326D326C326C326D326C3263
:107B30006D326C326C326C326C3288218821A82113
:107B4000A8218821A921A821882188198821A92173
:107B5000A921A821A821A921A821A921A921C921B8
:107B6000C921C921C921C921C921C921C929C921BD
:107B7000E921EA29EA29E921EA21EA29EA21EA298F
:107B8000EA21EA21EA29EA290A2A0A22EA290A2A12
:107B90000B220A2A0A2AEA210A2A0A2A0B220A2A7C
:107BA0000A2A0B2A0B220A2A0B2A0A220B2A2B2A20
:107BB0002B2A2B2A0B2A0A2A0B2A2B2A2B2A0B2A9E
:107BC0000A2A0A2A0A2A0A2A0A2A0B2A0B2A0A2A13
:107BD0000A2A0B2A2B2A0B2A2B2A0B2A0A2A2B2A9F
:107BE0000B2A0A2A2B2A2B2A2B2A2B2A0A2A2B2A4F
:107BF0002B2A2B2A0B2A2B2A2B2A2B2A2B2A2B2AFD
:107C00002C322B2A2B2A2B2A2B322B2A2B322B32AB
:107C10002B2A2B2A4C324B2A2B2A2B324C324C2A21
:107C20004B324C2A2B322B324C2A4B324B2A4C2AC9
:107C30004B2A4B324C324C324C2A4B2A4B324C3270
:107C40004B2A6B324C324C324B2A6C2A6C326C32DF
:107C50004C2A4C326C326C2A6C326C324C2A6C32AC
:107C60006C326D326D326C326C2A6D326C326C3229
:107C70006C2A6C326D328C328C326D328D328D3298
:107C800088218819A821A921A8218819A921A92119
:107C9000A821A8198819A821A921A921A821A821CA
:107CA000A821A921C921C921C921C929CA29C921B4
:107CB000C921CA21E929EA29EA21C929EA29EA21AF
:107CC000EA29EA29EA29EA29EA21EA29EA290A220B
:107CD0000A2AEA290B2A0A2AEA290A2A0B2A0B2A43
:107CE0000B220A2A0B2A0B2A0A2A0A2A2B2A0B2AD7
:107CF0000A2A0B2A2B2A0A2A0B2A2B2A2B2A0A2A7F
:107D00000B2A0B2A0A2A0A2A0A2A0B2A0A2A0A2AD0
:107D10000B2A0A2A0A220A2A0A2A2B2A0A2A0A2AA9
:107D20002B2A0B2A0A2A0B2A2B2A0A2A0B2A2B2A4D
:107D30002A2A0B2A2B2A2B320B2A2B2A2B2A2B2AD4
:107D40002B2A2B2A2B322B2A2B322B2A2B2A2B2A7B
:107D50002C2A2B2A4B2A2B2A2C2A4B322B2A4C2A10
:107D60004B322B2A2B2A4B2A4C2A2B2A2B2A4C2AE1
:107D70004C322B2A4C2A4B324C2A4C2A4B2A4C325E
:107D80004C2A4B2A6C324C2A4C2A4C324C2A6B32ED
:107D90004C2A6C324C324C2A4C2A4C326C326C2AB3
:107DA0006C326D326C326C326C326D326C326C32E1
:107DB0006C2A6C326D326C326C326C326D326C32D9
:107DC0008C326C326D328821A82188218819A92132
:107DD000A8218821A821A821A8218821A821A8219B
:107DE000A921A821A821A921A821A921A921A92146
:107DF000C921C929C921EA29E921EA29CA21EA2197
:107E0000E921EA29EA29EA210A2AEA21EA21EA29DA
:107E1000EA21EA29EA21EA290A2AEA210A2AEA21A8
:107E2000EA210A2A0B2A0A2A0A2A0A2A0B2A0A22E1
:107E30000A2A0B2A2B2A0A220A2A2B2A0B2A2A2A46
:107E40002B2A0B2A2B2A2B2A0A2A0A2AEA290B2A4E
:107E50000A2A0B2A0A2A0B2A0A220B2A0B2A0A2A86
:107E60000B2A0B2A0A2A2B2A2B2A2B2A2B2A0B2AEB
:107E70000A2A0A2A2B2A2B2A0B2A0A2A2B2A2B2ADD
:107E80002A2A0B2A2B2A0B2A2B2A2B2A2B2A2B2A8B
:107E90002B2A2B2A2B2A2B2A2B2A2B2A2C2A2B2A39
:107EA0002B2A2B2A2B2A4B2A2C324B2A2C2A2B32D8
:107EB0004C324C324B2A4C322C2A2B324C2A4B2A35
:107EC0004B324C324C2A4C324B324C324C2A4B32D5
:107ED0004C2A4B2A4C2A4C324B2A4C2A6C324C32BC
:107EE0006C2A4C326C326C326C326C2A6C326C32D2
:107EF0006C2A6C326C326C326D326D328C326D3277
:107F00008C326C326D326C326C326C328821A8212A
:107F10008821A821A821A921A8218821A921A92156
:107F2000A821A819A821A921A821A921A821A8210F
:107F3000A921C921A921C921C921C921C921C92929
:107F4000E921EA29EA29EA21EA21EA29EA29EA21BA
:107F5000EA210A2AEA21EA290A2AEA21EA290A2A3E
:107F60000A22EA290A2AEA21EA210A2A0A2AEA2115
:107F70000A2A0B2A0B2A0A2A0A2A0B2A0B2A0B2A5C
:107F80002B2A0B2A0B2A2A2A0B2A2B2A0A2AEA290D
:107F9000EA21EA210A2A0A220B2A0A220A2A0B2AA1
:107FA0000A2A0A220A2A0A2A0B2A0A2A0A2A0A2A38
:107FB0000A2A2B2A0A2A0B2A2B2A0B2A0B2A2A2ABC
:107FC0000B2A2B2A2B2A2B2A2B2A2B322B2A0B2A41
:107FD0002B2A2B322B2A2B2A2B2A2B322B322B2AE1
:107FE0002B2A2B324B322C2A2B2A2B2A2C2A4B328F
:107FF0004C2A4C322B2A4B2A4C324C324B2A4B2ADD
:108000002B324C2A4B2A4C324C2A4B2A4C324C2ACB
:108010004C2A4C324B324C324C2A4C324C324C3281
:108020004C324C2A4C2A4C324C2A4C326C324C2A60
:108030006C324C326C326C324C2A6D326C326C3297
:108040006C326C2A6D326C328C326D328D326C3205
:108050006D32A8218821A821892188218819A81991
:10806000A821A821A921A921A821A9218821A821E5
:10807000A921A821A921A921C921A821C921C92152
:10808000C921C921C921EA29E921E929EA29E921E6
:10809000E921EA29EA29EA29EA29EA21EA210A2A40
:1080A000EA21EA29EA210B2AEA290B2A0B2A0A2AC1
:1080B0000A2A0B2A0A220A2A0B2A0A220B2A0A2A2D
:1080C0000A2A0B2A0A2A0A2A0B2A2B2A0B2A2B2ACB
:1080D0000A2A0A2A0A2AEA290A220A2AEA290A2A4A
:1080E0000B2A0A220A2A0B2A0A2A0A220B2A0A2AFD
:1080F0002B2A0B2A0A2A0B2A2B2A0A2A0A2A2B2A7B
:108100002B2A2A2A0B2A2B2A2B320A2A0B2A2B2A21
:108110002B2A2B2A2B2A2B2A2B2A2B322B2A2B2AAF
:108120002C2A2C2A2B2A2B2A2B2A4C322B2A2B3274
:108130004C2A2B2A2B2A4B2A2B2A4C2A4B2A4B32ED
:108140002C2A4B2A2C324C2A4B322C2A4B2A4B32CB
:108150004B2A4C2A4C324B2A6C2A4C324B2A4C323A
:108160006C2A4B2A4C326C2A4C324B326C2A4C2AE9
:108170004C326C326C326D326C2A4C326C326C3256
:108180006C2A6C326C2A6C326C326C326D326C320E
:108190006C328D326C326C328821A821A819881972
:1081A000A921A821A921A921A8218821A921A921A2
:1081B000A821A8218819A921A921A821A821A9219C
:1081C000A921A921A921C921C921C921C921EA2996
:1081D000CA21EA21EA29E921EA21EA290A22EA2137
:1081E000EA29EA29EA21EA29EA290A2AEA210A22CD
:1081F000EA210A2AEA210A2A0A2AEB210A2A0A2A59
:108200000A220B2A0B220A220B2A0A2A2B2A0A2AC2
:108210000A2A2B2A0A2A0A2AEA210A2AEA290B2AE6
:108220000A2A0A2AEA290B2A0A2A0A220B2A0A2AD5
:108230000B2A0B2A2B2A0A2A0A220A2A0B2A0A2A82
:108240002B2A2B2A0A2A0A2A2B2A2B2A0A2A2B2AE9
:108250002B2A2B2A0B2A0A2A2B2A2B2A2B2A2B2AB7
:108260002B2A2B2A2B2A2B2A2B2A4B322B2A2B2A3E
:108270004B2A2B2A2B2A4B324B2A2C322B324B2ABD
:108280004C324C2A4B2A2B324C2A4B324C2A4B3242
:108290004C322C2A4B324C324C2A4B2A4B324C2A31
:1082A0004C2A4B2A4C324C324C2A4B2A4C326C2AE8
:1082B0006C326C324C326C2A6C326C326C2A4C2A26
:1082C0006C326D326C326C326D326D326C2A6C32C3
:1082D0006C326D326C326C326D328C328D32882160
:1082E0008821A8218821A821A8218821A921A921A4
:1082F000A821A821A921A921A821A921A821A92132
:10830000A821A921A821A921A921C921C929C921B7
:10831000C921C921C929CA21C921EA29EA29EA2191
:10832000EA29EA210A2AEA290A220A2A0A2AEA2149
:108330000A2AEA210A2AEA29EA21EA29EA210A2A5A
:108340000A2A0B2A0A2A0A2A0A2A0B2A0B2A0A2A8A
:108350000B2A0B220B2A2B2A0A2A0A22EA290A2A8A
:10836000EA210A220A2A0B2A0A220A220B2A0A2AAC
:10837000EA210A2A0A2A0A2A0B2A0A2A0B2A0A2A84
:108380000B2A0A2A0A2A2B2A0B2A0A2A0A2A0B2A29
:108390002B2A0B2A2B2A2B2A2B2A2B322B2A2B2A4D
:1083A0000B2A2B2A0B2A2B2A2B2A2B2A2B2A2B325D
:1083B0002C2A2B2A2C322B2A4C322B2A2B2A2B2AE2
:1083C0002B2A4B2A2C322B2A2B2A2C2A4B2A2B32B3
:1083D0004C2A4B322B2A4C2A4C324C2A4B324C32F0
:1083E0004C2A4B324C324C2A4C324C324C2A4C32B6
:1083F0004C326C324C2A4C2A4C324C324C2A6C3265
:108400006C324C2A4C326C326C2A4C326C326C32EC
:108410006C326D326C2A6C326C326C328D326C3252
:108420006C2A6C328821A81988218821A921A821C9
:10843000A819A821A821A921A821A921A921A921F8
:10844000A921A921A821A921A921C921A821A821BF
:10845000C921C929C921C921C929CA21C921C921BB
:10846000E921EA29EA21EA29E929EA29EA21EA2196
:108470000A2AEA29EA21EA29EA290A2AEA210B2A10
:108480000A2A0B2A0A2A0A2AEB210B2A0A2A0B2A71
:108490000A2A0A2A0A2A2B2A0A220B2A2B2A0A2209
:1084A000EA290A2A0A2AEA21EA290A2A0A2A0B2A96
:1084B0000A2A0A2A0A2A0B2A0A2A0B2A0A220A2A22
:1084C0000B2A0B2A0B2A0A2A0B2A0B2A2A2A0B2AE6
:1084D0000B2A0A2A2B2A0A2A0B2A2B2A2B2A0A2A97
:1084E0000B2A2B2A2B2A2B2A2B2A2B320B2A2B2A1C
:1084F0002B2A2B2A2B2A2B2A4B2A2B2A2B2A2B2AB4
:108500004C324B2A2B2A2C2A4B2A4B2A2B2A4C3210
:108510004C324B2A2B2A4C2A4C324B2A4B2A4B2AC0
:108520004C324B2A4C2A4C2A4B2A4B2A4C324C2A8E
:108530004B324B2A4B2A4C326C324B2A4C2A4C324F
:108540004C2A4C326C324C2A4C326C324C2A4C2A1B
:108550006C326C2A6C326C326C326D326C326D3231
:108560006C2A6C326D326C326C328819A821A821C9
:10857000891988198821A821A8198921A821A82149
:10858000A821A821A821A921A821A821A821A921A1
:10859000C921C921C921A921C921C921C921C921AB
:1085A000C921CA29C921C921C921E929EA21EA2108
:1085B000EA29EA21EA29EA29EA21EA29EA29EA213B
:1085C000EA290A2A0A2A0A2A0B220A2AEA210A2A5C
:1085D0000A2A0B2A0A220A220B2A0A2A0A2A0B2A08
:1085E0000A2A0A2AEA29EA21EA210A2AEA290A2A7F
:1085F0000A22EA29EA210A2AEA290B220A2AEA2976
:108600000B2A0B2A0A222A2A0A2A0A220B2A0A2AB7
:108610000B222B2A0A2A0A2A0B2A2B2A2B2A0A2A5D
:108620000B2A0A2A0B2A2B2A2B322A2A0B2A2B2A1C
:108630002B2A2B2A2B2A2B322B2A2B2A2B2A2B2A8A
:108640002B2A2B2A2B2A4B324C322B2A2B322C2A28
:108650002B2A4B324B2A4C2A2B322B2A2C322B2AF8
:108660004C324C322B2A4B2A4C324C324B2A4C2A5D
:108670004C324C324B2A4C324C324C2A4C326C32FB
:108680004C2A6C326C324C2A4C326C324C2A4C2ABA
:108690006C324C324C326C2A4C326D326C326C2A59
:1086A0006C2A6C326C326D326C326C326D326C32E0
:1086B00088218821A821A8218821A921A921A821D0
:1086C000A921A821A921A919A821A921A921A92164
:1086D000C921A821A821C921A921A921C921C921CC
:1086E000A929C921C921C929CA21C921CA29EA211F
:1086F000C921E929EA21EA21EA29EA210A2A0A22EA
:10870000EA290A22EA290A22EA210A2AEA210A2A6D
:108710000A2A0B2A0A2A0A220B2A0A2A0B2A0B2ABD
:108720000A220B2A0B2A0A22EA29EA290A2AEA291A
:108730000A2AEB290A220A2AEA21EA290B2A0A2212
:10874000EA290A2A0A2A0A220B2A0A2A0B2A0A2AB0
:108750000B2A2A2A0A2A0A2A0B2A0A2A0A2A0B2A56
:108760002B2A2B2A0A2A0B2A2B2A2A2A2B2A2B2AA3
:108770000B2A2B2A2B2A0B2A2B2A2B322B2A2B2A89
:108780002B2A2B2A2B322B2A2C2A2B2A4B322B2A10
:108790002C2A4B322B2A2C2A2B2A2B2A4C322B2ADE
:1087A0004B2A4B2A2B2A4C2A4C324C324C2A4C3224
:1087B0004B324B2A4C2A4C324B2A4C2A4C324C32EC
:1087C0004C2A4C324C2A4C2A4C324C324C2A4C32D9
:1087D0006C324C324C326C326C326C2A4C324C2A39
:1087E0004C2A6C326C326D326D326C2A8C326D32A6
:1087F0006C326C326D32882188218819A821A82119
:10880000A921A821A821A821A921A921A821A9211C
:10881000A821A821A921C921A821A921C921A921CB
:10882000A821C921C921C921C929CA21C921E921F0
:10883000E929E929EA21CA21C929E921E929E929FE
:10884000EA21EA29EA21EA21EA29EA290A2A0A2A66
:10885000EB21EA29EA290A220A2A0A2A0A220A2AF2
:108860000B2A0A2A0B2A0A2A0B2A0A2AEA21EA21B7
:10887000EA29EA210A2AEA290A22EA290A2A0A2AEC
:108880000B2A0A2AEA29EA210B2A0A2A0A2A0A2298
:108890000B2A0A2A0B2A0B2A0B2A0A2A0B2A2B2A12
:1088A0000B2A2A2A0B2A0B2A2A2A0B2A0B2A2B2AC2
:1088B0002B2A2B322B2A0A2A2B2A2B2A2B2A2B2A29
:1088C0002B2A2B2A2B2A2B2A2B2A2B2A2B2A2B32F8
:1088D0004C2A4B2A2B2A2B2A4C324B322B2A2B2A5E
:1088E0002B2A4C2A2B324C2A4C322B2A2B2A4B2A4D
:1088F0004C324B2A4B2A2C2A4B324C324C2A4B32CC
:108900004C2A4C2A6B324B2A4C2A4C324B324C327A
:108910006B2A4C2A6C326C2A4C2A4C326C326C2AF0
:108920004C326C326C326C324C2A6C326C326D329E
:108930006C326C328D326C328C328D3288218819D7
:1089400088218821A821A819A8198921A821A9214D
:10895000A921A821A921A821A921A921C921A921A9
:10896000A921C921A821A921C921C921C921C92118
:10897000C921C921C921CA29C921C921EA29C92175
:10898000E921EA29C921E921EA29EA21EA29EA2992
:10899000EA21EA290A2A0A220B2A0A2A0B2AEA21B0
:1089A0000B2A0B2A0A2A0B2A0A2A0A2A0B220A2A2B
:1089B0000A22EA21EA290A2AEA210A2A0A2AEA29B3
:1089C0000B2AEA21EA210A2AEA210A2A0A2AEA21AA
:1089D0000A2A0A2A0B2A0A2A0A2A0B220A2A2A2ADD
:1089E0000B2A0A2A0B2A0A220A2A0B2A2B2A2A2AAB
:1089F0000B2A2A2A2B2A0B2A2B2A2B2A0B2A2B2A30
:108A00002B2A2B322B2A2B2A0B2A2B2A2B322B2ACE
:108A10002B2A2B2A2B2A2B322C2A2B2A2B2A4C2A84
:108A20004C322B324B2A4B2A2B2A2C324C324C32D2
:108A30002B2A4C324B2A4C324B2A4B2A4C324C2A92
:108A40004C324C324B2A4C324C324B2A4B326C3229
:108A50004C324C2A6C324C2A4B326C326C2A4C32DF
:108A60004C2A6C2A4C324C326C2A6C326C326C328E
:108A70004C2A6C2A6C326C326D326C326C326D3234
:108A80006C32A82188218821A821A921A821882128
:108A9000A821A921A821A821A921A819A921A92192
:108AA000A821A821A921A921A821C921C921C92119
:108AB000C929C921C921C921C921CA29C921C92155
:108AC000C921C921CA21C921CA29C921C921EA212B
:108AD000E929EA290A220A22EA29EA210A2A0A229B
:108AE0000A2A0A2A0A2A0B2A0A2A0A2A0B2A0A22EC
:108AF0000A2A0B2A0A22EA29EA29EA21EA29EA2192
:108B00000A2A0A2AEA21EA290A2AEA210A2A0A2240
:108B10000A2A0A2AEA29EA21EA290A2A0B2A0B2A1E
:108B20000A222A2A0B2A0B2A0A2A0A2A0B2A0A2A8A
:108B30000B2A0B2A0A2A0B2A0B2A0A2A0A2A0B2A90
:108B40002B2A0A2A0B2A2B2A2A2A2B2A2B2A2B2ABF
:108B50002B2A2B322B2A2B2A2B322B2A2B2A2B2A5D
:108B60002B322B2A2B2A2B2A2B2A2C2A4C322B3223
:108B70004B2A2B2A4B2A4C324C2A4B2A2C324C3271
:108B80004B2A2C2A4B2A4B2A4B2A4C2A4C2A4B3252
:108B90004C2A4C2A4C324C2A4C326B2A4C2A4C32EE
:108BA0004C2A4C326C326C326C326C324C2A4C3265
:108BB0006C326C326C324C2A6C326C326C2A6C2AFD
:108BC0006C326C326C326C32882188218819A82171
:108BD00088218821A921A821A821A819A921A82193
:108BE000A921A921C821A921A821C921C921A921D7
:108BF000C921A921A921C921C921C929C921C9215D
:108C0000C929C921CA21E929C921CA21EA29E92199
:108C1000CA21CA29E921CA21EA29EA29EA29EA213D
:108C2000EA29EA290A2AEA21EA290A2A0A22EA2959
:108C30000B2A0A2A0A220B2A0A2AEA21EA29EA2905
:108C4000EA21EA29EA29EA210A2AEA29EA21EA2983
:108C50000A2AEA290B2A0A22EA290B2A0A220B2AC3
:108C60000A2A0A2A0B2A0A2A0B2A0A2A0B2A0A2269
:108C70002B2A2B2A0B2A2A2A2B2A0B2A2A2A2B2A8E
:108C80002B2A2B2A0B2A2A2A2B2A2B2A2B2A0B2A7D
:108C90002B2A2B2A2B2A2B2A2B2A2B2A2B2A2B2A2C
:108CA0004B2A2B2A2C2A4B2A2B2A2B2A2B322B2AD3
:108CB0002B2A4B2A4B2A2B2A4C2A4B2A4B322B2A63
:108CC0002B2A4C324C324B324C2A2B324C324B2A10
:108CD0004C324C2A4B2A4C324C2A4B2A4B324C32C7
:108CE0004C2A4C324C2A4B2A4C324C2A4C326C3295
:108CF0006C326C326C2A6C326D326C2A4C2A6C32BB
:108D00006C324C2A6C326C326D326C326D3288218E
:108D10008821A819A92188218819A821A921A82179
:108D2000A921A921A821A921A821A921C921A921D5
:108D3000C921C921C921C921C921A921C921C92103
:108D4000C921C921C921CA29C921E921CA29C921A1
:108D5000E921E929CA21E929EA29EA21E921C921E8
:108D6000EA21EA29EA21EA210A2A0B2AEA210B2A26
:108D70000B2AEA210A2A0A2A0A220A2A0A2AEA21AC
:108D8000EA21EA29EA29EA210A2A0A2AEA21EA2921
:108D90000A2A0A2AEA210A22EA29EA210A2AEA21D7
:108DA0000A2A0B2A0A2A0A220A2A0A2A0B2A0A2231
:108DB0000A2A2B2A0A2A0A2A0B2A0B2A2A2A2B2AAF
:108DC0000B2A2A2A0B2A0B2A2B2A0A2A0B2A2B2A9D
:108DD0002B2A0A2A2B2A2B2A0A2A0B322B2A2B2A45
:108DE0002B2A2B2A2B322B2A2B2A2B322C2A2B2ACA
:108DF0004B322C2A2C2A4B324C322B2A2B2A2C3247
:108E00002C2A2C2A4B324C324B2A4C324B2A2B2AFE
:108E10004C324C2A2B2A4C324C324B2A4C324C2AA4
:108E20004B2A4C324C2A4C326C326C324C2A4C2A33
:108E30004C324C2A6C324C324C2A6C324C2A4C321A
:108E40006C326C326C326C324C324C2A6C326C327A
:108E50006C326C3288198821A82188218819A821B0
:108E6000A821A921A821A821A921A821A821A921B7
:108E7000A921A921C921C921C921C921C921C921E2
:108E8000C921C921C929C921C921C929C921C92182
:108E9000C921CA29C921C921CA21E921E921CA2137
:108EA000EA29E929EA21C921EA21EA29EA21EA2174
:108EB000EA210A2A0A2A0A2A0A2A0B2A0A2AEB295A
:108EC000EA21EA29EA29EA29EA21EA21EA21EA292A
:108ED000EA29EA21EA21EA290A2A0B2AEA210A2AAE
:108EE000EA21EA290A2A0A2A0B2A0A2A0A2A0B2A2A
:108EF0000A220A2A0A2A0B2A0B2A0A2A0A2A0B2AD7
:108F00000B2A2A2A0B2A0A2A0B2A2B2A0A2A0A2A7D
:108F10002B2A0B2A2B2A2B320B2A0A2A2B2A2B2A02
:108F20002B2A2B2A2B2A2B2A2B2A2B2A2B2A2B3291
:108F30004B2A2B2A4C324B2A2B2A2B2A4B322C2AF7
:108F40002B2A4B322B2A2B2A4B2A4C2A2B2A2B2A10
:108F50002B2A4C324B2A4C2A4B2A4B2A4C324C2A75
:108F60004C324B2A4B324C324C324C2A4B2A4C322C
:108F70004B2A4C326C324C324C2A6C326C324C2ABA
:108F80004C324C324C324C2A6C324C2A4C326C32C1
:108F90006C2A6C326C326C2A6C3288218821A821B0
:108FA000A8218821A921A8218819A921A821A821BF
:108FB000A821A821A921C921C821A921C921C921E4
:108FC000A921A921A921C921C921C929C921C921A9
:108FD000CA21C921C921C921CA29C921EA21C9290E
:108FE000EA29C921E929EA29EA21EA29E921EA2924
:108FF000EA29EA29EA29EA21EA29EA21EA21EA21F9
:10900000EA21EA290A2AEA21EA29EA29EA21E929C0
:10901000EA29EA21EA29EA290A2AEA21EA29EA21AF
:109020000A2AEA29EA29EA210A2AEA21EA21EA297E
:109030000A220A2A0A2A0A2A0B2A0A2A0B2A0B229D
:109040000A2A0B2A0B2A0A2A0A2A2B2A2B2A0A2A3C
:109050002B2A2B2A0B2A2B2A2A2A0B2A0B2A2B2AC9
:109060002B2A2B2A2B2A2B2A0B2A2B2A0B2A2B2A98
:109070002B2A2B2A2B2A2C2A2B2A2B2A2B2A2B2A47
:109080002B322B2A2B2A2B2A4C322B2A4B2A4C32BE
:109090002B2A4B2A2C324C322B2A2B324C322C2AA4
:1090A0004C324B2A4B2A4C2A4C324C2A4C2A4C32FA
:1090B0004C326C324C2A4C324C324C326C2A4C2A98
:1090C0004B2A4C324C326C2A6C326C2A4C324C3269
:1090D0006C2A4C326C326C324C2A6D326C326C32EF
:1090E0008821A8218819A82189218819A8218821E7
:1090F000A921A821A921A921A921A921A821A92122
:10910000A921A821A921C921C921C921C921C92170
:10911000C921C921CA29C921C921C921C921C921F6
:10912000E921C921EA29CA21C921C921CA21EA2183
:10913000E921CA29E921E921EA21EA29EA29EA21E2
:10914000EA29EA290A2A0A2A0A22EA29EA21EA213C
:10915000EA21EA29E921EA29EA29EA210A2AEA2177
:10916000EA29EA29EA21EA210A2AEA290A2A0A2A14
:109170000A22EA290A2AEA210B2A0B2A0A2A0A2A9F
:109180000A220A2A2A2A0B2A2A2A0B2A0A2A0B2A04
:109190000A2A0B2A2B2A0B2A0B2A2B2A2B2A2B2AA8
:1091A0000A2A0B2A2A2A0B2A0B2A0A2A2B2A2B2ABA
:1091B0002B322B2A2B322B2A2B2A2B2A2B2A2B2AF7
:1091C0002B2A2B2A2B2A2B2A2B2A2B2A4B322C2ACE
:1091D0002B2A4B2A4C324C322B2A4B2A4C2A2B2A34
:1091E0004B2A4C324B2A4C324B2A4C324B2A4C32B3
:1091F0004B2A4C2A4B2A4B324C2A4C324C2A6B2A93
:109200004C324C324B2A4C324C2A6C324C326C2A47
:109210006C324C2A6C326C324C2A6C326D324C2AD5
:109220006C326C326C32882188198819A821A821E7
:109230008821A819A821A821A921A921A921A9210A
:10924000C821A921A921A921C821C921A921C92150
:10925000C921A929C921C921C929C921C921C921CE
:10926000C929CA21C921C929CA21C921C921EA2973
:10927000EA29C921E929EA29EA21EA21EA29E92199
:10928000EA21EA29EA29EA210A2A0A2AEA21EA291C
:10929000EA21EA29EA29E921E929EA21EA29E92159
:1092A000EA21EA21EA29EA210A2AEA29EA290A2204
:1092B000EA21EA290A2AEA210B2A0B2A0A2A0A2A7F
:1092C000EA290A2A0A2A0B2A0A2A0B2A0A2A0B2A1C
:1092D0002A2A0B220A2A0A2A2B2A0A2A0A2A2A2A94
:1092E0000B2A2B2A0B2A2A2A2B2A2B2A0B2A0A2A58
:1092F0000B2A2B2A2B2A0B2A2B2A2B2A2B2A2B32FE
:109300002B322B2A2B2A2B2A2B2A2B2A2B322B2AA5
:109310002B2A2B2A2B2A2B2A2B324C2A4C2A4B3233
:109320002B2A4C324C2A4B2A4B2A2B324C324C2AB9
:109330004C322C2A4C324C324C324C2A4C2A4C3275
:109340004B2A4C324C326C2A4C326C324C2A4C2A0E
:109350006C324C324C324C2A4C326C324C2A4C2AF5
:109360006C326C324C2A6C326C326C2A8821882127
:1093700088218819A8218821A921A921A821A81913
:10938000A821A921A921A821A921C921A821C92150
:10939000C921C921C921C929C921C921C921C92175
:1093A000C921CA21C921C921C921C929C921EA293B
:1093B000C921C921EA29EA29E921EA21EA29EA2978
:1093C000E921EA29EA29E921EA21EA21EA21EA292F
:1093D000EA21EA21EA21C921E921EA29EA29E92148
:1093E000EA29EA21EA29EA29E921EA21EA29EA2106
:1093F000EA210A2A0A2AEA21EA290A2AEA210A2A69
:10940000EA210A2A0A220B2AEA290B220A2A0B221B
:109410000A220A2A0A2A0B2A0B2A0A2A0B2A0B2AB0
:109420000A2A0B2A0B2A0A2A2B2A0A2A2B2A0B2A57
:109430002B2A2B2A2B2A0A2A0B2A2B2A2B2A2B2AC5
:109440000B2A2B2A2B2A2B2A2B322B2A0B2A0B2ACC
:109450002B2A2B2A2B2A2B2A2B2A2B2A2C322B2A5B
:109460002B2A2B2A4C2A4C322B2A2B324C324C2AB8
:109470002B2A4B324B2A4C2A4B324B2A4C2A4C3249
:109480004B324C2A4B324C2A6C324C324C2A4C32E6
:109490006C324C2A4C324C2A4C324C326C326C328C
:1094A0004C2A6C326C326C326C326C324C2A6C321C
:1094B0006C32A8218819882188218819A821A8211F
:1094C0008819A921A821A821A921C921A921A92157
:1094D000C821A921A921A921C921A921C921C921BD
:1094E000C921C921C921C929C921C921C929C9211C
:1094F000C921C921EA21E929E921EA21C921C92192
:10950000EA21C921EA29E921C921EA21EA29E9292F
:10951000EA29EA21EA29EA29EA21E929C929C9210E
:10952000EA21EA29EA21EA29EA29EA29EA29EA21BB
:10953000EA29EA21EA29EA290A2AEA29EA210A2A61
:10954000EA29EA290A22EA29EA21EA29EA210A2A59
:109550000A2A0A2A0A2A0A2A0B220B2A0A2A0A2A71
:109560000B2A0B222A2A0A2A0B2A0A220A2A0B2A47
:109570000B2A2A2A0A2A0A2A2B2A0B2A2B2A2B2AC6
:109580002B2A2B2A2B2A2B322B2A2B2A2B2A2B2A2B
:109590002B2A2B2A2B2A2B322B2A2B2A2B324C32EA
:1095A0002B2A2B2A4B2A2B324B2A2B2A2B2A2B2ACB
:1095B0004B2A2C324C324C2A2B2A4C2A4C324B2A26
:1095C0004B2A4C324B2A4C2A4C324B2A4C324C2AD6
:1095D0004B2A4B324C326C2A4C324C326C2A4C2A7D
:1095E0006C326C326C2A4C324C326C2A4C324C2A23
:1095F0004C324C324C2A6C328819882188218821BF
:109600008821A81988218821A921A921A821A92177
:10961000C921C821A821A921C921A921C921C9215C
:10962000C921A921C921C921C921C921C921C92902
:10963000CA21CA29C921C921CA21E929C921C921A7
:10964000C921C929EA29C921EA29EA29EA21CA2125
:10965000C921EA29EA29EA29EA21EA21E921E921BD
:10966000CA29EA21C921C921E921E921EA29EA29EE
:10967000EA21E921EA29EA21E929EA21EA210A2A5B
:109680000A2AEA29EA210A2A0A220B2A0A2AEA29AC
:109690000A2A0A220B2A0A2A0B2A0A2A0A2A0B2A2F
:1096A0000A2A0A2A0A2A0A2A0B2A0A2A2B2A2B2AD7
:1096B0000B2A0B2A2B2A0B2A2B2A0B2A2B2A0B2AA2
:1096C0002B2A0A2A2B2A2B2A2A2A0A2A2B2A2B2A35
:1096D0000B2A2B2A2B2A0B2A2B2A2B2A2B322B2A1A
:1096E0002B2A2B2A4B322B2A2B2A2B2A2C2A2B32A1
:1096F0002B2A2C2A4C2A4B2A2B2A4B322B2A4C322F
:109700004C324C324C324C324B2A4C2A4C324C2A82
:109710004B324C324C2A4C2A4C324B2A4C2A6C325B
:109720006C326C324C2A4C326C324C2A6C326C32B9
:109730006C326C324C2A4C2A4C326C326C3288219E
:109740008821A81988218821A821A921A821A82138
:10975000A921A921A821A921A821A921C921A8219C
:10976000C821C921C921C921C929C929A921C921BA
:10977000C921CA21C921C929C921C921C921CA2987
:10978000CA21C921CA21EA29EA21C921C921CA213C
:10979000E921EA29EA21C921EA29EA21EA21EA297B
:1097A000E921C921C929EA21EA21CA29C929EA29C5
:1097B000E921C921EA21E929EA21EA29EA29EA2954
:1097C0000A2AEA210A220A2AEA21EA290A2AEA2995
:1097D000EA210B2A0A2A0A2A0B2AEA210A2A0A2A39
:1097E0000A220A2A0B220B2A0A2A0B220A2A0A2AEE
:1097F0000B2A2B2A0A2A0A2A0B2A0A2A2B2A2B2A64
:109800000B2A2A2A2B2A0B2A2A2A0B2A2B320B2A2A
:109810000A2A0B2A2B2A2B2A2B322B2A0A2A0B2A1A
:109820002B2A2B2A2B2A2B2A2B2A2B2A2B2A2B2A90
:109830002B2A2B2A4C324B322B2A4B324C324C2ABD
:109840004B324C2A2B2A4B324B2A4C2A4C324B2A75
:109850004C2A4C324B2A4C2A4C324C326C326C32F1
:109860004C2A4B2A6C324C324B2A4C324C2A4C320A
:109870004C326C326C324C326C326C2A6C324C2A68
:109880006C326C3288218819A8218821A821881976
:10989000A921A821A921A821A821A921A921A8217C
:1098A000A921A921C921A921A821C921A921C92109
:1098B000C921C921C929C921C921C921C929C92148
:1098C000C921C929E921E929C921C921C921EA29CF
:1098D000EA29EA29E921EA29EA29E921EA21EA290A
:1098E000EA29E921E929C921C921CA29E921C9218E
:1098F000C921CA21E929EA29EA21C921EA29E9215C
:10990000E921EA21EA29EA29EA29EA29EA210A2AB7
:10991000EA210A2AEA290A2AEA210A2A0B2A0A2221
:10992000EA29EA210A2AEB290A220A2A0A2A0B2A08
:109930000A2A0B2A0A220B2A0B2A0A2A0B2A2A2A6B
:109940000A2A0A2A0B2A2B2A0A2A0B2A2A2A0B2A33
:109950000B2A2B2A0B2A2B2A0B2A0A2A2B2A0B2A00
:109960000A2A2B2A2B2A2B2A2B322B2A2B2A2B2A68
:109970002B2A2C2A2B2A2B322C2A2B2A2B2A2B2A35
:109980002B322B2A2B2A2B2A2C324B2A4C2A4C32B4
:109990004B2A4C324B2A4C324C324B2A4C324B2AFB
:1099A0004B324C324C2A4C324C326C2A6C324C3298
:1099B0004C2A6C324B2A4C2A6C326C2A6C324C2A60
:1099C0006C326C324C2A4C2A6C3288218821A821B6
:1099D0008821A821A921A921A821A821A919A82164
:1099E000A821A921A921A821A821A921C921A9210A
:1099F000A921A921A921C921C921C929C921C9216F
:109A0000C921CA21C921C921C921CA29C921C921FC
:109A1000C921C921C921C921C921EA29EA21C921AC
:109A2000EA29EA29E921EA21EA29C921C921C9212A
:109A3000C921C929C921C921C921EA21E929C9297D
:109A4000EA21C921C929EA21EA290A2AEA21EA21C7
:109A5000EA29EA29EA21EA290A2A0A220A2AEA2123
:109A6000EA21EA210A2AEA29EA210A2A0A2A0A2AF2
:109A70000A2A0A220A2A0A2A0A222B2A0B2A0A2A34
:109A80000B2A2B222B2A2B2A0A2A0B2A2B2A2B2A97
:109A90000B2A2B2A2A2A0B2A2B2A0A2A2B2A2A2A81
:109AA0000A2A0B2A2B2A0B2A2B2A2B2A2B2A2B2A6F
:109AB0002B2A2B2A2B322B322B2A2B2A2B2A2B2AEE
:109AC0002B2A2B2A2B2A2B2A4B324C2A2B2A4B327D
:109AD0002C2A4B322B2A4C324C2A2B2A4B324C2A22
:109AE0004C2A4B324C2A4C2A4C324B2A4B324C2AB1
:109AF0004C324C2A4C2A4C326C326C324C326C3226
:109B00004C2A4C326C324C326C326C324C2A6C32F5
:109B10008819A821A8218819A821A821A82188216D
:109B2000A921A921A821A821A921A921C821C921A8
:109B3000A921A921C821C921C921C921C929A9212E
:109B4000C921C929CA29C921C921EA29C921C9218B
:109B5000CA29C921CA21C929C921CA21C921C921A2
:109B6000EA29C921C921EA29EA21EA29EA21C921E8
:109B7000C921CA29C929C921CA29E929CA29C9214A
:109B8000C921CA21E929CA21EA21E929EA29EA21C8
:109B9000E921EA29EA210A2AEA21EA29EA29EA212D
:109BA0000A2A0A2A0A2AEA290A2A0B2A0A2A0A223D
:109BB000EA29EA290B220A2A0B2A0A220A2A0B2A54
:109BC0000A2A0A2A0A2A0B2A0A2A0B2A2B2A0A2AD2
:109BD0000B2A2B2A2B2A0B2A0A2A0B2A0A2A0A2AA0
:109BE0002B2A0B2A0B2A0A2A2B2A0A2A2B2A2B2A4F
:109BF0002B2A2B2A2B2A2B322B2A2B2A2B2A2B2AB5
:109C00002B2A2B322B2A4C2A2B2A2C2A4B324B2A3A
:109C10002C2A2B2A4B2A4C324B2A4B324C2A4C32C0
:109C20004B2A4B2A4C324C324B2A4C324C2A4C3267
:109C30006C326C2A4B324C2A4B324B2A6C326C32CF
:109C40004C2A4C2A6C324C326C2A6C324C2A6C32C4
:109C50004C2A4C326C32882188218821881988212D
:109C6000A921A921A821A8218821A921A821A921C8
:109C7000C921C921A921C921A821C921A921A92115
:109C8000C929C921C921C921C921C921C921C9217C
:109C9000C921C929E921C921E921C929E921C92104
:109CA000CA29C921CA21EA29E921EA29EA21E9299F
:109CB000EA29C921C921C921C921C921C921E9210B
:109CC000CA21C929EA21C921C929EA21C921E929C9
:109CD000EA21C921EA29EA29E921EA29EA29EA212E
:109CE0000A2A0A2AEA29EA290A22EB29EA29EA2188
:109CF0000A2AEA210B2A0A2AEA29EA210A2AEA2957
:109D00000B2A0A2A0A220A2A0B2A0B2A2B2A0A2A97
:109D10000B2A0A2A0A2A0A2A0B2A0A2A2B2A0B2A7F
:109D20000B2A0A2A0A2A0B2A0B2A2B2A2B2A2B2A2D
:109D30000B2A2B2A2B2A2B2A2B2A0B2A2B2A2B2ABB
:109D40002B2A2B322B2A2B2A2B2A2B2A2B324B2A3B
:109D50002B2A2B2A2B2A4B322C322B2A2B2A2B2A2A
:109D60002C2A2B2A4B324C2A4C324C324B2A4C3266
:109D70004B2A4B324C2A4B2A4C2A4C324C326C2AFE
:109D80004C324C2A4C2A6C324C326C326C324C2A9B
:109D90006C324C326C324C2A4C2A6C328819882135
:109DA0008821A8218819A821A9218819A821A921D9
:109DB000A921A821A821A821A921A921A921A92156
:109DC000A821A921A921A821C921C921C929C921BD
:109DD000C921C921C921C921C921C921CA21C9292A
:109DE000EA21C921C921EA29E921EA29C921E92170
:109DF000CA29C921EA21C921C921C921C921C921E9
:109E0000C929C921CA21C921C921EA29EA21C921AF
:109E1000C929EA29CA21C921EA21EA21EA29E92135
:109E2000E921EA21EA29EA21EA210A2AEA210A2A81
:109E3000EA210A220A2AEA29EA210B2A0A2A0A2AFC
:109E40000B2A0A2A0A220A2AEB290A220B2A0A2AA0
:109E50000A2A0A220B2A0A2A2B2A2B2A2B2A0A2A06
:109E60000A2A2B2A2B2A0A2A0B2A2B2A2A2A0A2ACE
:109E70000B2A2B2A2A2A0B2A2A2A2B320B2A2B2A94
:109E80002B2A2B2A2B2A2B2A2B2A2B2A2B2A2B2A2A
:109E90002B2A2B322B2A2C2A2B322B2A2B2A4B32E1
:109EA0004C2A2B2A4C324B2A4C2A4C324B2A2B2A36
:109EB0004C2A4C2A4C324C2A4C324C324C2A4B32D3
:109EC0004C324C2A4C2A4B326C326C324C2A4C327B
:109ED0006C326C324C2A4C326C326C2A6C326C32E2
:109EE0006C328821A8218819A821A921A821A8219C
:109EF0008819A921A821A921A819A921A821A82147
:109F0000A921C921C821A921C921C821C921C92143
:109F1000C921C929C921C921C921C929CA21C921E0
:109F2000C929C921CA21C921EA29E929C921EA2166
:109F3000C921EA29EA29EA21E921CA29C921C92135
:109F4000C929C921C921CA29C921E929E929C92160
:109F5000C921C921C921CA21E929CA29E921C92957
:109F6000C921EA29EA29EA21EA29E929EA29EA2193
:109F7000EA21EA29EA290A2A0A2A0B2A0A2AEA21D4
:109F80000A2AEA210A2A0B2A0A2A0A2A0A220B2A60
:109F90000A2A0A2A0B2A0A220B2A0A2A0B2A0B2A25
:109FA0002B2A0B2A0B2A0B2A0A2A0A2A0A2A0B2AEC
:109FB0002B2A0A2A2B2A0A2A0A2A0B2A0B2A0B2ABC
:109FC0000B2A0B2A2A2A2B2A0B2A2B322B2A2B2A42
:109FD0002B2A0B2A2B2A2B2A2B2A4B2A2B324C32A8
:109FE0002B2A2B2A2B2A2B2A4C324B322B2A4C2A57
:109FF0004B324C324B2A4C324B2A4C324B2A4C2A95
:10A000004B324C324C2A4C324C324C2A4B2A4C327A
:10A010004C2A4C2A4C324C2A6C2A6C324C326C2A18
:10A020006C324C324C2A4C32A821A821882188213C
:10A03000A921A921A821A821A819A821A921A821DD
:10A04000A921A921A821C921C921A921A921C92161
:10A05000A921C921C929A921C921C921A921C92108
:10A06000C921C929CA21C921E929C921C921EA2946
:10A07000C921C921CA29E921C921CA29EA29E92115
:10A08000C921C921C929C921C921C921C921C92178
:10A09000C921C921C921C921C929C921C921C92168
:10A0A000E921EA29EA29EA21E921EA29EA29EA2932
:10A0B000E921EA29EA29EA21EA21EA29EA21EA2929
:10A0C000EA210A2A0B2A0A2A0A2AEA210B2AEA2961
:10A0D0000A2A0B2A0A2A0A2A0B2A0B2A2B2A0A2ABC
:10A0E0000B2A0A2A0A2A0A2A0B2A0B2A0A2A0B2ACC
:10A0F0000B2A0A2A0B2A0A2A0A2A0B2A0B2A0A2ABC
:10A100002B2A2B2A2A2A2B2A2B2A2B2A2B2A0B2AC8
:10A110002B2A2B322B2A2B2A0B2A2B322B2A2B2AA7
:10A120004B324C2A4B2A2B2A2B2A4B322B2A2C2AF5
:10A130002B2A2B324B2A4C2A2B2A4C324B2A4B2AC5
:10A140004C324C324C2A4C2A4B324C2A4B2A4C3241
:10A150006C324C2A4C324B2A6C324C324C326C2AC8
:10A160004C324C326C2A6C324C2A4C2A6C3288218C
:10A17000A821A921A821A821A821A819A921A9219C
:10A18000A921A821A821A921A821A921A921A82183
:10A19000A921C821A921A921C921C921A921C921F0
:10A1A000C929C921C921C921C921C921C921C92157
:10A1B000C921EA29E921C921EA29EA21C921E9219C
:10A1C000C921C921C929C921C921C921C921CA292E
:10A1D000C921C921C929C921CA21C921CA29EA29F4
:10A1E000EA21EA29CA21C921CA29EA21C921EA2189
:10A1F000E921E921EA21EA21E921EA29EA29EA21FA
:10A20000EA29EA29EA21EA290A2AEA21EA210A2A8C
:10A210000A2A0B2A0A22EA290B2A0A220A2A0A22D5
:10A220000B2A0A2A0A2A0A2A0B2A0B2A0A220A2A93
:10A230002A2A0A2A0B2A0B2A0A2A0B2A0B2A0A2A5A
:10A240000B2A0B2A0A2A2B2A0B2A0A2A2B2A0B2A28
:10A250002B322B2A0A2A2B2A2B2A2B2A2B322B2A67
:10A260002B2A2C322B2A2B2A2B2A2B2A2B324C320C
:10A270004C2A2B2A4B324C2A2B2A2B2A4C324C2A82
:10A280002B2A4C324C2A4B2A4B324C324B2A4C3222
:10A290004C324B2A4B2A4C324C2A4C326C326C2AB0
:10A2A0004C2A4C326C324C2A4C324C324C326C328E
:10A2B0006C326C328821882188198821A821A82134
:10A2C0008821A821A821A921A821A921A821A82164
:10A2D000A921A921A821A821A921C921A921A92110
:10A2E000C921A921C921C921C929C921C929C9212E
:10A2F000C921C921C921CA21C929E921C921CA29DC
:10A30000C921CA21CA29EA29C921C921C921C921CA
:10A31000C921C929C921CA21E929C921C921C929B4
:10A32000C929C921C921C921C921EA29E921C92984
:10A33000E929CA21E929EA29C921EA29EA29EA29D8
:10A34000E921E921EA29EA21EA21EA21EA21EA29A7
:10A350000A2A0A2AEA21EA29EA210A2AEA290A2AF1
:10A360000A2A0A2A0B2A0A2A0A2A0B2A0A220A2A53
:10A370000B2A0A2A0B2A0B2A0A220A2A0A2A0B2A41
:10A380000A2A2B2A0B2A2A2A2B2A2B2A0B2A0A2AA8
:10A390002B2A0A2A0B2A2B2A0A2A2B2A2B2A2B2A77
:10A3A0002B2A2B2A2B2A2B2A2B324B2A2B2A2B2ADD
:10A3B0002C2A2B2A2B2A2B2A2B2A2B2A2B2A2B2AF4
:10A3C0004C322B2A2B322B2A2B322B2A4C2A4C2A6A
:10A3D0004C324B2A4C2A4C324C324B2A4B2A4C2AB8
:10A3E0004C326C324C2A4C2A4C326C324C2A6C2A3D
:10A3F0006C324C326C2A4C324C32A821A82188197C
:10A40000A8218821A921A9218821A921A821A92140
:10A41000A921A821A921C921A821A921A921A921CE
:10A42000C821A921A821C921C921C929A921C92136
:10A43000C921A921C921C929CA29C921C921C929D3
:10A44000C921CA21C921E929E921C921C921C92173
:10A45000C921C921C921C921C921C921C921C921AC
:10A46000C921C921C921C921C921EA21C921C9217B
:10A47000C921CA21C921EA29E921EA29CA29C92110
:10A48000EA21EA29EA21EA21EA29EA29EA21EA2954
:10A49000EA29EA29EA210A2A0B2A0A2AEA21EA29D0
:10A4A0000B2A0A22EA290B2A0A2A0B2A0B2A0B2A30
:10A4B0002B2A0A220A2A0B2A0A220A2A0B2A0A22F1
:10A4C0000A2A0B2A0A2A0A2A0B2A0A2A0A2A0A2AEA
:10A4D0002B2A2A2A0B2A2B2A2A2A0A2A2B2A0B2A37
:10A4E0000B2A2B2A2B2A2B2A0B2A2B2A2B2A2B2A04
:10A4F0002B322B2A2B2A2B2A2B2A2B2A2B322B2AA4
:10A500002B2A2B322B2A4B2A4C2A4B2A4C324C32E8
:10A510004B2A4B322C2A4C2A4B324B2A4C2A4C3297
:10A520004C324B2A4C324C324B2A4C324C326C2A35
:10A530004C326C326C326C326C2A6C324C324C2A9B
:10A540008819A821A821A9218819A821A921A82111
:10A55000A921A821A8218819A921A921A821A821D8
:10A56000A921A921C921A921A821C921A921A9215C
:10A57000C921A921A921C921C921C921C921CA21CA
:10A58000C921C921CA21C921C921C921EA29C92151
:10A59000C921C921A921A921C929C929A921C921BB
:10A5A000C921C929C921CA21CA29C921C921CA2940
:10A5B000C929EA29C921C921CA29EA21EA29C921C7
:10A5C000EA21C921E921C921EA21E921EA29EA2967
:10A5D000EA21EA21E929EA21EA29EA29EA21EA2904
:10A5E0000A2A0A22EA290A2A0A22EA290A220A222D
:10A5F0000A2A0A220A2A0B2A0B2A0A2A0A2A0A22C9
:10A600000A2A0A2A0B2A0A220B2A0B2A0A2A0B2AAE
:10A610000B2A0B2A0A2A0A2A0B2A2B2A0B2A2B2A54
:10A620002B2A0B2A2B2A2A2A2B2A2B2A0B2A2B2AC3
:10A630002B2A2B322B2A2B2A2B2A2B2A2B2A2B2A6A
:10A640002B2A2B324B2A2C2A4C324B2A2B324C32BF
:10A650002B2A2B2A4C2A2B2A4C324B2A4B324C3297
:10A660004B2A4C2A4B2A4C324C324C2A4C324C2A24
:10A670004B2A6C326C324B2A4C2A4C2A6C324C32AC
:10A680006C326C2A6C3288218821882188198821B3
:10A690008821A821A821A819A921A821A921A82198
:10A6A000A821A921C921A821A821C921A821A9211E
:10A6B000C921C921A921C921C921C921C929C92162
:10A6C000C921C921C921C929C921C921C929C9212A
:10A6D000C921CA29C921C921C921A921A921C92161
:10A6E000C921C921C921C929C921C921C921C92112
:10A6F000C921C921C921C921E921C921C929E921C2
:10A70000EA21E929C921CA21EA29EA29CA21E92934
:10A71000EA29CA21EA29E921EA29EA21E921EA21EB
:10A720000A2AEA21EA29EA21EA290A2AEA21EA2967
:10A730000A2AEA290B2A0A2A0A2A0A220A2A0A2AA1
:10A740000B2A0A2AEA290A2A0A2A0A2A0A2A0A2291
:10A750000B2A0A2A2A2A0B2A2B2A0A220A2A2B2AFD
:10A760000A2A0A2A0B2A0B2A2A2A0B2A2B2A2B2AE4
:10A770002B2A2B2A2B2A2B2A2B2A2B2A2B2A2B2A31
:10A780002B322B2A2B322B2A2B2A2B2A2B2A2B2A11
:10A790004C2A2B2A2B2A4C2A2B2A4C322B2A2B2AA6
:10A7A0004C324C2A4B2A4C324C324B2A4C2A4C32DB
:10A7B0004C326C324C324C2A4C2A6C324C2A4C3281
:10A7C0004C2A4C324C2A4C324C326C328821A82113
:10A7D000A8218819A82188218819A821A8218921C0
:10A7E000A921A921A821A921A921C921A921A921FA
:10A7F000C921C921A821A921C921C921C929C92142
:10A80000C921C929C921A921C921C929C921C92108
:10A81000C921CA29E921EA21C921C921A921A921DE
:10A82000C921C921C921C921C929C921C921C921D0
:10A83000C921C921C921C921C929C921C921CA21BF
:10A84000EA29E921C921C929EA29C921C921EA2915
:10A85000EA29EA21E921EA21E929EA21EA29E92983
:10A86000EA21EA29EA29EA21EA290A2A0A2AEA291E
:10A870000A22EA29EA290A22EA290B2A0B2A0A2AA9
:10A880000A2A0A22EA210A2A0A2AEA210A220B2A89
:10A890000A2A0A2A0B2A0B2A0A2A0A2A0A2A0B2A15
:10A8A0000A2A0B2A2B2A0B2A0A2A2B2A2A2A0B2AA3
:10A8B0000B2A0B2A0A2A2B320B2A2B2A0B2A0B2AA9
:10A8C0002B2A2B322B2A2B2A2B2A2B2A2C2A2B2AD7
:10A8D0002B2A2B324B322C2A4B324B322C2A4B3226
:10A8E0004C2A4C322B2A2B2A4C324B2A2C2A4C3203
:10A8F0004B324C2A4C324B2A4C2A6C324C324B2A6B
:10A900004C324C324C2A4C324C2A6C2A4C326C2A37
:10A910004C2A8821A819882188218821A8218819F2
:10A920008821A921A821A821A821A921A821A821FD
:10A93000A821A821A921A821A921A821C921A921AB
:10A94000A821A921A921C921C929C921C921C92110
:10A95000C921C921CA21C929C921C921C929C92196
:10A96000A921A921C921A821A921A921C921C92138
:10A97000A921C921C929C921C921C929CA21C9298E
:10A98000E929CA21C921E929EA21CA21C921C929FC
:10A99000EA21C921E921EA29C921E921EA29C929AC
:10A9A000EA21EA29EA21EA29EA29EA29EA21EA2927
:10A9B000EA21EA210A2A0A2AEA210A2AEA29EA21BC
:10A9C000EA210A2A0A2A0B2AEA29EA210A2AEA297A
:10A9D0000A2AEA210B2A0A2A0A220A2A0A220B2A0E
:10A9E0000A2A2B2A0A2A0B2A0B2A2A2A2B2A0B2A62
:10A9F0000B2A0A2A0B2A2A2A2B2A0B2A2B2A2B2A31
:10AA00002A2A2B2A2B2A2B2A0B2A2B2A2B2A2B32B7
:10AA10002B2A2B2A2B2A2C2A2B2A2B2A2B2A4C3264
:10AA20002B2A2B2A4B2A2B2A4C324B2A2B2A2B320D
:10AA30004C2A4B2A4C324C2A4B2A4C324C2A4C3250
:10AA40004C324C2A6B2A4C326C324C2A4C326C32CF
:10AA50004C2A6C324C324C32882188198819882152
:10AA60008821A9218821A821A821A921A821A821DC
:10AA7000A921A819A921A921A821A921A921A92190
:10AA8000C921C921A821C921A921A821A921C921F8
:10AA9000A921C921C929C921C921CA29C921C92175
:10AAA000C921C921C921A921C921C821A921C92197
:10AAB000A921A921A921A921C921C921C921C921C6
:10AAC000C921C921CA21C929C921C921C921C92925
:10AAD000C921C921CA21E929C921EA29E929CA21AB
:10AAE000EA21EA29EA21E929EA29EA21E921E921F9
:10AAF000EA290A22EA21EA29EA21EA29EA29EA21BD
:10AB00000A2A0A2AEA210A2AEA29EA210A22EA2941
:10AB10000A2A0B22EA290A2AEA290B2A0A2A0A2ADD
:10AB20000B220A2A0B2A0B2A0A2A0B2A0A2A0A2A89
:10AB30002B2A0A2A0B2A0A2A0B2A0B2A2A2A2B2A10
:10AB40000B2A0A2A2B2A2B2A2B322B2A2B2A2B328E
:10AB50002B2A2B2A2B2A2B2A2B2A2B322B2A2B2A45
:10AB60004B2A2B2A2B2A4C324C2A2B2A2B2A4C32AA
:10AB70004C324C2A2B2A4B324C2A4B324B2A4C2A31
:10AB80004B324C2A4B2A4C324C2A4C324C324B2AF8
:10AB90006B2A4C324C2A4C2A6C324C326C2A88215B
:10ABA000A8218821A82188198821A921A821A821C4
:10ABB0008819A921A921A821A821A921A921A82171
:10ABC000A921C821A821C921A921C921C921A921B7
:10ABD000A821C921A921A921A921C921C921C921A6
:10ABE000C921C921CA29C921A921A921A921A9218C
:10ABF000A921A921C921C929C921C921A929C92155
:10AC0000A921C921C921C921C929C921C921C9210C
:10AC1000CA21CA29C929E921C921CA21EA29CA2187
:10AC2000C929EA29E921EA29C929EA21E921EA29E8
:10AC3000EA29EA21EA29EA29EA29EA21EA29E9298D
:10AC4000EA21EA29EA290A2AEA210A2A0A2AEA2121
:10AC5000EA29EA21EA290A2AEA290A22EA290A2A09
:10AC60000A2AEB210A2A0A2A0B2A0A2A0A2A0B2272
:10AC70000A2A0B2A0B2A0B2A0B2A2A2A2B2A2B2ACE
:10AC80000A2A2B2A0B2A2A2A0B2A2B2A2B2A0A2A9F
:10AC90000B2A2B2A2B2A2B322B2A2B2A2B2A2B2A24
:10ACA0002B2A4C322B2A2B2A2C2A2B2A2B2A4C32A9
:10ACB0002B2A4B324C2A4B2A4C322B2A4C2A4C3210
:10ACC0002B2A4C2A4B324C324C2A4B324C324C2AD7
:10ACD0004C324C2A4C324C326C2A6C324B2A6C323D
:10ACE0004C324C2A88198821A821A8218819A8212A
:10ACF000A821A9218921A821A821A921A921A82128
:10AD0000A821A921A921C921C921A821A921A921B5
:10AD1000A821C921C921C921C921C921A921A92144
:10AD2000C921C921C929C921C921C921A921A9210B
:10AD3000A821A821A921A921A821C821A921C92187
:10AD4000C921A921C921C921A929C921C921C921EB
:10AD5000C921CA29C921C921CA29EA21C921C92170
:10AD6000E929EA29E921C921EA21E921E929EA2198
:10AD7000CA21EA29EA21EA29EA21EA29E921EA297C
:10AD8000EA21EA21EA29EA21EA21EA290A2A0A2A09
:10AD9000EA29EA21EA21EA29EA29EA210A2AEA2912
:10ADA0000A22EB21EA290A2A0A22EA290A220B2A84
:10ADB0000A2A0A2A0A220A2A0B2A2A2A0A2A0A2ADA
:10ADC0000B2A0A2A0B2A2A2A0B2A2B2A2A2A2B2A5E
:10ADD0002B2A2B2A0B2A2B2A2B2A2B2A2B2A2B32E3
:10ADE0002B2A2B2A2B2A2B2A2B2A2B322B2A4B328B
:10ADF0002B2A2B2A2B2A2B2A2C2A2B2A4B324C3259
:10AE00004B324B2A4C2A4B324C2A4B2A4B2A4C2A87
:10AE10004B2A4B324C326C2A4B2A4C324C326C321D
:10AE20004C324C2A4C324C2A6C32881988198821B1
:10AE3000881988218821A821A919A821A821882159
:10AE4000A819A821A921A821A821A921A921A921BE
:10AE5000A921C921A821A921A921C921A821A92164
:10AE6000C929C921C929C921C929C921C921C92972
:10AE7000C921A921A921A821A921C821A921A92144
:10AE8000C921A821C921A821A921C921C921C921D4
:10AE9000C921C921C921C929C921C921C921C92952
:10AEA000C921CA21CA21C921E921C921C921CA2927
:10AEB000CA21E921EA21E929EA21E921E929EA214E
:10AEC000EA21E9290A2AEA290A22EA290A2A0A2A77
:10AED000EA21EA210A2AEA29EA29EA29EA210A2AB0
:10AEE000EA21EA290A2AEA290A2A0A2A0A2AEA294E
:10AEF0000B2A0A2A0A2A0B2A0B2A0A2A0A2A0B2AAE
:10AF00000B2A0A2A0B2A0B2A2B2A2A2A2B2A0B2A3B
:10AF10000A2A0B2A2B2A2B320B2A2B2A2B2A2B2AE2
:10AF20002B322B2A2B2A2B2A2B2A2B322B2A2B2A69
:10AF30002B2A2B2A2B2A4C324B324B324C322B2AC7
:10AF40004B2A4C2A2C324B2A2B2A2C324C2A4C329C
:10AF50002B324C2A4C324B2A4C2A4C324C324B2A44
:10AF60006C324C2A4C2A4B2A4C324C2A4C2A6C32DA
:10AF70008821A821A82188198821A821A821881919
:10AF8000A821A9218819A821A921A921A919A821A5
:10AF9000A821A821A821A921C921C921A821A92125
:10AFA000A921C921A921A921C921A921A921C921F1
:10AFB000C921A921A921A921A921A821A921A92122
:10AFC000A821A921A921A921C921C929A921C921CA
:10AFD000A929A921C921C921A921C921C921CA2178
:10AFE000C921C921C921C929E921EA29C929C921B8
:10AFF000EA29E929CA21C929CA21C921EA29EA2954
:10B00000E921EA21EA29EA21EA21EA29EA290A2AA8
:10B01000EA21EA290A2A0A2AEA21EA21EA21EA217E
:10B02000EA29EA21EA29EA29EA21EA210A2AEA2187
:10B03000EA210A2A0B2A0A2A0A2A0A2AEA210A2AC1
:10B040000A2A0B2A0B2A0A220A2A0B2A2B2A0A2A44
:10B050000B2A2B2A0A2A0B2A2B2A2A2A0B2A2B2ACA
:10B060002A2A0B2A0B2A2B2A2B2A2B322B2A2B2A71
:10B070002B322B2A2B2A2B2A2B2A2B2A2B2A4C2AFF
:10B080002B2A2B324C2A4B322B2A2B2A2B2A2B2AC7
:10B090002B324C2A4B324B2A2C2A4C324C324B2A24
:10B0A0004C324B2A4C324C324C2A4B2A6C326C328A
:10B0B0006C326C324C328821A8218821A821881951
:10B0C0008821A921A8218921A921A821A821882195
:10B0D000A821A921A821A921A921A921A821A82124
:10B0E000C921A921A821A921A921C921C921C92191
:10B0F000A921C921C929C921A921A921A821A8219A
:10B10000A821A921A921C821A921A821C921C92192
:10B11000C921C921A921C929A921C921C929C9210F
:10B12000C921C921C929C929E921C921C921C9219F
:10B13000E929EA21CA21EA29E921E929EA21E929BB
:10B14000E929EA21EA29CA21E921EA29E929EA21AA
:10B15000E921EA290A220A2AEA21EA29EA29EA2136
:10B16000EA29EA29EA21EA21EA29EA29EA21EA2167
:10B17000EA29EA29EA29EA21EA21EA210A2A0A2A0D
:10B180000B2A0A220A2A0A220A2A0A2A0A220A2A36
:10B190000B2A0A2A0A2A0B2A0A2A0B2A2B2A2B2ACA
:10B1A0000B2A2A2A0B2A0B2A2A2A2B2A2B2A2B2A59
:10B1B0002B322B2A2B2A2B2A2B2A2B2A2B322B2AD7
:10B1C0002B2A2B2A4B322B2A2B2A4C2A2B324C2A65
:10B1D0004C2A4B322B2A4C2A4B2A4C324C324B2ACB
:10B1E0004C324B2A4C324C2A4B2A4C324C2A4C3291
:10B1F0004C324B2A4C326C324C2A6C2A88218819EA
:10B200008821A82188218821A81988218821A8219E
:10B21000A819A921A821A821A921A921A821A921EA
:10B22000A921C921A921A921C921C929A821A92167
:10B23000C821C921C921A921A921C921A921A9213F
:10B24000A921C921A921A821A821A921C921A82171
:10B25000A921C821C921C921A921C821C921A92100
:10B26000A921A921A921C921C921C921C921CA29E5
:10B27000CA21C921C929EA21C921C921EA29EA210A
:10B28000CA21EA21EA29EA29C921EA29E929EA2188
:10B29000EA29EA29EA29EA21EA29EA29EA21EA2926
:10B2A000EA21E921EA29EA29EA29EA21EA29EA2127
:10B2B000EA21EA29EA290A2AEA21EA290A2AEA29C4
:10B2C000EA290A220B2A0A2AEA290B2A0B2A0A2A25
:10B2D0000A2A0B2A0B2A0A2A0B2A0A2A0A2A0B2ACA
:10B2E0000A2A2B2A0B2A0A2A2B2A2B2A0B2A0B2A58
:10B2F0002B2A2B2A2B2A2B2A2B2A2B2A2B2A2B2AA6
:10B300002B2A2B2A2C322B2A2B2A2C2A2B2A2B2A8B
:10B310004B322B2A2B2A2B2A4C324C2A4B2A4C32CA
:10B320002B2A4C2A4B2A4B2A4C2A4B324C324C2A81
:10B330004B2A4C324C2A4B2A4C2A4C2A4B2A4C3250
:10B340006C328821882188198819A821A821882190
:10B35000A819A821A821A9218921A921A821A821CA
:10B36000A919A821A821A921A921A921A821A82199
:10B37000A921A921C921A921C921C929A821C921F6
:10B38000C921A821A821A921A921A921C821A92130
:10B39000A821A921A921A821C921C921A929A82118
:10B3A000C921C921C929C921C921C921C921C9293D
:10B3B000CA21C921C921C921C921C921C921CA213B
:10B3C000C921C929EA29C921C921C921C921CA21FB
:10B3D000EA21E921EA29EA29EA21EA29EA29EA21F6
:10B3E000EA21E921E921EA29E921EA21E921EA29F9
:10B3F000EA29EA21E9290A2AEA21EA21EA21EA29B5
:10B40000EA210A2A0A2AEA21EA290A2A0A220A2A17
:10B41000EA290A220B2A0B2A0A220A2A0B2A2B2A99
:10B420000B2A2A222B2A2B2A0A2A0B2A0A2A0B2A1F
:10B430002A2A2B322B2A2B2A0B322B2A2B2A2B326D
:10B440000B2A2B322B2A2B2A2B2A2B2A2B2A2B2A6C
:10B450002B322B2A4C324C2A2B2A2B2A2B2A4B32CA
:10B460004B2A2C322B2A2B2A4C322B322B2A2B2ADA
:10B470004C2A4B324C324B2A4B2A4C324C324B32F8
:10B480004C326C324C2A4C32882188218821882108
:10B49000A8218919A921A8218821A919A821A821B1
:10B4A000A821A821A821A921A921A821C921A82131
:10B4B000A821C921A921A821C921A921A821A921FF
:10B4C000C921A921C921A821A821A921A821A821F0
:10B4D000A921A921A821A821A921A921A821A9211F
:10B4E000A921C921C921C921A921C921A921A9218C
:10B4F000C929C921C921C921C929C921C929C921E4
:10B50000C929C921C921CA21E929C921E929EA2969
:10B51000E921C921EA29EA21E921CA21EA21E9210F
:10B52000E921EA29E921EA29EA21C929EA21EA29C6
:10B53000C929EA21EA29EA29EA21EA29EA29EA29A4
:10B54000EA21EA29EA29EA210A2A0A2AEA29EA2139
:10B550000A2AEA210B2A0A2A0A220A2A0A2A0A2A7B
:10B560000A2A0B220A2A0A2A0B2A0A2A2B2A2B2AFF
:10B570000A2A0B2A0B2A0A2A2B2A0A2A0A2A0B2A07
:10B580002B2A2B2A0B2A2B2A2B2A2B2A2B2A2B2A33
:10B590002B2A2B2A4B322B2A2B2A4B322C2A4B328A
:10B5A0002B2A4C2A2B322B2A4C2A4B324B2A2C2A60
:10B5B0004C324C324B2A4C324C2A4C324B2A4C2ABD
:10B5C0004C324C324B2A4C2A4C324C324C2AA82159
:10B5D0008819882188218821A821A821A821A821AB
:10B5E0008921A821A8218921A921A821A821A82150
:10B5F000A921A921A921A821A921A921C921C821BD
:10B60000C921A921A821C921A921A821A921A821AD
:10B61000A821A821A921C821A821A921C921A8219F
:10B62000A821A921A921A821C921C921A921A9218C
:10B63000C921A921A921C921C929C921C921C921F2
:10B64000C921EA29C921C921C929C921EA21EA2137
:10B65000CA21CA29EA29EA29C921C929E929EA21ED
:10B66000E929C929EA21EA29EA21EA29E929EA217D
:10B67000EA21E921EA29EA29EA21E929E921EA215D
:10B68000EA21E9290A2AEA29EA290A22EA29EA21F9
:10B69000EA290A2AEA210A2A0A2AEA290B2A0A2A74
:10B6A0000B2A0B2A0A220A2A0B2A0A2A0B2A0B2AFD
:10B6B0000A2A0A2A0B2A0B2A2B2A0A2A0B2A0B2AC5
:10B6C0002B2A2B2A0B2A2B2A0A2A2B2A2B2A2B2A13
:10B6D0002B322B322B2A2B322B2A2C2A2B2A2B2AA9
:10B6E0002B2A4C322B2A2B2A2C2A4B2A2C2A4B323F
:10B6F0002B2A2B2A4B2A4C324B2A4C2A4B324C2ACF
:10B700004C2A4B324C2A4C2A4C324B2A4C2A4C3273
:10B710006C324B2A882188198819A8218819881920
:10B7200088218821A8218819A821A921A92188195F
:10B73000A821A821A821A819A921A921A821A921C6
:10B74000A821A921A821C921A921A921A921A8218C
:10B75000A821A921A921A821A821A921C921A8217D
:10B76000A921A921A921C821A921A921C821C9212B
:10B77000C929C921C921C929C921C921C921C92169
:10B78000C921C921C921C921CA21C921C921CA295F
:10B79000C921C921E929C921C921E921C921EA29E8
:10B7A000EA21EA21C921EA29CA21E929EA29EA216B
:10B7B000E921C921C921EA29C921EA21EA21E92986
:10B7C000EA29EA21EA29EA21E921EA29EA21EA210A
:10B7D000EA290A2AEA21EA21EA29EA290B2AEA21A6
:10B7E000EA290A2A0A220A2A0B2A0A2A0A2A0B2AE0
:10B7F0000A2A0A220A2A0B2A0B2A0A2A0B2A2A2A8E
:10B800002B2A2B2A2B2A0B2A2A2A2B2A0B2A2B2AD1
:10B810002B2A2B2A2B2A2B2A2B2A2B2A2B2A2B2A80
:10B820002B2A2B2A2B2A2B2A2B2A2B2A4C324B321F
:10B830004B2A4C324B2A2B2A2C324B2A2B2A2C32C5
:10B840004B2A4B2A2B324C2A4C324B324B2A4C324D
:10B850004C2A4B2A4B2A4C324C3288218821882191
:10B860008821A82188198821A82188198821882160
:10B87000A821A821A921A921A921A821A821A9217C
:10B88000A821A921A921C921C921A921C929A82102
:10B89000A821A921A821A8218821A821A821A9217E
:10B8A000A921A921A821A921A821A921A921A8214B
:10B8B000A821A921A921A921A821A821C929A92113
:10B8C000A921C921C929C921C921C929C921C92138
:10B8D000C929C921C921CA29C921C929C921C921FF
:10B8E000E921CA21E929C921CA21E929CA21E92175
:10B8F000EA21EA29E929C921CA21EA29C929C92154
:10B90000EA21E921EA21EA29E929EA21EA29EA29C1
:10B91000EA210A2AE921EA21EA290A2AEA290A2A45
:10B920000A220A2AEA290A220B2AEA290A220A2AD0
:10B93000EA290A220A2A0B2A0A2A0A2A0B2A0A2A8E
:10B940000A2A2B2A2B2A0A2A0B2A2B2A0A2A0A2AF3
:10B950002B2A2B2A2B2A2B2A2B2A2B2A2B2A2B2A3F
:10B960002B2A2B322B2A2B2A2B2A2C322B2A2B2A1E
:10B970002B2A4C322B2A2B2A2B2A4C2A4C2A4C328B
:10B980004C2A2B2A2B2A2C324C2A4B2A4C324C3252
:10B990004B2A4C2A4C324C324B324C2A4C2A6C32B9
:10B9A000882188218821A821A821A8218821A821CF
:10B9B000A921A821A9218819A821A821A821892184
:10B9C000A921A821A921A921C921A821A821A9210A
:10B9D000C921A921A821A821A921A821A921A821FB
:10B9E000A821A921A821A821A821A921A821A8210D
:10B9F000A921C921A821A821A921C921C921A92199
:10BA0000A821C921A921C921C921C921A921C92147
:10BA1000C921C921C929C921CA21C921E929C921A5
:10BA2000CA21C921C929CA21EA29C921CA21E9296A
:10BA3000E921EA21EA21EA29C921C921CA29EA29F9
:10BA4000E921EA21EA29E929CA21EA29EA21E921A9
:10BA5000E929EA21EA29EA29EA29EA21EA29EA295F
:10BA6000EA210A2A0A2AEA210A2A0B2AEA21EA29D1
:10BA70000A2A0A2A0B2A0B2A0A2A0B2A0B2A0A2A22
:10BA80000A2A0B2A0B220A2A2B2A0B2A0A2A0A2AFA
:10BA90000A2A2B2A0B2A0B2A2B2A2B2A2B2A0B2A7F
:10BAA0002B2A2B2A2B322B2A2B2A2B2A2B2A2B32DE
:10BAB0002B2A4B2A4C322B2A2B2A4C322B2A2B3264
:10BAC0004B322B2A4B324C324C2A4B322B324C2AE3
:10BAD0004C2A4B324C324C2A4B2A4B2A4C2A4C32A1
:10BAE0004C324B324C2AA821A81988198819882170
:10BAF00088198821881988198821A8218819A921DD
:10BB0000A819A821A921A821A821A821A821A821F4
:10BB1000A921A921C821A921C921A921A821A82198
:10BB2000A8218821A921A9218821A921A821A92109
:10BB3000A921A921A821C921A821A921A921A82198
:10BB4000C921A821A821A921C921C921A921C92127
:10BB5000C921C921A921C921C921C921CA21C921B4
:10BB6000C929C921CA29C921C921C921EA29E9212B
:10BB7000EA29C921EA29C921EA29C929C921E921D2
:10BB8000CA21C921E929C921CA21E929C921CA2112
:10BB9000E929EA21C921EA29EA29EA210A2AEA212E
:10BBA000EA290A2AEA21EA29EA210A2A0A2A0B2A88
:10BBB000EA210A2AEA21EA210A2A0A2A0A2A0A2268
:10BBC0000A2A0A2A0B220A2A0B2A0A2A0A220A2AE3
:10BBD0000B2A0B2A0A2A0B2A0B2A2B2A2A2A2B2A5F
:10BBE0000A2A2B2A2B2A0B2A2B2A2B2A2B2A2B2AEE
:10BBF0002B2A2B2A2B2A2B2A2B2A2C2A2B2A2B2A9C
:10BC00004C324C2A2B2A4C324C2A4B2A4B2A4C2A97
:10BC10002B2A4B2A4C324B2A4C324C2A4B2A4B3281
:10BC20004C2A4B2A4C324B2A4C2A4C328821A821D0
:10BC30008821882188198821882188198821A821AC
:10BC40008821A821A921A821A819A921A921A821D1
:10BC5000A921A921A821A921A921A821A921C92176
:10BC6000A821A82188218821A921A821A821A821CB
:10BC7000A921A821A921A821A821A921A921A82178
:10BC8000C921A921C921A821A921A921A821A92126
:10BC9000A821C921C929C921C929C929C921C9215D
:10BCA000C929C921C929E921CA21C921C921C92113
:10BCB000C921C921C921EA29E929CA21EA21C921C1
:10BCC000C929C921C921EA29C921C921EA29CA21C9
:10BCD000C921EA21C929EA21EA29EA29EA29EA212E
:10BCE000EA29E921EA29EA21E9210A2A0A2AEA2994
:10BCF000EA29EA21EA290A2A0A2A0A2AEA29EA2951
:10BD00000B2A0B2A0A2A0A2A0B2A0A220A2A0B2A97
:10BD10000A2A0A2A0B2A2A2A0B2A0B2A2A2A2B2A1F
:10BD20000B2A0B2A2B2A2B2A2B322B2A2B2A2B2AA3
:10BD30002B2A2B2A2B2A2B2A2B2A2B322B2A2B2A53
:10BD40002B2A2B2A2B324B324B2A2B2A2B2A2B2AFB
:10BD50004C324C322B2A2B2A4C324C2A2B2A4C3276
:10BD60004B2A4B2A4C324C324C324B2A4C2A4C3206
:10BD70004B2A88218821A821882188218821881997
:10BD80008821882188218819A821A821A921882112
:10BD9000A821A821A921A921A821A921A821A82158
:10BDA000A921A921A821A821A82189218819A82190
:10BDB000A921A819A821A821A921A821A921C82120
:10BDC000A821A921A821A921A921C921C921C921C5
:10BDD000C929A921C921A921A921A921C921C9218B
:10BDE000C921C921C921C921C921C921C921C929FB
:10BDF000C921C921CA21C929C921CA21E929C921C1
:10BE0000EA21E929C921C921C921EA29C921C92170
:10BE1000C921EA29E929EA21CA29E921EA29E921EE
:10BE2000E921EA29EA21E921EA290A2AEA29EA217B
:10BE3000EA29EA210A2A0A2AEA210A2AEA21EA2127
:10BE40000B2A0A2A0A2A0B2A0A220B2A0A2A0A225F
:10BE50000A2A0B2A0A2A0B220B2A0A2A0A2A0B2A46
:10BE60000B2A2A2A0A2A0B2A2B2A0A2A0B2A2B2ACD
:10BE70002B2A2B2A2B322B320B2A2B2A2B2A2B2A2A
:10BE80002C322B2A2B2A2B2A4B2A4C322B2A2C2AB7
:10BE90004C322B2A2B2A2B2A4C324C2A2B2A4C325E
:10BEA0002B2A2B2A4C324C322B2A4C2A4B2A4C322E
:10BEB0004C2A4B2A4C324C2A88218819A819A821CF
:10BEC0008821881988218821A821A81988218821FA
:10BED000A821A8198821A921A821A821A821A92140
:10BEE000A821A821A821A921C921A821A821A821E8
:10BEF000A821A8218821A921A92188218819A82160
:10BF0000A921A921A921A821A921A921A821C921C3
:10BF1000A821A921C921A821A921C921C821C92154
:10BF2000A921A921C921C921C929C921CA21C921F8
:10BF3000C921C921C921C929CA29C921C921C921A0
:10BF4000C921EA21C921C921C921C929C921CA2177
:10BF5000C929C921C921EA29C921E929CA21C92137
:10BF6000C921EA21CA21E921EA29EA29EA29EA21A3
:10BF7000EA29EA290A2AEA21EA29EA21EA29EA2918
:10BF8000EA210A2A0A2A0A2AEA210B2A0A2A0A226A
:10BF9000EA210A2A0B2A0A2A0A2A0A2A0A2A0B2A28
:10BFA0000A2A0A2A0B2A2B2A2B2A0B2A2B2A2A2A6C
:10BFB0000B2A2B2A2B2A0B2A2B2A0A2A2B2A2B2A3A
:10BFC0000B2A0B2A2B2A2B2A2B2A2B2A2B2A2B3201
:10BFD0002B2A2B2A4B324C2A2B2A2B2A2B2A4B2A50
:10BFE0004B322B2A4B2A4B2A2B324B2A4C2A4C32CF
:10BFF0004B324C2A4B2A4C324B2A4C2A4C32882149
:10C000008821A821A82188218821A8198819A82178
:10C01000A821A92188218821A821A921A821A92115
:10C02000A821A921A921A821A821A921A821A821C5
:10C03000A821882189218821A8218819A821A8213F
:10C04000A821A9218821A821A821A921A821A821C6
:10C05000A921A821A821A921A821A821C921A82175
:10C06000A921C921C821C921C929C921A921C921B9
:10C07000C929C921C921C921C929C921C921C92160
:10C08000EA29C921EA29E929CA21C921C921C921E5
:10C09000C921C921C929C921EA21C921EA29CA21FD
:10C0A000E921EA29E929EA29E921C921EA29EA213C
:10C0B000E921EA29EA29EA210A22EA21EA29EA29E8
:10C0C0000A220A2AEA29EA290A2AEA290A2A0A2243
:10C0D0000A2A0B2AEA290A2A0A2A0B2AEA210B2A07
:10C0E0000A2A0B2A0B2A0A220B2A0A2A0A2A0B2AB4
:10C0F0000B2A2B2A2B2A2B2A2B2A2A2A2B2A0B2AD9
:10C100000B2A2B2A2B2A2B2A2B2A2B322B2A2B2A9F
:10C110004B322B2A2C2A2B2A2B2A2B2A2B2A2B2A4E
:10C120002B2A2C322B2A4C2A2C2A4B2A2C322C2A12
:10C130004B2A4B2A4C324C322B2A4B2A4C324C3253
:10C140004C2A4B3288198819881988218821881926
:10C15000A821A82188218821A819A821A921A921DD
:10C16000A8218819A821A921A821A921A921A821AC
:10C17000A921A8218821A8218821A821A8198821DE
:10C18000A921A9218821A921A819A821A821A9218B
:10C19000A921A821A921A821A921A921C921C92111
:10C1A000A921A921C921A921A921A921A921C929F7
:10C1B000C921C921C921C921C921C921C921CA212E
:10C1C000CA21C921C929C921C921CA21C921C9290D
:10C1D000C921C929C921CA21C929E921C921C921DE
:10C1E000C921C921C921C921C921EA29EA29EA2984
:10C1F000EA21EA29EA29EA21EA29EA29E921E929C1
:10C20000EA21EA290A2AEA21EA290A2A0A22EA294B
:10C210000A220A2A0A2A0A2A0A2A0A2A0A2AEA29A7
:10C220000A2A0B2A0A2A0A2A0B2A0A2A0A222B2A53
:10C230000B2A0A2A2A2A2B2A0A2A0A2A2B2A0B2AFA
:10C240000B2A2B2A2B2A2B2A0B2A2B2A2B2A2B2A86
:10C250002B2A2B2A2B2A2B2A2B322B2A2B2A2B2A2E
:10C260002B2A2B322B2A2B2A2B322B2A4B2A2C32ED
:10C270004B2A4B324C2A4C322B2A4B2A4C2A4C321A
:10C280004C324B2A4C2A4B2A4C2A88218821881967
:10C29000A821A8218821A821A819882188218819E6
:10C2A0008821A8218821A821A82188198821A821CE
:10C2B000A819A821A821A919A82188218821A92184
:10C2C000A82188218819A8218819A921A821A82195
:10C2D000A821A921A921A821A921C921A821A821F2
:10C2E000A921A821C921A821A821C929C921A8219A
:10C2F000A821C921C921A921A921C929C921A92167
:10C30000C921C929C921C921C921C929C921CA21CC
:10C31000C929C921C921C921C921C921C929C921BD
:10C32000C921CA29C929C921C921EA29C921C92183
:10C33000EA21E921C921E921E921C921EA29EA29DA
:10C34000E921EA29EA29EA21EA21EA29EA21EA217E
:10C350000A2AEA29EA210A2AEA210B2AEA29EA21F9
:10C360000A2A0B2AEA21EA290A2A0B2A0A220A2A7D
:10C370000B2A0B2A2B2A2B2A0B2A0A2A0A2A0B2AD7
:10C380000B2A0B2A0A2A0B2A2A2A2B2A2B2A0A2AA8
:10C390002B2A2B322B2A2B2A2B320B2A2B2A2B2A05
:10C3A0002B2A2B2A2C2A2B322B2A4B2A2C2A2B2ABB
:10C3B0002B2A4C322B2A2B2A4B2A4C322C2A4B323A
:10C3C0002B2A4B2A4C2A4C324B2A4C324C324C32C0
:10C3D000882188218821A821A82188218821A821B5
:10C3E0008819A82188198821A821A9218921A82193
:10C3F000A8218821A921A821A819A8218821A81944
:10C400008819A821A8218821A821A921A82188214B
:10C41000A82188198821A921A819A821A821A82123
:10C42000A919A921A821A821A921A921A821A921C7
:10C43000C921A821A921A921C921A921A921A9216D
:10C44000C921C929C921C921CA29C921C921CA2982
:10C45000C921C921C921C921C921C921A921C921AC
:10C46000C921C921C921C921CA29EA21E929C9212A
:10C47000EA29EA29E921CA29C921CA29EA29EA2996
:10C48000EA21EA21E929EA21EA21EA29EA29EA2935
:10C49000E921EA290A2AEA21EA29EA21EA29EA29FC
:10C4A0000A220A2AEA210B2AEA290A220A2AEA216E
:10C4B0000A2A0B2A0A2A0A220A2A0A2A0B2A2B2AC1
:10C4C0002B2A0A2A0B2A0A2A0A2A0B2A2A2A0B2A88
:10C4D0000B2A2B2A2B2A0A2A2B2A2B2A2B2A2B2AF5
:10C4E0002B2A2B2A2B2A2B2A2B2A2B2A2C2A2B2AA3
:10C4F0002B324B2A2C2A2B324B2A4C2A2B2A2B2A22
:10C500002B2A4C324C322B2A4C322B2A2B2A4B32E0
:10C510004C2A4B2A4C32882188198819882188197D
:10C520008821A92189218819A82188218821A82169
:10C53000A821A821A921A821A821A9218921A821D0
:10C540008821882188218819A8218821A819882173
:10C55000A821A8218821A819A921A821A9218821D9
:10C56000A821A921A921A921A921A921A821A9217D
:10C57000A821A921C921A921A821A921A821A8214F
:10C58000C921C921A921A921C921C921C921C9219B
:10C59000C921C921C921C921C921C921C921A9216B
:10C5A000C929C921C921C921C921C921C921C92133
:10C5B000C921EA21C921C921C921C921E929CA21E1
:10C5C000E921E921CA29EA29EA21E929EA21EA211E
:10C5D000E921E9290A2AEA21EA21EA29EA29EA21C4
:10C5E0000A2AEA210A2AEA21EA210A2AEA290A2A47
:10C5F0000B2A0A2A0A2A0A220B2A0A2A0A2A0B2AA0
:10C600000A220A2A0B2A0A2A0B2A0A2A2B2A0B2A6E
:10C610000B2A2A2A2B2A2B2A0A2A2B2A2B2A2B2AB4
:10C620002B2A0B2A2B2A2B322B2A2B2A2B322B2A72
:10C630002B2A2B2A4B322B2A2B2A4B324B2A2B2AE2
:10C640004B324C322C2A4B2A4B2A2B2A4C324C325E
:10C650004B2A4C2A4C324C324B2A4C2A88218821B6
:10C6600088218821881988198821A821A821882152
:10C670008819881988218821A82188198819882172
:10C68000A82188198821881988218821882188195A
:10C690008821A92188198819A821A921A921A821BF
:10C6A0008821A821A921A821A821A821A821A92160
:10C6B000A921C921A821A821A921C921C921A821CD
:10C6C000A921C921C921A921C921C921A921A9219A
:10C6D000C921C921C929C921C921C929C921C921FA
:10C6E000C921A921C921C921C929C921C929C9210A
:10C6F000C929C921C929C929C921C921EA29C921A9
:10C70000C921C921CA29EA21E921E929EA21E9291E
:10C71000EA21E929EA29EA21EA29EA29EA21EA21A2
:10C72000EA290A2A0A2AEA210A2AEA29EA29EA211E
:10C730000A2A0A2AEA21EA290B2A0A2A0A2A0A2AA2
:10C740000A220B2A0A2A0B2A0A2A0A2A0B2A0A2256
:10C750002B2A0B2A0A2A0B2A2B2A2B2A2B2A0A2AB3
:10C760000B2A0B2A2B2A2B2A2B2A0B2A2B322B2A79
:10C770002B2A2B2A2B2A2B2A2B2A2B2A2B2A2B2A11
:10C780002B2A4C322C2A2B2A4B2A2C324C324B2A65
:10C790002B2A2B2A4C2A4B324B2A4C2A4C324B3216
:10C7A0004C2A881988218821A82188218819882164
:10C7B000881988218821A921A821A8218921A821B7
:10C7C00088218819A821A9218821881988218819F8
:10C7D0008819882188218819A821A92188218821E0
:10C7E000A821A8218819A821A921A921A821A9192E
:10C7F000A921A821A821A921A921C921A821A821CD
:10C80000A921C921A821A921C921A821A921A8219B
:10C81000C921C929A921C921C921C921C921CA21DF
:10C82000C921C921A921A921C921A921C921C92118
:10C83000C921C921A921C921CA21C921CA29C929B6
:10C84000C921EA29EA29C921C921C929CA29EA290C
:10C85000C921C921CA21E921EA29C929EA21EA29EC
:10C86000EA29EA29EA29EA21EA290A22EA29EA291F
:10C87000EA21EA290A2A0B2AEA210A2A0B2A0A2A89
:10C880000A22EB290A2A0A2A0A220B2A0B2A0A223E
:10C890000A2A0B2A0A2A0B2A2A2A0B2A0A2A0B2AD4
:10C8A0000B2A0A2A2B2A2B2A2B322B2A0B2A2B2A39
:10C8B0002B2A2B2A2B2A2B2A2B2A2B322B2A2B2AC8
:10C8C0002C2A4B2A4C322B2A2B2A4C322B2A4B2A2D
:10C8D0002B2A2B2A4C2A2B324C2A4C324C322B2A14
:10C8E0004B2A2B2A4C324B2A88218819A821A821AF
:10C8F00088218821A82188218819A821A921882197
:10C90000A819A8218821A8218821A821882188196F
:10C9100088218821882188198821882188198821DF
:10C92000A821A82188198821882189198821A8216E
:10C93000A821A921A821A821A921A821A821C9218C
:10C94000C921A821A921A921A821A821A921A8217B
:10C95000A921A921C921C921A921C921C921A929FF
:10C96000C921C921C921A921A921A921C921C929CF
:10C97000A921C921C921C929C921C921C921C9217F
:10C98000C929C921EA21C921C921E921CA21CA210C
:10C99000C921E921CA21EA29C921CA29CA21EA21D2
:10C9A000EA29E921EA21E921E9210A2AEA29EA21F9
:10C9B000EA29EA29EA21EA29EA21EA290A2AEA21D6
:10C9C0000A2A0A2AEA210A2A0A22EB290A2A0A2A18
:10C9D0000A2A0A2A0B220A2A0A2A0B220A2A0A2AC5
:10C9E0002B2A0B2A0A2A2B2A2B2A2B2A2B2A2B2AE0
:10C9F0002B2A2A2A0A2A2B2A2B2A2B2A2B2A2B2AB1
:10CA00002B322B2A2B2A2B322B2A2B2A2B322B2A66
:10CA10002B2A4B324B2A2B324C2A4C324B2A4B2A94
:10CA20004C2A4C322B2A4C324C2A4B2A4C3288212D
:10CA300088218819A82188198821882188198819AE
:10CA4000A821A82188218821A8198821A819A9210D
:10CA500088218819881988218821881988218821A6
:10CA600088198821882188218819A821A921A8212D
:10CA7000A82189218819A821A921A8218821A921D3
:10CA8000A921A821A921A921A821A821A921A92159
:10CA9000A921A921C921A821C921A921C921A821E8
:10CAA000A921C921C921C929C921A921A921A821AF
:10CAB000A921C921A921A921A921C929C921C9219E
:10CAC000C921C921C929C921C921C929C921C92106
:10CAD000C929E929CA21C929C921EA21EA29E9295B
:10CAE000E921E929EA29EA29EA29EA29EA29EA21C0
:10CAF000EA29EA29EA210A2AEA210A2AEA29EA2174
:10CB0000EA210A2AEA290A22EA210A2A0B2A0A2AFF
:10CB10000A2A0B2A0A220A2A0B2A0A2A0A2A0B2A7A
:10CB20000A2A0A220B2A0A2A0B2A2B2A2A2A0B2A29
:10CB30000B2A0A2A0A2A0B2A0B2A0B2A0B2A2B2A2F
:10CB40002B2A2B322B2A2B2A2B2A2B2A2B322B2A2D
:10CB50002B2A4B2A2B2A2B2A4C322B2A2B2A4C32BB
:10CB60004B2A4C322B2A2B2A2B322B2A2C324C2AA2
:10CB70004B2A4C32882188218819882188218819DC
:10CB8000A821882188218819A8218821A821892104
:10CB900088218819A821881988198821882188194D
:10CBA000882188218819882188198819A821882135
:10CBB00088198819A821A821A8218819A921A921A3
:10CBC000A821A821A921A821A821A921A921A92119
:10CBD000A821A821A821A921C921C921A921C821A9
:10CBE000A921C929C921A921A921C921A921A9218D
:10CBF000C921C929A821C921C921A821C921A9213F
:10CC0000C921C921A921C929C921C921C921C921EC
:10CC1000CA29E921C921CA21C921E921EA29EA2928
:10CC2000C921C921CA21E921E921EA21E921EA2111
:10CC3000EA29EA29EA21E921EA29EA21EA21EA2185
:10CC4000EA290A2AEA21EA290A2A0B2A0B2A0A2AAD
:10CC50000A2A0B2A0A2A0A220A2AEA21EA290A2A85
:10CC60000B220A2A0B2A0A2A2B2A0B2A0A2A2B2AE7
:10CC70002B2A0B2A0A2A2B2A2B2A0B2A2B2A2B2A6D
:10CC80002B2A2B2A2B2A0B2A2B322B2A2B2A2B2A14
:10CC90002B2A4B2A2C2A2B2A2B324C324C322B2A71
:10CCA0002B2A2B2A2B2A4C2A2B322B2A4C2A4B2A72
:10CCB0004B324C324B322B2A4C2A88218821A82116
:10CCC000882188198821881988218821881988193C
:10CCD000A821A821882188218819882188218821D4
:10CCE000882187198821882188198821872188210E
:10CCF00088218821A8218821881988218821A921B3
:10CD0000A821A821A8218921A819A821A921A82101
:10CD1000A819A921A821A921A921A921A821C921AE
:10CD2000A821A821C921A921C921C821A921C92136
:10CD3000A821A921A821C921A921C921A821A92166
:10CD4000A921A821C921C921C921C921A921C921F4
:10CD5000C921C921C921C921C929C921C921C9217B
:10CD6000C921E921EA29EA29C921C921CA21EA29D7
:10CD7000EA29E921E921EA21E929E921EA21EA2947
:10CD8000EA29EA21EA29EA29EA21EA29EA290A2AFA
:10CD90000A220A2A0A2AEA210A2AEA21EA290B2A6D
:10CDA000EA290A220A2A0A2A0B220B2A0A2A0A2A12
:10CDB0000B2A0A2A0A2A2B2A2A2A0B2A2A2A2B2A4F
:10CDC0002B2A2B322B2A2B2A2A2A2B2A2B2A2B2AB4
:10CDD0002B2A2B2A2B2A2B322B2A2B2A2C2A2B2AA2
:10CDE0004B2A4C322B2A2B2A4C324B2A2C2A2B2A08
:10CDF0004B2A4C324C2A4C2A4B324C2A4B2A4B326F
:10CE00008819882188218821881988218821A819D2
:10CE10008821882188218821A819A819A921882179
:10CE200088198821882188198821882188218819D2
:10CE300088198821881988198821881988218821CA
:10CE4000881988218821A821A8198821A821A92129
:10CE50008821A821A921A821A821A921A821A921A7
:10CE6000A921A821A921A921A921C921A921A92153
:10CE7000C921C921A821A821A921A921A821A92125
:10CE8000C921A921A821A921C921C921A921C929CB
:10CE9000C921C921A921C929C921C921C921C9215A
:10CEA000C929C921C921CA29C921C921EA29EA29CF
:10CEB000C921C921C929EA29EA29EA29EA21E9215E
:10CEC000EA29EA29EA21E9290A2A0A2AEA21EA2999
:10CED0000A22EA21EA29EA29EA290A2A0B2AEA216E
:10CEE000EA290A2A0A2A0B2A0A2AEA210A2A0A2AEB
:10CEF0000B2A0A2A0A220A2A0B2A0A220A2A2B2A7F
:10CF00000B2A0A2A0A2A2B2A2B2A0A2A2B2A2B32F4
:10CF10000B2A2B2A2B2A2B2A0B2A2B2A2B2A2B2AA9
:10CF20002B2A2B322B2A2B2A2B2A4B2A4B322B2A09
:10CF30004C322B324B2A2C2A2B322B2A2B2A2B2AEF
:10CF40004C2A4C322B2A88218819A821882188193B
:10CF5000882188218821A821882188198821882171
:10CF6000A821882188218819872188198719882173
:10CF70008821A7198821882188218819882188215A
:10CF800088198821A821A8198821A8218921882108
:10CF90008819A821A9218821A921A819A821A92196
:10CFA000A921A821A821A821A921C921A821A92115
:10CFB000C921C921A821A921A921A821A821A921E4
:10CFC000A921A821A821A921A821C921C921C921B4
:10CFD000C921A921C921C929C921C921C929C92111
:10CFE000CA21C929C921CA21C921C929C921C921DF
:10CFF000C921C921EA21EA29C921C921C921EA2176
:10D00000EA21EA29E929EA21EA29EA29EA21EA21A9
:10D01000EA29EA21EA29EA29EA21EA29EA210A2277
:10D02000EA290A2A0B2AEA210A220A2A0A2A0B22B8
:10D030000A2A0A220A2A0B2A0B2A0B2A2B2A0B2A33
:10D040000B2A0A2A0B2A2B2A0A2A0B2A0B2A2B2AFA
:10D050002B2A0B2A0B2A0A2A0B2A2B2A2B2A2B2AA9
:10D060002B2A2B2A2B2A2B2A2B324C2A2B2A2B2AEF
:10D070004C322B2A2B2A2C2A4C324B2A4B322B2A6D
:10D080004C2A2B324C324C322B2A4C3288218821AC
:10D0900088198721A8218819881988218821881949
:10D0A00088198821A821A821882188218819882108
:10D0B0008821882188198821882188198821872139
:10D0C00088218821A8218819882188198821A821E8
:10D0D000A8218819A821A82188198821A921A82177
:10D0E0008819A921A821A921A921A819A921A92123
:10D0F000C921C821A921A921C829A921A821A8217C
:10D10000A921A821A821C921A821A921C921C92172
:10D11000C921C929C929A821A821C921C921C921F1
:10D12000C921C929C921C921C921CA29C921C9219E
:10D13000C929CA21CA21C929C921E921CA29C92164
:10D14000EA21EA29E921E921CA29E921EA21EA219A
:10D15000E929EA29EA21EA290A2AEA21EA290A2A06
:10D16000EA29EA210A2AEA21EA290A220A2AEA29DC
:10D17000EA290A2AEB290A2A0A220A2A0A220A2A60
:10D180000A2A0A2A0A2A2B2A0A2A0A2A0B2A0A2ADD
:10D190000B2A2B2A2A2A2B2A0B2A2A2A2B2A2B2A29
:10D1A0002B2A2B2A0B2A2B322B2A2B2A2B322B2AE7
:10D1B0002B2A2C322B2A2B2A2B2A4B322B2A2B2A96
:10D1C0004C322B2A4B2A4C2A2B2A2C2A4B2A4B2A0C
:10D1D0004C2A881987218819882188218819882153
:10D1E00088218819A82188218821A81988198819D7
:10D1F0008821881988198721882188198821872101
:10D2000088198819A82188218719881988218821D7
:10D2100088218819A821882188218821A82188218E
:10D22000A819A921A821A821A921A821A821A921BB
:10D23000A921A821A821A921A921A821A921A921A1
:10D24000A821A921A921A821A921A921A921A82191
:10D25000A821A921A821A921A921C921A921C92140
:10D26000A921A921C921C921C921C921C921A921CE
:10D27000C921C929C921C921C921C929E921C9212E
:10D28000EA29E921C929EA29EA29E929EA21C92162
:10D29000E929EA29EA29E921EA29EA29EA21EA2110
:10D2A000EA29EA210A2AEA29EA29EA210A2A0A2A93
:10D2B000EA210B2AEA29EA210B2A0A2AEA290B2A5F
:10D2C0000A2A0B2A0A220A220A2A0A2A0B220B2AD3
:10D2D0000A2A0B2A0A2A0B2A2A2A0B2A2B2A0A2A6A
:10D2E0002B2A0B2A0A2A2B2A2B2A0B2A2B2A2B2AF7
:10D2F0002B2A2B2A2B2A2B2A4B322B2A2B2A2C2A5D
:10D300004B2A2B2A2B2A4C322B2A2C2A4B322B2A03
:10D310004C324B322B2A4C328821882188198721A4
:10D320008821871988218821882188218821A8219E
:10D3300088198819882188218719882188218719C7
:10D3400088218821872188218819882188218819A6
:10D350008821881988218819A821A8218819A8213D
:10D3600088218819A92188218821A821A921A921FA
:10D37000A821A821A921A921A821A821A821A82163
:10D38000A921A921A821A821A821A921A821A92151
:10D39000A921A821A921A921A821A921C921C82100
:10D3A000C921A821C921A921A921C921C929A921A6
:10D3B000C921C921A921C921C921C921C921EA2914
:10D3C000C921C921EA29CA21C921E921CA21C921C2
:10D3D000E929CA21CA21E921EA29EA21EA21EA2127
:10D3E000E9290A2AE921EA29EA21EA21EA290A2285
:10D3F000EA290A2AEA290B2A0A2A0A22EA210A2AFF
:10D400000A2A0A2A0B2A0A2A0B2A0B2A0B2A0B2A77
:10D410000B2A0A2A2A2A0B2A2B2A0B2A0A2A2B2A07
:10D420000B2A2B2A2B2A0B2A2B2A0B2A0A2A2B2AD5
:10D430002B2A2B2A0B2A2B2A2B322B2A2B2A2B2A5C
:10D440004C2A2B322B324C2A2B2A2B322B2A4C2AB9
:10D450002B324C2A4C2A4B324C322B2A4C3288210C
:10D46000881988218821871988218819A82188216D
:10D47000881988198821882188218719882188217D
:10D480006819882188218819881988218721881995
:10D49000882187218819882188218819881988215D
:10D4A000A8218821A81988218821A821A8218819C4
:10D4B000A821A921A8218819A821A921A921A82149
:10D4C000A921A921A821A821A821A821A921A82111
:10D4D000A821A821A921A821A821A921A821A92101
:10D4E000C921C921A921A821A821A921C921C8216F
:10D4F000C921C921A921C921A921C921C921C9211C
:10D50000C921C929CA21C921C921C929C921C921BA
:10D51000EA29E921C921EA21E929EA29EA21EA29B6
:10D52000E929EA21E929EA29EA21EA29E921EA297E
:10D53000EA290A2AEA21EA290A22EA21EA290A2A08
:10D540000A2AEA21EA290A2A0A220A220A2A0A2A95
:10D550000A220A2A0A2A0B2A2B2A0A2A0A2A0A2A11
:10D560000A2A0B2A2B2A0A2A0A2A2B2A2B2A0A2AB7
:10D570002B2A2B2A2B2A2B320B2A2B2A0B2A2B2A3B
:10D580002B2A2B2A2B2A2B2A2B2A2B2A4B322B2ACB
:10D590002B2A2B2A2B2A2B2A4B2A2B2A4B2A2C2AA2
:10D5A0002C2A4B2A881988218719882188218719D4
:10D5B00088218821A821881988218821882188210B
:10D5C000871988218821871987218821871988212F
:10D5D000882188198821882188198719882188211C
:10D5E000882188198821882188218821A821A821BB
:10D5F000A9218819A8218821A821A8198821A82152
:10D60000A921A821A819A921A921A821A821A821D7
:10D61000A821A921A921A821A821A921A821A921BE
:10D62000A921A821A921A921C821A921A821A9218D
:10D63000C921C921C921C921C929A921A921C921D2
:10D64000C929C929C921C921CA29C929C921E92149
:10D65000CA21C921E929CA21CA29E921CA21C9291E
:10D66000E921EA21EA29E921EA29EA21EA29EA2944
:10D67000EA21EA29EA21EA210A2AEA290A22EA29F0
:10D68000EA290A2AEA29EA21EA290B2A0A2AEA29A6
:10D69000EA290B2A0A220A2A0A2A0A220A2A0B2A19
:10D6A0000B2A0A220A2A0B2A0B2A0A2A0B2A0B2ADD
:10D6B0002A2A0B2A0B2A2B2A0B2A0A2A0B2A2B2A64
:10D6C0002B2A2B2A2B2A2B322B2A2B2A2B2A2B2AAA
:10D6D0002B2A2C2A4B324C322B2A2B322C2A4B321F
:10D6E0002B2A4C324B2A4B324C2A88198721881915
:10D6F0008821882188198719882188198821871904
:10D70000881967198819881987198819882187192C
:10D7100088218821881988218821881988218821D1
:10D7200088218719882188218819881988198819DA
:10D730008821A82188218821A82188218921881968
:10D74000A821A921A821A819A821A821A921A82197
:10D75000A821A921A9218821A821A9218821A921BD
:10D76000A821A921A921A821A921A821A821A9216D
:10D77000A921A821A921C921A821A921C921C929F3
:10D78000A921C921C929C921C921C921C921C92161
:10D79000C921C921EA29C921C929CA21C921C92107
:10D7A000C921EA29C921C921EA29E921EA29EA216D
:10D7B000E921E929EA29EA21E929EA21EA21EA29F4
:10D7C0000A2AEA29EA210A2A0A2AEA210A220A2A34
:10D7D0000A2AEA21EA290A2A0A22EA290B2A0A2A1B
:10D7E0000A220B2A0A2A0A2A0B2A0A2A0B2A0A2A9E
:10D7F0002B2A0B2A0A2A0B2A2B2A2A2A2B2A0B2A03
:10D800002A2A2B2A2B2A2B2A2B322B2A2B2A2B2A69
:10D810002B2A2B322B2A2C2A2B2A4B324B2A4C2AEE
:10D820002B2A2B2A2C2A4B322C2A4B2A2B2A4C32DD
:10D8300088218821881988218821882187198821B1
:10D8400088218821871988216721882188218821BA
:10D8500067198821881988218821881987218721BB
:10D8600088198821882188198821A8218819872169
:10D87000A82188218821A821881988198821A82110
:10D880008819A821A8218921A821A921A921A82195
:10D89000A8218821A819A821A821A919A821A8216F
:10D8A0008821A821A821A821A921A821A821A9214E
:10D8B000C921A921A921A821A921C921A921A921D9
:10D8C000C921C921C921A921C921C921C921C92128
:10D8D000C921C921C921C921C921EA29E921E9218F
:10D8E000EA29E921C921CA29C929EA21EA29E92124
:10D8F000CA21EA29EA29E921EA21E929EA21EA21DA
:10D90000E929EA29EA210A2AEA29EA210A2A0A2A2D
:10D91000EA21EA290A2AEA210B220A2AEA290A2A02
:10D920000B2AEA290B2A0A2A0B2A0A220A2A0B2A7C
:10D930000B2A0A220A2A2B2A0A2A0B2A2B2A0A2A0B
:10D940002A2A2B2A0B2A2B2A0A2A2B2A2B2A2B2A71
:10D950002B322B2A2B2A2B2A2B322B2A2B2A2B2A0F
:10D960002B2A2B2A4B322B2A4C324B2A2B2A4C2A7D
:10D970002B2A4C324C32882187198821871988211B
:10D9800088198821882187198719682188216819B1
:10D990008721882187198821871988218819871963
:10D9A0008821882188218821881987218819882140
:10D9B0008821881988218821A8218821A8218821E7
:10D9C00088218821A8198821882188198821A819E7
:10D9D000A821A821A921A81988218821A821892165
:10D9E000A819A821A921A819A921A921A821A821FC
:10D9F000A821A821A921A821A921A821C921A821BC
:10DA0000A821A921C921C921C921C929C921C921FF
:10DA1000C921C921C921C921C929C921C921C929A6
:10DA2000C921C921C921CA29E921C921EA29E92134
:10DA3000C921EA29E929EA29E921EA21CA29EA29A9
:10DA4000E921EA29EA21EA29E921EA210A2AEA2147
:10DA5000EA210A2AEA29EA290B2AEA29EA210A2ADA
:10DA6000EA29EA210B2A0A2A0A220A2A0A2A0B2A66
:10DA70000A220A2A0A2A0A2A0B2A0B2A0A2A0A2214
:10DA80000B2A0B2A0B2A0B2A2B2A0B2A0B2A2B2AAE
:10DA90002B2A0B2A2B2A2B2A2B2A2B2A2B322B2AF6
:10DAA0002B2A2B2A4B322C2A2C2A4B322C322B2A73
:10DAB0004B322C2A4C324C324C326C2A8819882139
:10DAC0008719882188218819882188216719671971
:10DAD0008821681987198819671988218819672189
:10DAE0008821871988218821881988198721882108
:10DAF00088198821882188198821882188198819FE
:10DB0000881988218821A821A8218921A821A82154
:10DB10008821A821A8218819A82188218821882165
:10DB2000A821881988218821A821A821882188195D
:10DB3000A921A921A921A821A921A821A821A82199
:10DB4000A921A921C921A821C921C821C921A92107
:10DB5000C921C921C921C929A921C921C929A921A5
:10DB6000C921C921C921C921CA29C921C921EA213B
:10DB7000C921C921C921C921C921C921E929C9212D
:10DB8000E921EA29EA21E921EA29EA29E921EA2920
:10DB9000EA29EA21EA29EA29EA210A2A0A220A2AA2
:10DBA0000A2AEA290A2A0B2AEA210A2A0A2A0A2226
:10DBB0000B2AEA290A2A0B2A0B220A2A0A2A0B2AEA
:10DBC0000B2A0A2A0A2A2A2A0B2A0A2A0A2A0A2A93
:10DBD0002B2A0A2A2B2A0B2A0A2A2B2A2B2A0B2A1F
:10DBE0002B2A2B2A2B2A2B2A2B322B2A2B2A2B2A85
:10DBF0004B2A4B2A2B2A2B2A4C326C326C2A6C3241
:10DC00004C32872188218819871988218821882109
:10DC10008721881967218721882168198719672139
:10DC20008819671988216719681988218721881937
:10DC300088218721882188218821881987198721AF
:10DC40008821A8218821881988198819A821A82144
:10DC500088198821A9218819A821A921A921882109
:10DC6000882188198819A821A82188218821881944
:10DC7000A921A821A821A821A821A921A921A82159
:10DC8000A821A921A921A921C921A821A921A92126
:10DC9000A821A929A821A821A921C921C929C921C7
:10DCA000C921C921C921C929CA21C921C929CA2112
:10DCB000C929C921EA29E929C921CA21C929CA21B1
:10DCC000CA21E921CA21EA29E921CA21EA29C9216F
:10DCD000EA21EA21EA29EA21EA210A2AEA210A2A92
:10DCE000EA29EA290A22EA21EA290A220A2A0A2A30
:10DCF0000A2AEB290A2A0A220A2A0B2A0A220A2AB3
:10DD00000B2A0B2A0A220A2A0B220B2A0A2A2B2A5E
:10DD10000B2A0B2A2B2A2B2A0A2A2B2A0B2A2A2ADD
:10DD20002B2A0B2A2B2A2B2A0B2A2B2A2B2A2B2A8B
:10DD30002B2A2B2A2B2A2C324C2A4C2A4C326C327E
:10DD40004C2A6C2A6C326C32882188218821671910
:10DD500088218719671988198821882167198821DE
:10DD600088216721882188198821882188198719A5
:10DD70008821882187198821882188198821A8214C
:10DD800088198821882188198821A821882188213B
:10DD9000882188218821A82188198821A92188190A
:10DDA000882188218819881988218821A821881923
:10DDB000882188218819A821A92188218821A819CA
:10DDC000A821A821A821A921A921A821C821A921E8
:10DDD000A821A921A921C921A821C921C921A92195
:10DDE000C921A921C921C929C921C921C921C921FB
:10DDF000C921C921C921C921C921C921EA29C921AA
:10DE0000C921E921CA29E929EA29EA29C921EA29F6
:10DE1000E929EA21EA29C929E921EA29EA29E921A6
:10DE2000EA29EA29EA210A2AEA290A2AEA29EA2128
:10DE30000A2AEA210A2A0B22EA290A2A0A2A0B2A92
:10DE40000B2A0A2A0A2A0A2A0B2A0A2A2A2A0A2A10
:10DE50000A2A0B2A2B2A2B2A2A2A2B2A2B2A0B2A7C
:10DE60000B2A2B2A0B2A0B2A2B2A2B2A2B2A2B2A6A
:10DE70002B2A2B322B2A2B2A2B2A2B324C324C3298
:10DE80004C324C326C2A4C324C326C2A6C3288192F
:10DE9000882188218819882188216719672188218C
:10DEA00088196719671987196821882188198821B5
:10DEB000882187198821882188198719881988213C
:10DEC0008821881987218821882188198819882123
:10DED000882188198819A8218821A8198821A821B2
:10DEE0008821A821A821882188218821A821881992
:10DEF0008821882188218819A821A82188218821A2
:10DF00008821A92188198821A821A921A821A8212F
:10DF1000A921A821A921A821C921A821A921A82195
:10DF2000A921C921A921A921C921C921C921C929F9
:10DF3000C921C921C921C929C921CA29C921C92180
:10DF4000CA29E921C921C921C921E921C921CA2137
:10DF5000EA29C921C921EA29EA21E929EA21EA298C
:10DF6000EA29E921EA29EA21EA29EA29EA210A2A11
:10DF70000A2AEA21EA290A2AEA290B2AEA29EA21B5
:10DF80000A2A0A2AEA210A2A0A2A0B220A220A2A29
:10DF90000B2A0B2A0B2A0A2A0A2A0A2A0B2A0A2ADD
:10DFA0000A2A2B2A2A2A0A2A2B2A2B2A0A2A2B2A2D
:10DFB0002B322B2A2B2A2B322B2A4C324C322B2A57
:10DFC0004C2A4C324C2A6C324B2A4C2A6C324C2A4A
:10DFD0004C2A4C320000000000000000000000004D
:10DFE0000000000000000000000000000000000031
:10DFF0000000000000000000000000000000000021
:10E000000000000000000000000000000000000010
:10E010000000000000000000000000000000000000
:10E0200000000000000000000000000000000000F0
:10E0300000000008080408510000085D00000814F2
:10E0400000000000000000000000000000000000D0
:10E0500000000000000000000000000000000000C0
:10E0600000000000000000000000000000000000B0
:10E0700000000000000000000000000000000000A0
:10E080000000000000000000000000000000000090
:10E090000000000000000000000000000000000080
:10E0A0000000000000000000000000000000000070
:10E0B0000000000000000000000000000000000060
:10E0C0000000000000000000000000000000000050
:10E0D0000000000000000000000000000000000040
:10E0E0000000000000000000000000000000000030
:10E0F0000000000010101010000400CF000000FF0E
:10E10000000000FF000000EB0804083400000000DD
:10E1100000000000000000000000000000000000FF
:10E1200000000000000000000000000000000000EF
:10E1300000000000000000000000000000000000DF
:10E1400000000000000000000000000000000000CF
:10E1500000000000000000000000000000000000BF
:10E1600000000000000000000000000000000000AF
:10E17000000000000000000000000000000000009F
:10E18000000000000000000000000000000000008F
:10E19000000000000000000000000000000000007F
:10E1A000000000000000000000000000000000006F
:10E1B0000000000000000000000000000004009AC1
:10E1C000000000FF000000FF000000FF000000FF53
:10E1D000000408B60000000000000000000000007D
:10E1E000000000000000000000000000000000002F
:10E1F000000000000000000000000000000000001F
:10E20000000000000000000000000000000000000E
:10E2100000000000000000000000000000000000FE
:10E2200000000000000000000000000000000000EE
:10E2300000000000000000000000000000000000DE
:10E2400000000000000000000000000000000000CE
:10E2500000000000000000000000000000000008B6
:10E26000080408550004006D080408280000000098
:10E27000000000000000000000000000000000009E
:10E2800008040830000000FB000000FF000000FF51
:10E29000000000FF000000FF000000CB00000000B5
:10E2A000000000000000000000000000000000006E
:10E2B0000000000000001014080408610804006554
:10E2C000080C101400000000000000000000000016
:10E2D000000000000000000000000000000000003E
:10E2E000000000000000000000000000000000002E
:10E2F000000000000000000000000000000000001E
:10E30000000000000000000000000000000000000D
:10E3100000000000000000000000000000000000FD
:10E3200000001808000400CB000000FF000000FF00
:10E33000000400F708080841000000000000000089
:10E340000000000000000000000400BE000000FF0C
:10E35000000000FF000000FF000000FF000000FFC1
:10E36000000000920000000000000000000000001B
:10E37000000000000000000408040875000400EF1D
:10E38000000000FF000000FF000400E70808082468
:10E39000000000000000000000000000000000007D
:10E3A000000000000000000000000000000000006D
:10E3B000000000000000000000000000000000005D
:10E3C000000000000000000000000000000000004D
:10E3D000000000000000000000000000000000003D
:10E3E000000000000000000000000869000000FFBD
:10E3F000000000FF000000FF000000FF000000BE62
:10E4000000000000000000000000000000040851AF
:10E41000000000FF000000FF000000FF000000FF00
:10E42000000000FF000000FF000400750000000075
:10E4300000000000000000000808083C000000D3B5
:10E44000000000FF000000FF000000FF000000FFD0
:10E45000000000FF0004009A00000000000000001F
:10E4600000000000000000000000000000000000AC
:10E47000000000000000000000000000000000009C
:10E48000000000000000000000000000000000008C
:10E49000000000000000000000000000000000007C
:10E4A000000000000000000000000000000000006C
:10E4B00000000092000000FF000000FF000000FFCD
:10E4C000000000FF000000F700000018000000003E
:10E4D0000000000C000000DF000000FF000000FF53
:10E4E000000000FF000000FF000000FF000000FF30
:10E4F000000000E70804084908040830000400A6EA
:10E50000000000FF000000FF000000FF000000FF0F
:10E51000000000FF000000FF000000FF000000B648
:10E5200000000000000000000000000000000000EB
:10E5300000000000000000000000000000000000DB
:10E5400000000000000000000000000000000000CB
:10E5500000000000000000000000000000000000BB
:10E5600000000000000000000000000000000000AB
:10E57000000000000000000000000096000000FF06
:10E58000000000FF000000FF000000FF000000FF8F
:10E59000000400CF00000071080400C3000000FF69
:10E5A000000000FF000000FF000000FF000000FF6F
:10E5B000000000FF000000FF000000FF000000FF5F
:10E5C000000000FF000000FF000000FF000000FF4F
:10E5D000000000FF000000FF000000FF000000FF3F
:10E5E000000000FF0000006D0000000000000000BF
:10E5F000000000000000000000000000000000001B
:10E60000000000000000000000000000000000000A
:10E6100000000000000000000000000000000000FA
:10E6200000000000000000000000000000000000EA
:10E6300000000000000000000000000000000000DA
:10E6400000000096000000FF000000FF000000FF37
:10E65000000000FF000000FF000000FF000000FFBE
:10E66000000000FF000000FF000000FF000000FFAE
:10E67000000000FF000000FF000000FF000000FF9E
:10E68000000000FF000000FF000000FF000000FF8E
:10E69000000000FF000000FF000000FF000000FF7E
:10E6A000000000FF000000FF0804089200000004C2
:10E6B000000000000000000000000000000000005A
:10E6C000000000000000000000000000000000004A
:10E6D000000000000000000000000000000000003A
:10E6E000000000000000000000000000000000002A
:10E6F000000000000000000000000000000000001A
:10E7000000000000000000000000009A000000FF70
:10E71000000000FF000000FF000000FF000000FFFD
:10E72000000000FF000000FF000000FF000000FFED
:10E73000000000FF000000FF000000FF000000FFDD
:10E74000000000FF000000FF000000FF000000FFCD
:10E75000000000FF000000FF000000FF000000FFBD
:10E76000000000FF000000FF000000FF000000EBC1
:10E770000000000400000000000000000000000095
:10E780000000000000000000000000000000000089
:10E790000000000000000000000000000000000079
:10E7A0000000000000000000000000000000000069
:10E7B0000000000000000000000000000000000059
:10E7C0000000000000000000000000000000000049
:10E7D00000000096000000FF000000FF000000FFA6
:10E7E000000000FF000000FF000000FF000000FF2D
:10E7F000000000FF000000FF000000FF000000FF1D
:10E80000000000FF000000FF000000FF000000FF0C
:10E81000000000FF000000FF000000FF000000FFFC
:10E82000000000FF000000FF000000FF000000FFEC
:10E83000000000FF000000EF0000000C00000000DE
:10E8400000000000000000000000000000000000C8
:10E8500000000000000000000000000000000000B8
:10E8600000000000000000000000000000000000A8
:10E870000000000000000000000000000800081C6C
:10E880000804006D0004087108040824000000005A
:10E89000000000000000000000000096000000FFE3
:10E8A000000000FF000000FF000000FF000000FF6C
:10E8B000000000FF000000FF000000FF000000FF5C
:10E8C000000000FF000000FF080808D71010109299
:10E8D00010101092100C10BE000000FF000000FF8E
:10E8E000000000FF000000FF000000FF000000FF2C
:10E8F000000000FF000000FF000000FF000000FF1C
:10E90000000400D7000400820800007508040075A8
:10E91000000000790800007D0004007D08040865FF
:10E9200000000018000000000000000000000000CF
:10E9300000000000000000000000000000000000D7
:10E94000080C0814000408E3000000FF000000FFAA
:10E95000000000F70808084D000000000000000457
:10E96000000400C7000000FF000000FF000000FFDF
:10E97000000000FF000000FF000000FF000000FF9B
:10E98000000000FF000000FF000000FF000000FF8B
:10E99000181418750000000000000000181C18383A
:10E9A000000000FF000000FF000000FF000000FF6B
:10E9B000000000FF000000FF000000FF000000FF5B
:10E9C000000000FF000000FF000000FF000000FF4B
:10E9D000000000FF000000FF000000FF000000FF3B
:10E9E000000000FF000000FF000000EF0804082CFA
:10E9F0000000000000000000000000000000000017
:10EA0000000000000000000008040879000000FF7A
:10EA1000000000FF000000FF000000FF000400F7FE
:10EA2000080400A2000000C3000000FF000000FF77
:10EA3000000000FF000000FF000000FF000000FFDA
:10EA4000000000FF000000FF000000FF000000FFCA
:10EA5000000000FF000000FF1010108E00000000FA
:10EA600000000000201C2051000000FF000000FFFB
:10EA7000000000FF000000FF000000FF000000FF9A
:10EA8000000000FF000000FF000000FF000000FF8A
:10EA9000000000FF000000FF000000FF000000FF7A
:10EAA000000000FF000000FF000000FF000000FF6A
:10EAB000000000FF000400A60000000000000000AD
:10EAC0000000000000000000000000000000000046
:10EAD00000040086000000FF000000FF000000FFAF
:10EAE000000000FF000000FF000000FF000000FF2A
:10EAF000000000FF000000FF000000FF000000FF1A
:10EB0000000000FF100C10D7000400FB000000FF05
:10EB1000000000FF000000FF100C10DB100C109232
:10EB20002020203800000000000000003030301CA1
:10EB300010101086100C10CF000000FF000000FF26
:10EB4000000000FF000000FF100C10D3000400FFC5
:10EB5000000000FF000000FF000000FF000000FFB9
:10EB6000000000FF000000FF000000FF000000FFA9
:10EB7000000000FF000000FF000000FF000408BAD2
:10EB80000000000000000000000000000000000085
:10EB9000000000000000000008040834000000FF2E
:10EBA000000000FF000000FF000000FF000000FF69
:10EBB000000000FF000000FF000000FF000000FF59
:10EBC000000000FF000400FF1818188280808000F9
:10EBD000201C2065000000FF080C08D728242849C5
:10EBE000F8FCF80000000000000000000000000039
:10EBF000000000003030302C302C306D3028306177
:10EC000018181871101010B2000000FF181018A288
:10EC1000F8FCF8002020204D080408F3000000FF55
:10EC2000000000FF000000FF000000FF000000FFE8
:10EC3000000000FF000000FF000000FF000000FFD8
:10EC4000000000FF08040871000000000000000040
:10EC500000000000000000000000000000000000B4
:10EC600000000000000400A2000000FF000000FF00
:10EC7000000000FF000000FF000000FF000000FF98
:10EC8000000000FF000000FF000000FF100C10AEAD
:10EC900000000000000000000000000028282841BB
:10ECA000302C3061303030240000000000000000C3
:10ECB000606060186060684548444810282C305DEA
:10ECC0000000000000000000000000000000000044
:10ECD000282C283C60606008000000000000000054
:10ECE00018141879000000FF000000FF000000FF6A
:10ECF000000000FF000000FF000000FF000000FF18
:10ED0000000000FF000000E70804088A000000047B
:10ED100000000000000000000000000000000000F3
:10ED200000000000000000000000000000000020C3
:10ED3000000000F3000000FF000000FF000000FFE3
:10ED4000000000FF000000FF000000FF000000FFC7
:10ED5000000000FF080408EB282428410000000000
:10ED6000000000000000000000000000302C305DBA
:10ED70003030302400000000F8FCF80030303069FA
:10ED8000403C38202824283C00000000808080047B
:10ED9000383838243830382440444030585C5818CB
:10EDA0000000000038383820080808CF000000FFB5
:10EDB000000000FF000000FF000000FF000000FF57
:10EDC000000000FF000000F70004084900000000F8
:10EDD0000000000000000000000000000000000033
:10EDE0000000000000000000000000000000000023
:10EDF000000000000000000000000082000000FF92
:10EE0000000000FF000000FF000000FF000000FF06
:10EE1000000000FF000000FF000000FF000000FFF6
:10EE2000000400FB3834382C000000000000000013
:10EE300000000000000000003030305D3034302031
:10EE400000000000302C3061404040202828283C41
:10EE500050545004302C286920202038181C2034AD
:10EE6000383838386060601CC0C0C004080808E743
:10EE7000000000FF000000FF000000FF000000FF96
:10EE8000000000FF000000FF000000FF000000C3C2
:10EE90000000000000000000000000000000000072
:10EEA0000000000000000000000000000000000062
:10EEB0000000000000000000000000000000000052
:10EEC0000000000C000000E3000000FF000000FF55
:10EED000000000FF000000FF000000FF000000FF36
:10EEE000000000FF000000FF080C08DF3034383459
:10EEF0000000000000000000000000000000000012
:10EF00000000000030303069000000003030305D1B
:10EF10005050501C2828283C282828554848481478
:10EF200000000000000000000000000000000000E1
:10EF3000000000001814189A000000FF000000FFF5
:10EF4000000000FF000000FF000000FF000000FFC5
:10EF5000000000FF000408EF08080820000000007F
:10EF600000000000000000000000000000000000A1
:10EF70000000000000000000000000000000000091
:10EF80000000000000000000000000000804086508
:10EF9000000000FF000000FF000000FF000000FF75
:10EFA000000000FF000000FF000000FF000000FF65
:10EFB00020242041302C3059302C302C000000000F
:10EFC000000000000000000000000000302C306154
:10EFD0000000000038303859484C4820282828388C
:10EFE0002824285DA8ACA804000000000000000050
:10EFF000000000000000000030343020302C307160
:10F00000080408F7000000FF000000FF000000FFF8
:10F01000000000FF000000FF000000FF000000FFF4
:10F02000000400EB0000006500000000000000008C
:10F0300000000000000000000000000000000000D0
:10F0400000000000000000000000000000000000C0
:10F05000000000000800003C000000FF000000FF6E
:10F06000000000FF000000FF000000FF000000FFA4
:10F07000000000FF080808D7F8FCF80000000000B6
:10F08000302C3059303030280000000000000000E3
:10F0900020202082101010CF101010B2101010CFAE
:10F0A000181418B6101010C3100C10CF1818189E92
:10F0B000000000000000000000000000403C401C78
:10F0C0003034306100000000101010BA000000FF62
:10F0D000000000FF000000FF000000FF000000FF34
:10F0E000000000FF000000FF000000FF000000FF24
:10F0F000080400CB080408340000000000000000F1
:10F1000000000000000000000000000C000408697E
:10F110000804007D0004084108040834080400C302
:10F12000000000FF000000FF000000FF000000FFE3
:10F13000000000FF000000FF000000FF1010108E14
:10F1400000000000000000000000000038343849D2
:10F150003838385138343855101010D3080408FFA7
:10F16000080808EB20202051201C208A1014188E3B
:10F17000101010C3080C08EF38303859383C385597
:10F18000403C405138383849000000003830385988
:10F1900020202079000000FF000000FF000000FF99
:10F1A000000000FF000000FF000000FF000000FF63
:10F1B000000000FF000000FF000000FF000400FB53
:10F1C000000408A20808081C000000000000000459
:10F1D000000400CF000000FF000000FF000000FF5F
:10F1E000000000FF000000FF000000FF000000FF23
:10F1F000000000FF000000FF080808D31010108274
:10F20000101010A228242834000000005854580878
:10F21000585C581C000000000000000000000000C6
:10F22000101010BA080408FF101010A2000000000F
:10F230002824288E00000000101010A2080C10E3F3
:10F2400000000000000000000000000000000000BE
:10F250003834385538303824585458101010109E0F
:10F2600010101082100C10B2000000FF000000FF10
:10F27000000000FF000000FF000000FF000000FF92
:10F28000000000FF000000FF000000FF000000EF92
:10F29000080808240004084D000000FF000000FFDB
:10F2A000000000FF000000FF000000FF000000FF62
:10F2B000000000FF000000FF000000FF000000FF52
:10F2C0001014107900000000000000000000000091
:10F2D000000000005050501C4840484D303030591C
:10F2E00038383851403C4051101010CF000400FF16
:10F2F0002020205D000000004040405180808000C0
:10F30000100C08E3080C08EB403C405148444849C5
:10F310004844484540404049383C382000000000FF
:10F320000000000000000000000000002824284128
:10F33000000000FF000000FF000000FF000000FFD1
:10F34000000000FF000000FF000000FF000000FFC1
:10F35000000000FF000000FF0000008E00000065BC
:10F36000000000FF000000FF000000FF000000FFA1
:10F37000000000FF000000FF000000FF000000FF91
:10F38000000000FF000000FF1010107500000000DA
:10F390000000000000000000585058243030303C7D
:10F3A0002020203428282830282C2830302C3030B9
:10F3B000101010C7080408FB4040401C403440189F
:10F3C000686868283834382C080408FF080C10E7EF
:10F3D000383838283834382C3030302C3030382C0D
:10F3E000302C382C48484834605460140000000029
:10F3F000000000002824283C000000FF000000FF5F
:10F40000000000FF000000FF000000FF000000FF00
:10F41000000000FF000000FF000000FF000000FFF0
:10F420000000009200000020000000F7000000FF34
:10F43000000000FF000000FF000000FF000000FFD0
:10F44000000000FF000000FF000000FF000000FFC0
:10F45000101010B220202041201C185530303018D8
:10F4600058585820403C4038302C303038383828F4
:10F470003838382838383828101010C7101010D7EE
:10F4800000000000201C208A989898041818187111
:10F49000080408FF080C08EB3834382838383828B6
:10F4A0003838382C383438283834382C50484834D8
:10F4B0006064601820202055201C203C1010108E05
:10F4C000000000FF000000FF000000FF000000FF40
:10F4D000000000FF000000FF000000FF000000FF30
:10F4E000000000FF000400FF0804084100000000C5
:10F4F00008040041000400DF000000FF000000FFDE
:10F50000000000FF000000FF000000FF000000FFFF
:10F51000000000FF000000FF000000FF000000FFEF
:10F52000000000FF18141079000000000000000027
:10F530000000000038343830302C305D3030305925
:10F54000101010D3101010BA28242849202020961B
:10F5500058545010101010BE000408FF080C08EF9B
:10F560003034305530303055302C3059302C285D07
:10F57000302C283C000000002824283C000000FF1C
:10F58000000000FF000000FF000000FF000000FF7F
:10F59000000000FF000000FF000000FB00000096DC
:10F5A0000000007D080408AA080408B608080851ED
:10F5B0000000000000000000000000000000000843
:10F5C00008040879000000EF000000FF000000FFC1
:10F5D000000000FF000000FF000000FF000000FF2F
:10F5E000000000FF000000FF000000FF080C10BA40
:10F5F000000000000000000030303038303030496A
:10F600000000000000000000181818B2080808F7F1
:10F61000100C08F7101010DB101010E7080C08F39E
:10F62000080808F7181418D70000000000000000B0
:10F6300000000000000000003030303C3030304529
:10F640001014187D000000FF000000FF000000FF04
:10F65000000000FF000000FF000000FF000000FFAE
:10F660000000008200000000000000000000000018
:10F67000000000000000000000000000000000008A
:10F680000000000000000000000000000000001862
:10F6900000000096000000FB000000FF000000FFDB
:10F6A000000000FF000000FF000000FF000000FF5E
:10F6B000000000FF000408FB3834382030303038B8
:10F6C000302C304900000000000000000000000065
:10F6D0000000000030343861000000003834385D2C
:10F6E0005050501C302830382828285DF8FCF8008D
:10F6F000000000000000000000000000000000000A
:10F70000000000003838383C080808EB000000FF13
:10F71000000000FF000000FF000000FF000000FFED
:10F72000000000FF000000FF00040079000000005E
:10F7300000000000000000000000000000000000C9
:10F7400000000000000000000000000000000000B9
:10F750000000000000000000000000000804083065
:10F76000000400E7000000FF000000FF000000FFB1
:10F77000000000FF000000FF000000FF000000FF8D
:10F78000101010BA303030490000000000000000B6
:10F790000000000000000000000000003030306178
:10F7A000000000003030385D4844501C2824283CBC
:10F7B0002828285DF8FCF800000000000000000088
:10F7C000000000000000000000000000181C186588
:10F7D000000000FF000000FF000000FF000000FF2D
:10F7E000000000FF000000FF000000FF000000FF1D
:10F7F000000000E70000000C000000000000000016
:10F8000000000000000000000000000000000000F8
:10F8100000000000000000000000000000000000E8
:10F8200000000000000000000000008A000000FF4F
:10F83000000000FF000000FF000000FF000000FFCC
:10F84000000000FF000000FF000400FF3838382CE3
:10F8500000000000000000000000000000000000A8
:10F8600000000000302C306100000000302C305DC2
:10F87000404040202824283C302830453838382C57
:10F880000000000000000000000000000000000078
:10F89000F8FCF804080808EB000000FF000000FF77
:10F8A000000000FF000000FF000000FF000000FF5C
:10F8B000000000FF000000FF000000FF00040086C1
:10F8C0000000000000000000000000000000000038
:10F8D0000000000000000000000000000000000028
:10F8E0000000000000000000000000000000000414
:10F8F000000400BA000000FF000000FF000000FF4D
:10F90000000000FF000000FF000000FF000000FBFF
:10F910001818188658545804000000000000000011
:10F92000000000000000000000000000302C2861F2
:10F93000000000003030306D808080042828286D61
:10F94000504C500C303430513034302C000000001A
:10F9500000000000000000000000000020202055F2
:10F96000080808EF000000FF000000FF000000FF93
:10F97000000000FF000000FF000000FF000000FF8B
:10F98000000000FF000400F7080808240000000041
:10F990000000000000000000000000000000000067
:10F9A0000000000000000000000000000808081C23
:10F9B00000000082080408D3000000FF000000FFE0
:10F9C000000000FF000000FF000000FF000000FF3B
:10F9D000000000FF101010AA00000000000000004E
:10F9E00000000000A8ACA804000000000000000017
:10F9F0005854580430303069000000003034301C56
:10FA0000302C306168686804282C286D48484810FC
:10FA10003834384D38343828F8FCF800000000003D
:10FA2000000000000000000018181875000000FF1A
:10FA3000000000FF000000FF000000FF000000FFCA
:10FA4000000000FF000000FF000000FF000000FFBA
:10FA5000080408AE000000000000000000000000E4
:10FA60000000000000000000000000000000000096
:10FA7000100C1014000400EB000000FF000000FF59
:10FA8000000000FF000000FF000000FF000000FF7A
:10FA9000000000FF000000FF000000FF080408F362
:10FAA0002024203C000000002828282C080C08E70F
:10FAB0001814187D6064600C303030654040401090
:10FAC00000000000000000003834381C3030306185
:10FAD0006864680430303065585C581020202096E7
:10FAE000080C08E32020205500000000403C401492
:10FAF000080808D3000000FF000000FF000000FF1E
:10FB0000000000FF000000FF000000FF000000FFF9
:10FB1000000000FF000000FF000000FF000400459F
:10FB200000000000000000000000000000000000D5
:10FB3000000000000000000008040865000000FF4D
:10FB4000000000FF000000FF000000FF000000FFB9
:10FB5000000000FF000000FF000000FF000000FFA9
:10FB6000000000FF000000FF080408F318181879CF
:10FB7000080808DB000000FF000000FF080808F389
:10FB80001814189A2824283C6060600800000000BF
:10FB900000000000383838202824287D18181879EB
:10FBA000080C08EF000000FF000000FF080408F345
:10FBB00018181871080808D7000000FF000000FF9F
:10FBC000000000FF000000FF000000FF000000FF39
:10FBD000000000FF000000FF000000FF000000FF29
:10FBE000000000FF000408AE00000000000000005C
:10FBF0000000000000000000000000000000000005
:10FC000000000071000000FF000000FF000000FF86
:10FC1000000000FF000000FF000000FF000000FFE8
:10FC2000000000FF000000FF000000FF000000FFD8
:10FC3000000000FF000000FF000000FF000000FFC8
:10FC4000000000FF000000FF000000FF000000FFB8
:10FC50001010108200000000000000002020204949
:10FC6000000400FF000000FF000000FF000000FF94
:10FC7000000000FF000000FF000000FF000000FF88
:10FC8000000000FF000000FF000000FF000000FF78
:10FC9000000000FB000000EB000000FF000000FF80
:10FCA000000000FF000000FF000000FF000008B699
:10FCB0000000000000000000000000000000000044
:10FCC00000000000000000000804082C000400F7F9
:10FCD000000000FF000000FF000000FF000000FF28
:10FCE000000000FF000000FF000000FF000000FF18
:10FCF000000000FF000000FF000000FF000000FF08
:10FD0000000000FF000000FF000000FF000000FFF7
:10FD1000000000FF000000FF101410710000000040
:10FD20000000000020202038000000FF000000FF3D
:10FD3000000000FF000000FF000000FF000000FFC7
:10FD4000000000FF000000FF000000FF000000FFB7
:10FD5000000000FF000000FB08040838000000005D
:10FD600000040069000000FF000000FF000000FF29
:10FD7000000400FF0800085500000000000000001B
:10FD80000000000000000000000000000000000073
:10FD9000000000000004083C000400B6000000CB96
:10FDA000000000CB000000CB000000C3000000C337
:10FDB000000000CB000400F7000000FF000000FF7F
:10FDC000000000FF000000FF000000FF000000FF37
:10FDD000000000FF000000FF000000FF000000FF27
:10FDE000101010A220242041282428411818187926
:10FDF000000000FF000000FF000000FF000000FF07
:10FE0000000000FF000000FF000000FF000000FFF6
:10FE1000000000FF000000FF000000FF000000CF16
:10FE2000000000000000000000000000000400517D
:10FE3000000400B2000000BA0804085D00000000E1
:10FE400000000000000000000000000000000000B2
:10FE500000000000000000000000000000000000A2
:10FE60000000000000000000000000000000000092
:10FE70000000000000000000000000000000001C66
:10FE8000000000E3000000FF000000FF000000FF92
:10FE9000000000FF000000FF000000FF000000FF66
:10FEA000000000FF000000FF000000FF000000FF56
:10FEB000000000FF000000FF000000FF000000FF46
:10FEC000000000FF000000FF000000FF000000FF36
:10FED000000000FF000000FF000000FF000000FF26
:10FEE000000000FF000000CB000000000000000048
:10FEF0000000000000000000000000000000000002
:10FF000000000000000000000000000000000000F1
:10FF100000000000000000000000000000000000E1
:10FF200000000000000000000000000000000000D1
:10FF300000000000000000000000000000000000C1
:10FF40000000000000000000080000AA000000FF00
:10FF5000000000FF000000FF000000FF000000FFA5
:10FF6000000000FF000000FF000000FF000000FF95
:10FF7000000000FF000000FF000000FF000000FF85
:10FF8000000000FF000000FF000000FF000000FF75
:10FF9000000000FF000000FF000000FF000000FF65
:10FFA000000000FF000000FF000000FF000000CB89
:10FFB0000000000000000000000000000000000041
:10FFC0000000000000000000000000000000000031
:10FFD0000000000000000000000000000000000021
:10FFE0000000000000000000000000000000000011
:10FFF0000000000000000000000000000000000001
:020000040803EF
:1000000000000000000000000000000008080824B4
:10001000000000EF000000FF000000FF000000FFF4
:10002000000000FF000000FF000000FF000000FFD4
:10003000000000FF000000FF000000FF000000FFC4
:10004000000000FF000000FF000000FF000000FFB4
:10005000000000FF000000FF000000FF000000FFA4
:10006000000000FF000000FF000000FF000000FF94
:10007000000000FF000000CB0000000000000000B6
:100080000000000000000000000000000000000070
:100090000000000000000000000000000000000060
:1000A0000000000000000000000000000000000050
:1000B0000000000000000000000000000000000040
:1000C0000000000000000000000000000000000030
:1000D00000000018000400EB000000FF000000FF1B
:1000E000000000FF000000FF000000FF000000FF14
:1000F000000000FF000000FF000000FF000000FF04
:10010000000000FF000000FF000000FF000000FFF3
:10011000000000FF000000FF000000FF000000FBE7
:10012000000000D3000400F3000000FF000000FF07
:10013000000000FF000000FF000000FF000000CBF7
:1001400000000000000000000000000000000000AF
:10015000000000000000000000000000000000009F
:10016000000000000000000000000000000000008F
:10017000000000000000000000000000000000007F
:10018000000000000000000000000000000000006F
:10019000000000000000000008040875000000FFD7
:1001A000000000FF000000FF000000FF000000FF53
:1001B000000000FF000000FF000000F70004009EA8
:1001C00000000092000000F3000000FF000000FFAC
:1001D000000000FF000000FF000000FF000000FF23
:1001E000000000FF0804086D000000000000001C73
:1001F000000000EF000000FF000000FF000000FF13
:10020000000000FF000000CB000000000000000024
:1002100000000000000000000000000000000000DE
:1002200000000000000000000000000000000000CE
:1002300000000000000000000000000000000000BE
:1002400000000000000000000000000000000000AE
:10025000000000000000000000000000000000009E
:100260000804087D000000FF000000FF000000FF00
:10027000000000FF000000FF000000FF000400BAC3
:1002800008040828000000000000000000040855D1
:10029000000000FF000000FF000000FF000000FF62
:1002A000000000FF000000FF000000C3000000008D
:1002B0000000000000000000000000A2000000FF9D
:1002C000000000FF000000FF000000FF000400B677
:1002D000000000000000000000000000000000001E
:1002E000000000000000000000000000000000000E
:1002F00000000000000000000000000000000000FE
:1003000000000000000000000000000000000000ED
:1003100000000000000000000000000000000000DD
:10032000000000000000000008080824000000F79A
:10033000000000FF000000FF000000FF000400DBE1
:100340000808085500000000000000000000000040
:100350000000000008080845000000FF000000FF42
:10036000000000FF000000FF000000FF000000FB95
:100370000804082C0000000000000000000000003D
:1003800000040845000400FB000000FF000000FF1F
:10039000000400FF0804084D0000000000000000F9
:1003A000000000000000000000000000000000004D
:1003B000000000000000000000000000000000003D
:1003C000000000000000000000000000000000002D
:1003D000000000000000000000000000000000001D
:1003E000000000000000000000000000000000000D
:1003F0000000000000040041000000AE080408BA3C
:100400000804086D00000008000000000000000063
:100410000000000000000000000000000000008A52
:10042000000000FF000000FF000000FF000000FFD0
:10043000000000FF0004089600000000000000001B
:10044000000000000000000000000000080408494F
:10045000080408AE080408B20804084D00000000B3
:10046000000000000000000000000000000000008C
:10047000000000000000000000000000000000007C
:10048000000000000000000000000000000000006C
:10049000000000000000000000000000000000005C
:1004A000000000000000000000000000000000004C
:1004B000000000000000000000000000000000003C
:1004C000000000000000000000000000000000002C
:1004D000000000000000000000000000000000001C
:1004E000000000000000088E000000FF000000FF78
:1004F000000000FF000000FF080400EF080C1014CB
:1005000000000000000000000000000000000000EB
:1005100000000000000000000000000000000000DB
:1005200000000000000000000000000000000000CB
:1005300000000000000000000000000000000000BB
:1005400000000000000000000000000000000000AB
:10055000000000000000000000000000000000009B
:10056000000000000000000000000000000000008B
:10057000000000000000000000000000000000007B
:10058000000000000000000000000000000000006B
:10059000000000000000000000000000000000005B
:1005A0000000000000000000000000000804083CFB
:1005B000000400FB000000FF000000FF000000FF3F
:1005C00008040865000000000000000000000000B2
:1005D000000000000000000000000000000000001B
:1005E000000000000000000000000000000000000B
:1005F00000000000000000000000000000000000FB
:1006000000000000000000000000000000000000EA
:1006100000000000000000000000000000000000DA
:1006200000000000000000000000000000000000CA
:1006300000000000000000000000000000000000BA
:1006400000000000000000000000000000000000AA
:10065000000000000000000000000000000000009A
:10066000000000000000000000000000000000008A
:10067000000000000000000008040838000000A28C
:10068000080408A608080851000000000000000047
:10069000000000000000000000000000000000005A
:1006A000000000000000000000000000000000004A
:1006B000000000000000000000000000000000003A
:1006C000000000000000000000000000000000002A
:1006D000000000000000000000000000000000001A
:1006E00000000000D2CE0321500C00300C00C105E8
:1006F000004D00000C00000200000F0093ECDE290A
:1007000000F7ADDAEF02330000F90A000000F30C45
:10071000000000F50A000010FD030000D56F000086
:10072000B0CF030000E00C000000E00C000000402F
:10073000030000000000000000F00E000000F00EBA
:100740000000000000105377570200000083FCFFF8
:10075000FFFFDF170000FDFFFFFFFFFFDF0200FDCF
:10076000FFFFEFFFFFFF2E00FD9E150041FAFFBFC8
:10077000006B0000000060FFFF02000000000000AE
:10078000FBFF07000000000000F7FF08000000006A
:100790000000F6FF09000000000000F7FF0700005E
:1007A00000000000FBFF04000000000030FFEF002D
:1007B0000000000000C1FF7F000000000010FCFFEF
:1007C0000C0000000000D3FFDF020000000081FFEA
:1007D000FF2C0000000060FEFF9F0000000000D022
:1007E000FFDF040000000000D0FF0B00000000004D
:1007F00000D0FF09000000000000D0FF0900000049
:10080000000000D0FF09000000000000D0FF090038
:1008100000000000000000000000000000000000D8
:1008200000000000000000000000000000000000C8
:10083000404403000000000000F1FF0E0000000033
:100840000000F1FF0E000000000000F1FF0E0000AC
:1008500000000000F1FF0E0000000000FFFF01FE9D
:10086000FF00FEEF00FDEF00FCDF00FCCF00FBCF40
:1008700000FABF00FAAF00F9AF001111008788003D
:10088000FEFF00FEFF000000FCEF020080FF3E00C4
:1008900000F3FF040000FBAF000030FF3F000080CA
:1008A000FF0C0000C0FF070000E0FF040000F0FFA5
:1008B000020000F1FF020000F0FF020000E0FF0470
:1008C0000000C0FF07000080FF0C000030FF3F0069
:1008D0000000FBBF000000F3FF05000080FF3E00AA
:1008E0000000FCEF02E3FF0A0040FF6F0000F7FF8B
:1008F0000200C0FF090050FF1F0000FE6F0000F95A
:10090000AF0000F6CF0000F4DF0000F4EF0000F4C9
:10091000DF0000F6CF0000F9AF0000FE6F0050FFCF
:100920001F00C0FF0900F7FF0240FF6F00E3FF0A4E
:10093000000000FE0100007200FE014400FB2CFEDE
:10094000A2DF01B2FFFFFE4C0000D4FF6E000010DA
:10095000F9FFBF0200E7CFFEFA9F01F807FE51BE84
:10096000002000FE0121000000BA0100000000602C
:10097000990000000000A0FF0000000000A0FF00A0
:1009800000000000A0FF0000000000A0FF00000029
:100990008788D8FF888828FDFFFFFFFFFF3FFDFF06
:1009A000FFFFFFFF3F0000A0FF0000000000A0FFCE
:1009B0000000000000A0FF0000000000A0FF0000F9
:1009C000000000A0FF000000BABBBB6BFEFFFF8F62
:1009D000FEFFFF8F0092EDDF3A000040FEFFFFFFB9
:1009E0000700E1FFBFFBFF3F00F6FF0850FF9F003D
:1009F000FAFF0200FDDF00FCEF0000FBFF01FDDF5E
:100A00000000FAFF01FDDF0000FAFF01FCEF00002B
:100A1000FBFF01FAFF0200FEDF00F6FF0850FFAF08
:100A200000E1FFBFFAFF3F0040FEFFFFFF070000AD
:100A300092EDDF4A00000020FF5F000052D8FF5F08
:100A40000000F6FFFF5F0000F6FFFF5F00000050B0
:100A5000FF5F00000050FF5F00000050FF5F0000DC
:100A60000050FF5F00000050FF5F00000050FF5F7C
:100A700000000050FF5F000073A7FFAF7702F6FF92
:100A8000FFFFFF05F6FFFFFFFF0530B8FEDF4A005E
:100A900000C0FFFFFFFF0800C0FFCCFEFF3F00B01B
:100AA0001700B1FF7F0000000050FF7F0000000032
:100AB00070FF5F00000000E1FF0D00000010FCFF70
:100AC00003000000C2FF4F00000040FEDF030000F3
:100AD00000F8FF1B000000C1FFFFBBBBBB02F3FF20
:100AE000FFFFFFFF03F3FFFFFFFFFF0350C9FEDF20
:100AF0006A00F3FFFFFFFF0CF3FFCDFDFF5F8203F2
:100B00000060FF6F00000092FF1E0040FFFFCF0358
:100B10000040FFFF9E02002088EAFF3E0000002008
:100B2000FFBF00000000FFCFA9040081FFAFF9EF75
:100B3000CCFEFF4FF9FFFFFFFF0772DBFEDE39003F
:100B4000000000C0FF7F00000000FAFF7F000000EF
:100B500080FFFF7F000000F6AFFF7F000040FF2A0C
:100B6000FF7F0000E2BF20FF7F0010FD1D20FF7F00
:100B700000C0EF0220FF7F00F3FFFFFFFFFF6FF3D6
:100B8000FFFFFFFFFF6F929999A9FFCF4900000077
:100B900020FF7F0000000020FF7F0000000020FFFA
:100BA0007F00D0FFFFFFFF7FD0FFFFFFFF7FD0FF61
:100BB000BEBBBB5BD0FF0A000000D0FF8D780400F5
:100BC000D0FFFFFFEF05D0FFFFFFFF4F502410B411
:100BD000FFAF00000010FFDF00000000FEDFC605D1
:100BE0000080FF9FF6EFDCFEFF3FF6FFFFFFEF0503
:100BF00071DBFECE28000000A5EDEF0C0000D3FF56
:100C0000FFFF0F0020FEFFADB90D00B0FF6F000029
:100C10000000F3FF0821010000F7FFD9FFCF050016
:100C2000F9FFFFFFFF6F00FAFF2582FFEF00F9FFDA
:100C30000100FBFF02F8FF0300F9FF02F4FF0800C8
:100C4000FDEF00C0FF9FC7FF8F0020FDFFFFFF0AE1
:100C5000000071ECEF5B0000F7FFFFFFFFEFF7FF15
:100C6000FFFFFFEFB5BBBBBBFFEF00000070FF8FC6
:100C7000000000E2FF1D000000FAFF05000040FF39
:100C8000BF000000D1FF3F000000F8FF0900002076
:100C9000FFEF010000B0FF6F000000F5FF0C000047
:100CA00010FDFF03000080FFAF00000000A4FDEF77
:100CB0007B010090FFFFFFFF2D00F6FF7DC7FFAF18
:100CC00000F9FF0300FDCF00F7FF1800FE9F00E1D1
:100CD000FFEF99FF1A0020FBFFFFAF010060FDED61
:100CE000FFFF3E00F7EF02A4FFDF00FEBF0000F9A8
:100CF000FF03FFEF0100FAFF03FAFF8DB7FFDF00EC
:100D0000D2FFFFFFFF2D0000B6FDEF6B0100009347
:100D1000FDDE290070FFFFFFEF04F5FF7DE8FF1EF9
:100D2000FCFF0250FF7FFEDF0000FEBFFEEF000071
:100D3000FDDFFAFF3A42FEDFF3FFFFFFFFCF30FB9C
:100D4000FF9EFFAF00102250FF6F000000E4FF0E77
:100D5000C09BCAFFFF04C0FFFFFF4E00A0FEDE6A7B
:100D60000100FCDFFCDFFCDFB99B0000000000009D
:100D7000B99BFCDFFCDFFCDF82DBEF9C0200F8FFAD
:100D8000FFFF5F00F8BEEBFFEF01550000FCFF0323
:100D9000000000F9FF02000020FECF000000D6FF97
:100DA0002E0000E3FF9F010000F4FF04000000F4A8
:100DB000FF0300000041440100000084880400009B
:100DC00000F7FF07000000F7FF070000000090FF9A
:100DD000FF0200000000E0FFFF0700000000F5FF39
:100DE000FF0D00000000FBEFFF4F00000020FF5F41
:100DF000FEAF00000080FF1EF8FF010000D0FF09D9
:100E0000F3FF060000F4FF04C0FF0C0000FAFF9996
:100E1000C9FF3F0010FFFFFFFFFF9F0060FFFFFFC4
:100E2000FFFFEF00C0FF0D0000F6FF05F3FF080015
:100E300000F1FF0BF9FF030000B0FF2FF2FFFFFFEF
:100E4000CE0700F2FFFFFFFFBF00F2FF9DB9FFFFDB
:100E500003F2FF0900FAFF04F2FF0900F9EF01F2C3
:100E6000FF7C97FF5F00F2FFFFFFFF3A00F2FFFFFA
:100E7000FFFFFF06F2FF0900E4FF1EF2FF0900A0DA
:100E8000FF4FF2FF0900D0FF3FF2FF9DA9FEFF0DCB
:100E9000F2FFFFFFFFEF03F2FFFFFFCE170000207E
:100EA000C8FECE490000F7FFFFFFFF0870FFFFCE2E
:100EB000ECFF09F2FF7F0110E609F9FF08000010BE
:100EC00004FDFF0200000000FEEF0000000000FE35
:100ED000EF0000000000FDFF0200000000F9FF0825
:100EE00000001004F3FF7F0100D60980FFFFCEEC65
:100EF000FF0900F8FFFFFFFF080020C8FECE4800F2
:100F0000F2FFFFEF9C040000F2FFFFFFFFCF0200A3
:100F1000F2FFADCAFFFF1D00F2FF0900C2FFAF00E4
:100F2000F2FF090010FDFF02F2FF090000F8FF06C2
:100F3000F2FF090000F5FF08F2FF090000F5FF08C5
:100F4000F2FF090000F7FF06F2FF090010FDFF02A3
:100F5000F2FF0900B2FF9F00F2FFADCAFFFF1D00C4
:100F6000F2FFFFFFFFBF0100F2FFFFEF9C04000054
:100F7000F2FFFFFFFF6FF2FFFFFFFF6FF2FFBDBB4E
:100F8000BB4BF2FF09000000F2FF09000000F2FF76
:100F9000FFFFFF0DF2FFFFFFFF0DF2FFBDBBBB0A1E
:100FA000F2FF09000000F2FF09000000F2FF090053
:100FB0000000F2FFBDBBBB4BF2FFFFFFFF6FF2FF74
:100FC000FFFFFF6FF2FFFFFFFF4FF2FFFFFFFF4F3B
:100FD000F2FFBDBBBB3BF2FF09000000F2FF0900BE
:100FE0000000F2FFBDBBBB09F2FFFFFFFF0CF2FFE9
:100FF000FFFFFF0CF2FF09000000F2FF09000000F4
:10100000F2FF09000000F2FF09000000F2FF0900F2
:101010000000F2FF090000000010B7EDEF8C0300A4
:10102000E5FFFFFFFF9F60FFFFBEBAFEAFF2FF8F3D
:10103000010050ACF9FF0900000020FDFF02000094
:101040000000FEEF00F0FFFFBFFEEF00F0FFFFBF6C
:10105000FDFF02A0AAFFBFF9FF090010FFBFF3FFC9
:101060008F0110FFBF70FFFFBEAAFFBF00F6FFFF9A
:10107000FFFFBF0010B7FEEF8B04F2FF090000FD79
:10108000DFF2FF090000FDDFF2FF090000FDDFF2E3
:10109000FF090000FDDFF2FF090000FDDFF2FFFFA6
:1010A000FFFFFFDFF2FFFFFFFFFFDFF2FFBDBBBB74
:1010B000FEDFF2FF090000FDDFF2FF090000FDDFA7
:1010C000F2FF090000FDDFF2FF090000FDDFF2FF83
:1010D000090000FDDFF2FF090000FDDFFCFFFFFF5C
:1010E0000BFCFFFFFF0B86FBFF8A0600F6FF0500E7
:1010F00000F6FF050000F6FF050000F6FF05000002
:10110000F6FF050000F6FF050000F6FF050000F6FB
:10111000FF050086FBFF8A05FCFFFFFF0BFCFFFFBE
:10112000FF0B00FAFFFF7F00FAFFFF7F0096B9FF79
:101130007F000050FF7F000050FF7F000050FF7FC6
:10114000000050FF7F000050FF7F000050FF7F0035
:101150000060FF7F0100B0FF5FD9BBFDFF1EF9FFFC
:10116000FFFF05D7FEDF3900F2FF090090FFAF0057
:10117000F2FF0900F6FF1C00F2FF0940FFDF01004B
:10118000F2FF09E2FF2E0000F2FF19FCFF0400004D
:10119000F2FFA9FF5F000000F2FFFEFF0A0000005F
:1011A000F2FFFFFF4F000000F2FFBFFFEF02000061
:1011B000F2FF0AFAFF1C0000F2FF09D1FFAF0000A6
:1011C000F2FF0920FEFF0700F2FF0900F5FF4F00C4
:1011D000F2FF090080FFEF02F2FF09000000F2FFBA
:1011E00009000000F2FF09000000F2FF0900000002
:1011F000F2FF09000000F2FF09000000F2FF090001
:101200000000F2FF09000000F2FF09000000F2FFF9
:1012100009000000F2FF09000000F2FFBDBBBB4B5C
:10122000F2FFFFFFFF5FF2FFFFFFFF5FF2FF7F00B4
:101230000070FFFF01F2FFDF0000E1FFFF01F2FF9E
:10124000FF0600F6FFFF01F2FFFF0D00FDFFFF01AB
:10125000F2FFFF5F50FFFFFF01F2FFF9CFC0EFFA8F
:10126000FF01F2FFC6FFF88FF9FF01F2FF56FFFF03
:101270002FF9FF01F2FF06FDFF0AF9FF01F2FF0659
:10128000F7FF03F9FF01F2FF06A19B00F9FF01F24E
:10129000FF06000000F9FF01F2FF06000000F9FF61
:1012A00001F2FF06000000F9FF01F2FFAF0000F5B8
:1012B000FF01F2FFFF0500F5FF01F2FFFF1E00F541
:1012C000FF01F2FFFFAF00F5FF01F2FFFDFF05F5A3
:1012D000FF01F2FFE6FF1EF5FF01F2FF54FFAFF53D
:1012E000FF01F2FF04FBFFFAFF01F2FF04E2FFFF40
:1012F000FF01F2FF0460FFFFFF01F2FF0400FCFFAB
:10130000FF01F2FF0400F2FFFF01F2FF040070FF93
:10131000FF01F2FF040000FCFF010020C8FECE2800
:10132000000000F7FFFFFFFF070080FFFFBDFDFF8C
:101330008F00F3FF4E0040FEFF03F9FF070000F7A8
:10134000FF09FDFF010000F1FF0DFEEF000000E0CE
:10135000FF0EFEEF000000E0FF0EFDFF010000F1B8
:10136000FF0DF9FF070000F7FF09F3FF4E0040FEF5
:10137000FF0380FFFFBDFDFF8F0000F8FFFFFFFFB1
:1013800007000020C8FECE280000F2FFFFFFAE04D9
:1013900000F2FFFFFFFFAF00F2FFADDAFFFF06F242
:1013A000FF0900F7FF0BF2FF0900F1FF0DF2FF0943
:1013B00000F3FF0BF2FF0941FCFF07F2FFFFFFFF05
:1013C000DF01F2FFFFFFFF1B00F2FFAD9A480000B4
:1013D000F2FF0900000000F2FF0900000000F2FF28
:1013E0000900000000F2FF09000000000020C8FE14
:1013F000CE28000000F7FFFFFFFF070080FFFFBDC2
:10140000FDFF8F00F3FF4E0040FEFF03F9FF0700D2
:1014100000F7FF09FDFF010000F1FF0DFEEF0000E6
:1014200000E0FF0EFFEF000000E0FF0FFDFF0100F6
:1014300000F1FF0DFAFF060000F6FF09F4FF3E0081
:1014400030FEFF03A0FFFF9BFBFF9F0010FAFFFF92
:10145000FFFF09000040DAFFFF3B0000000000F042
:10146000FF090000000000B0FFAF97090000003046
:10147000FFFFFF0B00000000A3FEDF08F2FFFFFFED
:10148000CE180000F2FFFFFFFFDF0100F2FFADBA50
:10149000FEFF0900F2FF0900F4FF0D00F2FF090052
:1014A000F1FF0C00F2FF0900F5FF0900F2FF8CB913
:1014B000FFEF0200F2FFFFFFFF3C0000F2FFFFFF23
:1014C000FF050000F2FF09F4FF3E0000F2FF097083
:1014D000FFDF0100F2FF0900FAFF0B00F2FF090035
:1014E000D1FF9F00F2FF090020FEFF070082ECEF12
:1014F000BD370060FFFFFFFFEF00F5FFBFA9FCEF66
:1015000000FBFF030020D800FCFF0500001000F9DD
:10151000FFEF7A040000E2FFFFFFEF080020E9FF81
:10152000FFFFCF00001074EAFFFF0504000000FA7F
:10153000FF07BE040000F8FF05FEEFABCAFFDF01A6
:10154000FEFFFFFFFF2C0051DAFEDE5A0000F9FF1C
:10155000FFFFFFFF4FF9FFFFFFFFFF4FB7BBFBFF91
:10156000BEBB3B0000F1FF0A00000000F1FF0A00D3
:10157000000000F1FF0A00000000F1FF0A00000077
:1015800000F1FF0A00000000F1FF0A00000000F176
:10159000FF0A00000000F1FF0A00000000F1FF0A4E
:1015A00000000000F1FF0A00000000F1FF0A000047
:1015B000F5FF060030FF9FF5FF060030FF9FF5FFA7
:1015C000060030FF9FF5FF060030FF9FF5FF060085
:1015D00030FF9FF5FF060030FF9FF5FF060030FF4C
:1015E0009FF5FF060030FF9FF5FF070030FF9FF4D7
:1015F000FF080050FF8FF1FF2E00C1FF5FA0FFFF2B
:10160000BCFEFF0D10FBFFFFFFDF020050DAFFBE44
:101610001700F9FF050000E0FF0DF3FF0B0000F5D8
:10162000FF07C0FF1F0000FAFF0270FF6F0010FFEE
:10163000BF0010FFCF0060FF5F0000FAFF02C0FF95
:101640000E0000F5FF07F2FF090000E0FF0DF7FFB5
:1016500003000080FF3FFDCF00000030FFBFFF7F91
:1016600000000000FCFFFF1F00000000F6FFFF0A63
:1016700000000000F1FFFF0500000000A0FFEF00E8
:101680000000F3FF0A00A0FF5F0010FFCFE0FF0E95
:1016900000E0FF9F0040FF8FA0FF2F00F3FFDF005F
:1016A00080FF3F60FF6F00F8FFFF02B0FF0E20FFDA
:1016B0009F00FCFFFF06E0FF0A00FCDF10FFAFFF0A
:1016C0000AF3FF0600F8FF51FF4CFF0EF7FF020080
:1016D000F4FF94FF18FF3FFBCF0000E0FFD8FF04AA
:1016E000FB7FFE8F0000B0FFFDEF00F6DFFF4F0035
:1016F0000060FFFFAF00F2FFFF0E000020FFFF6F52
:1017000000D0FFFF0B000000FDFF2F0090FFFF0641
:10171000000000F9FF0D0040FFFF0200F4FF1E0073
:1017200000F8FF0990FFBF0040FFCF0000FCFF065C
:10173000D1FF2E0000E2FF2EFAFF05000060FFEF50
:10174000FF9F00000000FAFFFF1C00000000D1FF17
:10175000FF0200000000E1FFFF0600000000FBFFA9
:10176000FF2E00000070FFBFFFCF000000F3FF0C52
:10177000FAFF080010FDEF02E1FF4F00A0FF6F002D
:1017800050FFDF01F6FF0B0000FAFF0AF9FF090026
:1017900000FBFF05E1FF3F0050FFBF0050FFCF00FF
:1017A000D0FF2E0000FBFF06F7FF070000F2FF2E20
:1017B000FECF00000070FFEFFF3F00000000FDFFC4
:1017C000FF0900000000F4FFDF0100000000A0FF9F
:1017D0006F000000000070FF4F000000000070FF6D
:1017E0004F000000000070FF4F000000000070FF7D
:1017F0004F000000000070FF4F000000C0FFFFFF1F
:10180000FFFF0BC0FFFFFFFFFF0B80BBBBBBFFFF5A
:101810000A00000080FFEF02000000F5FF3F00001B
:101820000030FFFF05000000E2FF7F00000010FC19
:10183000FF0A000000B0FFCF00000000F9FF1D000C
:10184000000060FFEF03000000F1FFDFBBBBBB1B2C
:10185000F2FFFFFFFFFF1FF2FFFFFFFFFF1FF2FF7F
:10186000FFFFFFFFFF6FF2FFFFFFFFFFFF6F10C9DA
:10187000EDEF8C0130FFFFFFFF2E30AE57B7FF9F1B
:1018800000000000FCBF0061CAEDFFCF40FEFFFF7B
:10189000FFCFD0FF6E13FBCFF2FF0700FBCFF1FFAE
:1018A0001B51FECF90FFFFFFFFCF00D7EF5BFBCFB9
:1018B000F5FF0300000000F5FF0300000000F5FF46
:1018C0000300000000F5FF0300000000F5FF63FCCB
:1018D000AE0200F5FFFDFFFF1D00F5FFAEDAFF9F32
:1018E00000F5FF0310FEEF00F5FF0300F9FF01F51F
:1018F000FF0300F8FF01F5FF0300FAFF00F5FF0307
:1019000020FECF00F5FF79E8FF5F00F5FFFFFFFF46
:101910000900F5FFC7EE5C00000020C8EEAD050031
:10192000F7FFFFFF2F40FFEF79E92FC0FF3F0010C7
:1019300019F1FF0A000000F2FF08000000F1FF0AA1
:10194000000000C0FF2E00001850FFEF79D92F00D3
:10195000F7FFFFFF2F0030D9FEBD0600000000F3A7
:10196000FF0500000000F3FF0500000000F3FF0585
:1019700000000000F3FF050050EBCEF8FF0500F972
:10198000FFFFFFFF0550FFEF8AFBFF05C0FF2F00A1
:10199000F3FF05F0FF0A00F3FF05F2FF0800F3FF75
:1019A00005F1FF0900F3FF05D0FF1E00F4FF0580DD
:1019B000FFEFBAFFFF0510FDFFFFFEFF050091FEE0
:1019C0008DF4FF050030D9FEAD030000F6FFFFFFE8
:1019D0005F0040FF7F43FBEF01C0FF0800F2FF05FF
:1019E000F1FFFFFFFFFF07F2FFFFFFFFFF07F1FF20
:1019F0000800000000C0FF2E0000600250FFEF79D9
:101A000097FD0400F7FFFFFFFF040020C8FEDE5A29
:101A1000010060ECEF0A00F7FFFF0C00FEEF9A07F1
:101A200010FF6F0000F9FFFFFF00F9FFFFFF0063E9
:101A3000FFAF550010FF7F000010FF7F000010FF78
:101A40007F000010FF7F000010FF7F000010FF7F6D
:101A5000000010FF7F000010FF7F00000060ECCE50
:101A6000FAFF0500FAFFFFFFFF0560FFEF8AFBFFAB
:101A700005D0FF2F00F3FF05F1FF0A00F3FF05F289
:101A8000FF0800F3FF05F1FF0900F3FF05D0FF1E7B
:101A900000F4FF0590FFEFBAFFFF0510FDFFFFFF09
:101AA000FF050091FDAEF5FF0400000000F8FF0106
:101AB00000CE79B8FFBF0000FEFFFFFF2D0000C978
:101AC000EEEF7C0100F5FF03000000F5FF030000CE
:101AD00000F5FF03000000F5FF03000000F5FF53D1
:101AE000ECBE03F5FFFCFFFF1EF5FFEFFCFF7FF5EB
:101AF000FF0530FF9FF5FF0300FEAFF5FF0300FD7C
:101B0000AFF5FF0300FDAFF5FF0300FDAFF5FF03E9
:101B100000FDAFF5FF0300FDAFF5FF0300FDAFF7DC
:101B2000FF04F7FF04949902000000F5FF03F5FF9E
:101B300003F5FF03F5FF03F5FF03F5FF03F5FF03CF
:101B4000F5FF03F5FF03F5FF03F5FF030050FF6FFB
:101B50000050FF6F003099490000000030FFFF6F18
:101B600030FFFF6F1065FF6F0020FF6F0020FF6FD9
:101B70000020FF6F0020FF6F0020FF6F0020FF6F2D
:101B80000020FF6F0030FF6F0070FF6FB6FCFF3F5B
:101B9000F8FFFF0AE7FF7D00F5FF0300000000F5F6
:101BA000FF0300000000F5FF0300000000F5FF0345
:101BB00000000000F5FF0360FF9F00F5FF03F3FF47
:101BC0000B00F5FF13FDDF0100F5FFB3FF2E000052
:101BD000F5FFFBFF050000F5FFFFFF090000F5FF23
:101BE000ADFF4F0000F5FF13FEDF0100F5FF03F628
:101BF000FF0900F5FF03B0FF4F00F5FF0320FFDFF3
:101C000001F5FF03F5FF03F5FF03F5FF03F5FF0300
:101C1000F5FF03F5FF03F5FF03F5FF03F5FF03F5FC
:101C2000FF03F5FF03F5FF03F5FF03F5FF03F5FFE2
:101C300073FC9E01B5EE2B00F5FFFEFFFFBCFFFF1E
:101C4000DF00F5FFAEE9FFFF9BFDFF06F5FF035048
:101C5000FF6F00F2FF08F5FF0330FF6F00F0FF0990
:101C6000F5FF0320FF6F00E0FF09F5FF0320FF6F82
:101C700000E0FF09F5FF0320FF6F00E0FF09F5FF1B
:101C80000320FF6F00E0FF09F5FF0320FF6F00E076
:101C9000FF09F5FF0320FF6F00E0FF09F5FF73FC6C
:101CA000BE03F5FFFEFFFF1EF5FFAED9FF7FF5FF78
:101CB0000320FF9FF5FF0300FEAFF5FF0300FDAF1C
:101CC000F5FF0300FDAFF5FF0300FDAFF5FF0300D7
:101CD000FDAFF5FF0300FDAFF5FF0300FDAF0040D2
:101CE000DAEF9D020000F8FFFFFF4E0050FFCF87A4
:101CF000FEEF02C0FF0D00F3FF08F1FF0900D0FF67
:101D00000CF2FF0800C0FF0DF1FF0900D0FF0CC06E
:101D1000FF1D00F3FF0850FFCF77FEEF0200F8FF32
:101D2000FFFF5E000040DAEF9D0200F5FF73FDAE9D
:101D30000200F5FFFEFFFF1D00F5FFAEDAFF8F008A
:101D4000F5FF0310FEDF00F5FF0300F9FF01F5FFCB
:101D50000300F8FF01F5FF0300FAFF00F5FF032081
:101D6000FEBF00F5FF79E8FF5F00F5FFFFFFFF0909
:101D700000F5FFC8FE6C0000F5FF0300000000F551
:101D8000FF0300000000F5FF0300000000F5FF0363
:101D9000000000000050EBCFFAFF0500F9FFFFFF45
:101DA000FF0550FFEF8AFBFF05C0FF2F00F3FF0583
:101DB000F0FF0A00F3FF05F2FF0800F3FF05F1FF53
:101DC0000900F3FF05D0FF1E00F4FF0580FFEFBA06
:101DD000FFFF0510FDFFFFFEFF050091FE7DF3FFF5
:101DE0000500000000F3FF0500000000F3FF050000
:101DF000000000F3FF0500000000F3FF05F5FF53AE
:101E0000FC09F5FFFCFF09F5FFFFFF09F5FF58444A
:101E100002F5FF030000F5FF030000F5FF030000DB
:101E2000F5FF030000F5FF030000F5FF030000F5D8
:101E3000FF0300000081ECEF9C0430FEFFFFFF0A6F
:101E4000C0FF6E55E90AF0FF1C001004C0FFFFAD93
:101E5000270030FEFFFFFF050061DAFFFF1E710063
:101E60000091FF2FF19E46C5FF0EF1FFFFFFEF042B
:101E700050DAFECE280020FF6F000020FF6F000028
:101E800020FF6F0000F9FFFFFF0AF9FFFFFF0A6361
:101E9000FF9F550320FF6F000020FF6F000020FF11
:101EA0006F000020FF6F000020FF7F000010FFEF99
:101EB000660600FAFFFF0A0081FDEF08F6FF020048
:101EC000FE9FF6FF0200FE9FF6FF0200FE9FF6FF58
:101ED0000200FE9FF6FF0200FE9FF6FF0200FE9F3B
:101EE000F6FF0200FE9FF5FF0720FE9FF3FFCFFDE8
:101EF000FF9FB0FFFFEFFF9F10E9DF18FE9FF8FF85
:101F00000300F2FF08F2FF0800F7FF02B0FF0D0028
:101F1000FCBF0060FF3F20FF5F0010FE8F70FF1EC0
:101F20000000F9DFC0FF090000F3FFF4FF03000029
:101F3000D0FFFDCF00000070FFFF7F00000010FF0A
:101F4000FF1F00000000FAFF0A0000F6FF0400FC7B
:101F50009F0090FF1EF2FF0720FFEF00D0FF0AC096
:101F6000FF0B60FFFF03F1FF0670FF0EB0EFFF07EE
:101F7000F5FF0130FF4FF18FFE0CF9BF0000FD7F30
:101F8000F53FFA1FFC7F0000F9BFFA0EF56FFF2F37
:101F90000000F4EFFE09F1EFFF0D0000E0FFFF0588
:101FA000B0FFFF080000A0FFFF0170FFFF0300006B
:101FB00050FFBF0020FFEF0000F4FF0B00F5FF0A09
:101FC00080FF7F20FEDF0100FBFFB3FF2E0000D16A
:101FD000FFFEFF05000030FFFF8F00000000F9FF4B
:101FE0001E00000030FFFFAF000000E1FFFEFF0613
:101FF0000000FBEFB2FF3F0090FF6F20FEDF01F516
:10200000FF0A00F5FF0BF8FF0300F1FF08F2FF08DD
:1020100000F7FF02B0FF0E00FCBF0050FF5F20FF83
:102020004F0000FEAF80FF0D0000F8FFD2FF070059
:1020300000F2FFFBFF010000C0FFFFAF00000060E7
:10204000FFFF4F00000010FEFF0D00000000F9FF31
:102050000700000000FAFF0100000020FFAF0000B1
:10206000000080FF3F00000000E0FF0C000000E0E7
:10207000FFFFFFFF0FE0FFFFFFFF0F707777FCFF11
:102080000A000050FFBF000000F4FF1C000030FEFB
:10209000DF020000E2FF2E000010FDEF030000C190
:1020A000FFCF888818F3FFFFFFFF2FF3FFFFFFFF2D
:1020B0002F0000000091EE2B0010CC55CD00801DAC
:1020C00000F601E10700F503F50200F602D9000071
:1020D000E800AC0000BB008E00007E007F00402FB7
:1020E000009E00C00A00EA56EB0200A1EE2A0000A2
:1020F0000000E1030030FB0000FCCF0000009C006A
:1021000000006E0000303F0000600E0000A00B00D9
:1021100000D0080000F1050021F62401FBFFFF02BA
:102120000092EC9E0100C857F809000200B00D00B3
:102130000000C00B000000F306000010CC000000FF
:10214000B12D000010DC020000D31B0000609E00D7
:102150000000F64A444400FAFFFFBF000071ECBEE5
:102160000300D458D61E000100602F000000800D2F
:10217000000020E7040000FE2C00000053CD00000A
:102180000000F503000000F503110000DC00E65834
:10219000C73E0093FDAE0200000000E30A000030DD
:1021A000FE070000E3F70400404EF60100E404C916
:1021B00000504E009D00E303105F00F7FFFFFF0B90
:1021C0003233933E020000A00B000000D008000054
:1021D00000F1050000B0FFFFCF00E059553500F2D7
:1021E00004000000F501000000E800000000FBEF23
:1021F0004C00004554FC03000000F306000000F30F
:1022000005100000EA01D358B65F0092FDAE03004E
:102210000020D9CF00F66A55504E0000E1060000BC
:10222000E6D8DF06EB48A44F8D00009E7F0000BD7E
:102230008E00008EBC00603FF649F70870FD6C0010
:1022400070FFFFFF1F305555C50C000000F404005F
:1022500000109E000000A01D000000F604000020F9
:102260008E000000B00C000000F7030000307F007B
:102270000000C00C000000E8020000000030EBBECF
:102280000300F428C31E00AD00403F009F00601E05
:1022900000FB06D20600E2EF5E00306E72DE01D077
:1022A0000900F307F30400F108F40500F503D14D2C
:1022B000638E0020EACF050000C6EF0800807F741F
:1022C0008F00F30600E800F80000F501F80000F5C3
:1022D00001F51841FB0080FFCFCD000031117F00D8
:1022E0000000902E000000F6060055A57F0000FBC0
:1022F000AD03000000FA0200ED0000330000000012
:10230000000000000000300300F10A00F50700B4EF
:10231000FD5D009956FC020000F4050000F5030085
:1023200010AD0000D41C00907E0000F0050000D22B
:1023300001000000000000770000009E0000000087
:102340000000F60D00000010DE0E000000705D1FA2
:10235000000000E1353F000000C9105F0000203F91
:10236000007E0000A01A118D0000F3FFFFAF0000F7
:102370009B4444CA00402F0000E700C0090000F65B
:1023800001F5020000F40300F12F0000F90A00F447
:102390005E0030FF0700D79A00C0FA0400ABC70008
:1023A000C7F701007EF4213ECA00204FF1B4089D1A
:1023B00000501FD0DC116F00800C904F403F00B0E8
:1023C000095007700E00E0060000A00B00F30300A8
:1023D00000E00800E6000000F2050000F1FFCF0475
:1023E00000F446C63F00E700207F00BB00206F00DE
:1023F0008E00702F205F21F70850FFFF6D00803D99
:10240000230000B00A000000E007000000F3040011
:102410000000F60100000000F1FFDF0600F446B501
:102420004F00E700108F00BB00107F008E00702F60
:10243000205F10F60750FFFF5D00803EC30D00B027
:102440000B307F00E00800F902F30400E10BF60115
:1024500000605FF8FFFFFFBF5355BE553500106F9A
:10246000000000403F000000700E000000B00C00B3
:102470000000E008000000F205000000F502000086
:1024800000E800000000BB000000008E000000001B
:1024900070FD6D0000AB34F704700A00E006E0EE5A
:1024A000EEFE05F423222200F502000000F30600F0
:1024B0003000C07E647C0020DADF28000080EDBCA4
:1024C0000C00DB56E809702E00E006E00800F2027E
:1024D000F30300E500F50100B800F503008C00F1FE
:1024E0005CD75F0050FD7B1F000000A00A007655FE
:1024F000EA0200E9EF2A000000F405008301000071
:1025000000009C00006F00302F00600E00A00B0048
:10251000D00800F10500F40200E7000000ACD8AFDD
:1025200071FD2C10EF37F69E339E303F00F107000F
:10253000AC700E00F203008DA00B00F600105FD00F
:102540000800C900402FF105009C00800DF4010037
:102550006F00B00AD700302F00E00700ACD8BE01F2
:1025600010EF27F507303F00D009700E00F007A0EC
:102570000B00F303D00800F600F10500C900F401D8
:10258000009C00D700105F00008D00600E105F00FF
:10259000900B501F00C008800D00F105B00A00F438
:1025A00002E00700E700F10600BA00E02BB48F005C
:1025B00050ED6B4F00000000000000E10A000052E7
:1025C000FC0600B0FFFF02003033EF00000030AF28
:1025D000000000707F000000A03F000000E00E003F
:1025E0000000F30B000000F607000000FA040000F2
:1025F00000FE00006176DF6604F6FFFFFF080020A2
:10260000B7FEBE0500A0DF9AFC6F0070030080CF0C
:102610000000000040CF00000000708F00000000AC
:10262000E12F00000010FC05000000C26F00000058
:1026300040EE04000000F82C000000C28F000000F3
:1026400060DE04000000F59F99999904F8FFFFFFF0
:10265000FF0540C9EE8D01C0BEA9FE0B400000F38E
:102660001F000000E01F000000F40B000030EE022D
:102670000010F83C0000F77E000000CE01000030A2
:102680008F00000010240000000000000000F00E89
:10269000000000F40B0000000010FFFFEF4B0000F3
:1026A00050CF88D9FF0400906F0000FA0B00C02FB4
:1026B0000000F60B00F10E0000F80800F40A00100C
:1026C000EE0200F80720D65E0000FBFFFFAF03001C
:1026D00000EF88F81E000040BF0090AF0000707F40
:1026E0000010FD0600B04F0000F32E00E00F0000C8
:1026F00070CF00F30B000000FC07000061EBEFADB2
:10270000160030FDADA9FD8F00E15F0000204900FB
:10271000F7090000000000F8090000000000F57E45
:10272000020000000080FFEF7B0200000062C9FF92
:102730008F000000000061FF040000000000FB06A5
:102740001000000000FC03E306000091AF00F6EF6C
:102750009BB9FE1A0030C8FEDE4900000080DBFF96
:102760008D0100F19C98FE0900110000F30D00009E
:102770000010F20C0061DBFFFF0850FE8B56FA05DB
:10278000F22D0000FC01F8060010DF00F90700B38D
:102790009F00F5BFCAFF6F0070FDDFA62F0000008D
:1027A000A4FE9D010090BF78FB0C00E90400B02F4F
:1027B000407F1111913FB0FFFFFFFF1FE04D4444E8
:1027C0004404F10C00000000F10E00000000D08F66
:1027D0000000910250FF9CB8EF0000A3FECE38002D
:1027E00000F4080000F8050000FC0100F4FFFF9F62
:1027F00093BF7737705F0000A02F0000E00D00004E
:10280000F20A0000F6060000F9040000FB040000D4
:10281000F88D7900A1FE5D000095ECEF7C0160FF72
:10282000FFFFFF1D90FFFFFFFF9FD07D23E6FFCF3F
:1028300050000090FFCF000000A0FF9F000000F4B8
:10284000FF3F000071FFFF060093FEFF5E0000F9EE
:10285000FF8E010000FCEF01000010FFBF00000030
:10286000208858000000000000000000E0FF5F002A
:102870000000F3FF2F000000F6FF0E000000000034
:102880000084ECEF9C040000B3FFFFFFFFBF00508B
:10289000FEFFFFFFFFAF00F4FFEF4864FC6F10FE88
:1028A000FF1B0000703F80FFDF0100000004E1FF1C
:1028B0005F0000000000F4FF0E0000000000F8FFC1
:1028C0000B0000000000FAFF0A0000000000FBFF00
:1028D000090000000000FAFF0C0000003000F8FFC3
:1028E0003F0000307C00F3FFEF4864FB3F00A0FF97
:1028F000FFFFFFFF0E0010FBFFFFFFFF090000506E
:10290000DAFFBE2700000000FCFF060000F8FF0908
:102910000000FFFF030000FBFF050030FFEF000099
:1029200000FEFF020070FFCF000020FFEF0000A0BC
:10293000FF9F000050FFBF0000D0FF6F000080FF2E
:102940007F0000F1FF5F3333C3FF4F0000F5FFFF4F
:10295000FFFFFFFF1F0000F8FFFFFFFFFFFF0D005D
:1029600000FBFFFFFFFFFFFF090000FEFF04000068
:10297000FAFF060030FFFF010000FDFF030060FFCB
:10298000CF000020FFEF000090FF9F000050FFBF2E
:102990000000C0FF5F000090FF8F0000F1FF2F00DC
:1029A00000C0FF5F0000F4FF0D0000F1FF2F0000EA
:1029B0000070FFFFFFFF0D00B0FFFFFFFF0A00D018
:1029C000FFFFFFFF06000080FF9F00000000B0FF38
:1029D0006F00000000E0FF3F00000000F3FF0E006A
:1029E000000000F6FF0B00000000F9FF08000000E7
:1029F00000FDFF0500000010FFFF0100000040FF88
:102A0000DF0000000070FFAF00000000B0FF7F009B
:102A10000000F8FFFFFFCF0000FBFFFFFF9F00005B
:102A2000FEFFFFFF6F00000060C9EDEF8C0200E0C9
:102A3000FFFFFFFF2E00F2DFCBFEFF8F00730200CF
:102A400090FF9F0000002072FF7F0050DAFFFFFF21
:102A50004F30FDFFFFFFFF1FE2FFAF36F2FF0CF824
:102A6000FF0800F4FF09FBFF0400F8FF05FAFF5C14
:102A7000B6FFFF02F5FFFFEFFFEF0050FCEF4AFF4C
:102A8000BF00000030C9FEAD150010FBFFFFFF5F67
:102A900000E2FFFFEEFF1F00FDFF2A00C30D70FFE5
:102AA000BF00001004C0FF3F00000000F1FF0E0057
:102AB000000000F3FF0D00000000F2FF1F000040C7
:102AC00000E0FFAF01409C0080FFFFEFFF5F0000D0
:102AD000FAFFFFFF1F000050EBFF9D0300000060A6
:102AE000DBEF8C02000040FDFFFFFF3E0000F4FF23
:102AF0009EC9FFBF0010FEBF0100FDFF0080FF7FE9
:102B00005555FDFF01D0FFFFFFFFFFEF00F1FFFF75
:102B1000FFFFFFBF00F2FF0A0000000000F2FF0D00
:102B20000000000300E0FFAF0200B50C0070FFFFE3
:102B3000EFFDFF090000F9FFFFFFFF05000040D98E
:102B4000FECE490000000020D9FEDE0000E3FFFFBA
:102B5000CF0000FDFFCE8D0050FF9F000040FFFF23
:102B6000FFFF0270FFFFFFEF0070FBFFBE8B000056
:102B7000F4FF0A000000F7FF06000000FAFF030060
:102B80000000FDFF00000020FFCF00000050FF9F6D
:102B900000000080FF5F000000B0FF2F000000E099
:102BA000FF0E000000F3FF0B0000000000FEFF031B
:102BB0000020FFEF000050FFBF00000011110000D7
:102BC000D0FF0F0000F2FF0C0000F5FF090000F835
:102BD000FF050000FBFF020000FEEF000030FFBF1A
:102BE000000060FF7F000090FF4F0000C0FF1F004B
:102BF00000F1FF0D0000F4FF0A0000F7FF060000DF
:102C00000000FCFF010010FFDF000040FF9F0000FC
:102C100080FF6F0000B0FF2F0000E0FF0E0000F308
:102C2000FF0B0000F6FF070000FAFF040000FDFFA5
:102C3000010010FFCF000050FF8F000080FF5F00F9
:102C400000C0FF2F0000F0FF0D0000F3FF0A00009E
:102C5000F7FF06000000D0FF1FB6EE4B0000F2FFAA
:102C6000DEFFFFEF0200F5FFFFFFFFFF0700F8FFA9
:102C70004B10FDFF0800FBFF0200FAFF0600FEEF0D
:102C80000000FCFF0330FFBF0000FEFF0060FF7F7D
:102C90000030FFCF0090FF4F0060FF8F00C0FF1F8C
:102CA0000090FF5F00F1FF0D00C0FF2F00F4FF094F
:102CB00000F1FF0D00F7FF0600F4FF0A00000050CE
:102CC000DAEF8C01000030FDFFFFFF2E0000E3FF74
:102CD000DFFCFFCF0010FDFF0730FFFF0370FFAFE9
:102CE0000000FBFF05C0FF3F0000FBFF04F1FF0FEA
:102CF0000000FCFF03F2FF0D0020FFEF00F3FF0DCB
:102D00000080FF8F00F1FF4F00F5FF2E00A0FFFFB6
:102D1000DCFFFF040010FDFFFFFF4D00000071EC21
:102D2000EF6B01000000D0FF0FA4DE00F2FFADFF4B
:102D3000AF00F5FFFFFF6F00F8FFFFDE3D00FBFF78
:102D400015000000FEEF00000030FFBF0000006033
:102D5000FF8F00000090FF4F000000C0FF1F000029
:102D600000F1FF0D000000F4FF0A000000F7FF066D
:102D7000000000006088070000F0FF0D0000F4FF75
:102D80000A0000F7FF0600F4FFFFFFCFF7FFFFFF89
:102D90009FB7FFDFAA4A50FF8F000080FF5F00004F
:102DA000C0FF1F0000F0FF0D0000F3FF0A0000F657
:102DB000FF070000F9FF081000F9FFCFAC00F5FF96
:102DC000FF6F0070FDEF2C0000FFEF0000FBFF0223
:102DD00030FFBF0000FEEF0070FF7F0030FFBF003C
:102DE000A0FF4F0060FF7F00D0FF1F0090FF4F004B
:102DF000F2FF0D00C0FF1F00F5FF0900F1FF0D00FD
:102E0000F8FF0700F4FF0A00FBFF0500F7FF0600CC
:102E1000FDFF0961FDFF0300FCFFFFFFFFFF000056
:102E2000F7FFFFDFFFCF000070FDAE54FF9F0000F3
:102E3000000000003F000508080005000000000039
:102E4000000000003F00090E0E010B000000000012
:102E5000000000003F00111F1F03160000000000CB
:102E6000000000002000000000000700000000003B
:102E700000002100050E0E02080000002A000000DC
:102E8000280009130F010B00000089000000290031
:102E900008130F010B000000D50000002A000B0AE8
:102EA0000F020E000000110100002B000E0D0D029C
:102EB000110000006C0100002D00080308010A0049
:102EC00000007801000030000D0E0E010E00000021
:102ED000DA01000031000B0E0E020E0000002E027F
:102EE000000032000D0E0E010E00000090020000E6
:102EF00033000C0E0E010E000000E402000034004E
:102F00000E0E0E000E0000004603000035000C0EF1
:102F10000E010E0000009A03000036000D0E0E0197
:102F20000E000000FC03000037000C0E0E010E0026
:102F300000005004000038000D0E0E010E000000CD
:102F4000B204000039000C0E0E010E000000060550
:102F500000003A00040B0B02080000001C050000F2
:102F60003F000B0E0E010C00000070050000410038
:102F7000100E0E0010000000E005000042000E0ED2
:102F80000E010F0000004206000043000D0E0E016E
:102F90000E000000A406000044000F0E0E011100F8
:102FA00000001407000045000C0E0E010E0000008A
:102FB0006807000046000C0E0E010D000000BC0763
:102FC000000047000E0E0E01100000001E08000059
:102FD00048000E0E0E01110000008008000049009C
:102FE000090E0E010B000000C60800004A000A0E80
:102FF0000E000B0000000C0900004B000F0E0E012C
:103000000F0000007C0900004C000C0E0E010D00AA
:103010000000D00900004D00110E0E011300000049
:103020004E0A00004E000F0E0E0111000000BE0AF5
:1030300000004F000F0E0E01110000002E0B0000CB
:1030400050000D0E0E010F000000900B000051000B
:103050000F120E0111000000200C000052000F0E94
:103060000E0110000000900C000053000D0E0E0128
:103070000E000000F20C000054000E0E0E000E00B8
:103080000000540D000055000E0E0E01100000004F
:10309000B60D000056000F0E0E000F000000260EA9
:1030A00000005700160E0E0017000000C00E0000B2
:1030B00058000F0E0E000F000000300F00005900E6
:1030C0000F0E0E000F000000A00F00005A000E0EA1
:1030D0000E000E000000021000005F001002FFFF53
:1030E0000E0000601210000061000C0B0B000D00C0
:1030F00000005410000062000D0F0F010E000000D0
:10310000BD10000063000C0B0B000C000000FF1052
:10311000000064000D0F0F000E0000006811000099
:1031200065000D0B0B000D000000B51100006600DE
:10313000090F0F00080000000012000067000D0FCB
:103140000B000E0000006912000068000C0F0F0158
:103150000E000000C31200006900050F0F010700F8
:103160000000F01200006A0008130FFF08000000C2
:103170003C1300006B000D0F0F010D000000A513A4
:1031800000006C00050F0F0107000000D2130000C3
:103190006D00130B0B0115000000401400006E00C1
:1031A0000C0B0B010E000000821400006F000D0BD1
:1031B0000B000E000000CF14000070000D0F0B017B
:1031C0000E0000003815000071000D0F0B000E00FE
:1031D0000000A11500007200090B0B010A0000009D
:1031E000D815000073000C0B0B000C0000001A1621
:1031F00000007400090E0E000900000060160000B7
:1032000075000C0B0B010E000000A21600007600EA
:103210000D0B0B000D000000EF1600007700140BE3
:103220000B00140000005D17000078000D0B0B0070
:103230000D000000AA17000079000D0F0B000D0013
:103240000000131800007A000C0B0B000C000000AB
:103250000000000020000000000005000000000049
:1032600000003000090C0C010A0000003C000000C6
:103270003100070C0C010A0000006C000000320055
:10328000090C0C000A000000A800000033000A0C22
:103290000C000A000000E40000003400090C0C00DF
:1032A0000A0000002001000035000A0C0C000A0092
:1032B00000005C0100003600080C0C010A00000050
:1032C0008C01000037000A0C0C010A000000C80144
:1032D000000038000A0C0C000A0000000402000084
:1032E0003900090C0C010A000000400200003A00FD
:1032F00005090901070000005B0200003F00070C00
:103300000C02080000008B02000041000B0C0CFFB7
:103310000A000000D30200004D000D0C0C000D004F
:1033200000002703000050000A0C0C0009000000F8
:103330006303000052000A0C0C000A0000009F0307
:10334000000054000A0C0C0109000000DB0300001F
:103350006500090909000900000008040000670071
:10336000090C090009000000440400006900050C74
:103370000C0004000000680400006D000E09090044
:103380000F000000A70400006E00090909000A00F0
:103390000000D40400007500090909000A000000BB
:1033A000000000003100090E0E010D000000460073
:1033B000000032000C0E0E000D0000009A0000000C
:1033C0003F000A0E0E020B000000E0000000520059
:1033D0000D0E0E000E0000004201000053000E0E04
:1033E0000E000E000000A401000061000B0B0B009A
:1033F0000C000000E601000065000C0B0B000C0047
:103400000000280200007400080E0E0108000000F1
:103410000000000020000000000008000000000084
:1034200000003F000C1111020E00000066000000B9
:1034300043001011110110000000EE0000004800D0
:1034400013111100120000009801000049000D1135
:1034500011000C0000000F02000061000E0D0D00B5
:103460000F0000006A02000063000E0D0D000D0049
:103470000000C502000065000F0D0D000F000000E8
:103480002D03000066000C111100090000009303D9
:10349000000069000911110008000000E8030000A5
:1034A0006C0009111100080000003D0400006E00CE
:1034B0000F0D0D0010000000A50400006F000F0D9F
:1034C0000D000F0000000D05000072000C0D0D0036
:1034D0000B0000005B05000074000A1111010A00D6
:1034E0000000B005000075000F0D0D011000000078
:1034F00000000000000000000000000000000000CC
:10350000000000000000000000000000E4060308C6
:10351000FC060308440703085C080308B4200308FA
:10352000B82503081828030880410308000000207C
:103530006002000010020008B04103086002002091
:10354000D8CD0100500200084C00000044000000EB
:103550001900000054000000540000005400000056
:103560005400000054000000540000002D00000032
:103570000D000000000000003E0000003A000000C6
:103580004C005F0058003A00020020000A004C0086
:103590005F0059003A000200000052005F0058002E
:1035A0003A0002000A0052005F0059003A0002008F
:1035B000000048007500720072006900630061003D
:1035C0006E00650020004300740072006C00200053
:1035D00049006E0066006F000000520075006E002A
:1035E0006E0069006E006700540069006D006500A0
:1035F0000200000056003A00020000004B00650087
:1036000079003A00020000005200310053007400BB
:103610006100740065000000520032005300740025
:103620006100740065000000300000000301030128
:10363000060104040404040404040404040405004E
:1036400004040404040404041C00000043000000FB
:10365000F8FFFFFF0C0000000E0000000F0000004C
:103660002E0000001001000043000000F8FFFFFFE3
:103670000040404040404040404041414141414085
:10368000404040404040404040404040404040403A
:1036900040050202020202020202020202020202C9
:1036A00002202020202020202020200202020202CE
:1036B0000202909090909090101010101010101026
:1036C0001010101010101010101010100202020232
:1036D0000202888888888888080808080808080876
:1036E0000808080808080808080808080202020272
:1036F000400000000000000000000000000000008A
:1037000000000000000000000000000000000000B9
:1037100000000000000000000000000000000000A9
:103720000000000000000000000000000000000099
:103730000000000000000000000000000000000089
:103740000000000000000000000000000000000079
:103750000000000000000000000000000000000069
:103760000000000000000000000000000000000059
:1037700000000000413FFDFF1D3FFDFF313FFDFF09
:10378000B6CBFC7F0100000000E8FC7FB00884801D
:1037900000E8FC7F01000000FC3EFD7FB008848053
:1037A0001C3FFD7FB0B0B080223FFD7FAB38B280C0
:1037B000483FFD7F08840980703FFD7FAA3FB280AB
:1037C000E03FFD7FA837B2801040FD7FB0B0AA80F7
:1037D0007840FD7FB0AF00807042FD7FB0AC0580C7
:1037E0007043FD7FB0B0AA80DC43FD7F6CD5FE7FC7
:1037F0009844FD7F7CD5FE7F5445FD7F8CD5FE7FB0
:103800001046FD7F9CD5FE7FD446FD7FACD5FE7F64
:103810009847FD7FBCD5FE7F5848FD7FCCD5FE7F05
:103820001C49FD7FB0AE0B80BC49FD7F010000004C
:10383000B04AFD7FB0AC0B80304BFD7F0884018027
:103840003C4BFD7F010000003C4BFD7FB0088480B5
:103850005E4BFD7FB0AC0F80E24BFD7FB0AC1180C2
:10386000AE4CFD7FB0B0B080BE4CFD7FB008848010
:10387000D64CFD7FB0B0B080164DFD7FB0A8018062
:10388000384DFD7FB0AF0C808E50FD7FB0B0A8806A
:103890009650FD7FB0AB0280EA50FD7FB00B848074
:1038A000FC50FD7FB0B0AA802E52FD7FB0B0A88042
:1038B0008652FD7FB00884809452FD7FB0AC0180B9
:1038C000D852FD7F088403809453FD7F08840180D3
:1038D000AC53FD7F088403805C54FD7F0884018025
:1038E0007454FD7F010000009854FD7F088401801E
:1038F0005055FD7F088403806455FD7FB0A8078084
:10390000B055FD7F01000000D455FD7FF4D4FE7F4B
:103910005056FD7F00D5FE7F3857FD7F0100000027
:103920009857FD7FB0B0AB801058FD7FB0AF0A80D4
:10393000DC58FD7FB0AB00807859FD7F01000000AE
:10394000185AFD7F08840180445AFD7FF8D4FE7F19
:103950006065FD7F010000007065FD7F18D6FE7F69
:103960003866FD7F01000000CC66FD7F20D6FE7F1B
:103970000C67FD7F010000003867FD7F088401802F
:103980004467FD7F088405807867FD7F01000000A3
:10399000AC67FD7F08840180C067FD7F08840380D9
:1039A000E067FD7F010000006868FD7F08840180FA
:1039B000C068FD7F088407801469FD7F088401804A
:1039C0002C69FD7F010000003069FD7F08840180C3
:1039D0003C69FD7F010000003C69FD7F0884018097
:1039E0005469FD7F088403806869FD7FB0A8078063
:1039F000B469FD7F01000000D869FD7F0884038061
:103A0000486AFD7F010000006C6AFD7F0884018028
:103A1000746AFD7F08840980B06AFD7F0884018094
:103A2000D86AFD7F7CD5FE7F506BFD7F01000000D2
:103A3000906BFD7FB0A80780586CFD7F01000000EF
:103A40006C6CFD7F08840180CC6CFD7F0100000060
:103A5000D06CFD7F088409807870FD7F0884038026
:103A60009C71FD7F08840180A871FD7F010000002A
:103A70005072FD7F48D5FE7FD872FD7F01000000A7
:103A8000E872FD7F50D5FE7F1673FD7F01000000B8
:103A90001473FD7F08840380C473FD7FB0088480A5
:103AA000DC73FD7F088403800074FD7FB008848090
:103AB0005074FD7F010000004076FD7F0884018086
:103AC0004C76FD7F01000000EC85FD7F08840180BD
:103AD000F685FD7F01000000988AFD7F0884018043
:103AE000B08AFD7F010000004091FD7F08840580C1
:103AF000B491FD7F01000000E499FD7F08840180FE
:103B0000F499FD7F01000000689CFD7F088401801E
:103B1000729CFD7F01000000749DFD7FB0AF10809E
:103B20004C9EFD7F01000000709EFD7F0884058093
:103B3000949EFD7FB8D4FE7FD09EFD7F01000000E3
:103B4000209FFD7F08840180989FFD7F0100000079
:103B5000BC9FFD7F08840D80E0A0FD7F088401806C
:103B600038A1FD7F0100000000A4FD7F08840580CE
:103B700050A4FD7F0100000074A4FD7F0884018033
:103B8000BEA4FD7F01000000E0A6FD7F0884078041
:103B900000A8FD7F01000000ACA9FD7F0884018022
:103BA000F0A9FD7F60D4FE7F84AAFD7F01000000A4
:103BB000B8AAFD7F08840180D4AAFD7F010000001F
:103BC00098ABFD7F58D4FE7FF0ABFD7F0100000075
:103BD00010ADFD7F088401801CADFD7F0100000059
:103BE00024ADFD7F0884018040ADFD7F0100000011
:103BF00084ADFD7F08840180A4ADFD7F010000003D
:103C0000C8ADFD7F08840180E0ADFD7F01000000AC
:103C10000CAEFD7FB0B0B08006AEFD7F01000000AD
:103C200018AEFD7FB0B0B08014AEFD7F0100000083
:103C30001CAEFD7FFCD3FE7F60AEFD7F0100000067
:103C400090AEFD7F088401809CAEFD7F01000000E6
:103C5000BCAEFD7F08840380E4AEFD7F0100000060
:103C6000E4B0FD7F08840180F8B0FD7F0100000012
:103C7000D8B2FD7F08840180E4B2FD7F010000001E
:103C8000D0B3FD7F088403800AB4FD7F01000000EB
:103C900048B4FD7F0884038004B5FD7F0100000067
:103CA00098B7FD7F0884078024B8FD7F01000000DD
:103CB00068BFFD7F0884038084BFFD7F0100000092
:103CC000A0BFFD7F08840780E0C0FD7F01000000E9
:103CD000E8C0FD7F0884078020C1FD7F010000004F
:103CE0008CDDFD7F08840380DEDDFD7F01000000A8
:103CF000F4DFFD7F088405801AE0FD7F01000000ED
:103D000028E0FD7F0884058050E0FD7F0100000071
:103D10001CE2FD7F0884018038E2FD7F0100000085
:103D20009CE2FD7F08840180C8E2FD7F0100000065
:103D300018E3FD7F08840580ECE3FD7F01000000AF
:103D4000B4E7FD7F08840180C2E7FD7F0100000029
:103D50009CEDFD7F08840180AAEDFD7F010000003D
:103D600040F1FD7F088403806CF1FD7F08840180B1
:103D700084F1FD7F01000000CCF2FD7F088401800A
:103D8000DAF2FD7F01000000C402FE7F0884038098
:103D9000F402FE7F01000000B003FE7F0884038070
:103DA000E603FE7F010000008C04FE7F0884038090
:103DB000D404FE7F010000008805FE7F0884038094
:103DC000AC05FE7F08840180D405FE7F0100000061
:103DD000F405FE7F088401802C06FE7F01000000B0
:103DE0008807FE7F088401809C07FE7F0100000099
:103DF000FC0BFE7F08840380380CFE7F010000006E
:103E0000FC2CFE7F08840380522DFE7F0100000001
:103E1000782DFE7F088403809C2DFE7F088405801A
:103E2000C42DFE7F01000000282EFE7F088405803F
:103E3000882EFE7F14D2FE7F022FFE7F010000003D
:103E40008833FE7F08840180A433FE7F01000000D8
:103E5000C835FE7F08840180E035FE7F0100000048
:103E60002836FE7F088401804036FE7F0100000076
:103E70008C36FE7F08840180A436FE7F010000009E
:103E8000C037FE7F088403807E38FE7FB0B0B080EC
:103E90007E38FE7FB00B8480DA38FE7FB0AB0080C6
:103EA0004039FE7FB0B0B0803E39FE7FB0A80180BF
:103EB0006639FE7FB0B0B0806E39FE7FB008848076
:103EC0007639FE7FB0B0B0807439FE7FB0AF00802D
:103ED000F63AFE7F0B8403807E3BFE7FB00B84802E
:103EE000A63BFE7FB0088480D83BFE7FB0B0A880A0
:103EF000E63BFE7FB00884801E3CFE7FB00B8480D2
:103F0000583CFE7FB0B0B080F43FFE7FB0B0A880D8
:103F10002040FE7FB0B0B0801E40FE7FB0AB00807E
:103F20005440FE7FB0B0AC80EC40FE7FB00884808F
:103F3000AA41FE7FB0AC0F802842FE7FB0AD028068
:103F40005843FE7FB00884807C43FE7F0884018054
:103F50008443FE7F010000000C46FE7F088407803A
:103F6000A046FE7F010000002848FE7F08840180F3
:103F70004048FE7F010000004C4AFE7FE8D0FE7FF3
:103F8000784AFE7FECD0FE7FA84AFE7F0100000049
:103F90008C4CFE7F08840780CC4CFE7F0100000023
:103FA0007056FE7F088401808A56FE7F0100000063
:103FB000A857FE7F08840180B057FE7F01000000F3
:103FC000BC5FFE7F08840380C860FE7F01000000A4
:103FD000CC60FE7FB0B0B080E860FE7FA0D0FE7FF6
:103FE0005461FE7FB00884808461FE7FB0B0B080F1
:103FF0009461FE7FA8D0FE7FB861FE7FB0B00180E3
:10400000C861FE7F088403800062FE7FB0B001803B
:104010001062FE7F010000002862FE7FB0B00180C8
:104020003262FE7F010000004062FE7FB0B0B080CF
:104030004062FE7F01000000EC62FE7FB0B0B08005
:10404000FC62FE7FB0088480FE62FE7F68D0FE7F47
:104050002063FE7F7CD0FE7F6663FE7F90D0FE7F74
:10406000B863FE7FA4D0FE7F3065FE7FF8D0FE7F70
:104070005665FE7FB00B8480E465FE7FB0B0B080F3
:10408000F065FE7FB0AB00803866FE7FB0088480AC
:104090005866FE7FB0B0AA80DC66FE7F088401808F
:1040A000CC67FE7FB0088480E467FE7F08840380CD
:1040B0002C68FE7FB0AD04809068FE7FB0088480DD
:1040C000A068FE7FB0AC0B80C869FE7F01000000D5
:1040D000E669FE7FB0B0AA800C6AFE7FB0B0A8800F
:1040E000206AFE7FB0B0AA80446AFE7FB00B848055
:1040F000846AFE7FB00884808E6AFE7FB0B0B08094
:104100008C6AFE7FB0B0AC80BA6AFE7FB0AA09802C
:104110001A6BFE7FB0B0B0801C6BFE7F0100000008
:10412000226BFE7FB0088480206BFE7F01000000C0
:10413000726DFE7FB0B0B080BC6DFE7F01000000EC
:10414000189AFE7FB0088480209AFE7F010000004C
:104150001C9AFE7F08840380689AFE7FB0088480E2
:10416000709AFE7F01000000189EFE7FB0088480D8
:104170003C9EFE7FB0B0B0803C9EFE7F0100000000
:104180004A0024F4001C1702085A33E8030A153DBC
:104190000F000885A10108014201C201320142015C
:1041A000421005FFAAAAAAAA01FF011900000000F7
:04000005080001AD41
:00000001FF
