S3150800000038D00120550300085D5900082D54000812
S3150800001059590008D11C0008917600080000000014
S3150800002000000000000000000000000091690008C0
S31508000030851F000800000000015F0008256A000807
S315080000406F0300086F0300086F0300086F030008BA
S315080000506F0300086F0300086F0300086F030008AA
S315080000606F0300086F0300086F0300086F0300089A
S315080000706F0300086F0300086F0300086F0300088A
S315080000806F0300086F0300086F0300086F0300087A
S315080000906F0300086F0300086F0300086F0300086A
S315080000A06F0300086F0300086F0300086F0300085A
S315080000B01D6B00086F0300086F0300086F03000834
S315080000C06F0300086F0300086F0300086F0300083A
S315080000D06F0300083D7600086F0300086F030008E9
S315080000E06F0300086F0300086F0300086F0300081A
S315080000F06F0300086F0300086F0300086F0300080A
S315080001006F0300086F0300086F0300086F030008F9
S315080001106F0300086F0300086F0300086F030008E9
S315080001206F030008CD1D0008DD1D00086F030008D9
S315080001306F0300086F0300086F0300086F030008C9
S315080001406F0300086F0300086F0300086F030008B9
S315080001506F0300086F030008ED1D00086F03000811
S315080001606F0300086F0300086F0300086F03000899
S315080001706F0300086F0300086F0300080000000003
S315080001806F0300086F0300086F0300086F03000879
S315080001906F0300086F0300086F0300086F03000869
S315080001A06F0300086F030008BD1D000800F002F881
S315080001B000F0C1F814A696E8000CB244B344DA4538
S315080001C001D100F0B8F8BAE80F000FA696E830009B
S315080001D0A5EB040504EB0607AAEB0704A7F101073C
S315080001E04FEA15154FEA3414A4F10104AC4201D3C1
S315080001F000F0A1F813F0010F18BFFB1A43F0010332
S3150800020000F001F8DBE7184720330300403303000A
S315080002100A4410F8014B14F00F0508BF10F8015BEB
S31508000220240908BF10F8014B6D1E05D010F8013BD4
S315080002306D1E01F8013BF9D1641E03D0641E01F856
S31508000240015BFBD19142E4D3704700007047000080
S315080002500023002400250026103A28BF78C1FBD8C1
S31508000260520728BF30C148BF0B6070476E2900F09F
S315080002704584702900F09385662920F068856529EC
S3150800028020F06585672920F06285612920F061855F
S3150800029003681B0A28BF41F08001692900F0F28330
S315080002A0642900F0EF83752900F0EC836F2900F0CC
S315080002B02185782900F05F85E92900F0BB84E429C7
S315080002C000F0B884F52900F0B584EF2900F01E8502
S315080002D0F82900F05E850368DB0928BF41F0800134
S315080002E0632901F0C182732901F0C682E32901F06E
S315080002F0D182F32901F0D682002070471FB520F07D
S3150800030019FD9DE8030000F0CFFA01F079FB04001F
S315080003100020002120F080F8401C606000200021A9
S3150800032020F064F8E06000F08DFA1FBD10B50020DB
S3150800033001F0F5FA10BD01F035FB1146FFF7DEFFB7
S315080003401BF0A2F901F012FC03B4FFF7EFFF03BCA0
S315080003501AF070FC0948804709480047FEE7FEE79F
S31508000360FEE7FEE7FEE7FEE7FEE7FEE7FEE7FEE757
S3150800037004480549054A064B70470000096B000802
S31508000380AD01000838B0012038D0012038C001205E
S3150800039038C0012070B5064600F06AFA056806F10D
S315080003A00B0020F00704B4429CBF002070BD2B460A
S315080003B06A68BAB11068A04210D304F108018842ED
S315080003C03CBF5068586007D35168101941601168DE
S315080003D0091B016058601460101D70BD13465268F1
S315080003E0002AE7D12146284600F04AFA0028DED13D
S315080003F070BD70B50446051F00F03AFA0068002C77
S3150800040014BF446870BD002C18BFAC423CBF2046E0
S315080004106468F8D301680A18AA4218BF456003D170
S315080004202A6805461144016028684119A1421CBF83
S315080004306C6070BD6168696021680844286070BD99
S3150800044070B50D460646041F00F012FA0268BDB1E3
S31508000450DEB105F10B0020F00701A9423CBF0020E0
S3150800046070BD23688B4238BF506813D35A1A082ABE
S3150800047036D3601840F8042B2160FFF7BAFF2FE047
S315080004803046FFF7B6FF002070BD2846BDE870402D
S31508000490FFF780BF002818BFA0423CBF024640684D
S315080004A0F8D303EB040C84451CD1D0F800C0634490
S315080004B0994217D8A3EB010CBCF1080F0DD3D0F85D
S315080004C004C06318C3F804C0D4F800C000686044C8
S315080004D0401A18602160536002E02360406850604B
S315080004E0201D70BD2846FFF755FF050008D0314688
S315080004F02068021F284600F01EF9201DFFF779FF25
S31508000500284670BD53EA020C00F069802DE9F04BCD
S315080005104FF00006002B1FBFB3FA83F503FA05F464
S3150800052024FA05F65E4012BF1643B2FA82F502FABD
S3150800053005F4C5F120051EBF22FA05FC44EA0C04A1
S31508000540203556EA044C4FEA144418BF641C4FF091
S3150800055000084FF00009904271EB030C39D30029CB
S3150800056019BFB1FA81F701FA07F6B0FA80F700FA6F
S3150800057007F6C7F120071EBF20FA07FC46EA0C0655
S315080005802037B6FBF4FCA7EB0507103F07F01F0B57
S31508000590CBF120062CFA06F60CFA0BFB44BFB34641
S315080005A00026202FA4BF5E464FF0000B5BEA060C20
S315080005B008BF4FF0010B19EB0B0948EB0608ABFB1C
S315080005C0027C06FB02CC0BFB03CCC01B71EB0C01B7
S315080005D0C1E70B46024641464846BDE8F08B13B5CF
S315080005E0084318BF4FF0FF300146AFF30080BDE85F
S315080005F01C4070470FB4044910B503AA029800F0CE
S31508000600A9FA10BC5DF814FB40A800200FB40146F7
S3150800061010B504AA039800F09DFA10BC5DF814FB07
S315080006200B460146184600F094BC00000EB5054678
S3150800063014460E4613A000F0A3FC284600F0A0FCC2
S3150800064016A000F09DFC304600F09AFC15A000F0BC
S3150800065097FC00218DF80B100A210DF10A008DF880
S315080006600A1008E094FBF1F201FB124294FBF1F444
S31508000670303200F8012D002CF4DC00F081FC00F08B
S315080006805DFC00002A2A2A20617373657274696FFB
S315080006906E206661696C65643A2000002C206669E4
S315080006A06C6520002C206C696E652000032A40F2D8
S315080006B0308010F0030C00F0158011F8013BBCF1F6
S315080006C0020F624498BF11F801CB00F8013B38BF0E
S315080006D011F8013BA2F1040298BF00F801CB38BF1C
S315080006E000F8013B11F0030300F02580083AC0F03A
S315080006F0088051F8043B083A51F804CBA0E80810E2
S31508000700F5E7121D5CBF51F8043B40F8043BAFF314
S315080007100080D20724BF11F8013B11F801CB48BF6E
S3150800072011F8012B24BF00F8013B00F801CB48BFA4
S3150800073000F8012B704710B5203AC0F00B80B1E8DD
S315080007401850A0E81850B1E81850A0E81850203AF8
S31508000750BFF4F5AF5FEA027C24BFB1E81850A0E801
S31508000760185044BF18C918C0BDE810405FEA827C1B
S3150800077024BF51F8043B40F8043B08BF7047D20732
S3150800078028BF31F8023B48BF11F8012B28BF20F8D3
S31508000790023B48BF00F8012B704702F0FF0343EA0B
S315080007A0032242EA024200F024B84FF0000204296C
S315080007B0C0F0128010F0030C00F01B80CCF1040C82
S315080007C0BCF1020F18BF00F8012BA8BF20F8022BB6
S315080007D0A1EB0C0100F00DB85FEAC17C24BF00F85C
S315080007E0012B00F8012B48BF00F8012B70474FF08A
S315080007F0000200B5134694469646203922BFA0E863
S315080008000C50A0E80C50B1F12001BFF4F7AF09076E
S3150800081028BFA0E80C5048BF0CC05DF804EB89005F
S3150800082028BF40F8042B08BF704748BF20F8022BA2
S3150800083011F0804F18BF00F8012B704770477047BA
S315080008407047000008487CB578440090074878440B
S31508000850009C0546019004E020460168084480474C
S31508000860241DAC42F8D17CBD282F03002E2F03008F
S315080008700048704768020020704770477047704705
S3150800088038B504460A4600206946AFF300800028BA
S3150800089008BF38BD02460099204600F097FB0120A4
S315080008A038BD012001F063B8F8B5AFF300800546FE
S315080008B000200C460C2000BF0646A819A0420DD9F8
S315080008C0324669460020AFF30080070008BF01F0F2
S315080008D04EF80098A04218BF0546C419FFF7C8FF8E
S315080008E005600746F01D20F007004619284600F067
S315080008F00AF8B44208BFF8BDA21B31463868BDE8FD
S31508000900F84000F063BB00210160416070470C208D
S3150800091070472DE9F04791460C468046FFF7A8FF39
S315080009200768604234EA000001D1042C02D205208F
S31508000930BDE8F087601E40F0070609F10B0020F0BD
S3150800094007054D4539D93B467A6882B31468101DA8
S31508000950404206EA000C644525D9A4EB0C00854202
S3150800096021D8BCF1000F0BD0104601686244A1EBF8
S315080009700C01116041685160C0F800C05860034618
S31508000980116805F10800814205D35019491B016019
S3150800099015605860034652F8040F58600020C8F8DE
S315080009A00020BDE8F08713465268002ACED12946B2
S315080009B03846FFF765FF0028C5D10620BDE8F08751
S315080009C070B5044685690068C10601D5302600E081
S315080009D02026C00707D070BDD4E9012130469047CC
S315080009E0206A401C20626D1EF6D570BD70B504469F
S315080009F085690078C00707D170BDD4E90121202098
S31508000A009047206A401C20626D1EF6D570BD0968A5
S31508000A104A0501D540B27047C905FCD500B27047F2
S31508000A2009684A0501D5C0B27047C905FCD580B228
S31508000A30704770B50C460546012A05D02878800609
S31508000A4000D5EA69002302E0012305E05B1C934216
S31508000A5002D2E05C0028F9D1A869E618C01AA86194
S31508000A60286A184428622846FFF7AAFF04E0D5E951
S31508000A70012114F8010B9047B442F8D32846FFF732
S31508000A80B5FF70BD2DE9F0410646002410687529AA
S31508000A90314616A510D0FFF7BAFF002802DA404201
S31508000AA013A507E031688A0701D512A502E04907B0
S31508000AB004D511A5012401E0FFF7B2FF00210A229F
S31508000AC006F1240709E0B0FBF2FCB0FBF2F302FBE7
S31508000AD01C00303078541846491C0028F3D12346A8
S31508000AE02A463046BDE8F04100F0CFBA00000000C3
S31508000AF02D0000002B00000020000000116802688D
S31508000B00006A530501D508700AE0D30501D50880A7
S31508000B1006E0130603D5C217C1E9000200E0086023
S31508000B200120704701694A1C02610878704700B5C0
S31508000B308FB0CDE901310021059105497944CDE908
S31508000B4003101146684600F035F90FB000BD0000E5
S31508000B50E5FFFFFF074B70B50D467B44FFF7E7FF40
S31508000B600446284600F0A2FE10B14FF0FF3070BDD3
S31508000B70204670BDB7A401002DE9FF5F15468A46D9
S31508000B800446DFF8AC80F8440027D8E900103E4652
S31508000B90CDE9001010E05AF826106A4602A800F0BF
S31508000BA09AFE411C07D02178890603D5E2693918CF
S31508000BB091420DD80744761C2078800602D5E06954
S31508000BC0B84205DDAE42E6DB5AF826000028E2D137
S31508000BD0A069C01BA0612046FFF7F2FED8E9001005
S31508000BE0CDE90010002017E05AF828106A4602A836
S31508000BF000F071FEB0F1FF3F81460BD000250DF1E4
S31508000C00080B05E0D4E901211BF8050090476D1C87
S31508000C104D45F7D308F10100B0428046E4DB206A6F
S31508000C20384420622046FFF7E1FEBDE8FF9F00003A
S31508000C30F60502002DE9F0418046D21D22F0070292
S31508000C400025D2E90002F52915A614D0011E72F175
S31508000C50000106DA0023D0EB030063EB020211A6BB
S31508000C6008E0D8F800108B0701D50FA602E049075F
S31508000C7001D50EA601251146002408F1240704E033
S31508000C8000F0BEF930323A55641C50EA0102F7D139
S31508000C902B46324621464046BDE8F04100F0F5B9FC
S31508000CA0000000002D0000002B00000020000000BE
S31508000CB030B4002100F1240408E002F00705D20848
S31508000CC0303542EA4372DB086554491C52EA03058B
S31508000CD0F3D10468002310A2250708D504F02004E0
S31508000CE00C4304D0C46901230CA2641EC46130BC41
S31508000CF000F0CBB910B5044621461068FFF790FE00
S31508000D0002462046BDE810400023D1E7D21D22F056
S31508000D100701D1E90023CBE70000000030000000FE
S31508000D20F0B40D460188090502D5214C7C4402E041
S31508000D301F4C7C440E34002100F1240608E002F022
S31508000D400F071209E75D42EA03721B097754491C2B
S31508000D5052EA0307F3D102780023120704D5702D4F
S31508000D6006D009B1022311342246F0BC00F08DB931
S31508000D7001231034F8E770B504460D46214610687D
S31508000D80FFF74EFE024629462046BDE8704000237E
S31508000D90C6E7D21D22F00703D3E90023C0E703689C
S31508000DA0126843F0200303600823C3610023B7E7F2
S31508000DB0580402002DE9F05F894604464FF0000A00
S31508000DC0DFF874B1FB44C0F820A02046E1688847E4
S31508000DD0002874D0252806D0D4E901219047206A36
S31508000DE0401C2062F1E700265F462046E1688847F6
S31508000DF02028054607DB312D05D2781910F8200C76
S31508000E0008B10643F1E7B00701D526F00406C4F891
S31508000E101CA00027C4F818A02A2D09D028461FF0C0
S31508000E20DDFA38B304EB8708303DC8F8185019E0E6
S31508000E3059F8041B204604EB87029161E16888474C
S31508000E40012F054618D1E069002820DA26F0200689
S31508000E501DE0D8F8180000EB800005EB400030389C
S31508000E60C8F818002046E168884705461FF0B6FA14
S31508000E700028EED1012F0AD02E2D08D12046E16890
S31508000E8088477F1C0546022F46F02006C4DBA0696A
S31508000E90002803DA404246F00106A061F00701D0B7
S31508000EA026F010066C2D0BD0682D09D04C2D39D0A4
S31508000EB06A2D35D0742D35D07A2D33D016E038E02A
S31508000EC0E1682F4620468847B842054609D16C2F67
S31508000ED026D04FF48060E1680643204688470546D9
S31508000EE004E06C2F1AD04FF4807006430DB3A5F1B9
S31508000EF04100192802D8203546F400664A46294694
S31508000F00204626604E46FFF7B1F980B101280BD07E
S31508000F10F61D26F0070000F1080956E74020E4E729
S31508000F208020D8E70020D6E706F104094DE72846D1
S31508000F3052E7206ABDE8F09FE803020010B50020DA
S31508000F4000F00EFDFFF7F2F9BDE81040012019F098
S31508000F5071BE2DE9F041074615460E461020FFF7EB
S31508000F6019FA04000AD06760C4E9026500F02AF895
S31508000F700168216004600020BDE8F0810120FBE7DC
S31508000F80014900F097BC0000ECA7002080E8FF1F8D
S31508000F90C0F834D0C0F838E0C0F83CE04FF00000A4
S31508000FA0704700BF80EC200B704700BF80EC200B19
S31508000FB0704700BFC0EC200B704700000048704720
S31508000FC060020020004870479802002003464068E7
S31508000FD08C46002818BF88423CBF03464068F8D3B1
S31508000FE018681844884207D00CF1030020F007005F
S31508000FF0001D411A521A0146081D0A60FFF7F9B981
S3150800100030B5B0F10A0271F100034FEA900E4EEACC
S31508001010817EB0EB0E0061EB91014FEA101E4EEA9D
S31508001020017E10EB0E0041EB11114FEA102E4EEA2D
S31508001030016E10EB0E0041EB11214FEA104E4EEAFD
S31508001040014E10EB0E0041EB1141401841F1000131
S315080010504FEAD00040EA41704FEAD1014FEA8104D5
S3150800106044EA907410EB800544EB01046D1944EBD7
S315080010700404521BA3414FF0000348BF0A3200D5AF
S3150800108030BD401C41F1000130BD2DE9F0470D4649
S3150800109099469246044600F124080168880604D554
S315080010A0E06921F01001216000E00120A84201DD7D
S315080010B0471B00E00027A1697A1902EB0900081A04
S315080010C0A0612078C00602D42046FFF779FC0026E6
S315080010D008E0D4E901211AF806009047206A401C66
S315080010E0761C20624E45F4DB2078C0060AD52046D9
S315080010F0FFF766FC06E0D4E9012130209047206A14
S31508001100401C2062381EA7F10107F4DC07E0D4E989
S31508001110012118F805009047206A401C2062281E05
S31508001120A5F10105F3DC2046FFF760FC20780006F0
S3150800113002D50220BDE8F0870120FBE72DE9FF4F25
S315080011400C461E464FF0FF378BB0D2E90001DDF89A
S3150800115060800A908A46C1F30A5505B93D460021C2
S3150800116008464FF00000BAF1000F00F4400005DA17
S3150800117000EB80004FF4400101EA50004FEA905915
S31508001180B9F1010F00DDB9460A9850EA4A000ED0B7
S3150800119044F61050A5F2FF3545432F14B8F1000F59
S315080011A01ED07542291E1EDDC9F100021CE0B8F1E9
S315080011B0010F4FF0000001D0302103E0F24305E0B3
S315080011C02154401CB042FBDB30460022002121544A
S315080011D00B99C1F80880C1E900200FB0BDE8F08F6F
S315080011E0BD1B6D1CDEE74A4600DA694206A800F018
S315080011F04BFC06AB93E8070003AB83E807005046B1
S315080012000A991EF00BFD8DE80700A0F500501F385F
S3150800121000900398002D0ADD42F21F014A46084451
S31508001220002303A9039068461EF074FF09E0A0F5A1
S3150800123000504A461F38002303A9039068461EF04B
S315080012407EFF8DE807000004000C03D04FF0FF3046
S31508001250410800E01046B8F1000F03D000220092C2
S3150800126015461EE0751E05D4FFF7CAFE30326255D4
S315080012706D1EF9D5B3460122084302D000227F1C11
S3150800128004E02078302801D100227F1E002A099721
S3150800129084D01DE0112D07DAFFF7B2FE3032625511
S315080012A06D1C50EA0102F5D1084302D00098C8B176
S315080012B00EE00021681E05E0235C625C635422543C
S315080012C0401E491C8142F7DBAB46A81B401E09900D
S315080012D0002004F80B000B98099AC0F80880C0E9AA
S315080012E0002B7AE711264FF0000857E72DE9F04F53
S315080012F088460446D21D22F0070191B0D1E90001C3
S31508001300CDE90A011FF052F802460B98C00F01D02A
S315080013102D2007E02068810701D52B2002E0202137
S3150800132001EAC000032A099001D0072A05DB034613
S315080013304146204600F068FB0BE12078800601D57F
S31508001340E06900E00620B8F1650F814606D0B8F1DD
S31508001350660F18D0B8F1670F70D131E00020B9F1E7
S31508001360110F009001DB112301E009F101030AAA1C
S3150800137001A90CA8FFF7E2FEDDE90C70002609F1C9
S315080013800105834647E001204B4600904FF0004791
S315080013900AAA01A90CA8FFF7D1FEDDE90DB00C9940
S315080013A05D46002610B909F101000D18B9EB0500D4
S315080013B003D4C0F1FF3609F10105A5EB09002BE0BE
S315080013C0B9F1010F01DA4FF001090020B9F1110F47
S315080013D00090484601DD112300E003460AAA01A948
S315080013E00CA8FFF7ABFEDDE90C704D4600268346D8
S315080013F0207800070AD4AB4500DA5D4601A8012D1E
S3150800140004DD411911F8011C302907D04F4502DACD
S3150800141017F1040F04DA012082460FE06D1EEEE78D
S31508001420002F02DCED1B3E4403E0781CA84200DDD9
S315080014307D1CB81B00F1010A4FF000472078000711
S3150800144003D4AA4501DB4FF0FF3A0021B7F1004F5C
S315080014500DF143088DF8431024D002202B23002FCA
S3150800146001DA7F422D230A21021EA0F1010000DCC9
S315080014705FB197FBF1FC97FBF1F201FB1C7C174669
S315080014800CF1300C08F801CDEEE7A8F10100037065
S315080014902188090501D5452100E06521A0F101084B
S315080014A000F8011C09980FA9A1EB0807FF1D00B158
S315080014B00120411901EBEA70A1693844081A401E57
S315080014C0A0612078C00602D42046FFF779FA099869
S315080014D028B1D4E901219047206A401C206220786F
S315080014E0C00622D52046FFF76BFA1EE0002E04DB65
S315080014F0B34502DD01A8805D00E03020D4E9012172
S315080015009047206A401C2062761CAAF101005FEA17
S31508001510000A0AD100F074FAC0680168405CD4E990
S3150800152001219047206A401C2062281EA5F101056A
S31508001530DCDC07E0D4E9012118F8010B9047206AA2
S31508001540401C2062381EA7F10107F3DC2046FFF78E
S315080015504DFA032011B041E62DE9F04F04460D4639
S31508001560D21D22F0070089B0D0E9009748463946CF
S315080015701EF01CFF0246F80F01D02D2307E0206855
S31508001580810701D52B2302E0202101EAC0038DF84B
S3150800159020300BB1012000E00020032A824601D04A
S315080015A0072A04DB2946204600F02EFA3FE1207878
S315080015B0800601D40D2500E0E569C7F30A560D2D0E
S315080015C049DA00214FEA175B08464FF00000002F62
S315080015D000F4400007DA00EB80004FF4400100EB0E
S315080015E0D07001EA60008115012901DD4FF0FF3155
S315080015F000224FEA850CBCF1180F06D31346ACF14E
S3150800160018004FF08052C24003E04FF4801323FACB
S315080016100CF30CF10C0CBCF1200F04D3ACF1200C2C
S3150800162009FA0CF001E007FA0CF000294FF000481F
S3150800163001DD18B90FE00ED140450CD319EB0209AC
S315080016405F4121B9404502D19F4329EA0209BBEB14
S31508001650175F00D0761C2088000502D57B487844A1
S3150800166002E07A487844193808AA302302F80A3082
S31508001670037C0AF10101002E0AF1020A53546A4654
S3150800168002DC4FF0300101E04FF031014FF0010864
S315080016908DF8001002D0A6F2FF3603E059EA47019A
S315080016A000D06B4E002D02DC2178090704D54FF0D7
S315080016B002082E218DF80110C44600210BE0C7F35D
S315080016C003433F01C35C491C6D1E02F80830052917
S315080016D008F1010801DA002DF1DC00210CE000EB2D
S315080016E01973491C1B786D1E082902F808304FEA41
S315080016F0091908F1010801DA002DF0DC21688B06CA
S3150800170002D516E0A8F10108E04505DD02EB08035D
S3150800171013F8013C302BF5D0B8F1000F09DD02EBC8
S31508001720080313F8013C2E2B03D1090701D4A8F1AD
S315080017300108002D05DD3E2102F808106D1E08F18E
S315080017400108407C002E02F8080008F1010804DAB6
S315080017502D20764202F8080002E02B2002F8080045
S315080017600A214FF47A70864208F101080BDB96FBD2
S31508001770F0F3303302F8083096FBF0F308F101086D
S3150800178000FB136601E0642E0CDB642096FBF0F385
S31508001790303302F8083096FBF0F308F1010800FB35
S315080017A0136601E00A2E06DB96FBF1F0303002F8EC
S315080017B0080008F1010896FBF1F001FB10603030D3
S315080017C002F80800A16908F1010808EB050202EB16
S315080017D00A00081AA0612078C00602D42046FFF73E
S315080017E0EFF8216A08AE01EB0A00206204E0D4E9AA
S315080017F0012116F8010B9047BAF1010AF7D22078B1
S31508001800C00602D52046FFF7DBF86E4609E016F853
S31508001810010B3E280FD0D4E901219047206A401CCD
S315080018202062B8F10108F2D22046FFF7DFF809B0C6
S315080018300320BDE8F08F206A2844206203E0D4E93B
S315080018400121302090476D1EEBD3F8E772FB0100AB
S3150800185002FCFFFF10B5436913B1AFF3008001E046
S31508001860FFF7E7F8012010BD127800F124010A708D
S3150800187000224A700122EDE711684FF0FF32E9E7CE
S3150800188010B5436913B1AFF3008001E0FFF774F9AF
S31508001890012010BD126800F1240142620022826212
S315080018A00122EDE711684FF0FF32E9E7007B00F00F
S315080018B08000704770B50D46044604E0294619F0C5
S315080018C0A9FB401C04D014F8010B0028F6D170BD02
S315080018D04FF0FF3070BD2DE9F04116460C4605461F
S315080018E000F086F8036893F80101012807D0FF2C59
S315080018F012D8185D80B101202C70BDE8F081D3F8AC
S3150800190007013246214603F20713C7182846BC4684
S31508001910BDE8F041012360474FF0FF30EDE72DE9C0
S31508001920F0410646FFF74EFB8046454613E016B1E2
S31508001930E068B0420ED120682860D4E90101D8F8E1
S31508001940007088472046FEF754FDD8F80000B842D4
S31508001950EBD100E025462C68002CE8D1BDE8F081E3
S3150800196010B500F011F9BDE8104000F008B910B53F
S3150800197000F022F9BDE8104000F001B986469EE85D
S31508001980FF1FDEF834D0DEF83CE0704790EC200B01
S31508001990704700BF90EC200B704700BFD0EC200BBF
S315080019A0704770477546FFF709FBAE46050069465E
S315080019B0534620F00700854618B020B5FEF7D8FC38
S315080019C0BDE820404FF000064FF000074FF0000832
S315080019D04FF0000BAC46ACE8C009ACE8C009ACE86F
S315080019E0C009ACE8C00921F007018D467047000020
S315080019F010B500F005F8001D10BD00BF1DEA010076
S31508001A0000487047800200202DE9F0411F46044631
S31508001A1003260168072A01F4006004DB08B116A54D
S31508001A2005E016A503E008B115A500E015A521F007
S31508001A3010002060A069C01EA0610FB1401EA06101
S31508001A402046FEF7BDFF4FB1D4E90121384690473D
S31508001A50206A401C2062C01C206206E0206AFAE761
S31508001A60D4E9012115F8010B9047761EF8D22046D5
S31508001A70FEF7BCFFBDE8F0814E414E006E616E0078
S31508001A80494E4600696E66002DE9F04781461646BE
S31508001A908AB0354878440DC88DE80D003248784438
S31508001AA0801C03AC0DC884E80D0041F69B30084441
S31508001AB0372190FBF1F290FBF1F5A5F1800501FBCA
S31508001AC012041B3C02D56442012000E00020DFF826
S31508001AD098A080460027FA44AAF1BE0A0EE0E0075D
S31508001AE00AD03246684607EB470101230AEB810113
S31508001AF01EF025FB8DE8070064107F1C002CEED134
S31508001B00194F7F44AE3F19E0E80715D007EB0410DC
S31508001B100DF1180A90E80E008AE80E00C068F04237
S31508001B2001D1981908903246012306A903A81EF088
S31508001B3006FB03AB83E807006D10641C002DE3D198
S31508001B404FF0010332466946B8F1000F03A802D0E8
S31508001B501EF0E0FA01E01EF0F2FAC9E90001C9F840
S31508001B6008200AB0BDE8F087CCF7010010B5044696
S31508001B70AFF300802046BDE81040FEF7E5BB00281D
S31508001B8001D019F057B8704710B5002102A000F02F
S31508001B9079F8012010BD0000534947414252543A92
S31508001BA02041626E6F726D616C207465726D696E2C
S31508001BB06174696F6E00000010B5012805D0002118
S31508001BC003A000F05FF8012010BD09A1F8E70000A6
S31508001BD053494752544D454D3A204F7574206F6608
S31508001BE02068656170206D656D6F72790000000070
S31508001BF03A2048656170206D656D6F727920636F54
S31508001C00727275707465640030B44FF0013C50F818
S31508001C10042B51F8043BCCFA52F4D51A20D1FCB95E
S31508001C2050F8042B51F8043BCCFA52F4D51A17D1C4
S31508001C30B4B950F8042B51F8043BCCFA52F4D51A2F
S31508001C400ED16CB950F8042B51F8043BCCFA52F477
S31508001C50D51A05D1002CDAD030BC4FF000007047F9
S31508001C6029BAB1FA81F111F01801D1F120008440A6
S31508001C70F2D1CA40CB4012F0FF0213F0FF0330BC8A
S31508001C80D01A704770B505460C460A2000E06D1C50
S31508001C9000F011F835B128780028F8D102E0641C64
S31508001CA000F009F814B120780028F8D1BDE8704092
S31508001CB00A20AFF3008008B569468DF800000320B6
S31508001CC0ABBE08BD80B54FF4204019F00DF880BDB5
S31508001CD0FFE7FEE7B0B5304A4CF24025136823F01B
S31508001CE0010313602D4A4FF6F07314681C40AC428A
S31508001CF005D0146823404CF27024A3422BD12B4AFA
S31508001D00126832B12B4A012393609368002BFCD1E9
S31508001D101AE0274A13686FF31F33B3F58A6F0DD09D
S31508001D20136840F283446FF31F33A34206D0126848
S31508001D3040F285436FF31F329A42E3D11E4A0123CC
S31508001D4093609368002BFCD110601068401AB0FAB3
S31508001D5080F04009B0BD14684FF6F0734DF22025A7
S31508001D601C40AC4205D012681A404DF230239A4204
S31508001D70C8D10B4A0B4CD2F8F833A3420AD1D2F891
S31508001D80FC33094CA34205D1012393609368002BC9
S31508001D90FCD1D9E70020B0BD002000E000ED00E04E
S31508001DA0004C02460100170001DDC5A3002004E02F
S31508001DB00010005C00300240004C025880B54AF61C
S31508001DC0B400C2F2000000F027FA80BD80B54AF6DA
S31508001DD0F800C2F2000000F04BFC80BD80B54AF660
S31508001DE05C10C2F2000000F043FC80BD80B54AF6E4
S31508001DF0C010C2F2000000F03BFC80BD82B001902A
S31508001E000198007810384AF6AB21CAF6AA21A0FB39
S31508001E10011000090090009941F2D420C0F6020092
S31508001E20405C019908660098042807D3FFE70199E2
S31508001E300868042262F30900C86506E00199086883
S31508001E4040F2FF329043C865FFE70198C06D02B0C3
S31508001E507047000086B00590002004900598806AB7
S31508001E6003900598806900BBFFE703980290032852
S31508001E7019D80299DFE801F0020C0216059890F8C5
S31508001E802F00C00718B1FFE701200490FFE70BE019
S31508001E900598C06AB0F1C07F03D1FFE7012004901E
S31508001EA0FFE701E000E0FFE740E005988069B0F54C
S31508001EB0005F22D1FFE70398019003281BD80199F8
S31508001EC0DFE801F00205020F0120049014E00598EE
S31508001ED090F82F00C00718B1FFE701200490FFE72C
S31508001EE00AE00598C06AB0F1C07F03D1FFE7012078
S31508001EF00490FFE700E0FFE717E003980090032847
S31508001F0004D3FFE70098032803D00CE001200490CF
S31508001F100AE0059890F82F00C00718B1FFE70120DE
S31508001F200490FFE700E0FFE7FFE7FFE7049806B045
S31508001F307047000084B003900291019200930398C1
S31508001F400168086820F480200860009803990968E9
S31508001F50486003988068402809D1FFE701980399EB
S31508001F6009688860029803990968C86008E00298B9
S31508001F70039909688860019803990968C860FFE7AA
S31508001F8004B070477047000080B50BF0EDFF80BDC8
S31508001F9080B54FF4054018F0A7FE642018F0F4FF4A
S31508001FA080BD000072B6FFE7FEE7000081B0009032
S31508001FB00098006980B201B07047000080B586B00D
S31508001FC005908DF8131000208DF812008DF8110079
S31508001FD08DF81000ADF80E008DF81200FFE79DF899
S31508001FE012009DF81310884234DAFFE70020C4F285
S31508001FF002000290102101910022009201F06EF871
S31508002000009818F0F7FE009818F0F4FE18F0AAFEEB
S315080020108DF8110018F0A6FE0199024602988DF86F
S315080020201020012201F05AF89DF811109DF81000B1
S3150800203040EA0120ADF80E00BDF80E0005999DF89E
S31508002040122021F81200FFE79DF8120001308DF8E2
S315080020501200C4E706B080BD80B582B00090009833
S3150800206018B9FFE70120019010E00098806838B998
S31508002070FFE7009900204860009800F00BF8FFE79A
S3150800208000990120886000200190FFE7019802B0BE
S3150800209080BD000082B001900198006843F20001FB
S315080020A0C4F20201884212D1FFE7FFE70020009040
S315080020B043F63000C4F20200016841F48051016021
S315080020C0006800F4805000900098FFE7FFE702B030
S315080020D07047000081B0009001B0704786B0049048
S315080020E0039104984068B0F5403F06D0FFE704988E
S315080020F0406808B1FFE7FFE7FFE7FFE70498806B52
S31508002100012803D1FFE70220059081E00499012008
S315080021108863FFE7FFE704990220C86304980399D8
S3150800212000EB01101830029002994868896840EA65
S31508002130014000900F20CFF6037001900298406886
S315080021400A2805D0FFE702984068092807D1FFE763
S315080021500298C17B009840EA0160009006E0029868
S31508002160C168009840EA01600090FFE7039810BB39
S31508002170FFE704980068406A019988430099084374
S315080021800499096848620298006804990968886190
S31508002190029840680A2805D0FFE70298406809288F
S315080021A008D1FFE70298C06820F07F4004990968C3
S315080021B08862FFE721E004980068C06901998843AE
S315080021C00099084304990968C86102980068049947
S315080021D009680861029840680A2805D0FFE702984E
S315080021E04068092808D1FFE70298C06820F07F40B8
S315080021F0049909680862FFE7FFE704990120C863A4
S31508002200FFE7049900208863FFE700200590FFE7B1
S31508002210059806B07047000080B584B0039003980F
S3150800222000684068029003980068006801909DF86D
S315080022300800C00730B3FFE79DF80500C00700B3E4
S31508002240FFE703980168086820F48070086003991E
S31508002250086C40F001000864039801680120886052
S3150800226003990420C863FFE7039900208863FFE702
S315080022700398406920B1FFE7039841698847FFE75B
S31508002280FFE7FFE79DF808008006002827D5FFE747
S315080022909DF805008006002820D5FFE70398016809
S315080022A0086820F4005008600398016820208860B8
S315080022B00399086C40F00200086403990420C86377
S315080022C0FFE7039900208863FFE70398406920B178
S315080022D0FFE7039841698847FFE7FFE7FFE79DF8AF
S315080022E008000007002827D5FFE79DF80500000726
S315080022F0002820D5FFE703980168086820F40060E5
S31508002300086003980168082088600399086C40F003
S315080023100400086403990420C863FFE703990020B2
S315080023208863FFE70398406920B1FFE7039841698E
S315080023308847FFE7FFE7FFE79DF808004007002802
S3150800234015D5FFE79DF80500400700280ED5FFE7DD
S3150800235003980168086820F480600860039801689B
S3150800236004208860039800F097F8FFE7FFE79DF8D8
S3150800237008008007002825D5FFE79DF80500800797
S3150800238000281ED5FFE703980168086820F4007046
S31508002390086003980168022088600399086C08643D
S315080023A003990120C863FFE7039900208863FFE7C4
S315080023B00398006920B1FFE7039801698847FFE79A
S315080023C0FFE7FFE79DF80800C006002820D5FFE7CD
S315080023D09DF80500C006002819D5FFE7039801688F
S315080023E0086820F480500860039801681020886007
S315080023F00399086C086403990120C863FFE70399E9
S3150800240000208863FFE70398FFF764FEFFE7FFE70E
S3150800241004B080BD80B582B00090009818B9FFE777
S315080024200120019034E00098C06B38B9FFE70099A5
S3150800243000208863009800F033F8FFE7009902202F
S31508002440C86300980068006820F44030009A116854
S3150800245052681043086000980068406B20F0070037
S31508002460009A116892681043486300980068006CE7
S3150800247043F6FF718843009A1168D26810430864CE
S31508002480009900200864009A0121D1630190FFE7B2
S31508002490019802B080BD000081B0009001B070477D
S315080024A080B584B00390039800684BF20001C4F22B
S315080024B0020188421BD1FFE7FFE70020029043F69E
S315080024C03000C4F20200016841F4000101600068AE
S315080024D000F4000002900298FFE75A2001900521B7
S315080024E0002200F0A5FE019800F09AFEFFE704B06E
S315080024F080BD000080B584B002900298C06D01903E
S3150800250000F002FE00900298806B02280BD0FFE7CD
S31508002510029980208865FFE7029900204863FFE753
S31508002520012003904FE002980168086820F0160021
S31508002530086002980168486920F08000486102989E
S31508002540406C20B9FFE70298C06C38B1FFE70298E3
S315080025500168086820F008000860FFE7029801682B
S31508002560086820F001000860FFE702980068006824
S31508002570C007B0B1FFE700F0C7FD0099401A06286A
S315080025800ED3FFE702992020886502990320886305
S31508002590FFE7029900204863FFE70320039012E053
S315080025A0E3E70298016E3F20884001998860029906
S315080025B001208863FFE7029900204863FFE7FFE7E9
S315080025C000200390FFE7039804B080BD82B0009016
S315080025D00098806B022806D0FFE70099802088655E
S315080025E0012001900CE00099052088630098016895
S315080025F0086820F001000860FFE700200190FFE767
S31508002600019802B07047000080B582B00190019829
S315080026104AF62421C2F20001896C884225D1FFE7D7
S3150800262040F21430C2F20000002101704AF624205C
S31508002630C2F2000003681A6822F040021A60C160FC
S315080026400268116821F4006111600168086840F0A9
S315080026504000086041F20000C4F202001021012285
S3150800266000F03CFDFFF790FCFFE702B080BD0000DC
S3150800267080B586B005900020039040F20000C2F2B3
S315080026800000006848F2B511C1F64E31A0FB0110F2
S31508002690800A02900598C06D019001980068049020
S315080026A004980599096EC840000700281AD5FFE75F
S315080026B00598006800684007002812D5FFE70598C6
S315080026C00168086820F0040008600598016E082073
S315080026D08840019988600599886D40F001008865F1
S315080026E0FFE7FFE704980599096EC840C007A0B13F
S315080026F0FFE7059800684069000600280CD5FFE743
S315080027000598016E01208840019988600599886DB1
S3150800271040F002008865FFE7FFE704980599096E0F
S31508002720C8404007002814D5FFE7059800680068E8
S31508002730800700280CD5FFE70598016E042088401D
S31508002740019988600599886D40F004008865FFE75F
S31508002750FFE704980599096EC840C006002847D5C2
S31508002760FFE7059800680068000700283FD5FFE7DF
S315080027700598016E102088400199886005980068C0
S315080027800068400300281AD5FFE705980068006826
S315080027900003002809D4FFE70598406C20B1FFE73D
S315080027A00598416C8847FFE708E00598C06C20B19A
S315080027B0FFE70598C16C8847FFE7FFE716E005982D
S315080027C000680068C005002807D4FFE70598016877
S315080027D0086820F008000860FFE70598406C20B1FB
S315080027E0FFE70598416C8847FFE7FFE7FFE7FFE744
S315080027F004980599096EC8408006002840F187802C
S31508002800FFE7059800680068C00600287ED5FFE740
S315080028100598016E20208840019988600598806B8C
S31508002820052832D1FFE705980168086820F01600E8
S31508002830086005980168486920F080004861059895
S31508002840406C20B9FFE70598C06C38B1FFE70598DA
S315080028500168086820F008000860FFE70598016E1F
S315080028603F20884001998860059901208863FFE721
S31508002870059900204863FFE70598406D20B1FFE7FA
S315080028800598416D8847FFE776E005980068006877
S31508002890400300281AD5FFE705980068006800037A
S315080028A0002809D4FFE70598806C20B1FFE7059852
S315080028B0816C8847FFE708E00598006C20B1FFE7C0
S315080028C00598016C8847FFE7FFE71EE00598006852
S315080028D00068C00500280FD4FFE705980168086856
S315080028E020F010000860059901208863FFE7059924
S315080028F000204863FFE7FFE70598006C20B1FFE773
S315080029000598016C8847FFE7FFE7FFE7FFE70598AB
S31508002910806D88B3FFE70598806DC00718B3FFE799
S3150800292005990520886305980168086820F0010064
S315080029300860FFE70398013003900299884201D99D
S31508002940FFE707E0FFE7059800680068C00700286A
S31508002950F0D1FFE7059901208863FFE70599002074
S315080029604863FFE7FFE70598006D20B1FFE7059884
S31508002970016D8847FFE7FFE706B080BD80B586B0E2
S3150800298004900020039000F0BFFB0290049818B949
S31508002990FFE7012005909BE00498406A08B1FFE72D
S315080029A0FFE7049902208863FFE70499002048633B
S315080029B0FFE704980168086820F001000860FFE74F
S315080029C0049800680068C00780B1FFE700F09CFB28
S315080029D00299401A062808D3FFE70499202088653B
S315080029E0049903208863059072E0E9E70498006873
S315080029F000680390039848F23F01CFF2100108409F
S31508002A000390049900914868D1F808C0CB680A6910
S31508002A1040EA0C00184310434A6910438A69104378
S31508002A20CA691043096A0143039808430390049846
S31508002A30406A042808D1FFE70499C86A096B01436C
S31508002A40039808430390FFE7039804990968086008
S31508002A500498006840690390039820F007000390E3
S31508002A600498416A0398084303900498406A042826
S31508002A7018D1FFE70498816A0398084303900498DD
S31508002A80C06A70B1FFE70498FFF7E4F940B1FFE7C1
S31508002A90049940208865049901208863059017E009
S31508002AA0FFE7FFE703980499096848610498FFF768
S31508002AB0A5F901900498016E3F2088400199886025
S31508002AC0049900208865049A012191630590FFE71F
S31508002AD0059806B080BD000086B004900391029266
S31508002AE000200190FFE70498406B012803D1FFE717
S31508002AF0022005903AE0049901204863FFE7FFE7C2
S31508002B000498806B012826D1FFE7039800900528D2
S31508002B101DD80099DFE801F003070B0F1317029879
S31508002B200499086416E002980499486412E0029829
S31508002B30049988640EE002980499C8640AE0029829
S31508002B400499086506E002980499486502E00120A0
S31508002B500190FFE702E001200190FFE7FFE70499F3
S31508002B6000204863FFE701980590FFE7059806B03F
S31508002B707047000080B588B00690059104920393CB
S31508002B80002002900698C06D0190FFE70698406BFA
S31508002B90012803D1FFE7022007903EE006990120AD
S31508002BA04863FFE7FFE70698806B01282AD1FFE70D
S31508002BB00699022088630699002088650698059973
S31508002BC0049A039BFFF7B6F90698016E3F208840E2
S31508002BD00199886006980168086840F01600086040
S31508002BE00698406C38B1FFE706980168086840F017
S31508002BF008000860FFE706980168086840F00100C9
S31508002C00086007E0FFE7069900204863FFE702200F
S31508002C100290FFE702980790FFE7079808B080BD83
S31508002C2080B582B043F62001C4F202014CF6FF10CB
S31508002C30CFF2FE60086000200190086043F6240188
S31508002C40C4F2020147F63312C0F277420A600860FE
S31508002C5043F61001C4F2020141F2FF72C2F2E02209
S31508002C600A60086043F61401C4F20201C1220A6030
S31508002C70086043F61801C4F2020101220A600860DE
S31508002C8000F0A6FA019802B080BD000080B582B0B7
S31508002C900190019818F058F902B080BD90B00F90D5
S31508002CA00E9100200C900B900A900D90FFE70D985E
S31508002CB00F2800F2E881FFE70D99012088400C9063
S31508002CC00E9800680C9908400B900B980C9988424E
S31508002CD040F0D481FFE70E98406800F00300012811
S31508002CE007D0FFE70E98406800F0030002282FD1AE
S31508002CF0FFE70F9880680A900D984100032000FAB4
S31508002D0001F10A9888430A900E98C0680D994900FF
S31508002D1000FA01F10A9808430A900A980F99886000
S31508002D200F9840680A900D99012000FA01F10A9857
S31508002D3088430A900E984068C0F300100D9900FA6F
S31508002D4001F10A9808430A900A980F994860FFE724
S31508002D500E98406800F00300032818D0FFE70F9884
S31508002D60C0680A900D984100032000FA01F10A98FC
S31508002D7088430A900E9880680D99490000FA01F177
S31508002D800A9808430A900A980F99C860FFE70E98B0
S31508002D90406800F00300022826D1FFE70F980D9936
S31508002DA06FF0030202EA51010844006A0A900D987E
S31508002DB000F0070081000F2000FA01F10A98884305
S31508002DC00A900E9800690D9901F00701890000FA2A
S31508002DD001F10A9808430A900A980F990D9B02EA8E
S31508002DE0530211440862FFE70F9800680A900D988D
S31508002DF04100032000FA01F10A9888430A900E98C8
S31508002E00406800F003000D99490000FA01F10A989C
S31508002E1008430A900A980F9908600E9880798007E7
S31508002E20002800F02A81FFE7FFE70020099043F613
S31508002E304400C4F20200016841F480410160006860
S31508002E4000F4804009900998FFE70D9820F00300E8
S31508002E5043F60801C4F2010140580A900D9800F0A3
S31508002E60030081000F2000FA01F10A9888430A90AE
S31508002E700F980021C4F20201884203D1FFE700201F
S31508002E8008907AE00F9840F20041C4F202018842A5
S31508002E9003D1FFE7012007906CE00F9840F6000188
S31508002EA0C4F20201884203D1FFE7022006905EE0E1
S31508002EB00F9840F60041C4F20201884203D1FFE7A9
S31508002EC00320059050E00F9841F20001C4F2020178
S31508002ED0884203D1FFE70420049042E00F9841F2AC
S31508002EE00041C4F20201884203D1FFE7052003909E
S31508002EF034E00F9841F60001C4F20201884203D17A
S31508002F00FFE70620029026E00F9841F60041C4F23A
S31508002F100201884203D1FFE70720019018E00F98C5
S31508002F2042F20001C4F20201884203D1FFE70820F9
S31508002F3000900AE00F9942F20042C4F202020A2007
S31508002F40914208BF09200090FFE700980190FFE72B
S31508002F5001980290FFE702980390FFE70398049010
S31508002F60FFE704980590FFE705980690FFE706989F
S31508002F700790FFE707980890FFE70898C0B20D99F1
S31508002F8001F00301890000FA01F10A9808430A9042
S31508002F900A980D9921F0030143F60802C4F20102CA
S31508002FA0885043F60840C4F2010000680A900B995D
S31508002FB00A9888430A900E988079C006002805D595
S31508002FC0FFE70B990A9808430A90FFE70A9843F621
S31508002FD00841C4F20101086043F60C40C4F201003E
S31508002FE000680A900B990A9888430A900E98807987
S31508002FF08006002805D5FFE70B990A9808430A902A
S31508003000FFE70A9843F60C41C4F20101086043F64B
S315080030100440C4F2010000680A900B990A98884394
S315080030200A900E9880798007002805D5FFE70B9946
S315080030300A9808430A90FFE70A9843F60441C4F23F
S315080030400101086043F60040C4F2010000680A90D6
S315080030500B990A9888430A900E988079C00728B178
S31508003060FFE70B990A9808430A90FFE70A9843F680
S315080030700041C4F201010860FFE7FFE7FFE70D988A
S3150800308001300D9013E610B07047000083B002902F
S31508003090ADF8061002980069BDF80610084203D07C
S315080030A0FFE70120009002E000200090FFE700986B
S315080030B003B0704783B00290ADF8061002984069D5
S315080030C00090009ABDF8060002EA0001904340EA23
S315080030D001400299886103B07047000083B00290EE
S315080030E0ADF806100092009828B1FFE7BDF8060073
S315080030F00299886105E0BDF8060000040299886116
S31508003100FFE703B0704700004AF61870C2F20100E4
S315080031100068704740F24000C2F2000002684AF6B2
S315080031201871C2F20101086810440860704700006F
S3150800313080B543F60041C4F20201086840F4007005
S315080031400860086840F480600860086840F4807089
S315080031500860032000F084F80F2000F005F800F05E
S3150800316039F8002080BD000080B582B0009040F29A
S315080031700000C2F20000006840F24001C2F20001FD
S315080031800A684FF47A71B1FBF2F1B0FBF1F001F085
S315080031901BF918B1FFE70120019016E000980F28E7
S315080031A00DD8FFE700994FF0FF30002200F040F8F5
S315080031B0009840F24401C2F20001086002E00120D2
S315080031C0019002E000200190FFE7019802B080BD5F
S315080031D07047000082B0FFE70020019043F64400E4
S315080031E0C4F20200016841F480410160006800F4FD
S315080031F0804001900198FFE7FFE70020009043F622
S315080032004000C4F20200016841F080510160006884
S3150800321000F0805000900098FFE702B07047000069
S3150800322080B582B00190019817F022F802B080BDEF
S3150800323080B586B00590049103920020029017F09D
S315080032402DF802900598019002980499039A02F0C5
S3150800325087FB0146019817F029F806B080BD0000E3
S3150800326080B582B00190019817F03EF802B080BD93
S3150800327080B584B000200290FFE70020019043F655
S315080032804000C4F20200016841F080510160006804
S3150800329000F0805001900198FFE74021C4F20E210A
S315080032A001200860FFF730FF0290FFE747F20400AD
S315080032B0C4F20000006800F48030B0F5803F0CD0FE
S315080032C0FFE7FFF721FF0299401AB0F57A7F03D985
S315080032D0FFE70320039023E0E8E74421C4F20E2128
S315080032E001200860FFF710FF0290FFE747F204008D
S315080032F0C4F20000006800F40030B0F5003F0CD0BE
S31508003300FFE7FFF701FF0299401AB0F57A7F03D964
S31508003310FFE70320039003E0E8E700200390FFE7B8
S31508003320039804B080BD000080B584B00290019176
S31508003330029818B9FFE7012003901AE1019843F6AD
S315080033400041C4F20201096801F00F01884211D94F
S31508003350FFE7019943F60040C4F2020001700068D5
S3150800336000F00F000199884203D0FFE7012003907F
S31508003370FFE0FFE702980078800700282AD5FFE7D4
S31508003380029800784007002809D5FFE743F60801A8
S31508003390C4F20201086840F4E0500860FFE70298AA
S315080033A000780007002809D5FFE743F60801C4F2AC
S315080033B00201086840F460400860FFE743F6080128
S315080033C0C4F20201086820F0F000029A92681043DD
S315080033D00860FFE702980078C00700286AD0FFE770
S315080033E002984068012810D1FFE743F60000C4F2AE
S315080033F00200006800F400310020B0EB514F03D101
S31508003400FFE701200390B4E02AE00298406802280A
S3150800341005D0FFE702984068032810D1FFE743F676
S315080034200000C4F20200006800F000710020B0EB52
S31508003430516F03D1FFE7012003909AE00FE043F6AE
S315080034400000C4F20200006800F002010020B0EBA0
S31508003450510F03D1FFE7012003908AE0FFE7FFE75A
S3150800346043F60801C4F20201086820F00300029A34
S31508003470526810430860FFF747FE0090FFE743F6DF
S315080034800800C4F20200006800F00C0002994968BE
S31508003490B0EB810F0DD0FFE7FFF736FE0099401A13
S315080034A041F28931884203D3FFE70320039060E0A5
S315080034B0E5E7FFE7019843F60041C4F2020109680F
S315080034C001F00F01884211D2FFE7019943F6004047
S315080034D0C4F202000170006800F00F0001998842EA
S315080034E003D0FFE70120039043E0FFE70298007846
S315080034F0400700280CD5FFE743F60801C4F202018D
S31508003500086820F4E050029AD26810430860FFE782
S3150800351002980078000700280DD5FFE743F6080152
S31508003520C4F20201086820F46040029A126940EA6F
S31508003530C2000860FFE700F049F843F60801C4F244
S3150800354002010968C9B20A0941F2BC21C0F60201A2
S31508003550895CC84040F20001C2F20001086040F2EE
S315080035604400C2F200000068FFF7FEFD0020039049
S31508003570FFE7039804B080BD40F20000C2F20000E5
S315080035800068704780B5FFF7F7FF43F60801C4F2F5
S3150800359002010968C1F3822241F2CC21C0F6020178
S315080035A0895CC84080BD000080B5FFF7E5FF43F69B
S315080035B00801C4F20201096889B24A0B41F2CC211A
S315080035C0C0F60201895CC84080BD000080B586B09F
S315080035D00020059004900390029043F60800C4F278
S315080035E00200006800F00C000146019140B1FFE7B7
S315080035F0019804280AD0FFE7019808280CD04FE064
S3150800360042F20040C0F2F40002904FE047F6400054
S31508003610C0F27D10029049E043F60400C4F20200AD
S31508003620016801F03F01059100684002002813D5A2
S31508003630FFE743F60400C4F202000068C0F38810EE
S3150800364047F64001C0F27D11A0FB0101059A00234F
S31508003650FCF758FF049012E043F60400C4F2020097
S315080036600068C0F3881042F20041C0F2F401A0FBE2
S315080036700101059A0023FCF745FF0490FFE743F68E
S315080036800400C4F20200006800F44031022000EB96
S31508003690D130039004980399B0FBF1F0029005E04D
S315080036A042F20040C0F2F4000290FFE7029806B02A
S315080036B080BD000080B586B00490049818B9FFE76D
S315080036C0012005903CE304980078C007002800F024
S315080036D0A280FFE743F60800C4F20200006800F083
S315080036E00C00042813D0FFE743F60800C4F20200D2
S315080036F0006800F00C0008281DD1FFE743F6040017
S31508003700C4F2020000684002002814D5FFE743F619
S315080037100000C4F20200006800F400310020B0EB9B
S31508003720514F07D0FFE70498406818B9FFE7012012
S31508003730059005E36EE0FFE704984068B0F5803F22
S3150800374009D1FFE743F60001C4F20201086840F414
S315080037508030086020E004984068B0F5A02F0DD1AD
S31508003760FFE743F60001C4F20201086840F480202E
S315080037700860086840F4803008600CE043F60001F1
S31508003780C4F20201086820F480300860086820F452
S3150800379080200860FFE7FFE7FFE704984068E0B18C
S315080037A0FFE7FFF7B1FC0390FFE743F60000C4F21A
S315080037B00200006800F400310020B0EB514F0BD135
S315080037C0FFE7FFF7A1FC0399401A652803D3FFE733
S315080037D003200590B4E2E8E71BE0FFF795FC0390A9
S315080037E0FFE743F60000C4F20200006800F4003167
S315080037F00020B0EB514F0BD0FFE7FFF785FC03998C
S31508003800401A652803D3FFE70320059098E2E8E706
S31508003810FFE7FFE7FFE7049800788007002840F1F4
S315080038209380FFE743F60800C4F20200006810F030
S315080038300C0F13D0FFE743F60800C4F20200006835
S3150800384000F00C0008282BD1FFE743F60400C4F269
S31508003850020000684002002822D4FFE743F6000071
S31508003860C4F20200006800F002010020B0EB510F1C
S3150800387008D0FFE70498C068012803D0FFE70120B5
S3150800388005905DE243F60001C4F20201086820F0E3
S31508003890F800049A126940EAC2000860FFE752E09D
S315080038A00498C06868B3FFE70021C4F247210120E5
S315080038B00860FFF729FC0390FFE743F60000C4F20F
S315080038C00200006800F002010020B0EB510F0BD196
S315080038D0FFE7FFF719FC0399401A032803D3FFE70C
S315080038E0032005902CE2E8E743F60001C4F2020142
S315080038F0086820F0F800049A126940EAC2000860D5
S3150800390020E00021C4F2472100200860FFF7FCFBF5
S315080039100390FFE743F60000C4F20200006800F0D7
S3150800392002010020B0EB510F0BD0FFE7FFF7ECFBCD
S315080039300399401A032803D3FFE703200590FFE104
S31508003940E8E7FFE7FFE7FFE70498007800070028A5
S3150800395049D5FFE70498406910B3FFE740F6806150
S31508003960C4F2472101200860FFF7CEFB0390FFE76A
S3150800397043F67400C4F20200006800F00201002059
S31508003980B0EB510F0BD1FFE7FFF7BEFB0399401AC7
S31508003990032803D3FFE703200590D1E1E8E721E0F8
S315080039A040F68061C4F2472100200860FFF7ACFBAF
S315080039B00390FFE743F67400C4F20200006800F0C3
S315080039C002010020B0EB510F0BD0FFE7FFF79CFB7D
S315080039D00399401A032803D3FFE703200590AFE1B4
S315080039E0E8E7FFE7FFE7049800784007002840F17A
S315080039F0C880FFE70020019043F64000C4F20200A9
S31508003A000068C000002814D4FFE7FFE700200090F4
S31508003A1043F64000C4F20200016841F0805101609B
S31508003A20006800F0805000900098FFE701200190A0
S31508003A30FFE747F20000C4F200000068C00500284E
S31508003A4021D4FFE747F20001C4F20001086840F4F8
S31508003A5080700860FFF758FB0390FFE747F2000005
S31508003A60C4F200000068C00500280BD4FFE7FFF782
S31508003A704BFB0399401A032803D3FFE7032005905D
S31508003A805EE1EBE7FFE7FFE704988068012809D1C4
S31508003A90FFE743F67001C4F20201086840F001002E
S31508003AA008601FE00498806805280DD1FFE743F6F3
S31508003AB07001C4F20201086840F004000860086852
S31508003AC040F0010008600CE043F67001C4F2020100
S31508003AD0086820F001000860086820F00400086003
S31508003AE0FFE7FFE7FFE704988068F0B1FFE7FFF715
S31508003AF00BFB0390FFE743F67000C4F20200006870
S31508003B0000F002010020B0EB510F0DD1FFE7FFF7DF
S31508003B10FBFA0399401A41F28931884203D3FFE739
S31508003B20032005900CE1E6E71DE0FFF7EDFA0390A8
S31508003B30FFE743F67000C4F20200006800F00201D5
S31508003B400020B0EB510F0DD0FFE7FFF7DDFA039920
S31508003B50401A41F28931884203D3FFE703200590D2
S31508003B60EEE0E6E7FFE70198012809D1FFE743F60B
S31508003B704001C4F20201086820F080500860FFE79F
S31508003B80FFE704988069002800F0D780FFE743F62E
S31508003B900800C4F20200006800F00C00082800F0D3
S31508003BA08280FFE70498806902285AD1FFE76021DE
S31508003BB0C4F2472100200860FFF7A6FA0390FFE742
S31508003BC043F60000C4F20200006800F0007100200D
S31508003BD0B0EB516F0BD0FFE7FFF796FA0399401A3F
S31508003BE0032803D3FFE703200590A9E0E8E7049933
S31508003BF0C869D1F820C04B6A8A6A40EA0C0040EAD4
S31508003C008310D2034FF6FF739A43A2F5803210430E
S31508003C10C96A40EA016043F60401C4F20201086079
S31508003C206021C4F2472101200860FFF76DFA03906E
S31508003C30FFE743F60000C4F20200006800F00071D6
S31508003C400020B0EB516F0BD1FFE7FFF75DFA039940
S31508003C50401A032803D3FFE70320059070E0E8E73E
S31508003C6020E06021C4F2472100200860FFF74CFAE3
S31508003C700390FFE743F60000C4F20200006800F074
S31508003C8000710020B0EB516F0BD0FFE7FFF73CFA4D
S31508003C900399401A032803D3FFE7032005904FE052
S31508003CA0E8E7FFE748E004988069012803D1FFE7C1
S31508003CB00120059044E043F60400C4F202000068BF
S31508003CC0029004988069012831D0FFE7029800F431
S31508003CD080000499C969884229D1FFE7029800F053
S31508003CE03F000499096A884221D1FFE7029847F6FE
S31508003CF0C07108400499496AB0EB811F17D1FFE7E4
S31508003D00029800F440300499896AC9034FF6FF7295
S31508003D109143A1F58031884209D1FFE7029800F066
S31508003D2070600499C96AB0EB016F03D0FFE7012000
S31508003D30059005E0FFE7FFE7FFE700200590FFE7AE
S31508003D40059806B080BD000081B0009001B07047AC
S31508003D5080B584B00290029818B9FFE70120039055
S31508003D606DE00298406A60B9FFE702984068B0F5CE
S31508003D70827F01D1FFE703E002990020C861FFE7CF
S31508003D8005E002990020086102994861FFE7029957
S31508003D90002088620298406D38B9FFE70299002032
S31508003DA00865029800F04EF8FFE702990220486578
S31508003DB002980168086820F040000860029A01929B
S31508003DC011685068D2F808C0D36800F482700CF401
S31508003DD0044C604403F400631844136903F00203B7
S31508003DE01844536903F001031844936903F40073F4
S31508003DF01844D36903F038031844136A03F08003A0
S31508003E001843926A02F40052104308600298016847
S31508003E108369426A042000EA134002F01002104443
S31508003E20486002980168C86920F40060C861029970
S31508003E3000208865029A012151650390FFE70398DF
S31508003E4004B080BD80B58AB009900020089007901C
S31508003E500690059004900998006843F20041C4F260
S31508003E600101884263D1FFE7FFE70020039043F68C
S31508003E704400C4F20200016841F400510160006880
S31508003E8000F4005003900398FFE7FFE70020029034
S31508003E9043F63000C4F20200016841F010010160E7
S31508003EA0006800F0100002900298FFE76420049072
S31508003EB00220059000200090069003200790052018
S31508003EC0089041F20000C4F2020004A9FEF7E6FEDB
S31508003ED000994AF6F800C2F20000019046F228421C
S31508003EE0C4F2020202604FF0006242604022826021
S31508003EF0C1604FF4806202614FF4006242614FF480
S31508003F0000528261C16101624162FEF737FD18B154
S31508003F10FFE7FEF747F8FFE7FFE709984AF6F801D3
S31508003F20C2F2000181640998C863FFE7FFE70AB097
S31508003F3080BD000080B588B006900591ADF81220C6
S31508003F400393FFF7E1F80290BDF81200ADF80600FA
S31508003F500698406D012803D0FFE70220079025E167
S31508003F60059820B1FFE7BDF8120018B9FFE7012050
S31508003F7007901BE1FFE70698006D012803D1FFE7CC
S31508003F800220079012E1069901200865FFE7FFE77E
S31508003F900699032048650699002088650599069ABA
S31508003FA01163BDF81210069A9186BDF81210069A8A
S31508003FB0D18606998863069988870699C8870699D7
S31508003FC048640699086406988068B0F5004F0DD1D4
S31508003FD0FFE706980168086820F040000860069820
S31508003FE00168086840F480400860FFE706980068A2
S31508003FF0006800F04000402807D0FFE706980168EF
S31508004000086840F040000860FFE70698C068B0F509
S31508004010006F4ED1FFE70698406828B1FFE7BDF864
S31508004020060001280ED1FFE706980168006B008894
S31508004030C8600699086B023008630699C88E01386D
S31508004040C886FFE7FFE70698C08E88B3FFE706989D
S3150800405000688068800700280ED5FFE70698016883
S31508004060006B0088C8600699086B023008630699D9
S31508004070C88E0138C8861AE0FFF746F80299401A32
S315080040800399884204D3FFE70398013018B9FFE77C
S31508004090039858B9FFE7069901204865FFE706998E
S315080040A000200865FFE7032007907FE0FFE7CAE7DF
S315080040B04DE00698406828B1FFE7BDF806000128DC
S315080040C00ED1FFE706980168006B00780873069919
S315080040D0086B013008630699C88E0138C886FFE761
S315080040E0FFE70698C08E88B3FFE7069800688068E1
S315080040F0800700280ED5FFE706980168006B007850
S3150800410008730699086B013008630699C88E01384A
S31508004110C8861AE0FEF7F8FF0299401A0399884202
S3150800412004D3FFE70398013018B9FFE7039858B995
S31508004130FFE7069901204865FFE70699002008650C
S31508004140FFE70320079031E0FFE7CAE7FFE7069895
S315080041500399029A01F07EFF20B1FFE70699202015
S315080041608865FFE70698806870B9FFE7FFE70020D3
S31508004170009006980068C0680090069800688068F5
S3150800418000900098FFE7FFE7069901204865FFE7DA
S31508004190069900200865FFE70698806D18B1FFE7C5
S315080041A00120079002E000200790FFE7079808B073
S315080041B080BD000080B584B002900191ADF8022060
S315080041C00298406D012803D0FFE70220039098E08B
S315080041D0019820B1FFE7BDF8020018B9FFE70120F2
S315080041E003908EE0FFE70298006D012803D1FFE7F0
S315080041F00220039085E0029901200865FFE7FFE7A2
S315080042000299032048650299002088650199029A57
S315080042101163BDF80210029A9186BDF80210029A3F
S31508004220D1860299886302994864029908640299BA
S3150800423088870299C88702988068B0F5004F0DD123
S31508004240FFE702980168086820F0400008600298B5
S315080042500168086840F480400860FFE70298816CAE
S3150800426045F69970C0F6000048640298816C45F6D8
S31508004270B170C0F6000008640298816C45F6657056
S31508004280C0F6000008650298816C00204865029B0C
S315080042901A68196B986C0C32DB8EFEF76BFC68B1EA
S315080042A0FFE70299886D40F010008865FFE70299DC
S315080042B000200865FFE70120039022E002980068C5
S315080042C0006800F04000402807D0FFE70298016820
S315080042D0086840F040000860FFE7FFE70299002001
S315080042E00865FFE702980168486840F020004860C2
S315080042F002980168486840F0020048600020039070
S31508004300FFE7039804B080BD80B582B0019001989C
S3150800431000684AF62421C2F200010968884232D1AF
S31508004320FFE740F21431C2F2000100200870FFE7EF
S315080043304AF62420C2F200000068806800060028B9
S3150800434001D5FFE7F4E74AF62420C2F20000026826
S31508004350116821F0400111600021C16002681168EE
S3150800436021F4006111600168086840F040000860A7
S3150800437041F20000C4F2020010210122FEF7AEFE4F
S31508004380FDF702FEFFE702B080BD000081B0009095
S3150800439001B0704781B000900098042809D1FFE762
S315080043A04EF21001CEF20001086840F004000860E1
S315080043B008E04EF21001CEF20001086820F0040071
S315080043C00860FFE701B0704780B582B00190019898
S315080043D002F0FEFA02B080BD81B0009001B07047CD
S315080043E081B0009001B0704785B003900291FFE755
S315080043F00398C06B012803D1FFE70220049079E0F7
S3150800440003990120C863FFE7FFE7039902200864C0
S3150800441003980068406801900398006880680090D7
S31508004420019820F0700001900298016801980843ED
S31508004430019001980399096848600398006800216B
S31508004440C4F2010188423CD0FFE703980068B0F146
S31508004450804F36D0FFE70398006840F20041C4F267
S31508004460000188422DD0FFE70398006840F6000156
S31508004470C4F20001884224D0FFE70398006840F69A
S315080044800041C4F2000188421BD0FFE70398006888
S3150800449040F20041C4F20101884212D0FFE70398B6
S315080044A0006844F20001C4F20101884209D0FFE71E
S315080044B00398006841F60001C4F2000188420ED153
S315080044C0FFE7009820F08000009002984168009865
S315080044D0084300900098039909688860FFE70399E4
S315080044E001200864FFE703990020C863FFE700205E
S315080044F00490FFE7049805B07047000080B582B0C5
S315080045000090009818B9FFE70120019031E0009863
S31508004510006C38B9FFE700990020C863009800F0DE
S315080045202BF8FFE7009902200864009951F8040B5C
S3150800453002F0FCFA009901204866FFE7009901207D
S315080045404864009988640099C86400990865FFE77B
S31508004550FFE7009901204865009988650099C865B4
S3150800456000990866FFE70099012008640020019079
S31508004570FFE7019802B080BD80B584B00390039828
S315080045800068B0F1804F1BD1FFE7FFE700200290DB
S3150800459043F64000C4F20200016841F001010160DF
S315080045A0006800F0010002900298FFE71C200190C5
S315080045B005210022FEF73CFE0198FEF731FEFFE7D3
S315080045C004B080BD83B001900198006C012803D027
S315080045D0FFE70120029068E001990220086401982B
S315080045E00168C86840F00100C860019800680021A9
S315080045F0C4F2010188423CD0FFE701980068B0F197
S31508004600804F36D0FFE70198006840F20041C4F2B7
S31508004610000188422DD0FFE70198006840F60001A6
S31508004620C4F20001884224D0FFE70198006840F6EA
S315080046300041C4F2000188421BD0FFE701980068D8
S3150800464040F20041C4F20101884212D0FFE7019806
S31508004650006844F20001C4F20101884209D0FFE76C
S315080046600198006841F60001C4F20001884212D19F
S31508004670FFE701980068806800F00700009000983E
S31508004680062807D0FFE701980168086840F001008E
S315080046900860FFE706E001980168086840F0010035
S315080046A00860FFE700200290FFE7029803B0704712
S315080046B080B586B00490039100200290FFE7049825
S315080046C0C06B012803D1FFE702200590A4E00499F6
S315080046D00120C863FFE7FFE70499022008640498ED
S315080046E0006880680190019820F077000190019891
S315080046F020F47F400190019804990968886003981E
S3150800470000680090002872D0FFE7009810286ED045
S31508004710FFE7009820286AD0FFE70098302866D07F
S31508004720FFE70098402855D0FFE70098502837D073
S31508004730FFE70098602840D0FFE7009870280BD064
S31508004740FFE70098B0F5805F05D0FFE70098B0F561
S31508004750005F16D052E054E004980068039B5A683C
S315080047609968DB6802F0B4FA0498006880680190DA
S31508004770019840F0770001900198049909688860CB
S315080047803FE004980068039B5A689968DB6802F062
S315080047909FFA04980168886840F48040886030E091
S315080047A004980068039A5168D26802F0C1FA04981E
S315080047B00068502102F0A6FA23E004980068039ADC
S315080047C05168D26802F0DCFA04980068602102F0A9
S315080047D099FA16E004980068039A5168D26802F0BC
S315080047E0A7FA04980068402102F08CFA09E00498B8
S315080047F000680399096802F085FA02E00120029030
S31508004800FFE7049901200864FFE704990020C863BC
S31508004810FFE702980590FFE7059806B080BD0000FF
S3150800482081B0009001B0704780B584B003900398BA
S315080048300068C068029003980068006901909DF8B6
S3150800484004008007002824D5FFE79DF808008007A4
S3150800485000281DD5FFE7039801686FF0020008617C
S3150800486003990120C861039800688069800720B110
S31508004870FFE70398FFF7D4FF06E0039800F0E2F895
S31508004880039800F0E3F8FFE703990020C861FFE703
S31508004890FFE79DF804004007002825D5FFE79DF8A7
S315080048A00800400700281ED5FFE7039801686FF047
S315080048B00400086103990220C861039800688069AA
S315080048C010F4407F04D0FFE70398FFF7A9FF06E03E
S315080048D0039800F0B7F8039800F0B8F8FFE70399D3
S315080048E00020C861FFE7FFE79DF8040000070028DD
S315080048F024D5FFE79DF80800000700281DD5FFE727
S31508004900039801686FF00800086103990420C861DC
S3150800491003980068C069800720B1FFE70398FFF78E
S315080049207FFF06E0039800F08DF8039800F08EF8F4
S31508004930FFE703990020C861FFE7FFE79DF8040039
S31508004940C006002825D5FFE79DF80800C006002800
S315080049501ED5FFE7039801686FF0100008610399F8
S315080049600820C86103980068C06910F4407F04D025
S31508004970FFE70398FFF754FF06E0039800F062F894
S31508004980039800F063F8FFE703990020C861FFE782
S31508004990FFE79DF80400C00778B1FFE79DF8080017
S315080049A0C00748B1FFE7039801686FF00100086186
S315080049B0039800F04FF8FFE7FFE79DF804000006AC
S315080049C0002810D5FFE79DF808000006002809D53D
S315080049D0FFE7039801686FF0800008610398FFF706
S315080049E0FBFCFFE7FFE79DF804004006002810D50A
S315080049F0FFE79DF808004006002809D5FFE7039859
S31508004A0001686FF040000861039800F03BF8FFE783
S31508004A10FFE79DF804008006002810D5FFE79DF8FB
S31508004A2008008006002809D5FFE7039801686FF09B
S31508004A30200008610398FFF7D3FCFFE7FFE704B0FF
S31508004A4080BD000081B0009001B0704781B0009031
S31508004A5001B0704780B582B0019001984AF680216E
S31508004A60C2F2000188420AD1FFE74AF6F861C2F2AB
S31508004A70000108880130088019F06EF8FFE702B0D7
S31508004A8080BD000081B0009001B0704782B00190EF
S31508004A90ADF8021002B0704780B588B007900020C4
S31508004AA00690079800F056F80690069808B9FFE7AA
S31508004AB04EE006980138014601910F2843D801991E
S31508004AC0DFE801F0081641244141413241414141A4
S31508004AD041414140FFE700200590079800680068BB
S31508004AE0059007980068406805900598FFE72BE051
S31508004AF0FFE700200490079800680068049007986C
S31508004B000068406804900498FFE71DE0FFE700206E
S31508004B100390079800680068039007980068406843
S31508004B2003900398FFE70FE0FFE70020029007983D
S31508004B30006800680290079800684068029002982A
S31508004B40FFE701E000E0FFE7079800684068FFE735
S31508004B5008B080BD81B000900098C06C01B0704765
S31508004B6080B592B01190119800680068109011985D
S31508004B700068C0680F901198006840690E90002080
S31508004B800D900C90109800F00F000D900D9888B9B4
S31508004B90FFE79DF84000800600280AD5FFE79DF844
S31508004BA03C008006002804D5FFE7119802F0BAFAFF
S31508004BB000E2FFE70D98002800F0C280FFE79DF8A5
S31508004BC03800C00738B9FFE7BDF83C0010F4907FFD
S31508004BD000F0B680FFE79DF84000C00758B1FFE730
S31508004BE09DF83D00C00730B1FFE71199C86C40F049
S31508004BF00100C864FFE79DF84000400700280BD570
S31508004C00FFE79DF83800C00730B1FFE71199C86C77
S31508004C1040F00200C864FFE79DF8400080070028BE
S31508004C200BD5FFE79DF83800C00730B1FFE71199AB
S31508004C30C86C40F00400C864FFE79DF84000000710
S31508004C40002811D5FFE79DF83C008006002805D40A
S31508004C50FFE79DF83800C00730B1FFE71199C86C27
S31508004C6040F00800C864FFE71198C06C002866D0B9
S31508004C70FFE79DF84000800600280AD5FFE79DF863
S31508004C803C008006002804D5FFE7119802F04AFA8E
S31508004C90FFE7119800684069C0F380100C901198DE
S31508004CA0C06C0007002804D4FFE70C9800283ED003
S31508004CB0FFE7119802F0C0F91198006840694006AC
S31508004CC000282FD5FFE7FFE7FFE71198006850E8AF
S31508004CD0050F20F040000B90FFE70B99119802682A
S31508004CE042E805100028F0D1FFE7FFE71198C06BEE
S31508004CF098B1FFE71198C16B46F6E950C0F6000077
S31508004D0048651198C06BFDF761FC28B1FFE711985B
S31508004D10C06B416D8847FFE703E01198FFF7BCFEBB
S31508004D20FFE703E01198FFF7B7FEFFE706E01198E3
S31508004D30FFF7B2FE11990020C864FFE7FFE739E1E3
S31508004D401198006B012840F01581FFE79DF8400097
S31508004D50C006002840F10E81FFE79DF83C00C0061A
S31508004D60002840F10781FFE7FFE700200A90119825
S31508004D70006800680A901198006840680A900A98C6
S31508004D80FFE71198006840694006002840F19980BD
S31508004D90FFE71198C06B00684068ADF82600BDF8BB
S31508004DA02600002874D0FFE7BDF826001199898DE2
S31508004DB088426DDAFFE7BDF826001199C885119873
S31508004DC0C06BC069B0F5807F57D0FFE7FFE7FFE704
S31508004DD01198006850E8030F20F480700890FFE7E8
S31508004DE008991198026842E803100028F0D1FFE7F5
S31508004DF0FFE7FFE7FFE71198006850E8050F20F086
S31508004E0001000790FFE707991198026842E8051024
S31508004E100028F0D1FFE7FFE7FFE7FFE711980068F2
S31508004E2050E8050F20F040000690FFE70699119814
S31508004E30026842E805100028F0D1FFE7FFE711995C
S31508004E4020208864119900200863FFE7FFE711987E
S31508004E50006850E8030F20F010000590FFE7059959
S31508004E601198026842E803100028F0D1FFE7FFE72F
S31508004E701198C06BFDF73EFBFFE7119902204863C6
S31508004E801198818DC28D891A89B2FFF7FFFD17E047
S31508004E90BDF826001199898D884210D1FFE711982F
S31508004EA0C06BC069B0F5807F08D1FFE71199022071
S31508004EB048631198818DFFF7E9FDFFE7FFE7FFE7F4
S31508004EC078E01199888DC98D401AADF812001198AD
S31508004ED0C08D00284DD0FFE7BDF81200002848D045
S31508004EE0FFE7FFE7FFE71198006850E8030F20F493
S31508004EF090700390FFE703991198026842E803103F
S31508004F000028F0D1FFE7FFE7FFE7FFE71198006801
S31508004F1050E8050F20F001000290FFE7029911986A
S31508004F20026842E805100028F0D1FFE7FFE711996B
S31508004F3020208864119900200863FFE7FFE711988D
S31508004F40006850E8030F20F010000190FFE7019970
S31508004F501198026842E803100028F0D1FFE7FFE73E
S31508004F601199022048631198BDF81210FFF78EFDBB
S31508004F70FFE71FE09DF84000000600280AD5FFE776
S31508004F809DF83C000006002804D5FFE7119802F0BA
S31508004F90A9FA0FE09DF84000400600280AD5FFE769
S31508004FA09DF83C004006002804D5FFE7119802F05A
S31508004FB08DF8FFE712B080BD80B582B000900098EA
S31508004FC018B9FFE7012001903AE00098806908B116
S31508004FD0FFE700E0FFE70098406C38B9FFE7009963
S31508004FE000200864009800F02FF8FFE700992420B5
S31508004FF0486400980168C86820F40050C8600098A2
S3150800500002F03EF900980168086920F490400861AA
S3150800501000980168486920F02A00486100980168EC
S31508005020C86840F40050C86000990020C864009A17
S3150800503020215164009A9164009948630190FFE722
S31508005040019802B080BD000080B58CB00B9000209E
S315080050500A9009900890079006900B98006841F20C
S315080050600001C4F20101884240F09180FFE7FFE7A2
S315080050700020059043F64400C4F20200016841F09E
S3150800508010010160006800F0100005900598FFE720
S31508005090FFE70020049043F63000C4F202000168DE
S315080050A041F001010160006800F0010004900498D5
S315080050B0FFE74FF4C0600690022007900120089091
S315080050C00320099007200A900020C4F2020006A9CE
S315080050D0FDF7E4FD4AF6C010C2F20000039046F25E
S315080050E0B841C4F2020101604FF0006141604021FD
S315080050F081600021C1604FF4806202614161816173
S31508005100C16101624162FDF739FC18B1FFE7FCF79E
S3150800511049FFFFE7FFE70B984AF6C011C2F2000104
S3150800512081630B98C863FFE74AF65C10C2F2000079
S31508005130029046F24041C4F2020101604FF000615C
S31508005140416000218160C1604FF480620261416163
S315080051508161C16101624162FDF710FC18B1FFE788
S31508005160FCF720FFFFE7FFE70B984AF65C11C2F24F
S315080051700001C1630B98C863FFE72520019005214C
S315080051800022FEF755F80198FEF74AF8FFE70CB03B
S3150800519080BD000080B584B002900191ADF8022070
S315080051A00298806C202815D1FFE7019820B1FFE707
S315080051B0BDF8020018B9FFE7012003900DE0029937
S315080051C00020086302980199BDF8022002F0F6F85B
S315080051D0039002E002200390FFE7039804B080BD25
S315080051E080B582B001900198C06B20B1FFE70198A5
S315080051F018F0EEFCFFE702B080BD000080B582B073
S3150800520001900198C06B20B1FFE7019818F022FDC4
S31508005210FFE702B080BD000080B58AB0089007910C
S31508005220ADF81A200593002002900898406C2028B3
S3150800523078D1FFE7079820B1FFE7BDF81A0018B93B
S31508005240FFE70120099070E008990020C8640899D2
S3150800525021204864FDF758FF0290BDF81A00089906
S315080052608884BDF81A000899C88408988068B0F53B
S31508005270805F09D1FFE70898006928B9FFE7002091
S3150800528004900798039004E0079804900020039080
S31508005290FFE7FFE70898C08C68B3FFE70898029B0A
S315080052A005996A4611608021002202F061F930B141
S315080052B0FFE70899202048640320099035E0049800
S315080052C058B9FFE7039800886FF35F2008990968C3
S315080052D0486003980230039008E00498007808991B
S315080052E009684860049801300490FFE70899C88C5B
S315080052F00138C884CEE70898029B05996A4611606A
S315080053004021002202F034F930B1FFE70899202045
S3150800531048640320099008E0089920204864002082
S31508005320099002E002200990FFE709980AB080BDBB
S3150800533080B586B004900391ADF80A200498406CB5
S31508005340202865D1FFE7039820B1FFE7BDF80A00DA
S3150800535018B9FFE7012005905DE0039804990862F3
S31508005360BDF80A0004998884BDF80A000499C8841F
S3150800537004990020C864049A2121516404998A6B0F
S3150800538046F6A571C0F60001116404998A6B47F2C6
S315080053902101C0F60001516404998A6B46F605613D
S315080053A0C0F6000111650499896B486503A8019048
S315080053B004980268806B019909680432BDF80A30BE
S315080053C0FDF7D8FB48B1FFE704991020C864049993
S315080053D020204864012005901DE0049801686FF0BC
S315080053E040000860FFE7FFE70498006850E8050FEB
S315080053F040F080000090FFE700990498026842E8B0
S3150800540005100028F0D1FFE7FFE70020059002E02D
S3150800541002200590FFE7059806B080BD81B0009090
S3150800542001B0704781B0009001B07047FFE7FEE712
S3150800543081B0009000980068C0B2C00901B07047FA
S3150800544082B001908DF803109DF803000199486019
S3150800545002B0704780B54AF6A800C2F2000043F2CF
S315080054600001C4F202010160FCF7F6FD18B1FFE77E
S31508005470FCF798FDFFE780BD80B582B04AF6B40018
S31508005480C2F2000001904BF20001C4F20201016071
S31508005490002141608160C1608162C162016341632C
S315080054A0FCF7B8FF18B1FFE7FCF77CFDFFE74AF603
S315080054B0B400C2F200000121FCF710FE18B1FFE7A4
S315080054C0FCF770FDFFE702B080BD000080B586B02E
S315080054D0FFE70020059043F63000C4F20200016899
S315080054E041F480010160006800F480000590059889
S315080054F0FFE7392000900521029100220392FDF76B
S3150800550097FE0098FDF78CFE0299039A3A200190BF
S31508005510FDF78EFE0198FDF783FE0299039A462051
S315080055200490FDF785FE0498FDF77AFE06B080BD67
S3150800553080B598B000201790169015901490139087
S31508005540FFE70020129043F63000C4F2020001681B
S3150800555041F010010160006800F0100012901298E6
S31508005560FFE7FFE70020119043F63000C4F202007F
S31508005570016841F004010160006800F00400119020
S315080055801198FFE7FFE70020109043F63000C4F2B9
S315080055900200016841F080010160006800F08000A7
S315080055A010901098FFE7FFE700200F9043F63000B1
S315080055B0C4F20200016841F001010160006800F0D0
S315080055C001000F900F98FFE7FFE700200E9043F6C3
S315080055D03000C4F20200016841F00201016000686F
S315080055E000F002000E900E98FFE7FFE700200D90EE
S315080055F043F63000C4F20200016841F00801016078
S31508005600006800F008000D900D98FFE741F20000D1
S31508005610C4F202000B90112100220992FDF75EFDEB
S31508005620099A40F60000C4F20200059041F2FF0113
S31508005630FDF754FD099A0020C4F202000390B02138
S315080056400191FDF74BFD40F60040C4F202000790B9
S315080056500F21069101220892FDF740FD089A0B9842
S3150800566002210491FDF73AFD0899099A0B98082337
S3150800567013931492159113A90C91FDF70FFB049A35
S31508005680DDF820C0099B0B980C994FF0100ECDF849
S315080056904CE0CDF850C015931692FDF7FFFA059821
S315080056A0099A0C994FF43053139303230A931493CE
S315080056B01592FDF7F3FA0598089B099A0C994FF08D
S315080056C0FF0CCDF84CC0149315931692FDF7E6FA25
S315080056D00398099A0A9B0C9941F60F0CCDF84CC011
S315080056E014931592FDF7DAFA0398DDF820C0099BA2
S315080056F00A9A0C99DDF804E0CDF84CE0CDF850C0D4
S3150800570015931692FDF7CAFA0398099A0C9940233D
S31508005710139314921592FDF7C1FA09980A9A0C99EF
S315080057204FF2F73313931492159040F20040C4F2E7
S3150800573002000290FDF7B2FA049A099B0B980C999D
S315080057404FF4607CCDF84CC014931592FDF7A6FA79
S31508005750099A0A9B0B980C994FF47C4CCDF84CC0CF
S3150800576014931592FDF79AFA0298089A099B0C99D0
S315080057704FF4406CCDF84CC014931592FDF78EFA91
S315080057800798099A0A9B0C994FF6F07CCDF84CC0FD
S3150800579014931592FDF782FA049A0598099B0C99B9
S315080057A04FF4407CCDF84CC014931592FDF776FA69
S315080057B00398049A099B0C994FF4807CCDF84CC049
S315080057C014931592FDF76AFA0398089A099B0C999F
S315080057D04FF4004CCDF84CC014931592FDF75EFAC1
S315080057E0049A0598089B0C994FF4805CCDF84CC038
S315080057F0149315931692FDF751FADDF818C0079819
S31508005800089B099A0C99CDF84CC0149315931692D7
S31508005810FDF744FADDF820C0099B0A9A0B980C9903
S315080058201392CDF850C015931692FDF737FA18B0B3
S3150800583080BD000080B582B04AF62420C2F200007E
S31508005840009043F20041C4F2010101604FF48271F5
S315080058504160002101918160C160016141614FF49D
S3150800586000728261C1610162416281620A21C1627C
S31508005870FEF76EFA18B1FFE7FCF794FBFFE702B0F4
S3150800588080BD000080B588B000210191079106917E
S3150800589005910491039102914AF68020C2F2000014
S315080058A04FF08042026042F2273242608160C7228E
S315080058B0C26001618161FEF721FE18B1FFE7FCF7BE
S315080058C071FBFFE74FF4805004904AF68020C2F23D
S315080058D0000004A9FEF7ECFE18B1FFE7FCF762FB2F
S315080058E0FFE70020029003904AF68020C2F20000EB
S315080058F002A9FEF779FD18B1FFE7FCF753FBFFE7AE
S3150800590008B080BD80B518F02FF918F02FF980BDC2
S3150800591080B518F055F980BD80B582B04AF6E82002
S31508005920C2F20000019041F20001C4F201010160D7
S315080059304FF4E131416000218160C16001610C22B0
S3150800594042618161C161FFF737FB18B1FFE7FCF7D8
S3150800595029FBFFE702B080BDFFE7FEE7FFE7FEE7AA
S3150800596088B0079006910592079800F00700049002
S315080059700498C0F10700052803D3FFE70420019027
S3150800598004E00498C0F107000190FFE7019803902E
S3150800599004980430062803D8FFE70020009003E0A7
S315080059A0049803380090FFE7009802900698039938
S315080059B0012202FA01F101390840029B9840059933
S315080059C09A40013A1140084308B070470168D1F877
S315080059D0A8100847C0EBC00001EB4000017B01F0AE
S315080059E01F010D29704702EB40008088081A70478E
S315080059F08046284612F0B0BD406801680968084725
S31508005A000C460146054631F8040F228810444A8898
S31508005A10208060881044608020460CF04BBA0090C5
S31508005A20484641463A46334606F0D1BD4DF808ED9C
S31508005A3009F006FE0168096B5DF808EB084722467F
S31508005A40002300910B9980B2CDE901103398039099
S31508005A50DDE907010BF019BABDF81E00BDF81A10EA
S31508005A6070472068D0F880102046084704F14C0596
S31508005A7039460E222846FAF719BE4DF808ED0EF0FB
S31508005A80E0F8286800285DF808EB70472068294682
S31508005A90C26E20461047ADF80C0020690831019106
S31508005AA06168CDF80E107047BDF81C200A4413B281
S31508005AB0BA88024416B2BDF91A20B342704704F1F7
S31508005AC0400307CA07C31FBD2068297F826B20468B
S31508005AD01047484600212246334607F0E3B88DF8BA
S31508005AE01E008DF81D0040F20110ADF81F00FF20C2
S31508005AF08DF81C0070472246012300910B9980B24D
S31508005B00CDE901103398039001200B90DDE90701D8
S31508005B100BF0BBB92068016F20460847602184F85E
S31508005B20540001EAD00094F8591001F09F01084486
S31508005B3084F85900704701EB810100EB41002146CA
S31508005B40303870470168896B084710FB081080B227
S31508005B502847BDF92CB03044ADF82000BDF82A001E
S31508005B6070471646CDE9140118685968CDE912013F
S31508005B7070470A9828440A900B98704711FB0B0047
S31508005B8080B2404701FB0BF110FB0A1080B2484770
S31508005B90BDF83230BDF830204FF0000C7047B4EE37
S31508005BA0401AF1EE10FA7047504613F06FBC504693
S31508005BB013F002BC05F01F00C5F3820141EAC000DC
S31508005BC0704713B0BDE8F08FBDF92020BDF922302B
S31508005BD07047BDF93000BDF83820BDF9321070475E
S31508005BE0CDE90E0118685968CDE90C01704709B06E
S31508005BF0BDE8F08FFC20CBF3412100EADB00084426
S31508005C007047FC20C5F3412100EAD50008447047D7
S31508005C1022786178A07810F057B800680168096B97
S31508005C200847BDF94820BDF94A307047BDF9381014
S31508005C30BDF94030BDF93A20704700680168C96A65
S31508005C400847A8B2524609EBC001304613F035BAE8
S31508005C5006462068016D204608472068C16B204625
S31508005C600847054620680168096D0847A18D008820
S31508005C70814270476A7BA97902F0080241EA42111B
S31508005C80A0EB510084F85500704704F1140005F0A4
S31508005C9037B90168C96A0847DBF800002946826CEB
S31508005CA05846104720681C9FC16C20460847204666
S31508005CB009F0CEB9CDF8148001905E9802905F98ED
S31508005CC0CDE9030A62980690704704F14C06294606
S31508005CD00E223046FAF7EABC0244ADF84820BDF871
S31508005CE052200A44ADF84A20BDF9542011FB02009F
S31508005CF07047DBF800003146826C584610478846E4
S31508005D001C90484607F06CBC012180F8751080F895
S31508005D105210704721EE001ABDEEC11A7047A0EB6B
S31508005D200800A4F85C007047BDF81620ADF8080016
S31508005D30081AFF23ADF80C004846ADF80E20BDF84A
S31508005D401220ADF80A207047314608F055BD0446C2
S31508005D500CF070BB606801684A6870472068016883
S31508005D60C96C08472068C16F2046084728460321A2
S31508005D7006F064BD0246204629460FF0A5BF024438
S31508005D80ADF83020BDF83A200A44ADF83220BDF906
S31508005D903C2011FB020070470168C96B0847394669
S31508005DA0ADF80E004846ADF80C20B8F80020CDF83E
S31508005DB000A0ADF80820704705980A9908440B9981
S31508005DC028440A900698084470470546DBF8000000
S31508005DD0C16F58460847284614F013B8BDF8161080
S31508005DE0B8F806200844B8F8021000B2114409B2FF
S31508005DF0814270470BF01F00CBF3820141EAC000D5
S31508005E007047CDE90110204629460BF03EB8DBF86D
S31508005E100000D0F8801058460847B4F85C00B0F582
S31508005E20004F7047BDF94800BDF85020BDF94A102B
S31508005E307047098803FB012200EB420B01FB06F0C1
S31508005E400BEB40007047106851681646CDE90A0109
S31508005E5018685968CDE90801704731460BF0DDBC72
S31508005E6080463046394606F0DFBEADF80E00484695
S31508005E70ADF80C20B8F80020ADF80820704700EB04
S31508005E8040000A5C0844417880780FF01DBF360C44
S31508005E9032F8166070472B4606F099BBDAF8000010
S31508005EA0C26850461047CDF800A03946ADF80C0038
S31508005EB04846ADF80E307047B8F80420ADF80A0029
S31508005EC0081A7047084611461A4623460095704731
S31508005ED000FB0AF011FB040080B2304701FB0AF10F
S31508005EE015FB001080B25847DDF80C803044461880
S31508005EF0A81800EB410570470000000000000000EC
S31508005F00EFF30980BFF36F8F154B1A681EF0100F59
S31508005F1008BF20ED108A20E9F04F10602DE909002E
S31508005F204FF0500080F31188BFF34F8FBFF36F8F88
S31508005F3018F01EFC4FF0000080F31188BDE8090038
S31508005F4019680868B0E8F04F1EF0100F08BFB0ECEB
S31508005F50108A80F30988BFF36F8F704700BF00BFB0
S31508005F603CAC002080B582B001900198C06B0090CF
S31508005F7000980168486820F0030048600099886D19
S31508005F8040F0100088650099012048650098FDF7E3
S31508005F90DBFE02B080BD000080B582B0019001989A
S31508005FA0C06B00900098FEF7F1F902B080BD0000C2
S31508005FB080B584B003900398C06B0290FDF7A4F8EF
S31508005FC0019003980068006800F48070B0F5807F3F
S31508005FD03AD0FFE702980168486820F02000486038
S31508005FE002980168486820F0020048600298019A01
S31508005FF0642100F02FF830B1FFE70299886D40F070
S3150800600020008865FFE70298806870B9FFE7FFE718
S315080060100020009002980068C06800900298006806
S31508006020806800900098FFE7FFE702990020C8867D
S315080060300299012048650298806D20B1FFE7029811
S31508006040FDF782FE04E0FFE70298FEF75DF9FFE739
S3150800605004B080BD80B586B004900391029204987E
S31508006060039B02996A4611600221012200F054F846
S3150800607040B1FFE70499886D40F020008865032049
S31508006080059046E040F20000C2F2000000684AF6B9
S31508006090AB21CAF6AA21A0FB011000094FF2A17193
S315080060A0C1F2C601A0FB0110000C4FF47A714843F7
S315080060B0019004984068B0F5827F14D1FFE70498F0
S315080060C0039B02996A4611608021002200F024F899
S315080060D040B1FFE70499886D40F0200088650320E9
S315080060E0059016E012E0FFE7019808B9FFE70CE013
S315080060F0019801380190FFE7049800688068C1B2EA
S315080061000020B0EBD11FEFD1FFE7FFE70020059095
S31508006110FFE7059806B080BD80B58AB0DDF830C0C7
S31508006120089007910692059305980190FCF7ECFFF5
S31508006130024601980C99891A08440390FCF7E4FF73
S315080061400290039840F20001C2F200010968C1F307
S31508006150CB3148430490FFE70898006880680799A0
S315080061600840401AB0FA80F04009069988425CD087
S31508006170FFE705980130002856D0FFE7FCF7C4FF73
S315080061800299401A0399884204D2FFE70398002827
S315080061903FD1FFE708980168486820F0E0004860AA
S315080061A008984068B0F5827F13D1FFE708988068A1
S315080061B0B0F5004F06D0FFE708988068B0F5806F05
S315080061C007D1FFE708980168086820F040000860D2
S315080061D0FFE70898806AB0F5005F0FD1FFE7FFE791
S315080061E008980168086820F4005008600898016853
S315080061F0086840F400500860FFE7FFE708990120A7
S315080062004865FFE7089900200865FFE7032009901D
S315080062100EE0049818B9FFE70020039003E00498FD
S3150800622001380490FFE7FFE796E700200990FFE7AB
S3150800623009980AB080BD000080B588B084460A98DF
S31508006240CDF81CC0ADF81A10ADF81820ADF8163008
S31508006250ADF8140040F21431C2F2000101200870B2
S3150800626041F20000C4F202000290102103910022BC
S315080062700492FCF733FFBDF81A00BDF81810BDF8F4
S3150800628016200244013ABDF814300B44013B92B281
S315080062909BB200F07DFA2C2000F02CFB02980399A3
S315080062A0049AFCF71BFFFFE74AF62420C2F2000017
S315080062B0006880680006002801D5FFE7F4E74AF67B
S315080062C02420C2F2000001900268116821F0400102
S315080062D011604FF40061C1600268116841F4006101
S315080062E011600168086840F04000086041F200004B
S315080062F0C4F2020001221146FCF7F0FE0198079944
S31508006300BDF81620BDF814305A4392B2FDF752FF75
S3150800631020B3FFE740F21431C2F2000100200870F2
S315080063204AF62420C2F200000268116821F04001F2
S3150800633011600268116821F400611160016808683B
S3150800634040F04000086041F20000C4F2020010214B
S315080063500122FCF7C3FEFBF717FEFFE708B080BD76
S3150800636080B5A2B08DF8870020919DF887104AF66F
S315080063702440C2F20000017220990160F021818058
S315080063804FF4A071C1800068002840F01E81FFE725
S31508006390112000F0AFFA7820FCF778FC4AF6244082
S315080063A0C2F20000007A00F02FFAB12000F0A2FA3B
S315080063B00120149000F078FA2C20179000F074FA57
S315080063C02D20189000F070FAB22000F093FA149875
S315080063D000F06AFA179800F067FA189800F064FA5D
S315080063E0B32000F087FA149800F05EFA179800F0C8
S315080063F05BFA189800F058FA149800F055FA1798AE
S3150800640000F052FA189800F04FFAB42000F072FA29
S315080064100720169000F048FAC02000F06BFAA22078
S3150800642000F042FA02201C9000F03EFA842000F0A8
S315080064303BFAC12000F05EFAC520119000F034FA4C
S31508006440C22000F057FA0A201F9000F02DFA00200B
S315080064501B9000F029FAC32000F04CFA8A2010900D
S3150800646000F022FA2A20129000F01EFAC42000F04A
S3150800647041FA109800F018FAEE2000F015FA119873
S3150800648000F038FA0E2000F00FFA202000F032FA59
S315080064903A2000F02FFA052000F006FA129800F0CC
S315080064A029FA1B9800F000FA1B9800F0FDF91B98D2
S315080064B000F0FAF9812000F0F7F92B20139000F08C
S315080064C019FA1B9800F0F0F91B9800F0EDF91B98E3
S315080064D000F0EAF9A12000F0E7F9E02000F00AFA56
S315080064E01C9800F0E1F91C2000F0DEF9169800F07F
S315080064F0DBF9122000F0D8F937201A9000F0D4F909
S31508006500322000F0D1F929201E9000F0CDF9189814
S3150800651000F0CAF91E9800F0C7F9252000F0C4F962
S31508006520139800F0C1F9392000F0BEF91B9800F065
S31508006530BBF9149800F0B8F90320159000F0B4F9E7
S3150800654010201D9000F0B0F9E12000F0D3F915985D
S3150800655000F0AAF91D2000F0A7F9169800F0A4F992
S31508006560062000F0A1F92E20199000F09DF9179841
S3150800657000F09AF91E9800F097F9189800F094F927
S31508006580199800F091F9199800F08EF91A9800F008
S315080065908BF93F2000F088F91B9800F085F91B98C5
S315080065A000F082F91C9800F07FF91D9800F07CF93C
S315080065B0132000F09FF91F98FCF768FB1E9800F05F
S315080065C099F91F98FCF762FBD4E04AF62440C2F218
S315080065D000000068012840F0CC80FFE70120039006
S315080065E000F088F978200190FCF750FB112000F0A4
S315080065F081F90198FCF74AFB4AF62440C2F20000EA
S31508006600007A00F001F93A2000F074F905200490A8
S3150800661000F04AF9B22000F06DF90C20029000F063
S3150800662043F9029800F040F9002000F03DF93320C4
S31508006630099000F039F9099800F036F9B72000F00A
S3150800664059F9352000F030F9BB2000F053F9322013
S3150800665000F02AF9C22000F04DF9039800F024F959
S31508006660C32000F047F915200D9000F01DF9C4204D
S3150800667000F040F9202000F017F9C62000F03AF99A
S315080066800F2000F011F9D020059000F033F9A4206E
S3150800669000F00AF9A12000F007F9E02000F02AF935
S315080066A0059800F001F90820069000F0FDF80E2084
S315080066B0079000F0F9F80920089000F0F5F8089816
S315080066C000F0F2F8049800F0EFF831200E9000F090
S315080066D0EBF8099800F0E8F848200A9000F0E4F88A
S315080066E017200B9000F0E0F814200C9000F0DCF86E
S315080066F00D9800F0D9F80E9800F0D6F834200F90CF
S3150800670000F0D2F8E12000F0F5F8059800F0CCF892
S31508006710069800F0C9F8079800F0C6F8089800F03F
S31508006720C3F8089800F0C0F80D9800F0BDF80E9868
S3150800673000F0BAF8099800F0B7F80A9800F0B4F82B
S315080067400B9800F0B1F80C9800F0AEF80D9800F030
S31508006750ABF80E9800F0A8F80F9800F0A5F82120DD
S3150800676000F0C8F8292000F0C5F80A20FCF78EFAD0
S31508006770FFE7FFE74AF62420C2F20000806C42F2E7
S315080067800962C0F600020421FCF7A6F922B080BD12
S3150800679080B586B0ADF81600ADF81410ADF8122025
S315080067A0ADF810302A2000F0A5F89DF817008DF8EE
S315080067B00C00BDF816008DF80D009DF813008DF835
S315080067C00E00BDF812008DF80F0003A801900421F1
S315080067D0029100F0B7F82B2000F08CF80198029986
S315080067E09DF815208DF80C20BDF814208DF80D2085
S315080067F09DF811208DF80E20BDF810208DF80F2079
S3150800680000F0A0F806B080BD80B582B08DF807000C
S3150800681000208DF806009DF8070001460091032820
S3150800682038D80099DFE801F0020F1C29C0208DF83E
S3150800683006004AF62441C2F20001F02088804FF48F
S31508006840A070C88027E0A0208DF806004AF62441EB
S31508006850C2F200014FF4A0708880F020C8801AE0C8
S3150800686000208DF806004AF62441C2F20001F02005
S3150800687088804FF4A070C8800DE060208DF806006F
S315080068804AF62441C2F200014FF4A0708880F02035
S31508006890C88000E0FFE7362000F02CF89DF80600D7
S315080068A000F002F802B080BD80B584B08DF80F0004
S315080068B041F20000C4F20200029010210091002269
S315080068C0FCF70CFC0298012201921146FCF706FC23
S315080068D0019A4AF62420C2F200000DF10F014FF08A
S315080068E0FF33FDF727FB0099019A0298FCF7F6FBA0
S315080068F004B080BD80B586B08DF8170041F200005F
S31508006900C4F2020004901021029100220192FCF7C1
S31508006910E5FB019A049801210391FCF7DFFB039A32
S315080069204AF62420C2F200000DF117014FF0FF339A
S31508006930FDF700FB0299039A0498FCF7CFFB06B013
S3150800694080BD000080B586B00590049141F2000034
S31508006950C4F202000390102101910022FCF7BEFB4D
S315080069600398012202921146FCF7B8FB0599BDF877
S3150800697010204AF62420C2F200004FF0FF33FDF73C
S31508006980D9FA0199029A0398FCF7A8FB06B080BDCC
S31508006990074B19680868B0E8F04F80F30988BFF319
S315080069A06F8F4FF0000080F31188704700BF00BF5B
S315080069B03CAC002080B582B08DF807008DF8061033
S315080069C09DF807009DF8061014F0AAF902B080BDDC
S315080069D080B582B0009000980138B0F1807F03D36B
S315080069E0FFE70120019019E0009801384EF21401E2
S315080069F0CEF2000108604FF0FF300F2113F056FC6D
S31508006A004EF21801CEF20001002008604EF2100284
S31508006A10CEF20002072111600190FFE7019802B04B
S31508006A2080BD000080B518F079FC012803D0FFE787
S31508006A3017F056FFFFE7FCF76DFB80BD80B594B0F5
S31508006A4008A83021F9F7D3FE002007900690059094
S31508006A5004900390FFE70020029043F64000C4F23A
S31508006A600200016841F080510160006800F0805022
S31508006A7002900298FFE7FFE70020019047F2000026
S31508006A80C4F20000016841F440410160006800F466
S31508006A90404001900198FFE7012008904FF48030AC
S31508006AA0099002200E904FF480010F910F2110914A
S31508006AB0D821119112900420139008A8FCF7FAFD2A
S31508006AC018B1FFE7FBF76EFAFFE7FCF7D1FB18B141
S31508006AD0FFE7FBF767FAFFE70F2003900220049011
S31508006AE0002005904FF4A05006904FF48050079070
S31508006AF003A80521FCF718FC18B1FFE7FBF752FAC3
S31508006B00FFE714B080BD00004EF68851CEF20001B2
S31508006B10086840F4700008607047000080B54AF6BF
S31508006B208020C2F20000FDF77FFE80BD83B0029090
S31508006B30019102980068009002980021C4F20101B0
S31508006B40884225D0FFE70298B0F1804F20D0FFE7B2
S31508006B50029840F20041C4F20001884218D0FFE7CB
S31508006B60029840F60001C4F20001884210D0FFE7FF
S31508006B70029840F60041C4F20001884208D0FFE7B7
S31508006B80029840F20041C4F2010188420AD1FFE7A7
S31508006B90009820F07000009001984168009808431A
S31508006BA00090FFE702980021C4F20101884255D0FF
S31508006BB0FFE70298B0F1804F50D0FFE7029840F205
S31508006BC00041C4F20001884248D0FFE7029840F627
S31508006BD00001C4F20001884240D0FFE7029840F65F
S31508006BE00041C4F20001884238D0FFE7029840F21B
S31508006BF00041C4F20101884230D0FFE7029844F20E
S31508006C000001C4F20101884228D0FFE7029844F245
S31508006C100041C4F20101884220D0FFE7029844F6F9
S31508006C200001C4F20101884218D0FFE7029841F634
S31508006C300001C4F20001884210D0FFE7029841F62D
S31508006C400041C4F20001884208D0FFE7029842F2E8
S31508006C500001C4F2000188420AD1FFE7009820F437
S31508006C60407000900198C168009808430090FFE7BB
S31508006C70009820F08000019949690843009001981E
S31508006C8080680299C8620198006802998862029829
S31508006C900021C4F20101884208D0FFE7029840F2B9
S31508006CA00041C4F20101884205D1FFE70198006955
S31508006CB002990863FFE70299086840F00400086033
S31508006CC002990120486100980299086003B070474C
S31508006CD085B004900391029201930498806800900D
S31508006CE0009820F47F40009003980299019A41EA9F
S31508006CF0022101430098084300900098049988608F
S31508006D0005B0704783B002900191029880680090A0
S31508006D10009820F07000009001980099084340F010
S31508006D200700009000980299886003B07047000039
S31508006D3085B00490039102920498006A0090049921
S31508006D40086A20F001000862049880690190019899
S31508006D5020F0F00001900299019840EA0110019094
S31508006D60009820F00A0000900399009808430090C4
S31508006D7001980499886100980499086205B07047DB
S31508006D8085B00490039102920498006A00900499D1
S31508006D90086A20F01000086204988069019001983A
S31508006DA020F4704001900299019840EA0130019060
S31508006DB0009820F0A00000900399009840EA01107E
S31508006DC0009001980499886100980499086205B0B2
S31508006DD07047000080B582B00190FEF799FD052046
S31508006DE017F0B8FA02B080BD80B582B0019001985C
S31508006DF0C06B009000990020C8850098FDF74CFEEE
S31508006E0002B080BD80B584B003900020029003983C
S31508006E10C06B0190019800684069C0B2C009029031
S31508006E200198406C21280AD1FFE7029838B1FFE79C
S31508006E3001990020C884019800F05AF9FFE70198E3
S31508006E4000684069C0F3801002900198806C22287F
S31508006E500AD1FFE7029838B1FFE701990020C885F3
S31508006E60019800F0E9F8FFE70199C86C40F01000B6
S31508006E70C8640198FDF710FE04B080BD80B586B0E1
S31508006E8005900598C06B0490059800680068C005D1
S31508006E90002859D4FFE704990020C885FFE7FFE7D3
S31508006EA00498006850E8030F20F480700390FFE709
S31508006EB003990498026842E803100028F0D1FFE716
S31508006EC0FFE7FFE7FFE70498006850E8050F20F0A2
S31508006ED001000290FFE702990498026842E805104B
S31508006EE00028F0D1FFE7FFE7FFE7FFE7049800680F
S31508006EF050E8050F20F040000190FFE7019904983B
S31508006F00026842E805100028F0D1FFE7FFE7049978
S31508006F10202088640498006B012814D1FFE7FFE756
S31508006F20FFE70498006850E8030F20F0100000906F
S31508006F30FFE700990498026842E803100028F0D198
S31508006F40FFE7FFE7FFE7FFE7049900204863049897
S31508006F50006B012805D1FFE70498818DFDF796FDA2
S31508006F6003E00498FEF73CF9FFE706B080BD000091
S31508006F7080B582B001900198C06B009000990120FD
S31508006F8048630098006B012806D1FFE70098818DB9
S31508006F904908FDF77BFD03E00098FEF72FF9FFE7A8
S31508006FA002B080BD80B584B003900398C06B029090
S31508006FB0039800680068C00500282AD4FFE70299EC
S31508006FC00020C884FFE7FFE70298006850E8050F2D
S31508006FD020F080000190FFE701990298026842E8D4
S31508006FE005100028F0D1FFE7FFE7FFE7FFE7029863
S31508006FF0006850E8030F40F040000090FFE7009952
S315080070000298026842E803100028F0D1FFE7FFE77C
S3150800701003E00298FEF702FAFFE704B080BD00001D
S3150800702080B582B001900198C06B00900098FEF779
S31508007030F9F902B080BD000084B00390FFE7FFE7CE
S315080070400398006850E8030F20F490700290FFE759
S3150800705002990398026842E803100028F0D1FFE776
S31508007060FFE7FFE7FFE70398006850E8050F20F001
S3150800707001000190FFE701990398026842E80510AC
S315080070800028F0D1FFE7FFE70398006B012814D129
S31508007090FFE7FFE7FFE70398006850E8030F20F0D3
S315080070A010000090FFE700990398026842E8031071
S315080070B00028F0D1FFE7FFE7FFE70399202088645F
S315080070C003990020086304B07047000080B582B0B9
S315080070D0019001980168C86820F04000C8600199CD
S315080070E0202048640198FEF799F9002002B080BD77
S315080070F082B00190FFE7FFE70198006850E8030FA8
S3150800710020F0C0000090FFE700990198026842E865
S3150800711003100028F0D1FFE7FFE701992020486413
S3150800712002B0704780B586B00490002003900290A4
S315080071300498806C222840F09D80FFE704988068B8
S31508007140B0F5805F13D1FFE70498006978B9FFE7C7
S315080071500498806A02900498006840686FF35F207C
S31508007160029908800499886A0230886223E00498A4
S31508007170806A039004988068B0F5805F08D0FFE7BE
S315080071800498806850B9FFE70498006930B9FFE7AA
S315080071900498006840680399087007E00498006836
S315080071A0406800F07F0003990870FFE70499886A31
S315080071B001308862FFE70499C88D0138C885000444
S315080071C0002854D1FFE704980168C86820F0200019
S315080071D0C86004980168C86820F48070C86004987C
S315080071E00168486920F001004861049920208864F4
S315080071F00499002048630498006B012830D1FFE702
S31508007200049900200863FFE7FFE70498006850E840
S31508007210030F20F010000190FFE701990498026817
S3150800722042E803100028F0D1FFE7FFE7049800685A
S315080072300068C00600280ED5FFE7FFE7002000908B
S3150800724004980068006800900498006840680090F8
S315080072500098FFE7FFE70498818DFDF717FC03E028
S315080072600498FDF7BDFFFFE70020059005E0002024
S31508007270059002E002200590FFE7059806B080BD5C
S3150800728080B586B0059005980068006920F44050DE
S31508007290059A1168D26810430861059988680B69D0
S315080072A04A69C96918431043084304900598006859
S315080072B0C06849F20C61884304990843059909682E
S315080072C0C86005980068406920F44070059A1168FE
S315080072D09269104348610598006841F20001C4F2BA
S315080072E00101884209D0FFE70598006841F200418C
S315080072F0C4F20101884204D1FFE7FCF755F903906F
S3150800730003E0FCF73FF90390FFE70598C069B0F57D
S31508007310004F29D1FFE703981921A0FB0101059A1F
S315080073201368029353685A00DB0FF9F7EBF80299D2
S31508007330864648F21F53C5F2EB13AEFB03204209FB
S3150800734010014FF0640C02FB1CEC322202EBCC025B
S31508007350A2FB0332F82303EA521300EB4300C2F3FD
S3150800736042121044886026E003981921A0FB010107
S31508007370059A1368019353689A009B0FF9F7C2F8A8
S315080073800199844648F21F52C5F2EB12ACFB023053
S315080073904309642003FB10CC322000EB0C10A0FB41
S315080073A00202F02000EA521000EB0310C2F3431267
S315080073B010448860FFE706B080BD000080B58AB03B
S315080073C008900791ADF81A20079808998862BDF8C1
S315080073D01A000899888508990020C864089A222105
S315080073E091640899CA6B46F67D61C0F6000111647E
S315080073F00899CA6B46F67171C0F60001516408997E
S31508007400CA6B46F60561C0F6000111650899C96B95
S31508007410486507A8059008980168C06B0431059A65
S315080074201268BDF81A30FBF7A5FB48B1FFE70899C3
S315080074301020C864089920208864012009904DE02E
S31508007440FFE70020049008980068006804900898F0
S315080074500068406804900498FFE708980069A0B19E
S31508007460FFE7FFE7FFE70898006850E8030F40F4D6
S3150800747080700390FFE703990898026842E80310B2
S315080074800028F0D1FFE7FFE7FFE7FFE7FFE70898E7
S31508007490006850E8050F40F001000290FFE70299E6
S315080074A00898026842E805100028F0D1FFE7FFE7D0
S315080074B0FFE7FFE70898006850E8050F40F040002E
S315080074C00190FFE701990898026842E8051000282C
S315080074D0F0D1FFE7FFE700200990FFE709980AB017
S315080074E080BD000083B001900198406C212839D1F5
S315080074F0FFE701988068B0F5805F13D1FFE7019830
S31508007500006978B9FFE70198006A0090009800883A
S315080075106FF35F200199096848600199086A02308B
S31508007520086208E0019A106A411C11620078019904
S3150800753009684860FFE70199C88C0138C8840004C7
S3150800754068B9FFE701980168C86820F08000C8603C
S3150800755001980168C86840F04000C860FFE700204D
S31508007560029002E002200290FFE7029803B07047FB
S3150800757080B586B0DDF820C004900391029201938D
S31508007580FFE704980068006803990840401AB0FAB3
S3150800759080F04009029988424AD1FFE708980130ED
S315080075A0002844D0FFE7FBF7AFFD0199401A089978
S315080075B0884203D8FFE7089818B9FFE70320059023
S315080075C039E004980068C068400700282ED5FFE710
S315080075D0039880282AD0FFE70398402826D0FFE79B
S315080075E004980068006800F008010120B0EBD10F8C
S315080075F01BD1FFE7FFE700200090049800680068A9
S31508007600009004980068406800900098FFE7049886
S31508007610FFF712FD04990820C864FFE704990020C3
S315080076200864FFE70120059005E0FFE7FFE7A8E704
S3150800763000200590FFE7059806B080BD80B582B0AA
S315080076404AF6E820C2F2000000680068C006002872
S3150800765016D5FFE7FFE7002001904AF6E820C2F2B8
S315080076600000016809680191006840680190019866
S31508007670FFE74AF6E820C2F2000016F01BFBFFE718
S315080076804AF6E820C2F20000FDF76AFA02B080BDA9
S31508007690FFE7FEE780B513F091F813F0BBF813F097
S315080076A0CFF813F0E3F813F0F1F880BD80B513F0C6
S315080076B09BF880BD80B513F05DF880BD7047826881
S315080076C012B10146012010477047F0B5ADF5397D76
S315080076D064AF0646384614460D46F9F757FC02A924
S315080076E0384632462B46F5607461009400F0F8FD82
S315080076F002200DF5397DF0BD80B58AB0694613F0D4
S31508007700F1F90299002818BF002108460AB080BD81
S3150800771080B58AB0694613F0E5F90099002818BFC4
S31508007720002108460AB080BD70B5ADF5407D62AD52
S3150800773004462846F9F72AFC00206E46E0603046E3
S31508007740294613F0F3F9B6A9304613F0CBF918B168
S3150800775003200DF5407D70BD6D46B6AEB99B5BB195
S31508007760B698BB99BE9A2165C4E912020020214643
S315080077702A469847082806D12846314613F0B2F912
S315080077800028EBD0E4E7062802D00928E1D0DFE795
S3150800779062A869462246002300F0D0FC0220D8E7FA
S315080077A010B5ADF5387D044664A8F9F7EFFBE36834
S315080077B03BB964A802A92246012300F0BFFCF9F7E9
S315080077C0BDFBD4F814C064A802A92246CDF800C0AF
S315080077D000F086FDF9F7B2FB70B5049C164605293C
S315080077E0054616D0012908D059BB0F2E4FF00200C6
S315080077F013D893B92846314612E023F0040001282D
S315080078000AD1012B10D10F2E06D8284613F0BBF942
S315080078100CE053EA060001D0022070BD28468F21ED
S31508007820224613F06DF907E01F2EF5D806F580718C
S315080078302846224613F03FF9002818BF01204000C9
S3150800784070BDF9F77BFB00002DE9F04F81B09A4235
S31508007850044680F0E88098468A460025EB462026AE
S3150800786082F003001AF90000571C00285FFA80F915
S315080078700ED420460D215A4613F042F90098B9F164
S31508007880400F4FEA890125D20844021D26E000BFB1
S31508007890A9F180000009052800F2D380DFE800F08E
S315080078A00362404D246E474580F0CB8087F0030184
S315080078B04FEA09301AF8011080B250EA011300F0B5
S315080078C0C08009F00800971C45EAD005204600212B
S315080078D01A4630E001F0FC01401A021F00922046C9
S315080078E00D2113F06EF957E009F0FE00C82840F0A4
S315080078F0A88087F003001AF80010A9F1C800B0FAAA
S3150800790080F040090B0943EA001001F00F01431803
S315080079101F2B00F2968041EA0040971C421C36E075
S3150800792009F0070006FA00F0103809F0080140EAE5
S31508007930C1222046002100232CE0A9F1B001072925
S3150800794058D80920DFE801F06D04315D2D7A7A7A7E
S31508007950474573D287F003001AF800300F2B70D80A
S31508007960971CB3E709F00D000D286AD009F00F013E
S3150800797020465A4613F0C4F8009AB0E75FEA097041
S315080079805FD4012109F00700C0F208014218204619
S315080079900121052300F058F847453A46FFF460AF41
S315080079A03FE0204605210022C5E7A946002600201B
S315080079B0474546D287F003011AF901107D1C01F0EC
S315080079C07F0282401643073000292F46F0D420460E
S315080079D00D215A4613F094F800980D2100EB860005
S315080079E000F501722046009213F0EBF82F464D463B
S315080079F02026D1E7012109F00700C0F20801421844
S31508007A000BE087F003001AF80000971C00F00F013E
S31508007A1000F0F00041EA0030421C20460121012313
S31508007A20B8E7E80709D16A4620460E2113F068F838
S31508007A30009A20460F2113F0C4F8082001B0BDE8CB
S31508007A40F08F0920FAE700002DE9F04186B01E46BE
S31508007A5015460529044654D0012928D0002975D190
S31508007A60002E57D102AA20460D2113F049F8002806
S31508007A7050D10027002600BF25FA06F0C0070FD010
S31508007A800298314650F8042B0290204613F099F8D4
S31508007A9000283FD1A6F10D00B0FA80F0400907434F
S31508007AA00136102EE8D1F80746D0002033E026F03C
S31508007AB0040001282ED105AA20460D2113F020F82E
S31508007AC040BBA8B2B8B12F0C00EB15450DF108085C
S31508007AD005983A4600F10801059103C83346CDE9F1
S31508007AE0020120460121CDF8008000F031F888B95E
S31508007AF00137AF42ECD3012E1CD10598021D059221
S31508007B001BE056EA050005D102AA20460D2112F00F
S31508007B10F7FF18B1022006B0BDE8F081029A2046A8
S31508007B2052F8045B0D21029213F04BF820468F2180
S31508007B302A4604E0059A00E0029A20460D2113F031
S31508007B4040F8002818BF01204000E4E7F9F7F6F9E5
S31508007B5070B5049E15460529044617D0012909D093
S31508007B6069BB0F2D4FF0020014D89BB93268204626
S31508007B70294613E023F0040001280AD1012B10D16D
S31508007B800F2D06D8204612F0FEFF0CE053EA05003A
S31508007B9001D0022070BD326820468F2113F011F8FB
S31508007BA008E01F2DF5D8D6E9002305F58071204693
S31508007BB012F0ECFF002818BF0120400070BDF9F74D
S31508007BC0BDF9000080B590B040F22030C2F2000046
S31508007BD00078BFF35F8FC007002844D1FFE740F263
S31508007BE02030C2F2000016F0CBF9E0B3FFE7684692
S31508007BF00D9000210163C16281623F22426243F215
S31508007C00F042C0F60302026243F20C52C0F60302C7
S31508007C10C26181614161012202610423C3608160FE
S31508007C2041600A23036048F6AC40C2F2000042F6FF
S31508007C303061C0F6030105F029FEFFE74DF6851011
S31508007C40C0F6000048F6AC41C2F2000140F200025C
S31508007C50C0F60002F8F7E4FC40F22030C2F2000059
S31508007C6016F0A4F9FFE748F6AC40C2F2000010B0DF
S31508007C7080BD0F900E9140F22030C2F20000002124
S31508007C804170FFE712F0DEFC80B590B040F2243078
S31508007C90C2F200000078BFF35F8FC007002844D106
S31508007CA0FFE740F22430C2F2000016F069F9E0B3AB
S31508007CB0FFE768460D9000210163C16281623F2299
S31508007CC0426243F2F442C0F60302026243F21052E1
S31508007CD0C0F60302C2618161416101220261042387
S31508007CE0C360816041601423036048F6D840C2F23D
S31508007CF0000042F64061C0F6030105F0C7FDFFE744
S31508007D004DF68510C0F6000048F6D841C2F20001CB
S31508007D1040F20002C0F60002F8F782FC40F2243076
S31508007D20C2F2000016F042F9FFE748F6D840C2F260
S31508007D30000010B080BD0F900E9140F22430C2F2C0
S31508007D40000000214170FFE712F07CFC80B590B07E
S31508007D5040F22830C2F200000078BFF35F8FC007F8
S31508007D60002844D1FFE740F22830C2F2000016F09E
S31508007D7007F9E0B3FFE768460D9000210163C16289
S31508007D8081623F22426243F2F842C0F6030202626F
S31508007D9043F21452C0F60302C261816141610122B5
S31508007DA002610423C360816041602823036048F6AA
S31508007DB00450C2F2000042F65061C0F6030105F015
S31508007DC065FDFFE74DF68510C0F6000048F604513C
S31508007DD0C2F2000140F20002C0F60002F8F720FCE9
S31508007DE040F22830C2F2000016F0E0F8FFE748F645
S31508007DF00450C2F2000010B080BD0F900E9140F200
S31508007E002830C2F2000000214170FFE712F01AFC88
S31508007E1080B590B040F22C30C2F200000078BFF373
S31508007E205F8FC007002847D1FFE740F22C30C2F227
S31508007E30000016F0A5F800283ED0FFE769460D9128
S31508007E4000200863C86288623F224A6243F2FC4205
S31508007E50C0F603020A6243F21852C0F60302CA6168
S31508007E6001228A614A610A610422CA608860486000
S31508007E701420086048F63050C2F2000042F66061ED
S31508007E80C0F603014822182305F000FDFFE74DF66A
S31508007E908510C0F6000048F63051C2F2000140F2E3
S31508007EA00002C0F60002F8F7BBFB40F22C30C2F223
S31508007EB0000016F07BF8FFE748F63050C2F20000E3
S31508007EC010B080BD0F900E9140F22C30C2F2000027
S31508007ED000214170FFE712F0B5FB000080B590B0B5
S31508007EE040F23030C2F200000078BFF35F8FC0075F
S31508007EF0002848D1FFE740F23030C2F2000016F001
S31508007F003FF800283FD0FFE769460D910020086337
S31508007F10C86288623F224A6243F20052C0F60302F0
S31508007F200A6243F21C52C0F60302CA6102228A613F
S31508007F3001224A610A610422CA60886048600F20EB
S31508007F40086048F65C50C2F2000043F25021C0F6C1
S31508007F5003011822122305F099FCFFE74DF6851058
S31508007F60C0F6000048F65C51C2F2000140F2000279
S31508007F70C0F60002F8F754FB40F23030C2F20000B7
S31508007F8016F014F8FFE748F65C50C2F2000010B08D
S31508007F9080BD0F900E9140F23030C2F200000021F1
S31508007FA04170FFE712F04EFB80B590B040F23430D6
S31508007FB0C2F200000078BFF35F8FC007002845D1E2
S31508007FC0FFE740F23430C2F2000015F0D9FFE8B3FB
S31508007FD0FFE768460D9000210163C16281623F2276
S31508007FE0426243F20452C0F60302026243F220528E
S31508007FF0C0F60302C2610122826141610261042264
S31508008000C260816041601423036048F68850C2F25A
S31508008010000043F2A031C0F60301082205F036FC41
S31508008020FFE74DF68510C0F6000048F68851C2F203
S31508008030000140F20002C0F60002F8F7F1FA40F239
S315080080403430C2F2000015F0B1FFFFE748F6885059
S31508008050C2F2000010B080BD0F900E9140F234308D
S31508008060C2F2000000214170FFE712F0EBFA0000AF
S3150800807080B590B040F23830C2F200000078BFF305
S315080080805F8FC007002847D1FFE740F23830C2F2B9
S31508008090000015F075FF00283ED0FFE768460D90F2
S315080080A000210163C16281623F22426243F20852A3
S315080080B0C0F60302026243F22452C0F60302C2610A
S315080080C0032282614161012202610422C260816049
S315080080D041601623036048F6B450C2F2000043F22A
S315080080E01041C0F60301102205F0D0FBFFE74DF65C
S315080080F08510C0F6000048F6B451C2F2000140F2FD
S315080081000002C0F60002F8F78BFA40F23830C2F2E5
S31508008110000015F04BFFFFE748F6B450C2F2000026
S3150800812010B080BD0F900E9140F23830C2F20000B8
S3150800813000214170FFE712F085FA00002DE9F047AB
S315080081408CB00C46014620469A46154612F0EEFCBF
S3150800815001260DF12C080DF1040900BF1AF00100E3
S315080081604FF0010718BF022708D03EB92A692046F2
S315080081704FF0FF3112F025FD4FF0000A20466FF050
S315080081800101424612F0BCFC2046494612F0AAFC00
S3150800819020BB049B7BB101980699099A2965C5E914
S315080081A012023846294622469847082805D10B98D0
S315080081B0296A884205D0013ED0E7072803D0092856
S315080081C00CD1F8F7BBFE6A4620464FF0FF3112F095
S315080081D097FC00982861204612F0CCFC0CB0BDE84C
S315080081E0F087000081B00090009800280DD4FFE7C2
S315080081F0009901F01F02012090404A094EF2001131
S31508008200CEF2000141F82200FFE701B070470000F6
S3150800821081B00090009800280DD4FFE7009901F07E
S315080082201F02012090404A094EF20011CEF20001C9
S3150800823041F82200FFE701B07047000081B00090C6
S315080082400098002811D4FFE7009901F01F020120C9
S3150800825090404A094EF28011CEF2000141F8220000
S31508008260BFF34F8FBFF36F8FFFE701B07047000072
S3150800827081B000900098002811D4FFE7009901F01A
S315080082801F02012090404A094EF28011CEF20001E9
S3150800829041F82200BFF34F8FBFF36F8FFFE701B09E
S315080082A07047000082B0019000910198002809D417
S315080082B0FFE70098000101994EF20042CEF2000253
S315080082C088540AE000980001019901F00F014EF662
S315080082D01452CEF200028854FFE702B0704700003D
S315080082E02DE9F0418CB00D46014628461C46164637
S315080082F012F01CFC02A9284612F0F4FB10B10CB0CF
S31508008300BDE8F081DDF8488002AF00BF01200A21F0
S3150800831032463346CDE90058A0470028EFD1059BE1
S315080083208BB1029807990A9A3165C6E912020920A3
S3150800833031462A469847072802D0082803D009E07C
S31508008340284612F017FC2846394612F0CBFB0028BF
S31508008350DCD0D4E70528D2D101201A21324633468B
S31508008360CDE90058A047CAE780B582B0019006F06B
S31508008370E5FB06F0E9FD02B080BD000081B0009083
S31508008380FFE7FEE762B1884204BF0120704780B567
S3150800839040684968F9F738FCB0FA80F0400980BDB2
S315080083A040684968401AB0FA80F0400970472DE9DC
S315080083B0F04190B00D46DDE9168101AFCDE90130F7
S315080083C0CDE9032107F110002721F8F710FA01205B
S315080083D08DF83B000024D8F800000F9486694046C3
S315080083E039462A4601230094B0470A98012811D035
S315080083F0F8B90B99DDE90802069C81F0010180F0C5
S31508008400010008430021012A18BF0C46002818BF9E
S315080084100C460EE00798012801D1059C09E00B9847
S31508008420002430B90898012803D10998012808BF03
S31508008430059C204610B0BDE8F0812DE9F04192B0C8
S315080084401E46199B0C46002B05D41898D84218BF0F
S315080084500024254623E0991C4FF000051FD00DF196
S315080084600C08CDE9036008F110002021CDE90523A9
S31508008470F8F7BDF94FF080704FF0010C1090306896
S31508008480CDF83CC0119547693046414622462346F9
S31508008490CDE900C5B8470998012808BF25462846EA
S315080084A012B0BDE8F0812DE9F04192B01D46189B47
S315080084B0002B27D4C71A0E468F424FF0000422DB42
S315080084C00DF10C0808F110002021CDE90357CDE97C
S315080084D00523F8F78CF94FF080704FF0010C1090D7
S315080084E02868CDF83CC01194D0F814E028464146D7
S315080084F032463346CDE900C4F047099C002C18BF24
S315080085003C4600E00024204612B0BDE8F0810A6827
S3150800851052F8083C1944016052F8041CC0E90113DA
S31508008520704711F0CBBD80B5AFF300800821BDE8D8
S31508008530804011F09BBE80B5AFF300800C21BDE8EA
S31508008540804011F093BE03C844F64E42C0F243027F
S31508008550000A82EA112240EA016042F62B31C4F28F
S31508008560437148401043B0FA80F04009704748F616
S315080085705821C2F20001884238BFF7F73ABF01F521
S315080085800071884201D200F097BDF7F732BF10B5E7
S3150800859082B0044601284FF0000098BF01240190DC
S315080085A001A808212246F8F7B4F9019810B920461F
S315080085B000F02CFE02B010BD2DE9F04F8DB00F462D
S315080085C01821984691468246F8F711F903205FEA82
S315080085D0C77BCAF8180008D1B80740F18E8107F0A2
S315080085E00C000C2805D1022026E017F00E0F40F0EB
S315080085F08481169D2846FFF77FF8E0B10646CAF83B
S315080086000C0000200C900CAC284600210F220023F9
S315080086100094FFF7E1F80C9C2846FFF779F816F85E
S31508008620011B0546FF290C9609D00CA800F0B6F9DF
S315080086300C9E079004E00820CAF818005DE107952B
S3150800864016F8012B24F00100E943FF2A4FF0000237
S315080086500C9605970BD0002316F9015B05F07F04ED
S3150800866094402343002D02F10702F5D4F218CDF801
S3150800867018A000EB010A711C0C913678CDE9089216
S3150800868000200022CDE903B811F9013B03F07F056C
S3150800869085402A43002B00F10700F5D401EB020BB5
S315080086A00BAD0C910B9100BF594524D22846314693
S315080086B000F074F981462846314600F06FF9804685
S315080086C02846314600F06AF90B990023002200BFBC
S315080086D011F9014B04F07F079F403A43002C03F140
S315080086E00703F5D4D1450B9103D808EB09039A453E
S315080086F005D3CA45D8D20898049900F042F900284B
S3150800870000F0B5800799002A08440699086100F028
S31508008710B1800BEB0200DDF810B0A0F101080BF1F7
S3150800872058004FF0000A4FF0FF360790002100204E
S31508008730C14600BF19F9012B02F07F038B4018438D
S31508008740002A01F10701F5D4D2B206FA01F320296D
S31508008750064638BF1E433F2A98BF0646012E37DB1A
S315080087600998002800F0CC80A0EB86000168002953
S3150800877000F08780006800BF002800F08280054668
S31508008780089810B3584603C800BF44F64762C4F2B7
S315080087904C32514042F60132C4F22B325040084363
S315080087A0079808BF5BF8240C00280A9000F0AC80F4
S315080087B05BF8201C002900F0A78028680AAA03692C
S315080087C028469847002840F08580504630E000BF8C
S315080087D0B6FA86F0400940EA0A004EB3059911F048
S315080087E0080125D1089800284BD0584603C800BF71
S315080087F044F64762C4F24C32514042F60132C4F2A2
S315080088002B3250400843079C08BF5BF8244C002CC9
S315080088107AD05BF8203C002B76D0F517099A3046BB
S315080088202946CDE9004B00F091F9002850465CD165
S31508008830002200214B4600BF13F9016B06F07F07A3
S3150800884097403943002E02F10702F5D4F3B24FF0F0
S31508008850FF3606FA02F7202A0A4638BF3A433F2B64
S3150800886098BF0A4652B309EB020882465EE70699A4
S31508008870082004E0039A0820002A08BF0620886119
S315080088803BE0069CF017C4E900605846C4F8088027
S3150800889003C800BF44F64762C4F24C32514042F660
S315080088A00132C4F22B325040084304BF5BF8240C53
S315080088B0079007990620C4E905101EE00821C0079D
S315080088C018BF0621059A0820920758BF0146069840
S315080088D0816112E0069AF017C2E900600A9806213B
S315080088E0C2F80880C2E9050107E006990620C1E931
S315080088F00065C1F80880C1E905400DB0BDE8F08FF4
S315080089000898594600F03DF8584611F031FD5BF8D5
S31508008910140C11F0D5FB10B50446283011F028FDCB
S31508008920606911F0CDFBF0B583B015460C46029090
S3150800893002AE084600210022002300960027FFF712
S3150800894007F9286800210290204601220023009694
S31508008950FFF7FEF82D69204600210F220023029713
S315080089600096FEF739FF0298002100F0010028431F
S31508008970029020460F2200230096FFF7E9F803B07D
S31508008980F0BDB0B5054608460C4611F0F1FC1DB120
S3150800899054F8140C11F094FB11F0F4FB70B5FF2990
S315080089A01CD001F00F020C2A00F29380D0F800C008
S315080089B0DFE802F065532F07178F8F8F8F38280748
S315080089C017009CF800209CF802309CF803609CF87D
S315080089D0015043EA062342EA05225CE04FF0000E06
S315080089E075E09CF800209CF802309CF803609CF81F
S315080089F0015043EA062342EA052242EA034E0CF1F5
S31508008A0008064CE09CF901209CF8003043EA022E47
S31508008A1005E09CF800209CF8013042EA032E0CF190
S31508008A2002063CE000230022664600BF16F9014B09
S31508008A3004F07F059D402A43002C03F10703F5D473
S31508008A404FF0FF359646E4B29D40202B38BF4EEADC
S31508008A50050E3F2C98BF964621E000224FF0000EE7
S31508008A60664600BF16F9013B03F07F0494404EEAC0
S31508008A70040EB3F1FF3F02F10702F3DD0FE09CF8A5
S31508008A8000209CF802309CF803509CF8014043EA09
S31508008A90052342EA042242EA034E0CF10406C1F316
S31508008AA002123AB1032A05D0012A12D1BEF1000FEB
S31508008AB00AD0E644BEF1000F06D049B2B1F1FF3F35
S31508008AC0D8BFDEF800E001E04FF0000E0660704601
S31508008AD070BDF8F733FA10B511F0C0FDD0F808E00C
S31508008AE0BEF1000F25D0714651F828CF44F64E4204
S31508008AF04B68C0F2430282EA13244FEA1C2242EA78
S31508008B00036242F62B33C4F243735A4022430CD114
S31508008B10DEF82420013ACEF8242008D1DEF82020F9
S31508008B2082600020CEF8200001E00022826008461C
S31508008B3010BD11F027FB012803D101F1580011F0EF
S31508008B402BBD80B551F8140C11F0BAFA2DE9F04195
S31508008B5082B0E2B1DDF82080C0431C4602EB8000FB
S31508008B6001AD00BF076867B1061D006800BF016850
S31508008B702A460B692146CDF80480984700283046D6
S31508008B80F0D0B7FA87F0400902B0BDE8F08109983D
S31508008B9011F0EEFB11F0F6FA80B584B00390039954
S31508008BA0029101F22A5041F642028B5642F6783279
S31508008BB0C0F6020201920A2100910BF04BF80099C7
S31508008BC0019A029B03F23E5041F6430C13F90C300E
S31508008BD00BF040F80099019A029B03F2525041F6B5
S31508008BE0440C13F90C300BF035F80099019A029BE6
S31508008BF003F2665041F6450C13F90C300BF02AF8CF
S31508008C00029901F20C504FF4C2528B5642F6753255
S31508008C10C0F602020F210BF01DF80099019A029B7B
S31508008C2003F59F6041F6410C13F90C300BF012F86E
S31508008C30029800F54D7010F092FC029800F56270EB
S31508008C4010F08DFC029800F5397010F088FC029837
S31508008C5000F5257010F083FC04B080BD80B582B0A5
S31508008C600190019800F074FB02B080BD80B582B017
S31508008C700190019809F038FE02B080BD80B584B035
S31508008C8003900398009000F067FBFAF73DFA009B03
S31508008C900290029844F6D351C1F26201A0FB01107A
S31508008CA080090190019844F20751CCF22E21A0FBCD
S31508008CB00121090C40F2A3225143A0EBC1100190F7
S31508008CC001994BF2C530C9F2A210A1FB0021CA0ACC
S31508008CD041F650015A50DDF804C0ACFB0020C00A2A
S31508008CE04FF4616200FB12C044F24542C0F24442AE
S31508008CF0A0FB022041F654029850019848F6890CC8
S31508008D00C8F6880CA0FB0CCE4FEA5E1C4FEA0C1C7A
S31508008D10ACEB5E1CA0EB8C0041F6580C43F80C003B
S31508008D2003F57770595C9A5C13F80C3004F086FCEE
S31508008D3004B080BD80B582B001900198009000F023
S31508008D4025FB009841F2DC31C0F6020108310160CA
S31508008D5002B080BD80B582B001900198009000F005
S31508008D6005F8009811F080FA02B080BD80B582B08F
S31508008D7001900198009001F0A7F8009802B080BD14
S31508008D8080B582B00190019801F042FA02B080BD28
S31508008D9080B582B001900198009000200121FDF76E
S31508008DA0DFFA009801F03CFA4AF68020C2F2000089
S31508008DB0FBF708FC02B080BD80B582B0019001982F
S31508008DC001F04EFA02B080BD80B582B001900091E4
S31508008DD00198009901F04CFA02B080BD80B582B0C6
S31508008DE00190019801F072FA02B080BD80B582B098
S31508008DF00190019801F072FA02B080BD80B582B088
S31508008E00019000910198009901F070FA02B080BDB6
S31508008E1080B582B00190019801F06EFA02B080BD6B
S31508008E2080B582B00190019801F070FA02B080BD59
S31508008E3080B582B00190019801F06CFA02B080BD4D
S31508008E4080B584B003900291019200930398029929
S31508008E50019A009B01F06EFA04B080BD10B588B087
S31508008E608C4686460B980A99CDF81CE0CDF818C0B2
S31508008E7005920493ADF80E10ADF80C000798029011
S31508008E800699059A049BBDF80EC0BDF80C40EE463F
S31508008E90CEF80440CEF800C001F05AFA029841F222
S31508008EA01441C0F602010831016008B010BD000087
S31508008EB080B582B001900198009000F005F80098FE
S31508008EC011F0D2F902B080BD80B582B00190019848
S31508008ED0009001F073FA009802B080BD80B582B0A8
S31508008EE040F23C30C2F200000078BFF35F8FC00743
S31508008EF020BBFFE740F23C30C2F2000015F040F814
S31508008F00E0B1FFE748F6E050C2F2000000F028F8AA
S31508008F10FFE749F26900C0F6000048F6E051C2F2E0
S31508008F20000140F20002C0F60002F7F779FB40F2B2
S31508008F303C30C2F2000015F039F8FFE748F6E05079
S31508008F40C2F2000002B080BD0190009140F23C30B0
S31508008F50C2F2000000214170FFE711F073FB000028
S31508008F6080B58CB00B900B98069041F20051C0F674
S31508008F70020108310791016000F11401059100F121
S31508008F802C0241F69003034441F6B00C8444EE46A5
S31508008F90CEF800C001F096F80598069A0799116070
S31508008FA0014608910EF070FAFFE706982C30014644
S31508008FB004910EF031FAFFE7069841F6900108444D
S31508008FC0014603910EF09AFAFFE7069841F6A401C6
S31508008FD0084401F05DFBFFE7069A41F6B00010442D
S31508008FE00146029141F6A401114401F0B5F8FFE7E4
S31508008FF0069841F6B0010144026892689047FFE777
S3150800900006980CB080BD0A9009911BE00A90099158
S3150800901014E00A9009910DE00A90099106E00246CB
S3150800902002980A92099101F0B7F8FFE703980EF043
S3150800903081FAFFE704980EF00BFAFFE708980EF09E
S315080090403FFAFFE7069801F067F8FFE711F0FAFA2A
S3150800905080B582B001900198009000F005F800985C
S3150800906011F002F902B080BD80B584B00390039870
S31508009070029041F20051C0F6020101F108020146D0
S3150800908041F8142B019141F6B001084401F084F827
S31508009090029841F6900108440EF04CFA02982C30DA
S315080090A00EF0D6F901980EF00BFA029801F034F892
S315080090B0029804B080BD0000F0B548F6584CC2F2DC
S315080090C0000CDCF8003048F6582E011FC2F2000EDC
S315080090D0BBB10EF50072934213D000241A4600BFA6
S315080090E0558802EB85068E4212D030F8026C01EBE9
S315080090F08607974211D0158814460EEB8502802DF7
S31508009100EED1A3EB0E0080080880CCF80010F0BD65
S3150800911030F8020C28445080F0BD731920F8023C40
S3150800912024B1A1EB0E0080082080F0BD1088CCF891
S3150800913000100880F0BD00002DE9F04F8BB0044602
S31508009140C06C8B46C57801A9584611F0CBFC00289F
S3150800915094F85000039918BF0021C00743D10E6840
S31508009160002E40D005F00F0A4AF00200032838D135
S31508009170BAF1030F02D14F68082002E04F88B6B251
S3150800918004200D18002006F00109D4F84880019043
S3150800919058460F2101AA67F3410911F0B1FCB9F14C
S315080091A0020F05D229460E68002EE1D11BE000BF4A
S315080091B029D1019827F0010120F0010008EB0102EE
S315080091C0824205F10401EED826F001031A449042C2
S315080091D0E9D22968480061F31E00411C11D002300B
S315080091E011D109200AE0584611F01FFD0146092051
S315080091F0002908BF0520012908BF08200BB0BDE8D3
S31508009200F08F0620FAE7F7F799FE0000F0B581B06F
S3150800921048F6584CC2F2000CDCF8002048F6582EE6
S31508009220C2F2000E22B10EF500718A4208D122E080
S315080092308021C0F27F01724642F8041FCCF8002054
S3150800924003300123810803EB90050024101D134603
S3150800925042071ED15E88721B02F001072A4688BFA4
S315080092603A44B24209D3B14215D318881C460EEBCC
S3150800927080028028EAD1002017E0B01A588080B210
S3150800928003EB8001002723F82070081D43074A8056
S315080092900BD0F7F753FE1988002C12BF21800EEB6E
S315080092A08101CCF800100021198001B0F0BD000042
S315080092B082B001908DF8031002B0704780B582B075
S315080092C084460498CDF804C08DF803108DF8022062
S315080092D08DF801308DF8000002B080BD82B0019093
S315080092E08DF8031002B0704782B001900091019981
S315080092F00098486002B0704781B00090009841F22B
S315080093001451C0F60201083101600021416001B024
S315080093107047000080B582B001900198009000F077
S3150800932005F8009810F0A0FF02B080BD81B000904B
S31508009330009801B07047000041F2DC20C0F6020038
S31508009340704700000220704781B0009001B0704756
S3150800935081B0009001B0704780B582B00190019845
S31508009360009041F63C0142580132425040580328C9
S315080093700AD1FFE700980168C96A8847009941F64B
S315080093803C0200208850FFE702B080BD80B5F0B0EF
S315080093906F906F983E9008F0C9FD3E9841F23051A3
S315080093A0C0F60201083140F8401B01463F9105F01E
S315080093B04DFBFFE73E986C303D900DF5D9704FF6A2
S315080093C0FF7109F08DF8FFE73D980DF5D97104F0A6
S315080093D02FFBFFE73E989C3001463C910DF0F4FECA
S315080093E0FFE73E98C83001463B9108F0B5FCFFE719
S315080093F03E9800F59C703A906BA800210EF010F983
S31508009400FFE73A986B9904F0DDFAFFE73E9800F516
S31508009410A6700146399108F09FFCFFE73E9800F5D3
S31508009420DE7038906AA800210EF0FAF8FFE738983F
S315080094306A9904F0C7FAFFE73E9800F5E870014616
S3150800944037910DF039FCFFE73E9800F507700146A5
S3150800945036910DF031FCFFE73E9800F51A7001468B
S3150800946035910DF0B1FEFFE73E9800F525700146EF
S31508009470349105F047FAFFE73E9800F53970014642
S31508009480339105F03FFAFFE73E9800F54D70014627
S31508009490329105F06FFAFFE73E9800F562700146D3
S315080094A0319105F067FAFFE73E9800F577700146B7
S315080094B0309103F01BF8FFE73E9800F27C402F90AE
S315080094C00DF5D3704FF6FF7109F00AF8FFE72F98EC
S315080094D00DF5D37104F0ACFAFFE73E9800F2AC4004
S315080094E001462E910DF0E8FBFFE73E9841F63C0257
S315080094F00021815000F27A504FF4965105F0DEF8BB
S31508009500FFE73E9840306A46F021116000224FF48A
S31508009510A07311460AF018FEFFE73E9840302C90DB
S3150800952000221046114608F049FD2D90FFE72C98B9
S315080095302D996891689905F081FAFFE73E9800F140
S31508009540400109F0D3FAFFE73E986C302B900DF5F1
S31508009550CF70012108F0C4FFFFE72B980DF5CF71F6
S3150800956008F047FDFFE73E986C306A46F021116027
S3150800957000224FF4A07311460AF0E6FDFFE73E9875
S315080095806C30002104F052FAFFE73E9800F16C01B6
S3150800959009F0ACFAFFE73E989C30694678220A60E3
S315080095A000214FF4A0730AF0CFFDFFE73E98C830BC
S315080095B06A460A21116000224FF4A07311460AF088
S315080095C0C3FDFFE73E9800F59C7029902B20AB2140
S315080095D0D92208F0F3FC2A90FFE729982A99669180
S315080095E0669904F0D9F9FFE73E9901F1C80001F53B
S315080095F09C7102F02BFEFFE73E98C8300021052239
S3150800960008F092FBFFE73E98C8304FF4A071052298
S3150800961008F068FBFFE73E98C830032108F042FAD5
S31508009620FFE73E98C830012108F04EFBFFE73E9958
S3150800963001F19C00C8310DF017FDFFE73E9800F5D3
S31508009640A6706A46732111609B2104220A230AF038
S315080096507BFDFFE73E9800F5DE7027902B20AB21B7
S31508009660D92208F0ABFC2890FFE72798289965913E
S31508009670659904F091F9FFE73E9901F5A67001F5A1
S31508009680DE7102F0E3FDFFE73E9800F5A6700521BE
S31508009690002208F049FBFFE73E9800F5A670052171
S315080096A0F02208F01FFBFFE73E9800F5A67003219D
S315080096B008F0F8F9FFE73E9800F5A670012108F0D2
S315080096C003FBFFE73E9901F19C0001F5A6710DF039
S315080096D0CBFCFFE73E9800F5E8706A461621116054
S315080096E00622A02319460AF02FFDFFE73E9800F54B
S315080096F0E8702590FF221046114608F05FFC269078
S31508009700FFE725982699649164990DF099FAFFE781
S315080097103E9800F5E87000210DF04CFAFFE73E98F8
S3150800972000F5E870249062A800210DF057FFFFE7C6
S31508009730249862A90DF011FAFFE762A80DF06AFFF6
S315080097403E9901F19C0001F5E8710DF08DFCFFE7EB
S315080097503E9800F507706A46182111600021052217
S315080097609B230AF0F1FCFFE73E9800F5077022906C
S31508009770FF221046114608F021FC2390FFE72298A5
S315080097802399619161990DF05BFAFFE73E9800F520
S31508009790077000210DF00EFAFFE73E9800F50770F6
S315080097A021905FA801210DF019FFFFE721985FA915
S315080097B00DF0D3F9FFE75FA80DF02CFF3E9901F1F4
S315080097C09C0001F507710DF04FFCFFE73E9800F18C
S315080097D09C0109F08BF9FFE73E9800F51A706A4676
S315080097E07221116000224FF4A07311460AF0ACFCF6
S315080097F0FFE73E9800F525706A4617211160A021FB
S315080098002D2257230AF0A0FCFFE73E9800F52570A5
S315080098101F90A720F7217C2208F0D0FB2090FFE7B5
S315080098201F9820995E915E990DF00AFAFFE73E9817
S3150800983000F5257000210DF0BDF9FFE73E9800F50B
S315080098409F601E905CA804210DF0C8FEFFE75CA887
S3150800985010F0DCFB1D90FFE71D9B1E9842F60732B1
S31508009860C0F602020A210AF0F5F9FFE75CA80DF036
S31508009870D1FE3E9901F5257001F59F6105F030F896
S31508009880FFE73E9800F525701C905AA80D210DF0AB
S31508009890A5FEFFE71C985AA90DF05FF9FFE75AA83D
S315080098A00DF0B8FE3E9901F51A7001F525710DF017
S315080098B0DBFBFFE73E9800F539706A461721116011
S315080098C000212E22A0230AF03FFCFFE73E9800F570
S315080098D039701A903320CC21B52208F06FFB1B9003
S315080098E0FFE71A981B99599159990DF0A9F9FFE7BD
S315080098F03E9800F5397000210DF05CF9FFE73E98B7
S3150800990000F20C50199057A803210DF067FEFFE7E7
S3150800991057A810F07BFB1890FFE7189B199842F69A
S315080099200732C0F602020F210AF094F9FFE757A89A
S315080099300DF070FE3E9901F5397001F20C5104F0F4
S31508009940CFFFFFE73E9800F53970179055A80C2110
S315080099500DF044FEFFE7179855A90DF0FEF8FFE74E
S3150800996055A80DF057FE3E9901F51A7001F53971A3
S315080099700DF07AFBFFE73E9800F54D706A463321F5
S31508009980116000214322A0230AF0DEFBFFE73E9880
S3150800999000F54D701590DB207D212A2208F00EFB7C
S315080099A01690FFE715981699549154990DF048F9B1
S315080099B0FFE73E9800F54D7000210DF0FBF8FFE734
S315080099C03E9800F22A50149052A808210DF006FE7F
S315080099D0FFE752A810F01AFB1390FFE7139B1498A1
S315080099E042F60732C0F602020A210AF033F9FFE707
S315080099F052A80DF00FFE3E9901F54D7001F22A515D
S31508009A0004F0A8FFFFE73E9800F23E50129050A8D7
S31508009A1007210DF0E3FDFFE750A810F0F7FA1190C3
S31508009A20FFE7119B129842F60732C0F602020A2196
S31508009A300AF010F9FFE750A80DF0ECFD3E9901F584
S31508009A404D7001F23E5104F08DFFFFE73E9800F598
S31508009A504D7010904EA80B210DF0C0FDFFE7109831
S31508009A604EA90DF07AF8FFE74EA80DF0D3FD3E9902
S31508009A7001F51A7001F54D710DF0F6FAFFE73E98FB
S31508009A8000F562706A46332111604322A023194605
S31508009A900AF05AFBFFE73E9800F562700E90DB204D
S31508009AA07D212A2208F08AFA0F90FFE70E980F996F
S31508009AB04D914D990DF0C4F8FFE73E9800F5627098
S31508009AC000210DF077F8FFE73E9800F252500D900E
S31508009AD04BA806210DF082FDFFE74BA810F096FA79
S31508009AE00C90FFE70C9B0D9842F60732C0F602026F
S31508009AF00A210AF0AFF8FFE74BA80DF08BFD3E9957
S31508009B0001F5627001F2525104F024FFFFE73E9816
S31508009B1000F266500B9049A805210DF05FFDFFE79E
S31508009B2049A810F073FA0A90FFE70A9B0B9842F6C9
S31508009B300732C0F602020A210AF08CF8FFE749A8A4
S31508009B400DF068FD3E9901F5627001F2665104F068
S31508009B5009FFFFE73E9800F56270099047A80A21B9
S31508009B600DF03CFDFFE7099847A90CF0F6FFFFE763
S31508009B7047A80DF04FFD3E9901F51A7001F562717F
S31508009B800DF072FAFFE73E9800F577706A461221E3
S31508009B90116000211B22F7230AF0D6FAFFE73E9848
S31508009BA000F577700790F620FA21A52208F006FA44
S31508009BB00890FFE7079808994691469902F06EFCC7
S31508009BC0FFE73E9800F57770069044A809210DF046
S31508009BD005FDFFE7069844A902F038FCFFE744A80C
S31508009BE00DF018FD3E9800F57770012102F050FC43
S31508009BF0FFE73E9800F57770032102F041FCFFE786
S31508009C003E9800F577700A220023114603F016FDE8
S31508009C10FFE73E9901F51A7001F577710DF024FA00
S31508009C20FFE73E9800F27C4005900DF5877000210D
S31508009C3008F056FCFFE705980DF5877108F0D9F985
S31508009C40FFE73E9800F27C406A4643211160F721FF
S31508009C50002249230AF078FAFFE73E9800F27C4092
S31508009C60002103F0E3FEFFE73E9901F51A7001F2C1
S31508009C707C410DF0F9F9FFE73E9800F2AC406A46E0
S31508009C801B2111600022F72311460AF05DFAFFE74F
S31508009C903E9800F2AC400390FF221046114608F0A9
S31508009CA08DF90490FFE703980499429142990CF0C4
S31508009CB0C7FFFFE73E9800F2AC4000210CF07AFFA0
S31508009CC0FFE73E9800F2AC40029040A802210DF052
S31508009CD085FCFFE7029840A90CF03FFFFFE740A884
S31508009CE00DF098FC3E9901F51A7001F2AC410DF0A1
S31508009CF0BBF9FFE73E9800F51A7108F0F7FEFFE793
S31508009D003E9870B080BD6E906D91CAE06E906D9170
S31508009D10C3E06E906D91BCE06E906D91B5E06E906B
S31508009D206D91AEE06E906D91A7E06E906D91A0E09A
S31508009D306E906D9199E06E906D9192E06E906D9136
S31508009D408BE06E906D9184E06E906D917DE06E90E3
S31508009D506D9176E06E906D916FE06E906D9168E012
S31508009D606E906D9161E06E906D915AE06E906D9176
S31508009D7053E06E906D9162A80DF04CFC4DE06E902C
S31508009D806D915FA80DF046FC47E06E906D915CA85A
S31508009D900DF040FC41E06E906D915AA80DF03AFC2A
S31508009DA03BE06E906D9157A80DF034FC35E06E904F
S31508009DB06D9155A80DF02EFC2FE06E906D9152A86E
S31508009DC00DF028FC29E06E906D9150A80DF022FC4C
S31508009DD023E06E906D914EA80DF01CFC1DE06E9070
S31508009DE06D914BA80DF016FC17E06E906D9149A881
S31508009DF00DF010FC11E06E906D9147A80DF00AFC6D
S31508009E000BE06E906D9144A80DF004FC05E06E9091
S31508009E106D9140A80DF0FEFBFFE72E980CF090FF21
S31508009E20FFE72F9803F012FEFFE7309802F082FB57
S31508009E30FFE7319804F0BEFDFFE7329804F0BAFD5B
S31508009E40FFE7339804F07CFDFFE7349804F078FDCB
S31508009E50FFE735980DF0CCF9FFE736980CF070FF60
S31508009E60FFE737980CF06CFFFFE7389803F0CEFD54
S31508009E70FFE7399807F090FFFFE73A9803F0C6FD29
S31508009E80FFE73B9807F088FFFFE73C980DF0B0F92D
S31508009E90FFE73D9803F0DAFDFFE73F9804F0FEFD83
S31508009EA0FFE73E9808F060F8FFE710F0CBFB0000EC
S31508009EB080B582B001900198009000F005F80098EE
S31508009EC010F0D2F902B080BD80B582B00190019938
S31508009ED0009141F23050C0F602000830086004F0E4
S31508009EE0E7FBFFE7009800F2AC400CF029FF00986A
S31508009EF000F27C4003F0AAFD009800F5777002F0A6
S31508009F0019FB009800F5627004F054FD009800F5FE
S31508009F104D7004F04FFD009800F5397004F010FDFF
S31508009F20009800F5257004F00BFD009800F51A70EE
S31508009F300DF05EF9009800F507700CF001FF009827
S31508009F4000F5E8700CF0FCFE009800F5DE7003F0F2
S31508009F505DFD009800F5A67007F01EFF009800F555
S31508009F609C7003F053FD0098C83007F015FF009861
S31508009F709C300DF03DF900986C3003F067FD0098B1
S31508009F80403004F08BFD009807F0EEFF009802B011
S31508009F9080BD10F0D3F9000081B0009001B0704781
S31508009FA082B001908DF8031001999DF80300C968E5
S31508009FB041F64102885402B07047000080B582B06D
S31508009FC084460498CDF804C08DF803108DF8022055
S31508009FD08DF801308DF8000001999DF80300CA68D4
S31508009FE041F64203D0549DF80200CA6841F643037D
S31508009FF0D0549DF80100CA6841F64403D0549DF830
S3150800A0000000C96841F64502885402B080BD0000C8
S3150800A01082B001908DF8031001999DF80300C96874
S3150800A0204FF4C252885402B07047000081B00090C5
S3150800A03001B0704780B586B00590049105980190E7
S3150800A0400DF08AFA01980430FFF756F9FFE70198F0
S3150800A05041F26851C0F6020101F1080202602C3192
S3150800A06041600499C16006B080BD0246019803921A
S3150800A07002910DF089FAFFE710F0E4FA80B582B094
S3150800A08001900198009000F005F8009810F0ECF89F
S3150800A09002B080BD80B582B001900198009004306E
S3150800A0A0FFF744F900980DF06FFA009802B080BDEA
S3150800A0B080B582B001900091009800F0E3F902B0F3
S3150800A0C080BD000080B586B0DDF820C005900491FB
S3150800A0D003920293059801900499039A029BDDF86E
S3150800A0E020C0EE46CEF800C009F064F8019841F2A7
S3150800A0F0A851C0F602010831016006B080BD000013
S3150800A10080B582B001900198009000F005F800989B
S3150800A11010F0AAF802B080BD80B582B0019001980F
S3150800A120009009F06BF8009802B080BD0E207047C9
S3150800A1304AF6FC60C2F200007047000080B582B0A3
S3150800A140019001980090D0F8580100F039FA00986B
S3150800A15001F06CFF02B080BD80B584B00390029117
S3150800A1600192039800900299019A00F0C5F90098A7
S3150800A17041F2BC51C0F602010831016004B080BD4D
S3150800A18080B582B001900198009000F005F800981B
S3150800A19010F06AF802B080BD80B582B001900198CF
S3150800A1A0009000F0F5F9009802B080BD83B00290E7
S3150800A1B001910092002003B07047000081B0009022
S3150800A1C001B0704780B582B001900198009003F005
S3150800A1D097FD009841F21061C0F60201083101604E
S3150800A1E002B080BD80B582B001900198009000F061
S3150800A1F005F8009810F038F802B080BD80B582B036
S3150800A20001900198009003F08BFD009802B080BD84
S3150800A21080B582B00190019804F04EFC02B080BD72
S3150800A22080B582B001900198009004F05BFC00F0C4
S3150800A230ABFF014600980268926E9047009840F27C
S3150800A2404431C2F2000104F03FFF0098032104F0F4
S3150800A25043FF10B9FFE7FFE7FEE702B080BD000045
S3150800A26080B582B001905A20FDF7D2FF02B080BDBA
S3150800A27080B588B00790069107980290069904F071
S3150800A280BDFD0298806901684968884713F040FC5B
S3150800A290D0B9FFE704A8019007F002FE02980199D9
S3150800A2A080690268D268904703900398BDF8101039
S3150800A2B0BDF81220BDF81430BDF816C0EE46CEF82B
S3150800A2C000C013F02BFCFFE708B080BD80B582B054
S3150800A2D00190019804F094FD02B080BD80B582B06B
S3150800A2E001905A20FDF7C4FF02B080BD82B00190EC
S3150800A2F0009102B07047000080B582B001905A20E4
S3150800A3000921FDF7CFFF02B080BD000081B00090A3
S3150800A31001B0704780B582B0019001980090FFE7C0
S3150800A32013F0F6FB08B1FFE7FAE7009805F014FC0E
S3150800A33002B080BD80B584B003900291019200936B
S3150800A34003980299019A009B05F017FC04B080BD9A
S3150800A35010B588B08C4686460B980A99CDF81CE04D
S3150800A360CDF818C005920493ADF80E10ADF80C00A0
S3150800A370079802900699059A049BBDF80EC0BDF889
S3150800A3800C40EE46CEF80440CEF800C005F068FC56
S3150800A390029841F22861C0F602010831016008B04E
S3150800A3A010BD000080B582B001900198009000F0C1
S3150800A3B005F800980FF058FF02B080BD80B582B04E
S3150800A3C001900198009005F0F1FC009802B080BD5C
S3150800A3D080B584B00290ADF80610BDF806000146B7
S3150800A3E00091062829D80099DFE801F004090E1320
S3150800A3F0181D2200FFF79CFE0068039020E0FFF777
S3150800A40097FE406803901BE0FFF792FE8068039072
S3150800A41016E0FFF78DFEC068039011E0FFF788FE8F
S3150800A420006903900CE0FFF783FE4069039007E09C
S3150800A430FFF77EFE8069039002E000200390FFE7A5
S3150800A440039804B080BD000080B582B001900198E1
S3150800A450009000F005F800980FF006FF02B080BDE6
S3150800A46080B582B001900198009002F071F80098CA
S3150800A47002B080BD80B582B00190019800F002F864
S3150800A48002B080BD80B58AB0099009990291002072
S3150800A49004904AF2C940C0F600000390039A049B50
S3150800A4A005A8009009F0EEFD0298009900F5A27043
S3150800A4B0019009F035FE009809F028FE01980299E6
S3150800A4C0C1F840010AB080BD80B582B001900198FC
S3150800A4D000F59E71D0F85421D0F858016B461860E3
S3150800A4E040F2C420C2F2000040F2C823C2F20003C0
S3150800A4F003F00CFB02B080BD80B588B007900691CA
S3150800A50005920798019003F0D1FA019841F2287153
S3150800A510C0F602010831016000F5A27001460291F9
S3150800A52009F0D4FDFFE701990598C1F8540106988A
S3150800A530C1F8580104F002FB0090FFE70098016893
S3150800A5408A6800219047FFE7002007F07DFDFFE7B6
S3150800A550019808B080BD0490039106E0024602986F
S3150800A5600492039109F0D2FDFFE7019803F0C4FABB
S3150800A570FFE710F067F8000080B582B001900198F7
S3150800A580009000F005F800980FF06EFE02B080BD4E
S3150800A59080B582B001900198009000F5A27009F08C
S3150800A5A0B5FD009803F0A8FA009802B080BD000037
S3150800A5B082B00190009101990098086002B0704736
S3150800A5C010B588B007900798029040F21830C2F28A
S3150800A5D000000068002859D0FFE7029800680028A4
S3150800A5E054D0FFE70022ADF81820059240F2183043
S3150800A5F0C2F20000006805A914F02AFC0490049829
S3150800A600012842D1FFE702999DF8140048719DF888
S3150800A610150008729DF8160048729DF81700887193
S3150800A6209DF81800C8719DF819008DF80F009DF95E
S3150800A6300F0091F9041088420BD0FFE702999DF8A4
S3150800A6400F000871086891F904100268926890472B
S3150800A650FFE70299086891F905100268D2689047E1
S3150800A660DDF808C0DCF800009CF906109CF9072004
S3150800A6709CF908309CF909E0D0F800C0DCF810C055
S3150800A6806C46C4F800E0E047FFE7FFE708B010BDF6
S3150800A69081B00090009800210160017101B07047F7
S3150800A6A081B00090012001B07047000080B582B0EB
S3150800A6B00190FFE70020009043F63000C4F2020044
S3150800A6C0016841F400010160006800F40000009090
S3150800A6D00098FFE743F61001C4F20201086840F447
S3150800A6E000000860086820F4000008604AF6B40113
S3150800A6F0C2F2000148F27D30C0F60000486148F217
S3150800A7006930C0F6000008615A20FDF76BFD02B0FB
S3150800A71080BD000081B0009040F2EF3001B0704774
S3150800A72080B58AB009900891099801900899497FDF
S3150800A73000F06EFA0146019807910899897F00F0A2
S3150800A74067FA0146019806910899897F00F08EFA02
S3150800A75005900899488B898A401A4BF24001C4F241
S3150800A760020108600899488B898A401A4BF2180139
S3150800A770C4F2020108600899088B898A401A4BF2CC
S3150800A7801001C4F20201086005984BF23401C4F2C4
S3150800A790020108600899C88A898A40EA01404BF292
S3150800A7A04401C4F202010860089800694BF23C01B2
S3150800A7B0C4F202010860089840684BF20C01C4F222
S3150800A7C002010860089800680290042871D0FFE723
S3150800A7D00298202800F03181FFE70298402800F00F
S3150800A7E02C81FFE70298802800F08680FFE7029810
S3150800A7F0B0F5807F05D0FFE70298B0F5007F2CD032
S3150800A8003EE10898017F0A20C0F2020040EA016092
S3150800A8104BF21C01C4F20201086008980C300FF0D4
S3150800A82037FC4BF22001C4F20201086006984BF28D
S3150800A8302401C4F202010860089800694BF2140169
S3150800A840C4F2020108604BF20001C4F2020142F2AE
S3150800A8500130C0F20200086037E10898017F09203C
S3150800A860C0F2020040EA01604BF21C01C4F2020188
S3150800A870086008980C300FF00BFC4BF22001C4F26C
S3150800A8800201086006984BF22401C4F2020108602E
S3150800A890089800694BF21401C4F2020108604BF2F1
S3150800A8A00001C4F2020142F20130C0F2020008605F
S3150800A8B00BE107980899097F40EA016040F40030E7
S3150800A8C04BF21C01C4F20201086006984BF22401FF
S3150800A8D0C4F202010860089800694BF21401C4F238
S3150800A8E0020108604BF20001C4F2020142F2013093
S3150800A8F0C0F202000860E8E001208DF8130008980D
S3150800A90080680390039804304BF22C01C4F20201CC
S3150800A910086007980899097F40EA016040F400300A
S3150800A9204BF21C01C4F20201086006984BF224019E
S3150800A930C4F202010860089800694BF21401C4F2D7
S3150800A94002010860039800880146009140B1FFE7BC
S3150800A9500098012815D0FFE7009802282DD02DE091
S3150800A9604BF21C01C4F2020108684FF610729043BC
S3150800A970039A53886FF0FF0202EB03221043086024
S3150800A98028E00898007FFF2804D1FFE700208DF80B
S3150800A9901300FFE74BF21C01C4F2020108684FF6E8
S3150800A9A0107220EA0202039843886FF0FF0000EB5A
S3150800A9B003201043103008600CE0FFE742F6C7504A
S3150800A9C0C0F6020042F6E151C0F6020140F21B123F
S3150800A9D0F5F72CFE4BF21C01C4F20201086840F0A0
S3150800A9E020000860FFE74BF21C00C4F20200006872
S3150800A9F08006002801D5FFE7F5E74BF20801C4F207
S3150800AA000201102008609DF81300C00750B1FFE747
S3150800AA104BF20001C4F2020142F20130C0F2020018
S3150800AA20086009E04BF20001C4F2020142F201306B
S3150800AA30C0F201000860FFE747E007980899097F18
S3150800AA4040EA016040F400304BF21C01C4F20201F6
S3150800AA50086006984BF22401C4F2020108600898BF
S3150800AA6000694BF21401C4F2020108604BF20001BE
S3150800AA70C4F2020142F20130C0F20200086024E08A
S3150800AA8007980899097F40EA016040F400304BF2C4
S3150800AA901C01C4F2020108600899487F897F884230
S3150800AAA00AD0FFE74BF20001C4F2020142F201307C
S3150800AAB0C0F20100086007E04BF20001C4F202018F
S3150800AAC042F201300860FFE7FFE70AB080BD0000E8
S3150800AAD080B584B00390029103980299897F00F0AB
S3150800AAE0C5F8019001984BF23401C4F202010860DE
S3150800AAF00299C88A898A40EA01404BF24401C4F2A5
S3150800AB0002010860029800694BF23C01C4F2020196
S3150800AB1008600299488B898A401A4BF24001C4F2B0
S3150800AB200201086002980068082845D1FFE70299E3
S3150800AB30488B898A401A4BF21801C4F20201086050
S3150800AB400299488B898A401A4BF21001C4F2020115
S3150800AB50086001984BF22401C4F2020108600298C9
S3150800AB60017F0920C0F2010040EA01604BF21C0196
S3150800AB70C4F20201086002980C300FF089FA4BF211
S3150800AB802001C4F202010860029800694BF2140120
S3150800AB90C4F202010860029800694BF20C01C4F283
S3150800ABA0020108604BF20001C4F2020142F20130D0
S3150800ABB0C0F2020008601EE001984BF21C01C4F2C4
S3150800ABC0020108604BF21001C4F20201002008607D
S3150800ABD002980C300FF05CFA4BF23801C4F202010D
S3150800ABE008604BF20001C4F2020142F20130C0F2E1
S3150800ABF003000860FFE704B080BD000080B582B09E
S3150800AC00019001980168896A884702B080BD0000F2
S3150800AC1084B00390029100200190029800900B28BE
S3150800AC2015D80099DFE801F00C0906121212120F66
S3150800AC300F0F0F0F0020019014E00120019011E082
S3150800AC40022001900EE0052001900BE0FFE742F696
S3150800AC50AC50C0F6020042F6E151C0F6020170227D
S3150800AC60F5F7E4FC019804B07047000084B003903F
S3150800AC70029100200190029800900B2812D80099A2
S3150800AC80DFE801F00C09060F0F0F0F090909090F74
S3150800AC900020019011E0012001900EE002200190B1
S3150800ACA00BE0FFE742F6AC50C0F6020042F6E1516F
S3150800ACB0C0F602019122F5F7B9FC019804B0704775
S3150800ACC080B58CB00A900A9805900B9041F27C7179
S3150800ACD0C0F6020101F108020692014641F80C2B62
S3150800ACE0049102F0BBFD04980599069A41F8202BB9
S3150800ACF002460792602203F09FFAFFE7059901F1E1
S3150800AD00200001F55A6102910390FFE7039801902C
S3150800AD1007F0F0FBFFE7029A019800F124010846C4
S3150800AD2091420390F2D1FFE70B980CB080BD0990D1
S3150800AD30089106E0024607980992089103F08AFAF4
S3150800AD40FFE7059802F09CFDFFE70FF07BFC00008B
S3150800AD5080B582B001900198009000F005F800983F
S3150800AD600FF082FA02B080BD80B582B001900199D9
S3150800AD70009141F27C70C0F60200083008605A2043
S3150800AD80FDF75CFAFFE700980C3003F063FA0098C9
S3150800AD9002F076FD009802B080BD0FF0CFFA0FF0F2
S3150800ADA063BA000080B584B0012000210291032215
S3150800ADB013F0CAFD029B014647F67830C2F200003E
S3150800ADC003900160006819461A4613F065FE039859
S3150800ADD0006808B1FFE70AE042F67B30C0F60200D9
S3150800ADE042F65641C0F602013022F5F71FFC47F637
S3150800ADF07830C2F2000001680020019019B1FFE71F
S3150800AE0001200190FFE7019801200421002213F098
S3150800AE109BFD014640F24030C2F200000160006826
S3150800AE2008B1FFE70AE042F6C430C0F6020042F66F
S3150800AE305641C0F602013422F5F7F8FB40F24030DD
S3150800AE40C2F2000001680020009019B1FFE7012056
S3150800AE500090FFE7009804B080BD000080B540F27E
S3150800AE604030C2F20000006840F20801C2F2000158
S3150800AE7000231A4613F0EAFE80BD000080B584B0B0
S3150800AE8040F24030C2F200000290006803A9019126
S3150800AE90002213F0DDFF0199029800684FF0FF3297
S3150800AEA013F0D6FF04B080BD80B547F67830C2F2FD
S3150800AEB000000068002319461A4613F0EDFD80BD10
S3150800AEC080B547F67830C2F2000000684FF0FF31CF
S3150800AED014F068F880BD000080B547F67830C2F2F5
S3150800AEE000000068002114F05DF880BD80B547F6C3
S3150800AEF07830C2F200000068002113F031FF80BDEF
S3150800AF0010B5D0E901349C4288BF10BDBDE8104099
S3150800AF1008F040BC10B5D0E901349C4288BF10BD8A
S3150800AF20BDE8104008F050BC2DE9F04F8BB0CDE9D4
S3150800AF3006230491044608F0D4FB8246A06800283C
S3150800AF4000F0CE806168A646884201D90020C8E094
S3150800AF50BAF90230DDE90621471E4FF00008CDF8A0
S3150800AF6014E013FB012BBEF8361098B2CA180A92E1
S3150800AF7006B2B342DDE9063218BF12FB003B0A9A55
S3150800AF8018BF01FA80F20AEBC701BAF90430BAF918
S3150800AF9000900996002556460A920891BAF90610B5
S3150800AFA098440823AF4216D0BC460AEBC5071FFAD9
S3150800AFB089F43A89A24211D17A89083684B2A24222
S3150800AFC00ED1B7F90C20B7F90E400833013567469C
S3150800AFD090442144E6E7DDF820A003E09A4400E027
S3150800AFE0B246674661B3B9F1000F27D4BEF93800F7
S3150800AFF0814523DAC1EB881170460DF072F915996F
S3150800B000DDF814E0484350FA90F00130020A1106C0
S3150800B01014D00498D3B20A9A016812B24C69BEF8E1
S3150800B020341000920122CDE90123149A49444A4476
S3150800B0300BB2594612B2A047DDF814E009F101092E
S3150800B040AF424DD0BAF900005C46A0EB090BBBF144
S3150800B050010F3CDBB9F1000F48BF8346BBF1010F76
S3150800B06035DB29EAE976BEF938100BEB060088428B
S3150800B070A8BFA1EB060BBBF1010F28DB4FEA88112D
S3150800B08070460DF02EF91599DDF814E0484350FA8C
S3150800B09090F00130020A110619D004980A9BBEF8EE
S3150800B0A034E001681BB2D1F814C03946D7B20FFA9A
S3150800B0B08BF2CDE90032149A02970F460EEB060181
S3150800B0C00BB22146324412B2E047DDF814E0E843F9
S3150800B0D0BEF83610099BA3460744BAF8020047E7AC
S3150800B0E001200BB0BDE8F08F80B508F09DFB00216C
S3150800B0F00187C0E90C1180BD80B582B0019000F0CF
S3150800B10043F80168C96B884702B080BD81B00090DA
S3150800B11001B0704782B0019000910199009848608B
S3150800B12002B0704781B0009001B0704781B00090BE
S3150800B13001B0704781B00090009841F63001C0F622
S3150800B14002010831016000214160017201B07047B7
S3150800B15080B582B001900198009000F005F800983B
S3150800B1600FF082F802B080BD81B00090009801B05F
S3150800B170704700005B495C4A0988128842EA014226
S3150800B18001680B6C002118475C480068704700BFCF
S3150800B19010B504460020B4F88010A4F8A400A4F85A
S3150800B1A0A6108BB282B29A4228BF10BD14FA80F359
S3150800B1B093F8843043B154F822000168096D884732
S3150800B1C0B4F8A610B4F8A4000130A4F8A400E8E77F
S3150800B1D000210022A0F880108430202A08BF70477A
S3150800B1E081540132F9E7F8B504460025002100200C
S3150800B1F00022B4F880309A421DD2A31893F88460CE
S3150800B2006EB1AA4209D054F82260AFB244F827605A
S3150800B210661993F8843086F88430013509E0B4F865
S3150800B220A6309A4238BF0130B4F8A4309A4298BF83
S3150800B23001310132DDE7B4F8A420511AA4F8A410AC
S3150800B240B4F8A610081AA4F8A60098B28542A8BFB2
S3150800B250F8BD581E81B2204607F008FEB4F88030C3
S3150800B260F3E7000070B5A9B10D4E04460D467068A7
S3150800B27010B1016849698847201DFFF7A9FF2868AA
S3150800B2807560C168284688472068416C2046BDE835
S3150800B29070400847064903A06122F5F7C7F900BFC1
S3150800B2A0C00200206E657753637265656E00000004
S3150800B2B0AA34020882B0019000910199009A106898
S3150800B2C05268C1F83421C1F8300102B07047000055
S3150800B2D0044A054B002112881B8843EA0242C0E94A
S3150800B2E04C1270470A0300200803002003484068F0
S3150800B2F010B10268926A1047704700BFC00200206A
S3150800B3002DE9F04F89B00390DFF8240ECDE9061237
S3150800B3100DF1180BB0F90020DFF8180EB0F900107F
S3150800B320584606F043FDBDF91C00012809DBBDF9A6
S3150800B3301E00012805DBDFF8D40D0068C06C022862
S3150800B34002D109B0BDE8F08F039E06F1AC09B6F844
S3150800B350EC50002D0DDD013D5846ACB209EBC40199
S3150800B3600DF043FE0028F4D04846214607F04AFD72
S3150800B370EFE703984FF0000A4FF00008B0F8EC40EA
S3150800B380013C68DBA0B2594609EBC00738460DF008
S3150800B39056FE0028F4D0B7F90000BDF91810884207
S3150800B3A002DDBDF81A2002E0FAF77EFB10DDB7F9D8
S3150800B3B0023015B29D4208DBBDF81E502A44FD88AE
S3150800B3C012B22B441BB29A4213DD4FF00108D7E79D
S3150800B3D0B7F9023093421EDDBDF81E60FD8816449B
S3150800B3E01D4436B22DB2AE42E1DC981AADF81E0005
S3150800B3F00DE088421EDDBDF81C20BB880A440344C4
S3150800B40012B21BB29A42E0DC401AADF81C0000B238
S3150800B41001281DDA95E7F8881844111ABDF81E2088
S3150800B4201144ADF81E1009B20129FFF68AAFADF82E
S3150800B4301A000DE0BA881044BDF81C20091A1144F8
S3150800B440ADF81C1009B20129FFF67BAFADF818005C
S3150800B4504FF0010A94E75FEACA707FF48AAF03984F
S3150800B460B0F8EC405FEAC87000F0DD804FF00008E5
S3150800B470013C58DBA5B2594609EBC50738460DF01D
S3150800B480DEFD0028F4D0B7F90000BDF91810814296
S3150800B49002DDBDF81A2002E0FAF706FB1CDAB7F956
S3150800B4A0023016B29E4214DCBDF81E603244FE8895
S3150800B4B012B233441BB29A420BDBBDF81C20814200
S3150800B4C00A4412B225DD37F8043F03441BB29A42F8
S3150800B4D026DA4FF00108CBE7BDF81E3013440FFA01
S3150800B4E083FC3B4633F9026FB2420ADDBE463EF89C
S3150800B4F0063F33441BB29C45D1DB901BAEF80000D7
S3150800B500B6E7F988A6EB0C00A3F800C00844F88053
S3150800B510AEE7B988801A29F835200844B880A7E725
S3150800B520081A3880A4E70398B8F1000FB0F8EC4081
S3150800B53079D0039E013C74DBA7B2584609EBC70ACB
S3150800B54051460DF052FD18B14846394607F05AFCE7
S3150800B550504659460DF073FD0028EBD0D04639F910
S3150800B5603730BDF91850BDF91AC038F9021F9D4287
S3150800B57026DD0E468C4500F31781E81A02930FFA6A
S3150800B58080FEBDF81C00411955460FB235F8041F58
S3150800B59019440BB2BB42C0F25681D91B0AB20399B1
S3150800B5A0B1F8EC10062900F28481BAF80600DAF838
S3150800B5B00010039E2A80AAF80070CEEA00422CE00A
S3150800B5C08C45C0F21781BDF81C7052461E46781984
S3150800B5D00FFA80FE32F8040F184403B2ACEB0100F0
S3150800B5E0734500F346815246BDF81EE0039E00B23D
S3150800B5F032F8065F0EEB0C03B6F8EC700D44ED1A44
S3150800B6002DB2062F00F25B811580BAF80420DAF80D
S3150800B6100010A8F8003042EA0042484607F00EFC3F
S3150800B62088E7B6F8EC40039F002C49DD013CBDF8DD
S3150800B6301A20A1B209EBC1035888824213D1DD88CA
S3150800B640BDF81E60AE420ED139F831209888BDF893
S3150800B650185083189BB29D421BD1ADF81820BDF82F
S3150800B6601C2010441CE039F83150BDF81860AE4271
S3150800B670DAD19D88BDF81C60AE42D5D1DB881D188D
S3150800B680ADB2AA420FD1ADF81A00BDF81E00184493
S3150800B69010E0BDF81C301D44ADB29542C4D1184423
S3150800B6A0ADF81C0008E0BDF81E502A4492B282424A
S3150800B6B0BAD1E818ADF81E00484607F0A3FBB3E771
S3150800B6C0B7F8EC000828C0F029816FF000454FF064
S3150800B6D0FF380027411E65DB009189B2841E09EBFD
S3150800B6E0C102B2F904100292B2F90620514301913F
S3150800B6F0B4F1FF3F31DBA0B209EBC001881D621C23
S3150800B70008BF0BF10600B0F900A001F1040008BF5C
S3150800B7100BF10400B0F90060002A0298D0E9000392
S3150800B720CDE9040308BF594604A806F05DFB019855
S3150800B730BDF91410BDF9162051431AFB060008225C
S3150800B740081A91FBF2F1884209DBA84203DA009F46
S3150800B750A046054618B1013CCAE70098BAE7009F1B
S3150800B7601FFA87FA039EB4F1FF3F09EBCA0510DDFD
S3150800B770A4B2284609EBC407394606F035FBDDE9CD
S3150800B780060149F834007960D5E90001CDE90601DA
S3150800B79003E05846294606F027FB4846514607F077
S3150800B7A031FBD4E54446DBE73AF8042FBDF81CE044
S3150800B7B018460EEB05011A4409B212B28A1AACEB06
S3150800B7C006010BB202FB03F8BDF81E2002EB0C03C0
S3150800B7D01CB2534633F8027F37443FB2E71B2C1A94
S3150800B7E025B27D43454579DDAAF80040ADF81A60D3
S3150800B7F050185AE0BDF81C201E46541910460192EE
S3150800B8005246751B32F8040F00941844A1EB0C033A
S3150800B810A0EB040E0FFA8EF05843BDF81E300290C6
S3150800B820104630F8027F03EB0C040F443F1B39B275
S3150800B8306943029D8D4257DD0098A2F800E0AAF8F8
S3150800B8400000F81831E03AF8064FBDF81E20FB1A3A
S3150800B85002EB0C013444641A019121B25943A6EB58
S3150800B8600C0303FB0EF38B4244DDA018A5F800E099
S3150800B8701BE0BDF81E80741B05B2A3EB0E036C43D8
S3150800B88008EB0C0502942EB2554635F8064F0C44C3
S3150800B89024B2341B1EB27443029EB44230DD1380B8
S3150800B8A0AAF800E0ADF81A104044039EADF81E0051
S3150800B8B04DE5964527DD1044A5F800E02AE0A842A4
S3150800B8C0C7BF108005EB0E00A8F800301580DCBF56
S3150800B8D0ADF81A107044ADF81E0038E5ADF818003A
S3150800B8E019800EEB040015E007800198A8F80040BF
S3150800B8F070440FE00199AAF80040A8F8001005E086
S3150800B9002880D81906E0AAF800702A80029970449F
S3150800B910ADF81810039EADF81C0018E5DDE906120F
S3150800B920484607F08BFA0CE582B001908DF80310B3
S3150800B93002B070472DE9F04F9DB08346B0F9340147
S3150800B94001280DDBBBF93601012809DBDBF800000D
S3150800B950DBE94C12036C584698470020CBE94C00AB
S3150800B960BBF8EC0008B1012007E0DFF8A007006883
S3150800B970C06C0238B0FA80F04009DFF81C58E96854
S3150800B980B1B1B5F91410012912DBB5F91610012960
S3150800B9900EDB05F1100002F07FFFDBF80000D5E9A9
S3150800B9A00412036C584698470020C5E9040002E0D3
S3150800B9B0002800F023830CAD42210BF1AC09284680
S3150800B9C0F4F715FFDFF8CC070488BBF8EC008442CF
S3150800B9D008D20BEBC400D0E92B12284607F02EFA42
S3150800B9E00134F2E7DFF8AC070BF1EE040588BBF883
S3150800B9F02E0185420CD20BEBC500D0F8EE10D0F81C
S3150800BA00F220DBF80000036C584698470135EEE74C
S3150800BA10DFF8F80603940068C16C012900F0178165
S3150800BA20022900F02E81032940F05A81B0F99200CC
S3150800BA300690DFF8D8050068012840F08080BBF83A
S3150800BA40ECE0BEF1000F00F0C182DFF848074FF0C6
S3150800BA50000C0288B9F900001FFA8CF809EBC80136
S3150800BA6007910D1D013293B2734526D209EBC30720
S3150800BA7039F93340B5F800A0B98821440EB239F82F
S3150800BA803810514409B28E4204DC0AD0B042D8BFFD
S3150800BA903046E7E7A0B29C4600B28142C8BF0846D6
S3150800BAA0DAE70799B7F90650B1F906108D42C8BF0B
S3150800BAB09C46A042D8BF2046CEE7079A59F83810C8
S3150800BAC0069C52680A910B928B1812B29442C8BF10
S3150800BAD00846ADF82800181AADF82C000AA802F096
S3150800BAE079FEBDF92C30012BA9DBBDF92E00012802
S3150800BAF0A5DB06999BB28142B8BF084684B2BDF859
S3150800BB002A20DFF8080600680168D1F89450BDF8C5
S3150800BB1028100094A847ADF82E000AAD044628461A
S3150800BB2002F0BAFEFAF7B8F807998888001B8880E9
S3150800BB307FF485AF4846414607F064F97FE7BBF8CE
S3150800BB40EC10002900F04282BBF8AE00BBF8B22028
S3150800BB504FF0000C1044DFF83C2600B212881FFA9A
S3150800BB608CF809EBC80A0AF10206013293B28B4235
S3150800BB7022D209EBC305B6F90040B5F90270A7420F
S3150800BB8004DB0BD0B842A8BF3846EEE7E8889C46E7
S3150800BB90384400B28442B8BF2046E0E7BAF90460E8
S3150800BBA0B5F90470B742C8BF9C46EB8823441BB25C
S3150800BBB09842A8BF1846D2E75446069934F8063F75
S3150800BBC01AB28A4203DABAF80200104400B2012A0D
S3150800BBD0B5DBBAF90460012EB1DB0021BAF90250CF
S3150800BBE0069FCDE90A1139F83810401BADF82A50DE
S3150800BBF0ADF82810B842A8BF384687B29F4238BF6A
S3150800BC000246DFF8080592B200680368ADF82C60B2
S3150800BC10D3F894700092AAB2B3B2B847ADF82E0022
S3150800BC20DBF80000826C58460AA99047BAF8020069
S3150800BC30BDF82E100844AAF802002088401A208071
S3150800BC407FF47DAF4846414607F0DCF877E7DFF832
S3150800BC50BC030068012840F0F380DFF83805BBF81C
S3150800BC60EC100288DFF8CC04008807468A4280F088
S3150800BC70FB8093B239F933309F42A8BF1F46013281
S3150800BC80F4E7B0F88E1090F88D400791B0F8901050
S3150800BC900691F9F79BFE0546DD48B0F800A0DD4899
S3150800BCA00788DA480668002005F0A8FED046012E67
S3150800BCB0029708BFB846B8FBF4F1601ED14C00FBEA
S3150800BCC001F70591A8B2874227DD20680168D1F8F7
S3150800BCD09C200A2190472068F9F778FE0546F1E787
S3150800BCE0C9480688AC200AAD00EBC607BBF8EC00CD
S3150800BCF0864280F06B815BF807000A900BEB070021
S3150800BD00406801B20B90012904DB0014012801DB0D
S3150800BD10F9F7C2FF08370136E8E7002005F082FE8A
S3150800BD200298012E08BF5046029000244FF0000AE0
S3150800BD304FEA58100490CDF804A01FFA8AFAC245B3
S3150800BD4000F04481F1480068F9F740FE0646A8B2BB
S3150800BD5086424FF0000038BF012004426ED10443EA
S3150800BD600020564588BF0120204267D1059B9A19B5
S3150800BD70BAFBF3F5424528BF4246E00708BFF21B67
S3150800BD80691C90B24B4399B2884228BF1A4692B2B0
S3150800BD90A2EB0A09079A9145A8BF9146069B1FFA86
S3150800BDA089F29A4211D2524442450ED081420CD3AE
S3150800BDB0D64D28680168896A884728680168D1F8D5
S3150800BDC09C20049990473546B9E7012005F016FEF0
S3150800BDD0CE4800680168D1F8982029B290478B4868
S3150800BDE00199006801EB090A01280AD10298ADF801
S3150800BDF02C90ADF82E000020ADF82A00A8EB0A001A
S3150800BE0007E00298ADF82E90ADF82A10ADF82C0090
S3150800BE100020ADF82800DBF80000826C58460AA915
S3150800BE209047BA4800680168D1F89820694209B273
S3150800BE309047012005F0F6FD35467CE72E21BFE048
S3150800BE40D449BBF8EC004FF000080988814262D259
S3150800BE508AB209EBC2025388D2881A4412B29045B4
S3150800BE60D8BF90460131F1E700210124DFF89C8212
S3150800BE70ADF828000DF1280AADF82E10CDF82A10D5
S3150800BE80C108012988BFC40808AE00B2874280F2FB
S3150800BE909680A8480588D8F80000F9F797FD281A6B
S3150800BEA0BDF8281082B2D8F8000090F8723090F8E1
S3150800BEB08C502B430DD10DB22D1B954209DA9742B2
S3150800BEC007DA0168D1F8A42001219047BDF82800B7
S3150800BED0DBE79742C8BF3A46002B18BF3A4690B2EE
S3150800BEE00A90881A92490988C0EA01400B90A94825
S3150800BEF00588BBF8EC008542E8D2F9F7A2FEBDF941
S3150800BF002400012805DBBDF92600012801DBF9F725
S3150800BF10F0FE0135EDE786480127864C0DF1280A23
S3150800BF2001880020CDE90A00CA08012A88BFCF087F
S3150800BF3008AE00B2804542DD744D2868F9F746FD23
S3150800BF40BDF82A10BDF82E200A44296891F87230E7
S3150800BF5091F88C502B4311D107FA82F585420DDDF5
S3150800BF6080450BDD0868D0F8A420084601219047D3
S3150800BF70BDF82A00BDF82E100844DAE711040A9124
S3150800BF808045B8BF4046002B18BF40462188801A16
S3150800BF9041EA00400B907F480588BBF8EC008542D3
S3150800BFA0E6D2F9F74EFEBDF92400012805DBBDF9F6
S3150800BFB02600012801DBF9F79CFE0135EDE709218A
S3150800BFC052480068026852F82110884712480078DB
S3150800BFD00CAD039E90B10020ABF82E016D48048885
S3150800BFE0BDF87000844209D205EBC40055F8341038
S3150800BFF04268304606F022FF0134F1E71DB0BDE87D
S3150800C000F08F00BF8C8C00200C000020100300204D
S3150800C0100A03002008030020040300205E48406845
S3150800C02010B10268D2691047704700BFB0B55A4DC3
S3150800C0300446A86888B1017AE1B194F8381161B963
S3150800C040696821B10868026908469047A8680168C6
S3150800C050C9688847012084F8380104342046FFF768
S3150800C06097F82046FFF7BFF8686810B10168496A73
S3150800C07005E0B0BD002184F8381101688968BDE87B
S3150800C080B04008470021A0F8EC10704742484068C5
S3150800C09010B1026892691047704700BF3E48406871
S3150800C0A010B10268126A1047704700BF81B000904D
S3150800C0B001B0704780B582B0019001980430FFF74F
S3150800C0C087F802B080BD7047B0B519480C46B0F97C
S3150800C0D000201848B0F90010204605F067FE2E4DDE
S3150800C0E0686888B101688A6821469047E86818B187
S3150800C0F001688A6821469047044800680168CA6949
S3150800C1002146BDE8B0401047B0BD00BF8C8C00206A
S3150800C110E0B50021009106490988ADF806100549E1
S3150800C1200988ADF8041001688A6C694690478CBD89
S3150800C1300A03002008030020B0B50446124840F25E
S3150800C14035112546083001C52846F4F750FB0F4837
S3150800C1500F49F5F7BFFD18B10E480021018009E027
S3150800C1600D48022141600B484FF48061018002208E
S3150800C17006F0F0FC08480021C0E900118160284655
S3150800C180FFF726F82046B0BD54180208C2A507F4E2
S3150800C190CDB5E8B50C000020C00200200EF064B84A
S3150800C1A080B582B001900198009001F0BFFD00981B
S3150800C1B002B080BD01490860704700BF5C8C002052
S3150800C1C0B0B5002917DD002805D4B0FBF1F41460DA
S3150800C1D004FB11000DE04042B0FBF1F404FB110032
S3150800C1E065421560186028B1106801381060186833
S3150800C1F0081A1860B0BD02A005A1F722F4F716FACE
S3150800C20064656E6F6D696E61746F72203E203000D2
S3150800C2102E2E2F2E2E2F2E2E2F2E2E2F6672616D3E
S3150800C22065776F726B2F696E636C7564655C746F86
S3150800C2307563686766782F546578747572654D619D
S3150800C2407054797065732E687070000082B0019022
S3150800C250009101990098886202B0704780F826100C
S3150800C2607047000010B5044604302221F4F7BFFADF
S3150800C2700020A0620448083020604FF60170A4F838
S3150800C2802500204610BD00BFA8180208FEDE0000E3
S3150800C29080B582B001900198009006F02FFE0098B4
S3150800C2A002B080BD2DE9FE43054600F1380490F83A
S3150800C2B05D0018B12068416920468847286B032825
S3150800C2C05ED8DFE800F00216254595F83460284662
S3150800C2D00CF033F9F9F78CFB074628460CF026F9DB
S3150800C2E0502147A2002818BF4121CDE9007141A07D
S3150800C2F03DE095F8347028460CF02BF9064628469A
S3150800C3000CF02AF9009036A037A2002F33461AE01F
S3150800C31095F8349028460CF010F9F9F769FB0746AA
S3150800C32028460CF01CF9064628460CF0FFF8502162
S3150800C33026A24346002818BF41211FA0CDE9007652
S3150800C3400291B9F1000F08BF024605F1880014E012
S3150800C35095F8346028460CF0FCF8F9F749FB0746CF
S3150800C36028460CF0FCF8CDE900700BA00EA2002EB2
S3150800C37008BF024605F1880043460C2107F06AFC0F
S3150800C38095F85D0030B120684169204603B0BDE8E4
S3150800C390F0430847BDE8FE8325643A253032643AFF
S3150800C3A02530326400000000253032643A253032E8
S3150800C3B0643A25303264000025643A253032643AFE
S3150800C3C0253032642025634D000000002530326494
S3150800C3D03A253032643A253032642025634D000010
S3150800C3E025643A2530326400253032643A253032E5
S3150800C3F06400000025643A253032642025634D0028
S3150800C400253032643A253032642025634D00000019
S3150800C41070B504460C480D46B4F86410008881428D
S3150800C42028BF70BDB4F9046004F160000DF0A6FDE4
S3150800C4300168096B8847281A314602B22068836D5D
S3150800C4402046BDE8704018479C8C002070B505460C
S3150800C45000F1380490F85D000E4618B1206841696D
S3150800C46020468847204631460AF077FB95F85D0056
S3150800C47028B1206841692046BDE87040084770BD6C
S3150800C48082B00190009101990098086302B0704744
S3150800C49080F83410704780F86E107047816690F8FF
S3150800C4A05D1019B150F8381F4969084770471FB51C
S3150800C4B00446A0F84010018154F8380FD0F88420BB
S3150800C4C001A82146904701AAF9F7F9BA1FB504460B
S3150800C4D0A0F84210418154F8380FD0F8842001A8FA
S3150800C4E02146904701AAF9F7EABA0000F8B50446CA
S3150800C4F001F0C6F8002604F1380580F834600320F8
S3150800C50020630A4808302060284602F0FBF92746CF
S3150800C5100021002227F8886F07F012FF20462946D7
S3150800C520C4F884700AF0A0FD2046F8BD2019020858
S3150800C5300DF09ABE80B582B001900198009038300F
S3150800C54002F0FEF9009801F0B3F8009802B080BD39
S3150800C55081B00090009801B070470DF085BE0000CC
S3150800C56081B0009000990120087201B07047000060
S3150800C57080B582B0019001980090FEF7DBFD009827
S3150800C58041F6F411C0F602010831016002B080BD1F
S3150800C59080B582B001900198009000F005F80098E7
S3150800C5A00DF062FE02B080BD80B582B001900198A0
S3150800C5B00090FEF7D9FD009802B080BD1CB5144660
S3150800C5C004AACDE90032234600F001F81CBD10B5D7
S3150800C5D00024C0E900141168816051680487047654
S3150800C5E044610474C1600299A0F840400484C0E91B
S3150800C5F01131BDE8104000F071BF70B50446A1F5D1
S3150800C600C0601D46000A022805D82A68204600236D
S3150800C61000F096FE09E022F07F00B0F5606F15D1B4
S3150800C62004992A68204600F01FFA06462E604EB185
S3150800C630717BB07A01F0800140EA4100B0FA80F0DF
S3150800C640400900E0002084F8610070BD40F6021041
S3150800C650296882420FD194F8610060B169B104F18A
S3150800C6604C060E223046F4F721F894F85200404260
S3150800C67084F85500DAE70E46D9E70026D6E780B5EE
S3150800C680223000F00FF9B0FA80F0400980BDB0B54D
S3150800C6900446223000F020F90546204600F0A4FAA8
S3150800C6A004F11A00294600F095F92846B0BD2DE98F
S3150800C6B0F84F984616460F46824601EB420900F1A6
S3150800C6C01A040025A8B2B0420CD2E843B7F800B065
S3150800C6D0304481B2204600F08DF9834519D10135E1
S3150800C6E00237EFE70A98002700EB08060AF1220846
S3150800C6F0B9B200258E4298BF01250BD9B9F800407A
S3150800C700404600F09BF8844204D1013709F102093A
S3150800C710EEE700252846BDE8F88F2DE9F84F904644
S3150800C7200E46814636F8025B2F0B36F817A0C2452F
S3150800C7301FD1C5F30324C5F3031B484631463A46C1
S3150800C7402346CDF800B0FFF7B2FF05F00F0240B957
S3150800C75006EB470000EB440000EB4B0000EB4206FB
S3150800C760E0E7E0192146584406EB4003484600F046
S3150800C77008FFAAEB0800B0FA80F04009BDE8F88F78
S3150800C78082B00190ADF802100199BDF802008A8ABC
S3150800C79021F8120002B0704786B00590ADF8121065
S3150800C7A005980390C08A022801DBFFE70BE042F6F2
S3150800C7B01330C0F6020042F62A31C0F602014FF4E1
S3150800C7C08E72F3F733FF0398818A0131ADF81010A2
S3150800C7D0BDF8121001910290BDF81000092804D87E
S3150800C7E0FFE7BDF81000009002E000200090FFE788
S3150800C7F001980299009A21F8120006B070470000C5
S3150800C800C28A0A440B2A07D2C282828A8A4238BF5F
S3150800C8100A32511A818270476D488D49F022F3F722
S3150800C82005FF00BFC18A21B10139C18289B200F072
S3150800C83005B886488649EA22F3F7F8FE86B00590D9
S3150800C840ADF8121005990391BDF81200C98A8842FD
S3150800C85001DAFFE70AE042F61C30C0F6020042F6AB
S3150800C8602A31C0F60201CB22F3F7E0FE0398BDF8A1
S3150800C8701220818A1144ADF810100290BDF81000FC
S3150800C880092804D8FFE7BDF81000019004E0BDF8B8
S3150800C89010000A380190FFE70298019930F8110054
S3150800C8A006B0704782B0019001980090C08A0128AE
S3150800C8B001DBFFE70AE042F60A30C0F6020042F65C
S3150800C8C02A31C0F60201C522F3F7B0FE0098818A24
S3150800C8D030F8110002B0704710B5C28A6AB1838A6F
S3150800C8E0013A30F81310C2825A1C94B2092C88BF38
S3150800C8F0A3F109028282084610BD54485449DD2234
S3150800C900F3F794FE0A46C18A0A2903D24B1CC3824E
S3150800C91000F02EB84E4902A040F21112F3F786FE37
S3150800C92075736564203C2073697A6500C28A8A42F9
S3150800C93009D3521AC282828A11448AB2092A88BF46
S3150800C9400A3981827047424901A0D222F3F76EFE66
S3150800C95075736564203E3D206E756D00B0B50C4656
S3150800C96001210546FFF74CFFA88A25F81040B0BDFF
S3150800C97010B5C38A8B420BD9838A19446FF0090311
S3150800C9808CB20A2C28BF13FA81F420F8142010BDA3
S3150800C9902F4902A040F22312F3F748FE7573656427
S3150800C9A0203E206F6666736574000000C2880A44DC
S3150800C9B0032A07D2C28082888A4238BF0232511AB5
S3150800C9C08180704702482249F022F3F72FFE00BF04
S3150800C9D0053B0208C288012A9CBF0132C2808288B0
S3150800C9E0531E002A08BF01239AB2838020F812102A
S3150800C9F070470000C2888A420BD9828811446FF0BA
S3150800CA0001028BB2022B28BF12FA81F330F8130009
S3150800CA10704702480E49CB22F3F708FE1C2B020882
S3150800CA2010B5C28862B18388013A30F81310C28003
S3150800CA305A1C94B2012C88BF5A1E8280084610BD23
S3150800CA4002480349DD22F3F7F1FD00BF0A2B02086D
S3150800CA50183B0208B0B50C4601210546FFF7A6FFAC
S3150800CA60A88825F81040B0BD2DE9F047044682B3E2
S3150800CA708A46517BD0799688174601F0100140EA1C
S3150800CA800118A6F61B604FEAD8091F2827D80121E6
S3150800CA90814011F0F25F26D111F0150F4DD1012119
S3150800CAA001FA00F0400F1AD0F8F7E0FFB4F85C106E
S3150800CAB009EB0800081AA4F85C00A1EB090060213C
S3150800CAC084F8540001EAD00094F8591001F09F0147
S3150800CAD02FE00025A4F85E50C4F85A507FE0A6F669
S3150800CAE04760082845D2F8F7C1FF04F12200FFF78E
S3150800CAF0D9FE40F63361884204D1F9F7CFF90DF033
S3150800CB0080F901E0B4F85A0009EB080194F85E30A0
S3150800CB1094F85920084494F8551084F85400A4F859
S3150800CB205A00C91A84F85510602101EAD00002F0AB
S3150800CB309F01084484F8590051E0F8F797FFDAF89E
S3150800CB400000C268701E81B250469047002808BF90
S3150800CB5028460DF056F994F85910A4F85A0094F896
S3150800CB60560001F0800140EA4100810801EB5010AF
S3150800CB702FE038460DF045F9A4F85A00A6F60961E3
S3150800CB800020102924D8012202FA01F1154A11427F
S3150800CB901ED0F8F76BFF701E40F613618E4208BF71
S3150800CBA040F60C6081B294F8566094F85970F9F71B
S3150800CBB075F9002808BF2846817A407B00F0800076
S3150800CBC041EA400007F0800146EA4101081A00E000
S3150800CBD03D46A4F85E00F9F7FEF8F9F7A0F82846EE
S3150800CBE0BDE8F0870104010070B5044600F122058E
S3150800CBF000F13A06B4F8400050B1208F0A2807D051
S3150800CC003046FFF70DFF01462846FFF77BFEF1E7A2
S3150800CC10208F0A2808BF70BD204600F06BFC01462D
S3150800CC202846FFF76FFEF3E780B586B005908DF8C6
S3150800CC3013100598039000F1220102919DF8131034
S3150800CC4000F094F801460298FFF79AFD0398406CA5
S3150800CC5018B3FFE703982230FFF724FEE8B1FFE791
S3150800CC60039800F063F8039822300121FFF7E6FDE8
S3150800CC7040F63F1188420FD1FFE703982230019012
S3150800CC80FFF710FE01460198FFF786FD019840F66A
S3150800CC903F11FFF775FDFFE7FFE70398FFF7F7FC7E
S3150800CCA006B080BD2DE9FC41064622301C461546D5
S3150800CCB00F46FFF7F7FDF9F7D3F8074668B1286876
S3150800CCC03946C268284690472060304641463A466B
S3150800CCD023460095FFF791FC01E0002020603846C6
S3150800CCE0BDE8FC812DE9F8430646223099461546EB
S3150800CCF00F46FFF7D7FDF9F7B3F8074680B128685E
S3150800CD00DDE90823394684682846A047C9F80000A3
S3150800CD10304641463A464B460095FFF76EFC02E020
S3150800CD200020C9F800003846BDE8F8832DE9F84325
S3150800CD30466C044600F122080B2770884FEA500912
S3150800CD40013F11D04046FFF7ADFD4946324603463E
S3150800CD5005460BF0C7FB38B106EB400120462A46CC
S3150800CD60FFF7DBFC0028EBD1BDE8F8832DE9FE4F81
S3150800CD7000F1220582460F462846FFF793FDE8B1E3
S3150800CD800446012F1CD17F2C1AD8282C00F0868047
S3150800CD90292C00F085803C2C00F084807D2C00F046
S3150800CDA083805B2C00F082805D2C00F081807B2CD8
S3150800CDB000F080803E2C03D13C24BEE20024BCE275
S3150800CDC028460121FFF73AFD074628460221FFF7C4
S3150800CDD035FD814640F25160874230D1A4F24B605E
S3150800CDE080B215281ED344F0040040F274618842CC
S3150800CDF018D0A4F2D66080B2072813D3A4F2DF6055
S3150800CE0080B206280ED3A4F2E76080B2022809D3BE
S3150800CE10A4F2EA6080B2042804D3A4F6E40080B23F
S3150800CE201A280CD8BAF8360040F2516125F81010C5
S3150800CE3028462146FFF7B0FC40F251647DE2A4F291
S3150800CE40226080B219280CD3A4F5C86080B20B28DA
S3150800CE5007D3A4F2716080B2632802D3202C40F075
S3150800CE606C82F8F783FF804628460421FFF7E6FC24
S3150800CE70A0F22261192907D3A0F5C8610B2903D3AB
S3150800CE80A0F27160632817D2202C45D1A7F22C6036
S3150800CE904FF0010B80B225284AD987E029244CE2B5
S3150800CEA028244AE23E2448E27B2446E25D2444E202
S3150800CEB05B2442E27D2440E2A9F2276080B223285F
S3150800CEC0E2D8A4F2276080B22128DDD8A8F22F6024
S3150800CED080B21828D8D8DAF84800E8B1038BDBB155
S3150800CEE04FF461711922614309FB021144F21A12C7
S3150800CEF04144891A0268504689B20BF0B6FA58B10D
S3150800CF0080464088B84207D128460321FFF70EFD20
S3150800CF100120B8F800405DE1A7F22C604FF0000B45
S3150800CF2080B2252842D8A4F5C56080B223283DD210
S3150800CF30A9F22C6080B2262806D340F2D260814539
S3150800CF4002D0B9F5CE6F31D140F2D26109F53D7004
S3150800CF50894508BF40F647104FF4BE61B9F5CE6F54
S3150800CF6008BF40F67270614301F5E541BBF1000F59
S3150800CF701CBF4CF6D071CFF6FF71DAF84820AAB17B
S3150800CF80538B9BB107EB8706526800EBC600084433
S3150800CF9081B250460BF069FA40B18046F8F7E6FED2
S3150800CFA001204FF0020B0026C14659E1A7F24B605B
S3150800CFB080B2152806D347F0040040F2746188420F
S3150800CFC040F01381F8F7D2FE3E46BBF1000FA9F2F6
S3150800CFD0226103D089B2B32908D911E0A4F22662E6
S3150800CFE092B2242A0CD889B2B42909D240F2276110
S3150800CFF0884240F0F28040F24460814540F0ED807E
S3150800D000002002904FF0000B4FF00009002E584602
S3150800D01001960BF1010840F2746618BF4046471C9A
S3150800D020B9B22846FFF70AFCA0F24B61142903D9C6
S3150800D03040F00401B14201D10137F1E7A0F2D6610F
S3150800D0400729F9D3A0F2DF610629F5D3A0F2E76133
S3150800D0500229F1D3A0F2EA610429EDD3A0F6E4018E
S3150800D0601B29E9D3A0F222615E46192903D3A0F54C
S3150800D070C8610B2901D2012005E0A0F271610020E8
S3150800D080632938BF01209AF8601080F00107B9F1CA
S3150800D090000FB1FA81F14FEA511B60F3410B00F022
S3150800D0A08A8039F81B00002818BF0120029981F0F0
S3150800D0B00101084340F009810097CDF8089040F235
S3150800D0C07467B1464846C14681B22846FFF7B6FBA3
S3150800D0D00146A0F24B6080B2152803D341F0040044
S3150800D0E0B84202D109F10108ECE7A1F2D66080B294
S3150800D0F00728F7D3A1F2DF6080B20628F2D3A1F29F
S3150800D100E76080B20228EDD3A1F2EA6080B2042873
S3150800D110E8D3A1F6E40080B21A28E3D950460BF00A
S3150800D120BCF9804640F274671FFA89F12846FFF772
S3150800D13085FB0146A0F24B6080B2152803D341F067
S3150800D1400400B84202D109F10109EDE7A1F2D6605F
S3150800D15080B20728F7D3A1F2DF6080B20628F2D39F
S3150800D160A1F2E76080B20228EDD3A1F2EA6080B2AC
S3150800D1700428E8D3A1F6E40080B21A28E3D9504679
S3150800D1800BF08BF9DDF80890B8F1000F18BF0028EE
S3150800D19068D1BBF1030F6ED0BBF1020F73D140F219
S3150800D1A0446084426FD1B9F8000000286BD04FF074
S3150800D1B0000B0127B1E0504621460BF06EF9814677
S3150800D1C0002840F08280B4F5C86F40F0B680002091
S3150800D1D04FF4C8648AF86000AFE040F24F608642B8
S3150800D1E025D1002040F24F660BE7A7F2D66080B241
S3150800D1F00728FFF4E7AEA7F2DF6080B20628FFF43F
S3150800D200E1AEA7F2E76080B20228FFF4DBAEA7F230
S3150800D210EA6080B20428FFF4D5AEA7F6E40080B22F
S3150800D2201A287FF6CFAE48460026B946CDE6DAF884
S3150800D230480000283FF4E4AE838B002B3FF4E0AEB1
S3150800D2405FFA89F18268504641EA042189B20BF0F7
S3150800D2500CF900283FF4D4AE814601204FF0010BAB
S3150800D2600290D3E6B8F80610002992D0418851B941
S3150800D270C08840B98DE740F24460844203D1B9F8CA
S3150800D2800200002834D1504621460BF006F907461D
S3150800D29028460121FFF7D2FAB7B1A0F2D4619AF86D
S3150800D2A06000B0FA80F0400911F1B20F28BF0230D1
S3150800D2B037F810204FF0000138BF012122B1B946D6
S3150800D2C0834600260F4600E0009FBBF1030F24D8D3
S3150800D2D0DFE80BF0160F0208B9F8040078B14FF032
S3150800D2E0020B1AE0B9F8060010B14FF0030B14E070
S3150800D2F00127B9F8020018B14FF0010B0DE001271C
S3150800D300B9F8000010B14FF0000B06E0B9F802B00A
S3150800D310BBF1000F18BF4FF0010B39F81B0060B1C5
S3150800D320284631468AF86070FFF700FB019911B16B
S3150800D3302846FFF731FA39F81B402046BDE8FE8F2C
S3150800D3402DE9F0410446EAB1517BD079012715460B
S3150800D35001F0100140EA0118B8F1040F88BF4FEA3E
S3150800D36098079088A0F5C2614F2915D9A0F6E4015F
S3150800D3701A2900F23B80012088405749084240F0AC
S3150800D3803F8063E04FF400400026A4F85E004FF0AB
S3150800D3908020C4F85A007BE0DFE801F032323232EE
S3150800D3A03232323232325884848484848484848447
S3150800D3B0848484848484848484848484848484841F
S3150800D3C0848484848484848484848484848484840F
S3150800D3D08484848484848432325832325832323295
S3150800D3E0325858323232323258323258A0F2D66176
S3150800D3F0172950D8012202FA01F1354A114222D0E2
S3150800D400B4F85A70B7F5004F07D1F8F706FD04D1FE
S3150800D410F8F7E1FCA4F85A0022E0F8F756FCB4F84D
S3150800D4205E00B0F5004F01D0F8F724FCB7F5004FC1
S3150800D43003D007EB0800F8F771FB30460CF0E1FC67
S3150800D440A4F85A0022E0234A114224D0B4F85A001C
S3150800D450B0F5004F08D1F8F7E0FC05D1F8F7BBFCAA
S3150800D460F8F75DFC2E4613E0F8F72FFCB4F85E00DB
S3150800D470B0F5004F01D0F8F7FDFBF8F7CEFC02D067
S3150800D480C01BF8F74BFB30460CF0BBFCF8F747FC23
S3150800D4903046BDE8F08140F274618842B0D0B0F5FC
S3150800D4A0CE6FADD0F8F797FC697BA4F85A00F8F769
S3150800D4B036FCA87901F00801890141EA40000521F6
S3150800D4C0B0FBF1F095F909100844A4F85E00C9E725
S3150800D4D03F5E660000209000DBB19B0780B582B0F6
S3150800D4E0019001980090FFF77FFB009800F045F83F
S3150800D4F002B080BD2DE9F04184460246077C017ED4
S3150800D500056800265CF8144F52F8043F13B95DB35A
S3150800D5102B46156019B10CB1218839BB06761988D6
S3150800D52002291FD102330021012F1360EED800EB28
S3150800D530870107F1010E0024D1F8088077460021FB
S3150800D54080F810E0B8F1000FC0F81480DED0B8F803
S3150800D55000407746002C4446D8D0012177464446F9
S3150800D5600176D3E721B905E0002103E023466246A8
S3150800D570981C10600846BDE8F081012180F860100B
S3150800D58070472DE9F84F984614468A4681468A42DE
S3150800D59000F1220611D9A4EB0A0009F13A0B00277B
S3150800D5A085B2B8B2A84208D23046FFF73BF9014621
S3150800D5B05846FFF74FFA0137F3E730465146FFF76B
S3150800D5C0B5F9A8F1020534B135F814103046FFF75D
S3150800D5D0C5F9013CF7E74846BDE8F84FFFF704BB35
S3150800D5E010B50446002002212174C4F83E00C4F890
S3150800D5F03600C4F81E0020766061C4E9000004F114
S3150800D60044001C21F3F7F3F80120A4F86000204633
S3150800D610FFF764FF204610BD10B50C24B1FBF4F4E7
S3150800D62004EB4404A1EB8401029C002C08BF0C31D6
S3150800D6300468D4F888C0BDE810406047B0B53C24FB
S3150800D640B3FBF4F5C5EB0515A3EB850380F82E307F
S3150800D650B2FBF4F3C3EB0313A2EB830280F82D208D
S3150800D6601822B1FBF2F202EB4202A1EBC20180F8EA
S3150800D6702C100168D1F89010BDE8B04008470000AA
S3150800D68010B5044604302121F3F7B1F80020012132
S3150800D690A06284F82E00A085034884F82510083077
S3150800D6A02060204610BD00BF181A0208FEDE0000E2
S3150800D6B080B582B001900198009009F099FD009814
S3150800D6C002B080BD70B50D460446606801684968B9
S3150800D6D088470028F9D10D4E30680168D1F88010C6
S3150800D6E08847FDF7F9FB3068012101F01BFC6068EB
S3150800D6F001688A68294690472068C16A2046884793
S3150800D70030680168C96FBDE8704008478C8C0020F6
S3150800D71000207047704770477047016809690847D5
S3150800D72080B5F8F769F980BD10B50446F8F764F9CD
S3150800D73038B9207A28B160680168496988470020A5
S3150800D7402072606801680968884718B1BDE810400A
S3150800D750FDF7CCBB2068416A2046BDE81040084763
S3150800D76080B5FDF7ADFBBDE88040FDF79DBB704772
S3150800D77080B582B0019001980168496C884702B06B
S3150800D78080BD10B50446F8F737F948B9207A617AAA
S3150800D79031B128B92068416A2046BDE810400847DB
S3150800D7A010BD0000B0B5044601202072606801680B
S3150800D7B08969884705460068411E072912D9202825
S3150800D7C01BD0402819D0802817D0B0F5807F14D0F8
S3150800D7D0B0F5007F11D0B0F5806F0ED0B0F5006FB0
S3150800D7E011D005E0DFE801F0090F0414040404175A
S3150800D7F019490EA08B22F2F719FF2068C16B204643
S3150800D80088470C200AE02068C16B2046884704E058
S3150800D810F8F75AF9F5E7F8F757F90D20216851F89E
S3150800D820202020462946BDE8B040104766616C7343
S3150800D830652026262022444D413A3A657865637567
S3150800D8407465282920696E76616C696420426C6962
S3150800D850744F702200000000F236020882B0019070
S3150800D8600091019841F6B421C0F602010831016021
S3150800D8700099416000210172417202B07047FEDED4
S3150800D88081B00090009801B0704700002DE9F04F74
S3150800D89091B01F4690468946824626982598249830
S3150800D8A02399229A219A209A1F9BDDF878C0DDF8E1
S3150800D8B074E01C9C1B9D1A9ECDF840A0CDF83C90A8
S3150800D8C0ADF83A80ADF83870ADF836608DF8355059
S3150800D8D08DF834408DF833E08DF832C08DF831304C
S3150800D8E08DF83020ADF82E10ADF82C0010980A905F
S3150800D8F00F99BDF83A20BDF83830BDF836C09DF806
S3150800D90035409DF834509DF833609DF832709DF887
S3150800D91031809DF83090BDF82EA0BDF82CB0EE46AB
S3150800D920CEF820B0CEF81CA0CEF81890CEF8148009
S3150800D930CEF81070CEF80C60CEF80850CEF8044039
S3150800D940CEF800C009F01CFA0A9841F60431C0F670
S3150800D9500201083101602199C16122990162259964
S3150800D96041622699816211B0BDE8F08F80B582B018
S3150800D97001900198009000F005F800980CF074FCEE
S3150800D98002B080BD80B582B001900198009009F080
S3150800D99019FA009802B080BD80B586B0059104904A
S3150800D9A004980190083005990391039900F054FEF4
S3150800D9B00198C0680290029807F018F80199088241
S3150800D9C006B080BD80B586B0059104900498019094
S3150800D9D000F0C2FE0198083000F046FEFFE7019805
S3150800D9E041F66C31C0F6020101F1080202602C31E1
S3150800D9F0816006B080BD024601980392029100F04C
S3150800DA00DFFEFFE70CF01EFE0CF02EBC80B582B0E0
S3150800DA10019001980090083000F044FE009800F04C
S3150800DA20CFFE009802B080BDC06A7047C1627047D9
S3150800DA3080B504F0E3FA0121C162024908310160A8
S3150800DA4080BD00BFA41B02080CF00EBC80B582B0D6
S3150800DA5001900198009004F0EDFA009802B080BD9C
S3150800DA6080B582B00190019800F002F802B080BD3E
S3150800DA7080B582B0019001980090D0F8400198B125
S3150800DA80FFE70098D0F840010168C968884758B18F
S3150800DA90FFE70098D0F8400101688968884700992F
S3150800DAA00020C1F84001FFE702B080BD80B582B012
S3150800DAB0019001980090FEF73FFB009841F6184147
S3150800DAC0C0F60201083101600021C0F83C11C0F817
S3150800DAD0401140F2C021C2F20001086002B080BDC8
S3150800DAE080B582B001900198009000F005F8009882
S3150800DAF00CF0BAFB02B080BD80B582B001900198E7
S3150800DB000090FEF74DFB009802B080BD80B58EB040
S3150800DB10DDF840C00D900C910B920A930B98806823
S3150800DB200168096A884741F65C01884201D3FFE724
S3150800DB300AE042F67010C0F6020042F6FE11C0F680
S3150800DB400201A322F2F772FD0B9840680168096A80
S3150800DB508847102801D3FFE70AE042F6CD00C0F651
S3150800DB60020042F6FE11C0F60201A422F2F75EFD9B
S3150800DB700B98C0680168096A88470C2801D3FFE733
S3150800DB800AE042F62A00C0F6020042F6FE11C0F686
S3150800DB900201A522F2F74AFD0D980C990A9A09F096
S3150800DBA04FFD0B98C0680021029100F03BFA0090E7
S3150800DBB0FEF7DEFC0098029909900B98806800F041
S3150800DBC015FA0190FBF7B6F80198029908900B9898
S3150800DBD0406800F019FA03900899FCF72BFA0298A6
S3150800DBE00399079109990A9A116007990C9A116085
S3150800DBF008990D9A11601099049107990591069054
S3150800DC0021B1FFE7059804300690FFE704980699C6
S3150800DC10FCF7CEFC079804301099FBF765FB0898CB
S3150800DC20079904F07BF908980799099A09F050FDB5
S3150800DC3007980EB080BD000080B582B0019001F053
S3150800DC40FFFC0168096B88470199401AB0FA80F011
S3150800DC5040098DF8030000F071FF01F081F8A0B1CA
S3150800DC60FFE700F06BFF01F07BF80168096B884756
S3150800DC700199401AB0FA80F041099DF8030008435B
S3150800DC8000F001008DF80300FFE79DF8030000F09F
S3150800DC90010002B080BD000081B00090009841F6F6
S3150800DCA06C41C0F60201083101600021818001B093
S3150800DCB07047000081B00090FEDE000081B0009041
S3150800DCC0009801B07047000081B00090009841F6B6
S3150800DCD08C41C0F602010831016001B070470000AE
S3150800DCE081B00090FEDE000081B00090009801B07F
S3150800DCF07047000082B001900091019802B0704709
S3150800DD0081B00090009841F6A441C0F6020108319E
S3150800DD10016001B07047000081B00090FEDE00008F
S3150800DD2081B00090009801B07047000081B0009063
S3150800DD30009801B0704700002DE9FE4F1D4CD0E950
S3150800DD4000658246A76987B30220A268E169DFF801
S3150800DD5068903B4697FBF0FB20685A44029202AA59
S3150800DD60009290463246C84701906068216A2A4662
S3150800DD703B46CDF80080C8476269C8468146E068D8
S3150800DD80616A3B465A44029202AA00923246C0474A
S3150800DD9083462069A16A02AA3B460092019A09EBCA
S3150800DDA002062A46C04700EB0B05CAE90065BDE82E
S3150800DDB0FE8F00BF608C0020FDDD0008E0B1014643
S3150800DDC00020B1F5803F38BF012038BF09040001A3
S3150800DDD0B1F1807F3CBF08300902B1F1805F3CBFDA
S3150800DDE004300901B1F1804F3CBF02308900B1F11E
S3150800DDF0FF3FC8BF01307047202070472DE9FE4F0E
S3150800DE00DDF830909A46154688460646002A934617
S3150800DE1001D5C5F1000BD9F800705846FFF7CEFFBB
S3150800DE20034602A8BAF1000F5446019048BFCAF14A
S3150800DE300004002E009448BF7F423046002D48BF9C
S3150800DE407F42002E00D5704241465A4600F02FF810
S3150800DE5002994FF0FF33394491FBF4F202FB141197
S3150800DE6010440122002EC9F8001048BF4FF0FF32B7
S3150800DE70002D48BF5242BAF1FF3FC8BF01239A425C
S3150800DE8018BF4042002A04D4B1F1FF3F09DDBDE8BE
S3150800DE90FE8F4A42B1F1FF3FC9F80020F7DC111B9B
S3150800DEA000E021440138C9F80010BDE8FE8F2DE9CD
S3150800DEB0FE4FDDE90CA71C460D46A0B19AB11F2DF1
S3150800DEC098BF202C0FD206468DB91046002C254641
S3150800DED032464FF00004F0D14FF0FF3038606FF053
S3150800DEE00040BDE8FE8F00203860BDE8FE8F32FA9C
S3150800DEF005F830D04FF0FF30A84022EA000948461E
S3150800DF00FFF75CFF0146484632462B46CDE900A797
S3150800DF10FFF7CDFF814606FA05F0B0FBFAFB0BFBCF
S3150800DF201A063046FFF74AFF034602A86119324629
S3150800DF30CDE900A04046FFF7BAFF3968029A1144B6
S3150800DF40B1FBFAF202FB1A1139600BFB089108447F
S3150800DF501044BDE8FE8F02FB06F1B1FBFAF000FBA8
S3150800DF601A113960BDE8FE8F80B586B000F0E6FD6F
S3150800DF7001F0A4F80590059801688969884705980D
S3150800DF80016889688847C8B1FFE703A8019003F0CC
S3150800DF9087FF019905980268D2689047029002980F
S3150800DFA0BDF80C10BDF80E20BDF81030BDF812C033
S3150800DFB0EE46CEF800C00FF0B1FDFFE706B080BD13
S3150800DFC070B5054600680C461646016A2846884715
S3150800DFD0B04206D328682146426A2846BDE8704002
S3150800DFE0104751484F493922F2F720FB80B582B0D5
S3150800DFF00190ADF802100198BDF802100268526A45
S3150800E000904702B080BD000080B582B00190ADF89F
S3150800E01002100198BDF802100268526A904702B0D1
S3150800E02080BD000080B582B00190ADF8021001985D
S3150800E030BDF802100268526A904702B080BD0021FE
S3150800E0408180704770B5044600680D460021426A13
S3150800E05020469047281A86B22068016A20468847D3
S3150800E060B6FBF0F6A088864211D220680021426AE3
S3150800E07020469047281A85B22068016A20468847B4
S3150800E080B5FBF0F101FB105030B9304670BD25499B
S3150800E09004A01D22F2F7CAFA084822491E22F2F7FE
S3150800E0A0C5FA00BF726573756C74203C20616C6C90
S3150800E0B06F636174696F6E7300000000E12F0208D8
S3150800E0C0B0B5044600680D46016A20468847A8424E
S3150800E0D00FD32068A588C1692046884785420DD296
S3150800E0E02068A188426A20469047A1880131A1800C
S3150800E0F0B0BD0D480B492F22F2F798FA094902A03C
S3150800E1003022F2F793FA00BF616C6C6F6361746931
S3150800E1106F6E73203C206361706163697479282986
S3150800E120000000005B300208CA2F02080021818027
S3150800E1300149083101607047BC1C0208FEDE7047C1
S3150800E14010B50446D0E9022023691B1A002BD8BF54
S3150800E1501344022B0FD3626800EBC00002EB800069
S3150800E1602122F2F7A3FAD4E902010131081A38BFCD
S3150800E1700846E06010BD224901A03722F2F756FA98
S3150800E18066616C736520262620224C6F636B467287
S3150800E1906565444D415F5175657565206F76657295
S3150800E1A0666C6F772122000010B504460068016886
S3150800E1B02046884738B92169A0680131081A38BF4E
S3150800E1C00846206110BD0E4901A03D22F2F72EFA3D
S3150800E1D0216973456D707479282920262620224CDA
S3150800E1E06F636B46726565444D415F51756575652C
S3150800E1F020756E646572666C6F77212200000000D8
S3150800E200F23602084168006900EBC00001EB8000A5
S3150800E2107047D0E902120069821A002AD8BF0A4458
S3150800E2200020022AB8BF01207047D0E90301401A2E
S3150800E230B0FA80F04009704710B5044C0023C0E9D5
S3150800E240022303610834C0E9004110BDF01C02082E
S3150800E2500CF00AB880B582B001900198009008F0D9
S3150800E260D1FF009802B080BD80B588B084460B986F
S3150800E2700A98CDF81CC0ADF81A10ADF81820ADF8FC
S3150800E2801630ADF814000798029047F62C0142584C
S3150800E290013242504058032806D1FFE7029947F653
S3150800E2A02C0200208850FFE7FFE7029847F62C016A
S3150800E2B0415800EB8100406818B1FFE700F0AEFB5B
S3150800E2C0F3E7029847F62C01415800EB81004068B5
S3150800E2D008B9FFE70AE042F68F60C0F6020042F688
S3150800E2E0AC61C0F60201AA22F2F7A0F9029A47F633
S3150800E2F02C03D05802EB800101204860BDF81600B7
S3150800E3004000049004994FF42050B0FBF1F00390BC
S3150800E310D05800EB800002EBC02010300B99086043
S3150800E320BDF81A0047F61001114452F803C021F847
S3150800E3303C00BDF8180052F803C001EBCC0CACF851
S3150800E3400200BDF81600D25801EBC2018880BDF85C
S3150800E35014000399884204DAFFE7BDF81400019017
S3150800E36002E003980190FFE70299019B47F6100027
S3150800E370084447F62C0251F802C000EBCC0CACF866
S3150800E3800630895800EBC100C08808B080BD00007F
S3150800E39083B002900298009047F62C01405801304D
S3150800E3A001900198032803D1FFE700200190FFE7B9
S3150800E3B00098019900EB81004068B0FA80F04009A6
S3150800E3C003B0704780B584B003900291039801901A
S3150800E3D047F628014258013242504058032806D1D0
S3150800E3E0FFE7019947F6280200208850FFE70198C1
S3150800E3F047F62801415800EB81004068022801D100
S3150800E400FFE70AE042F67260C0F6020042F6AC6127
S3150800E410C0F60201DD22F2F709F9019847F628014C
S3150800E420425800EBC20C47F6100E0CEB0E02029B8C
S3150800E4305CF80EC0C3F800C052685A60425800EB38
S3150800E440820303225A60415801EB810100EBC12087
S3150800E450103004B080BD000084B00390039801908A
S3150800E46047F628014058013002900298032803D144
S3150800E470FFE700200290FFE70198029900EB810070
S3150800E4804068022801D1FFE70AE042F65160C0F66B
S3150800E490020042F6AC61C0F60201EA22F2F7C6F8BB
S3150800E4A00198029900EBC10047F61001084404B030
S3150800E4B07047000082B001900198009047F6280145
S3150800E4C0415800EB81004068032801D1FFE70AE0C4
S3150800E4D042F63260C0F6020042F6AC61C0F60201AE
S3150800E4E0FF22F2F7A3F8009847F62801415800EBF7
S3150800E4F081010020486002B07047000084B0029095
S3150800E5000298009000200190FFE70198022811D890
S3150800E510FFE70098019900EB81004068022804D1C2
S3150800E520FFE701208DF80F0008E0FFE701980130AA
S3150800E5300190EAE700208DF80F00FFE79DF80F002D
S3150800E54004B0704780B582B001900198009047F6F4
S3150800E5502C01415800EB81004068012801D1FFE7F2
S3150800E5600AE042F61160C0F6020042F6AC61C0F657
S3150800E5700201B922F2F75AF8009847F62C014158D9
S3150800E58000EB81010220486000F056FA02B080BD17
S3150800E59080B58AB0089008980290099000F0C6F8ED
S3150800E5A0029941F61450C0F602000830086047F692
S3150800E5B01000084447F62802114403910490FFE727
S3150800E5C00498019003F06CFCFFE7039A019800F1A8
S3150800E5D00801084691420490F2D1FFE7029947F6EE
S3150800E5E028024FF0FF30885047F62C02885000204A
S3150800E5F00590FFE70598022812D8FFE702980599C3
S3150800E60000EB810100204860FFE70598013005907E
S3150800E610F0E7024602980792069100F097F802E0A2
S3150800E62009980AB080BD0CF00DF8000080B582B0DC
S3150800E63001900198009000F005F800980BF014FE80
S3150800E64002B080BD80B582B001900198009000F0BC
S3150800E6507DF8009802B080BD82B0019100900099C3
S3150800E6600198486002B0704780B582B00190019861
S3150800E670009041F64051C0F60201083140F8041BEB
S3150800E68008F0D6FF009802B080BD000080B582B0C1
S3150800E69001900198009000F005F800980BF0E4FD51
S3150800E6A002B080BD81B00090009801B070470000AC
S3150800E6B01D480021C0E90011704700BF0F2982BF1D
S3150800E6C0194AC2E900017047024810491722F1F7B2
S3150800E6D0ADFF00BFD63502081349086810B149686E
S3150800E6E001B17047084809492E22F1F79FFF00BF7C
S3150800E6F00D48016811B1406800B1704702480349E6
S3150800E7003422F1F793FF00BF1E3602082A360208A4
S3150800E7100548D0E90010002818BF0120002918BFB5
S3150800E72001210840704700BFFC02002081B000901C
S3150800E730009841F65451C0F602010831016001B053
S3150800E7407047000081B00090FEDE000081B00090A6
S3150800E750009801B07047000080B586B00490049810
S3150800E76000900590FFF798FA009941F68050C0F698
S3150800E7700200083008600020FFF75EFA0190FFE704
S3150800E7800198C00708B1FFE711E042F64620C0F637
S3150800E790020042F6A421C0F602012C22F1F746FF38
S3150800E7A00246009803920291FFF788FA02E005985C
S3150800E7B006B080BD0BF046FF81B00090FEDE00007B
S3150800E7C080B582B0019001980090FFF777FA00981B
S3150800E7D002B080BD4049096801290BD142880188E9
S3150800E7E083880280C2881944C38082803B4A128883
S3150800E7F0511A4180704700BF10B504463648006874
S3150800E80001280DD10A462088A1880844A11C013890
S3150800E8102080204600F030F860684FEA304060609B
S3150800E82010BD00BF0B4B1B68012B11D10B6890ED77
S3150800E830000A9FED092A0360B2F9040001EE100AE6
S3150800E840B8EEC11A31EE021A31EE400A81ED000A1D
S3150800E850704700BF1003002017B7D1B81E4A1268C8
S3150800E860012A07D102880B880380D0431B4A1288E5
S3150800E87010440880704700BF174B1B68012B09D14D
S3150800E88010B50C8803880480D84392881044088001
S3150800E890BDE81040704700BF0F49096801290BD130
S3150800E8A002884188C3884280828819448380C2804E
S3150800E8B00A4A1288511A0180704700BF064A126830
S3150800E8C0012A07D1054A0B881288DB431A440388B4
S3150800E8D002800B80704700BF100300200803002049
S3150800E8E080B582B0019000910198009900F002F875
S3150800E8F002B080BD82B00190009101990098C86469
S3150800E90002B0704780B582B001900198009000F07F
S3150800E9105BF8009841F6A051C0F602010831016083
S3150800E9200021C16402B080BD80B582B00190019813
S3150800E930009000F005F800980BF096FC02B080BD38
S3150800E94080B582B001900198009000F04FF80098C9
S3150800E95002B080BD82B00190009101990098C86408
S3150800E96002B0704782B0019000910199009808653D
S3150800E97002B0704780B582B001900198009000F00F
S3150800E98023F8009841F63061C0F6020108310160AB
S3150800E9900021C164016502B080BD000080B582B067
S3150800E9A001900198009000F005F800980BF05CFCC7
S3150800E9B002B080BD80B582B001900198009000F049
S3150800E9C015F8009802B080BD80B582B00190019814
S3150800E9D0009008F071F9009841F6C061C0F602018E
S3150800E9E00831016002B080BD0BF03EBC80B582B034
S3150800E9F001900198009008F0A3F9009802B080BD34
S3150800EA00B0B504460AF006FD054620460AF05CFC49
S3150800EA10A90060F34101481C80B2B0BD7047B0B58B
S3150800EA2004460AF0F7FC054620460AF04DFCA90004
S3150800EA3060F3410188B2B0BD7047000082B0019111
S3150800EA40009000990198886202B0704780B584B03A
S3150800EA500390039800902621F1F7C9FE009804F068
S3150800EA6039FA009841F65071C0F602010831016082
S3150800EA70FF2180F826102830002108F0D1FDFFE795
S3150800EA80009804B080BD024600980292019104F0F5
S3150800EA9035FAFFE70BF0D6FD0BF0E6BB80B582B082
S3150800EAA001900198009004F029FA009802B080BD00
S3150800EAB081B0009001B07047E34990F87600097874
S3150800EAC0B0FA80F04009B1FA81F149090843704764
S3150800EAD080B582B0019001984068016889698847C5
S3150800EAE002B080BD10B50446FCF75CF902F098FF49
S3150800EAF060680168C9688847E06801688968884766
S3150800EB002068816F2046BDE81040084780B584B06C
S3150800EB1002900298019090F88500C00738B1FFE787
S3150800EB2001984068016809688847039002E0002058
S3150800EB300390FFE7039804B080BD000048F68C40B8
S3150800EB40C2F200000068704781B0009001B07047BB
S3150800EB502DE9F04389B004461298DDF84480DDF8C3
S3150800EB60409000271D46164601918DF81C700397A4
S3150800EB70ADF818004FF48060ADF81680ADF8149023
S3150800EB800090F7F794F8139900EB4600CDF81D703E
S3150800EB90ADF81A10694300EB4100B9F1000F049073
S3150800EBA00DD0B8F1000F0AD0F7F757F840050CD585
S3150800EBB0F7F7D0F86946904709B0BDE8F0835C4896
S3150800EBC05C4940F26A22F1F731FD5B48594940F247
S3150800EBD06B22F1F72BFD00BF2DE9F0418AB0044600
S3150800EBE04FF400600025984616460F4601902046C9
S3150800EBF0029500F02DFA129B109A119900EB460027
S3150800EC00ADF81C50089504978DF82450ADF81E30C1
S3150800EC1003FB08F3ADF81A10ADF8182000EB430013
S3150800EC2005905AB151B1F7F718F800050CD5F7F762
S3150800EC3091F801A990470AB0BDE8F081EB4905A013
S3150800EC4040F28122F1F7F2FC1048E84940F28222AC
S3150800EC50F1F7ECFC287769647468203E2030292097
S3150800EC6026262028686569676874203E2030292092
S3150800EC702626202243616E6E6F742066696C6C20AE
S3150800EC80656D7074792072656374220069370208AD
S3150800EC902DE9F04389B004461498DDF84490109F96
S3150800ECA0DDF854801D46164601918DF81C00129811
S3150800ECB0ADF81690ADF81470CDF80080ADF81800D0
S3150800ECC0F6F7F5FF0346204631462A4609F02EFE9A
S3150800ECD00490DE480089ADF81A00F6F7A7FE8DF80D
S3150800ECE01E008DF81D00BFB1B9F1000F14D0F6F75C
S3150800ECF0B4FF10EA080F15D016981399039100214E
S3150800ED008DF81F0060688DF8201001684A6869460A
S3150800ED10904709B0BDE8F0830548B44940F24E2251
S3150800ED20F1F784FC0448B14940F24F22F1F77EFC22
S3150800ED30273902085F390208B337020881B0009004
S3150800ED4001B0704780B582B001900198009000F03C
S3150800ED5059F800980168D1F8BC10884702B080BD00
S3150800ED6081B000900098406D01B0704710B5044618
S3150800ED70B648007848B9E06C38B96068FEF7D0FC48
S3150800ED8018B16068417A0029FCD0FCF799F8D4F8E4
S3150800ED90880038B12068D0F8D81020468847002067
S3150800EDA0C4F888002046BDE8104000F051B900BFFD
S3150800EDB02DE9F0438BB00746A4481E46904689467F
S3150800EDC00489F6F733FE3968002243460D6C169916
S3150800EDD0CDE9080102204946CDE906400120059003
S3150800EDE01598049014980390139802901298CDE9F8
S3150800EDF000603846A8470BB0BDE8F083F6F784BF35
S3150800EE00F6F782BFB0B5044690F87600D0B1022076
S3150800EE1002F01AFE0020A4F87500F6F748FF01462E
S3150800EE202068D0F8C82020469047E56955B1F6F71E
S3150800EE303EFF0146E5480289286803682846BDE87A
S3150800EE40B0401847B0BD00BF0403002082B001904F
S3150800EE50ADF8021002B0704740680121417201689E
S3150800EE600969084781B000904FF6FF7001B07047F6
S3150800EE7010B50446FCF718F860680021817210BDC9
S3150800EE8084B00390ADF80A10ADF80820BDF80A0062
S3150800EE9040F20831C2F20001098888420BDBFFE71D
S3150800EEA0BDF8080040F20A31C2F20001098888421A
S3150800EEB001DBFFE70AE042F6B640C0F6020042F67A
S3150800EEC01951C0F60201A522F1F7B0FBBDF80A10E8
S3150800EED040F20830C2F200000288002091420190F8
S3150800EEE00FDBFFE7BDF8081040F20A30C2F2000057
S3150800EEF0028800209142019003DBFFE70120019080
S3150800EF00FFE70198BDF80A0040F20C31C2F2000191
S3150800EF100880BDF8080040F20E31C2F200010880F0
S3150800EF2004B07047B0B50546D0F8880088420AD0C4
S3150800EF30DC200C46002908BFD8202968095828462D
S3150800EF408847C5F88840B0BD80B582B00190019861
S3150800EF50406801684969884702B080BD82B001905F
S3150800EF6000910199009888640098002818BF01202C
S3150800EF7040F20531C2F20001087002B07047000085
S3150800EF80F0B589B0B74F0446787838B301200E46F5
S3150800EF9015460090002003902068416B204688475C
S3150800EFA00346B1B2320C204609F0C0FC0190A06CB1
S3150800EFB0ADF8145004903889ADF81A00ADF8180069
S3150800EFC0280CADF81600F6F731FDF6F788FDF6F7CA
S3150800EFD0C1FE69469047A06C09B0F0BD0248A34936
S3150800EFE040F2BD22F1F722FBF83702085F39020822
S3150800EFF0F0B589B0054601200F461C461646009016
S3150800F000002003902868416B284688470346B9B212
S3150800F0103A0C284609F08AFC01900E980494ADF83B
S3150800F0201460ADF81A008F480089ADF81800300C46
S3150800F030ADF81600F6F7FAFCF6F751FD68680168B0
S3150800F0404A6869469047204609B0F0BD0403002087
S3150800F05080B584B002900298019040F20430C2F262
S3150800F06000000078C00768B1FFE701980168496B9E
S3150800F07088470199096C884204D1FFE70198406CDA
S3150800F080039003E00198006C0390FFE7039804B02F
S3150800F09080BD4166203005F049BA000082B0019073
S3150800F0A0009101990098C1F88000012081F8840038
S3150800F0B002B0704781B0009001B0704781B00090EF
S3150800F0C00098806901B0704782B00190009101995B
S3150800F0D00098886102B0704780B584B002900191AB
S3150800F0E002980090019820B1FFE70198032807D1FC
S3150800F0F0FFE700990198C86401208DF80F0049E0E0
S3150800F1000198012821D1FFE70098C06BC8B1FFE735
S3150800F11000980168D1F8A81088474FF6FF71884211
S3150800F1200FD0FFE740F20430C2F200000078C007B3
S3150800F13038B9FFE700990198C86401208DF80F00D7
S3150800F14028E000208DF80F0024E0019802281DD140
S3150800F150FFE700980168D1F8A81088474FF6FF71B5
S3150800F16088420FD0FFE740F20430C2F20000007870
S3150800F170C00738B9FFE700990198C86401208DF8DF
S3150800F1800F0007E000208DF80F0003E000208DF83F
S3150800F1900F00FFE79DF80F0004B080BDF8B51446D0
S3150800F1A00D460646FFF754FF0346A9B22A0C304619
S3150800F1B009F0BCFB0346306829462246076FE74834
S3150800F1C0008900903046B847F8BD00BF0403002008
S3150800F1D081B0009001B070472DE9FF470446806969
S3150800F1E0C8B3924600220F460C991D460392026840
S3150800F1F0166803AACDE9001239465246B047DFF829
S3150800F2006C988046A9F80850F6F710FC50B101280A
S3150800F2100BD002380F2812D21348D2494FF4C972BC
S3150800F220F1F704FA6FF0010001E06FF00200B9F897
S3150800F2300810039A01FB0A7101FB00202064E069AB
S3150800F24028B10368B9F80820216C1B68984740461E
S3150800F25004B0BDE8F0870648C2494FF4B972F1F721
S3150800F260E5F900BF04030020C93802085F3902081F
S3150800F270243702081CB50023CDE900330368D3F808
S3150800F280B4406B46A0471CBD2DE9F04F8FB004462D
S3150800F2901046984617460D4603F0ECF8002800F08D
S3150800F2A0C7802068C16A204688472068016B2046C7
S3150800F2B08847DFF8B8970DF13A06ADF83A70B9F80D
S3150800F2C00A00B9F808A0B9F804B00190B9F8060020
S3150800F2D0079030460AF070F8A9F8040030460AF09C
S3150800F2E0D5F8D9F80C10B9F80420A9F806000029B1
S3150800F2F0114608BF0146A9F80A1008BF1046A9F822
S3150800F3000800D4E91001CDE90510384603F0B2F833
S3150800F3100146C4E91000E06920B10368B9F808207D
S3150800F3201B689847E8882F4600210022049037F882
S3150800F330040F0390284605F003F8012095F82510D8
S3150800F34085F82500B8F90400029101280BDBB8F905
S3150800F3500600002807DD0AA83946424609F0ADFE30
S3150800F360DDE90A1003E0D7E90010CDE90A100D908F
S3150800F370D9F804000027D046DDF804A00C910897B8
S3150800F38009900CA808A902F095FD606DC8B10DF1A9
S3150800F3903A000AF03FF80646606D0168096B88472F
S3150800F3A086420ED100F04CF906460DF13A000AF0F5
S3150800F3B031F801463068826B3046904780F001008C
S3150800F3C000E0002084F8600028686E696F61826832
S3150800F3D00CA928469047029884F860706E6185F8F3
S3150800F3E02500039801B2049802B2284604F0A8FF43
S3150800F3F0DDE90510A9F80AA0A9F80880A9F804B05B
S3150800F400C4E910010798A9F806002068C16A2046D1
S3150800F41088472068016B20468847E56945B1F6F7B5
S3150800F42046FC01462868B9F8082003682846984724
S3150800F4300FB0BDE8F08F00BF80B588B00790069181
S3150800F4400592049307980390069808B1FFE70BE026
S3150800F45042F67E40C0F6020042F61951C0F6020195
S3150800F46040F20132F1F7E2F806990020029019B14C
S3150800F470FFE701200290FFE70398029906990164C5
S3150800F480059941640599002918BF012140F2043203
S3150800F490C2F20002117004990268D2F890209047CF
S3150800F4A00398C06980B1FFE70398C1690191FFF726
S3150800F4B0CFFD0146019840F20C32C2F200021288D2
S3150800F4C003681B689847FFE708B080BD2DE9F84335
S3150800F4D0DFF8988590F88D70046C89460546B8F86B
S3150800F4E00A60F6F7A3FA102824D8B6FBF7F1DFE886
S3150800F4F000F0090F182F2F2F2F2F2F2F2F2F2F2FD9
S3150800F5002F2F2F0009FB01F00021A1EB40000DE091
S3150800F51009FB01F0B8F808104843A0EB8000044442
S3150800F52008E009FB01F00021A1EB8000B8F80810FB
S3150800F53000FB0144E8692C6440B10168B8F808206A
S3150800F5400B68214601B0BDE8F0431847BDE8F883CB
S3150800F5500348044940F2BD12F1F768F80403002095
S3150800F5605F3802085F39020882B001900198816B02
S3150800F570D0F8800088421FD0FFE740F21030C2F270
S3150800F58000000068B8B9FFE740F20A32C2F200028A
S3150800F5901088ADF8020040F20831C2F2000108886E
S3150800F5A01080BDF80200088040F21031C2F2000156
S3150800F5B001200860FFE71EE040F21030C2F20000AA
S3150800F5C00068B8B1FFE740F20A32C2F200021088BA
S3150800F5D0ADF8000040F20831C2F200010888108038
S3150800F5E0BDF80000088040F21031C2F20001002088
S3150800F5F00860FFE7FFE702B07047F8B50446C9B1EF
S3150800F60020680021D4F88870C4F88810C16A20469A
S3150800F6108847054601266068C4F88870012F8672F7
S3150800F62006D02068D0F8DC1020468847C4F88860E1
S3150800F6302846F8BD2068C16A2046BDE8F840084754
S3150800F64081B048F68C40C2F20000006890F860006D
S3150800F650C00780B1FFE748F68C40C2F20000006898
S3150800F660406D40B1FFE748F68C40C2F200000068E2
S3150800F670406D009007E048F68C40C2F20000006832
S3150800F68080680090FFE7009801B070477FB5044690
S3150800F6900068D0F8C01020468847002800F0A680E9
S3150800F6A0E06C022802D0012002F0A8F994F8841030
S3150800F6B0002594F8720084F8525084F8725084F841
S3150800F6C0730031B12068D0F8D4102046884784F8F2
S3150800F6D0845094F85110E54D6068012681F00101C7
S3150800F6E0AE704172FBF750FD0168496B884794F884
S3150800F6F0730008B984F87360FBF746FD0168496929
S3150800F7008847606E01680969884794F8730094F819
S3150800F7107410013884F8730009B10006ECD1E87852
S3150800F72094F970100130E87040B2884215DB002069
S3150800F730E870E0680168CB6803A902AA984738B15F
S3150800F7402068DDE90221D0F8CC302046984704E04D
S3150800F7502068D0F8D0102046884700208DF807008A
S3150800F760606958B10168CA680DF10701904728B168
S3150800F770606E0168CA689DF80710904704F120007A
S3150800F78004F0D6FE94F8780030B320690168096958
S3150800F79088470546E06F08B92846E5671B49281AD1
S3150800F7A0884219D32069016889698847E16F6A1A0E
S3150800F7B06421B2FBF1F2B0FBF2F0012804DB632806
S3150800F7C094BFC0F164010021206984F871100168B2
S3150800F7D0CA6900219047E5672068D0F8E0102046FE
S3150800F7E08847FBF7D1FC0168896B88472068D0F801
S3150800F7F0C41020468847E06C022802D0012002F097
S3150800F80011F99A48002181707FBD00BF01E1F50515
S3150800F810BFB50446CDE9021202A8FEF78DFADDE966
S3150800F8200201ADF80600ADF804100DF1060001A9B5
S3150800F830FFF744F894F8771004F1200061B1B4F8A2
S3150800F8406C20B4F86810BDF80630BDF80450009571
S3150800F85004F0E0FD50B9BFBDBDF80430BDF8062080
S3150800F860002104F01BFE012084F87700BDF906008C
S3150800F870BDF90410C4E91A01BFBD000081B00090AB
S3150800F880009991F87200013081F87200002081F821
S3150800F8908C0001B0704710B5044690F8770058B14F
S3150800F8A0B4F86C30B4F8682004F12000012104F0A3
S3150800F8B0F5FD002084F8770010BD00002DE9F04F13
S3150800F8C08BB00DF16C0A044600200DF1600B1F4643
S3150800F8D0149E9AE8200605909BE80809DDE9160EAD
S3150800F8E0022D04D00B2D10D14FF0800819E0DDF859
S3150800F8F064C04FF02008BCF1000F18BF4FF0400855
S3150800F900FF2B18BF4FF040080BE0C4464FF0010824
S3150800F910BCF1000F18BF4FF00408FF2B18BF4FF0BB
S3150800F9200408ADF81E001598CDF808808DF8243027
S3150800F930ADF820E0CDE90312ADF81C00F6F7B7F9EB
S3150800F9400346204639463246CDE900B909F004F89F
S3150800F9500690159800218DF827A08DF826908DF829
S3150800F9602550ADF822B08DF8281068B1169858B110
S3150800F970F6F773F910EA080F0CD0F6F7EBF902A9B7
S3150800F98090470BB0BDE8F08F0548724940F2312226
S3150800F990F0F74CFE6E486F4940F23222F0F746FE09
S3150800F9A0273902082DE9F0418AB01E4690460D46D1
S3150800F9B00746F6F73BF83968159A43460C6C2B4907
S3150800F9C0CDE9080200220989CDE9061014982946CE
S3150800F9D00590139804901298039011980290109825
S3150800F9E0CDE900603846A0470AB0BDE8F08100BFFF
S3150800F9F0B0B58AB014460268156C169A0992159A1B
S3150800FA000892149A0792139A0692129A0592119AD4
S3150800FA100492109A03920F9A02920E9ACDE9003236
S3150800FA2000222346A8470AB0B0BD00002DE9F043DE
S3150800FA3087B007460D48984691460E460489F5F75D
S3150800FA40F5FF39684A464346CD6DCDE9034010981F
S3150800FA50119902900F980591314601900E980090E1
S3150800FA603846A84707B0BDE8F08300BF0403002066
S3150800FA702DE9F04F8BB004460020DDF858A0082683
S3150800FA801F4690468B4603902046BAF1FF0F08BFE3
S3150800FA9002260296FFF7DCFADDF86090179D03460A
S3150800FAA0204641463A46CDF80490009508F054FFA2
S3150800FAB00690DDF864C0DDE91420BAF1FF0F08BF2F
S3150800FAC0B9F1000F21D0ADF81E0020680023ADF86B
S3150800FAD02250ADF81C208DF827C08DF824A0CDF84B
S3150800FAE014B08DF826908DF82590ADF820308DF855
S3150800FAF02830C16B20468847304222D0F6F72AF9CB
S3150800FB0002A990470BB0BDE8F08F4FF4FC634FF4A1
S3150800FB10784703EA5B1307EA1B273B44CBF3C40782
S3150800FB2003EB070B42EA08032B43DB0706D14BEA34
S3150800FB300B4B52086D084FF00209C4E74FF0000955
S3150800FB40C1E7034803494FF42B72F0F76FFD00BF76
S3150800FB50B33702085F39020810B5044640680168E1
S3150800FB608968884794F8750010B1012084F87600F2
S3150800FB7010BD4068016889680847002B43D0B0B5B6
S3150800FB8002F0010001F00104A04215D120B112F8DB
S3150800FB90010B013B01F8010B022B1FD382EA01007E
S3150800FBA0800714D023F00100084481420CD232F8B1
S3150800FBB0024B21F8024BF8E7C818814221D212F805
S3150800FBC0013B01F8013BF8E703F0010306E0900763
S3150800FBD004D032F8020B023B21F8020B23F0030093
S3150800FBE00844814202D210CA10C1FAE703F00300A2
S3150800FBF000230844CC18844203D2D55C013325700F
S3150800FC00F8E7BDE8B04001207047000082B00190D7
S3150800FC100091002002B0704780B584B00390ADF81B
S3150800FC200A1003980190C06B30B1FFE70198C16BC9
S3150800FC30BDF80A008847FFE704B080BD044600689F
S3150800FC40D0F88410204688472068C16F2046884728
S3150800FC50E06C022818BFFBF711F92068416FF5E739
S3150800FC6080B588B08C4686460B980A99CDF81CE074
S3150800FC70CDF818C005920493ADF80E10ADF80C0037
S3150800FC800798009041F6B871C0F602010831016084
S3150800FC9006994160059981600499C1600021029125
S3150800FCA0016141618161C161203004F05DFC009809
S3150800FCB002998163C163016441648164C16401225C
S3150800FCC0019280F8502080F8511080F85210416552
S3150800FCD0583002F0E5F80098019A029980F8601009
S3150800FCE041668166C16680F8702080F8711080F8D8
S3150800FCF0721080F8732080F8741080F8751080F8F8
S3150800FD00761080F8771080F87810C167C0F88010F0
S3150800FD1080F8841080F88520C0F8882080F88C1038
S3150800FD20042280F88D20BDF80C2090F88D30B2FBA7
S3150800FD30F3F2A0F88E20B0F88E2045F25653C5F29D
S3150800FD405553A2FB0332A0F890201422A0F8922063
S3150800FD5048F68C42C2F200021060BDF80E2040F24E
S3150800FD600833C2F200031A8040F20C33C2F20003D1
S3150800FD701A80BDF80C2040F20A33C2F200031A803A
S3150800FD8040F20E33C2F200031A8040F21032C2F279
S3150800FD9000021160BDF80E20BDF80C309A42B8BFBB
S3150800FDA00121816308B080BDFEDE000081B00090AD
S3150800FDB0009801B07047000080B588B0DDF82CC007
S3150800FDC0DDF828C0079206910590049305980CA9BA
S3150800FDD00391049A0A9B0B99DDF80CC0CDF808C06C
S3150800FDE0DDF808E0EC46CCF804E0CCF8001006A9EB
S3150800FDF000F0A8F808B080BDB0B5032A0FD0022AD3
S3150800FE0017D0012A25D18388C2880488898842EABE
S3150800FE1003422344C91A438843EA014117E082880A
S3150800FE20C3884488C98843EA02422344C91A038816
S3150800FE300BE0C2884388CC88058889881344E31A6E
S3150800FE408488254444EA0242491BC1EA0341016009
S3150800FE504260B0BD2DE9F0418EB0044609B318687A
S3150800FE600D46DDF850801E461746816B18468847B2
S3150800FE704042CDE900761FFA88F221464FF6FF7315
S3150800FE8000B2CDE9020504AD284601F0B1F9002615
S3150800FE90284601F075F8BDF8100001360028F7D19C
S3150800FEA00BE02046FCF7F3FB01260A28204608BF8C
S3150800FEB00136FCF7ECFB0028F7D1B0B20EB0BDE86E
S3150800FEC0F0812DE9FE4F15460E464FF0000B002433
S3150800FED04FF0000A4FF0000801930090A8452DDA6C
S3150800FEE0002042F20B0132460290A0B288424FF639
S3150800FEF0FF6108BF5446884218BFA246DDE90001E3
S3150800FF0002ABFCF7CFFEC8B104460A2816D0029AFF
S3150800FF108AB13068948892F80A90577B1FFA8AF15A
S3150800FF20436C304698470BEB090107F0800201EB5A
S3150800FF30420101EB000B08F10108CFE71FFA8BF02D
S3150800FF40BDE8FE8F2DE9F04FE9B0DDF8C881B8F1BC
S3150800FF50000F00F0A180824618681C46002800F0B1
S3150800FF609B80A07C002800F097800F461068516897
S3150800FF70A5680DF5C879DDF8CCB16679CDE96601D5
S3150800FF80002049462A4664907868659066A8FFF777
S3150800FF9033FF484649462A46FFF72EFFCDE9047A3D
S3150800FFA03EB12079012E06900BD1023818BF0120E8
S3150800FFB008E02079002807BF002006900690012057
S3150800FFC000E0002008904BAF3846FDF709FBF5F72F
S3150800FFD0C5FEF5F746FE0090384641465A46F5F7FF
S3150800FFE05AFF2068F5F7AEFD81462068B4F810A0E0
S3150800FFF0477A32A8FDF7F4FA606958B1F5F7AEFE0C
S31508010000F5F72FFE009032A841465A46F5F743FF09
S31508010010606900E00020BDF89411B4F9105094F815
S3150801002013C00AEB090807EB090A62792768BDF8C4
S315080100309631CDE902500846CDE900270791A1EB93
S315080100400C0082B228A832A901F0D2F86069BDF87D
S31508010050929120B3BDF99A014BADA0EB0A070DF1B8
S31508010060A00A0FFA89F087422CDD504600F088FF76
S31508010070BDF8BAB05FEA0B4006D028463146FCF710
S31508010080D3FDABF1010BF5E7BDF8A00020B19DF852
S31508010090C600C1440028E4D069B0BDE8F08FBDF9B7
S315080100A09A01A0EB0A070DF5967A0FFA89F5AF4280
S315080100B008DD5046FCF7EBFA0028EDD00A28F6D100
S315080100C0C144F2E7DDE9041A66AA06980025ADF8E7
S315080100D09490CDE92624239530432491B0FA80F0F3
S315080100E0470907980FFA80FB6069ADF88A5010B185
S315080100F028A800F045FF0FB1E07C2EE0089820B152
S31508010100606930B1BDF8C20014E0E07C0799081AAD
S3150801011023E05D460DF1240B4BA964225846F0F7FE
S315080101200AFB2168584647F6FF723346AB46002557
S31508010130FFF7C7FE21792EB169B101290FD10BFA53
S3150801014080F004E0012943D100B2ABEB00000221A3
S3150801015090FBF1F001E0E17C0844ADF88A009DF8D6
S31508010160C63060692268BDF8BA10002B18BF012392
S31508010170002818BF012000EA030047F6FF7308BFED
S3150801018019464BAB0290CDE9003123A80DF18A013E
S3150801019033460390504600F033F99DF8C61009EB33
S315080101A00800ADF8940000297FF476AF0FFA80F9BC
S315080101B0BDF89A01BDF89E11084400B281453FF782
S315080101C06BAF4BA8FCF75BFA00283FF48DAF63E7EA
S315080101D0E17C08449AE7000001480160704700BFC6
S315080101E0908C00202DE9F84F2DED0C8BB0B083468D
S315080101F0B2F90440B2F9068008461F4616460D466E
S3150801020009F0DAF800EE100A2846B8EEC08A09F0B5
S315080102103DF900EE100A7548B8EEC09A0068012843
S3150801022008D19FED73AAB0EE48CAB0EE49BAB0EE4E
S315080102304ADA0BE09FED6EBAB0EE49CAB0EE49AAAA
S31508010240B0EE489AB0EE48DAB0EE4B8A386879686B
S31508010250CDE92E01CDE92C0131880144ADF8B01064
S31508010260718801EB10407168ADF8B2003068CDE9CC
S315080102702A012AAF3846FEF7ADFA70684FF0000A30
S31508010280CDF8A0A029902EA828A9FEF7B5FA0DF158
S31508010290B0094846FEF79EFA284609F051F80028A3
S315080102A000F09D8000EE108A01EE104A0646CDF850
S315080102B09CA0CDF890A0CDE922AAB8464D4CB8EE3F
S315080102C0C00AB8EEC11A8DED261A8DED251A8DEDE7
S315080102D0210A8DED200A27A823A928AF3A46A04767
S315080102E026A822A93A46A04725A821A93A46A04701
S315080102F024A820A93A46A0479DED201AB3EE000A84
S315080103003D488DED1FCA8DED1EBA8DED1AAA8DEDEC
S31508010310199ACDF854A08DED14DA8DED108ACDF821
S3150801032028A0059621EE001A1D9018901390CDE984
S315080103300E0A3248BDEEC11A8DED1C1A9DED241A1E
S31508010340008821EE001A0B902846BDEEC11A8DEDE4
S315080103501B1A9DED211AF5F7DDFC8DED171A9DED9A
S31508010360251AF5F7D7FC8DED161A9DED221AF5F724
S31508010370D1FC8DED121A9DED261AF5F7CBFC8DED04
S31508010380111A9DED231AF5F7C5FC8DED0D1A9DED94
S31508010390271A21EE000ABDEEC00A8DED0C0A08F0F7
S315080103A005FF0690284609F007F80790284609F040
S315080103B06DF80890284608F0FFFF0990DBF8000061
S315080103C04699446C029147994FF6FF70CDE9008929
S315080103D0CDE903100AA90CAA05AB5846A04730B0C7
S315080103E0BDEC0C8B01B0BDE8F08F00BF10030020F7
S315080103F00000000025E800080000C8420C030020A0
S315080104002DE9F04FA7B0CDE90701309914460EA89A
S3150801041064221D46F0F78FF9002100200995002D69
S315080104200D9100F08D814FF0000B00264FF000086A
S315080104304FF000090027A24606900B9005900A90F6
S31508010440049431998E4280F25581B9B242F20B0277
S315080104504846914208BF4F464FF6FF62B946914258
S3150801046008BF81460999309822460DABFCF71AFC5C
S315080104700D9A82B1DAF800009788957A547B1FFAAB
S3150801048089F1436C5046984704F08001544645EA81
S3150801049041010D1801E007460025A7F128000122B0
S315080104A016280FD95B2F13D05D2F11D07B2F0FD0B4
S315080104B07D2F0DD0002F00F01D810A2F00F01A8123
S315080104C0002205E0012101FA00F0D6490842E9D0E7
S315080104D0A7F5CC60A7F1300180B289B20A284FF09E
S315080104E0000038BF01200A294FF0000138BF012159
S315080104F00843A7F5B26189B2B1F5B87F0DD307F5FF
S31508010500966182F0010289B20B0900213A2B4FF05C
S31508010510000388BF0123134201D180F0010142F291
S315080105200B02A7F141044FF6FF63BA1AA4B218BF2A
S315080105300122FB1A18BF01231A2CCDF830B004D3B7
S31508010540A7F16104A4B21A2C02D24FF0010B09E0FB
S315080105500024802F4FF0000B38BF01240C4308BF3D
S3150801056003EA020B5446B8F1070F00F2A98040EAE4
S315080105700B02DFE808F004A510A5181C23284FF084
S315080105800208BBF1000F18BF4FF00608002818BF74
S315080105904FF0040877E0F0B10A980EA9F5F7ABFA1F
S315080105A04FF0040866E038B3F5F7E3FA02E0C0B3A2
S315080105B0F5F702FC01304FF0040880E0012A5BD10F
S315080105C0F5F7D7FA03E0012A61D1F5F7F5FB013012
S315080105D04FF0060873E0BBF1000F62D00A980EA926
S315080105E000910B9980B2CDE901103398039001204F
S315080105F00B90DDE9070137E0A7F12C004FF005085C
S315080106000E2806D8012101FA00F044F20D0108422C
S3150801061063D1A7F26B6002285FD3BBF1000FCFD17C
S315080106202BE00A980EA92246DDF81C80089C0023B7
S3150801063000910B9980B2CDE90110339821460390B8
S31508010640404600F022FCBBF1000F30D005980EA9F8
S315080106500091069980B2CDE9011033982146049C90
S31508010660039001200B9040462246012300F00DFC21
S315080106704FF006080A9523E069B30A980EA9F5F71B
S31508010680DEF94FF002080120CDE90A5018E041B31E
S315080106900A980EA9F5F7D3F9059828440A900698F9
S315080106A001E0F5F766FA01304FF0020807E0059810
S315080106B0049C4FF0020828440A90069801300B90D2
S315080106C0A8F10200DDF830B00136B0FA80F0400931
S315080106D04BEA000BB5E64FF007080120CDE90550B6
S315080106E0EEE705984FF0070828440590069801306B
S315080106F00690E5E7A8F10200A146DDE90745DDE92F
S3150801070032670DF13808052800F2A881DFE810F0F4
S315080107103F01A60137010600370106005FEACB70E3
S3150801072000F042810A980B994A460023CDF80080C9
S315080107300397CA4680B2F5F764FB0598069928E13E
S315080107404FF0000B4FF0000800260990CDE90B0089
S3150801075006900A90319A914280F201818946B1B296
S3150801076042F20B0240464FF0000A914208BF464644
S315080107704FF6FF62B046914208BF8046309822463E
S315080107800DAB0021FCF78EFA0D9A7AB1206896888E
S31508010790977A557B1FFA88F1436C2046984705F0EE
S315080107A0800147EA410101EB000A00E00646A6F18D
S315080107B02801012016290FD95B2E13D05D2E11D0E1
S315080107C07B2E0FD07D2E0DD0002E00F0C8800A2E6C
S315080107D000F0C580002005E0012202FA01F1A74ACE
S315080107E01142E9D0A6F5CC61A6F1300289B292B2DE
S315080107F00A294FF0000138BF01210A2A4FF00002E9
S3150801080038BF01220A43A6F5B26189B2B1F5B87FAC
S3150801081005D306F5966189B209093A2904D882F001
S31508010820010102E003005000002142F20B034FF6DA
S31508010830FF65F31A18BF0123771BA6F14105ADB26F
S3150801084018BF01271A2D0FD3A6F16105ADB21A2DCE
S315080108500AD33B40002581F001077F2E88BF012579
S315080108603D402B401A4300D00120BBF1030F5BD852
S31508010870DFE80BF0020B151F01204FF0010B0B905F
S31508010880002918BF4FF0020B10E0E1B10A980EA932
S31508010890F5F7D5F801204FF0020B0B9006E0C8B129
S315080108A00A980EA9F5F727F94FF0010BCDF828A0FC
S315080108B03AE001B306980A9908440B9950440A90FC
S315080108C00998084413E00A984FF0010B50440A901E
S315080108D00B9827E039B94FF6FF60864203D042F2FA
S315080108E00B00864234D10A9850440A900B9801307D
S315080108F04FF0020B17E018B30A9D0EA922460123F1
S315080109004FF0010B00910B99A8B2CDE9011033986C
S315080109100390DDE9070100F0B8FA06982844504427
S315080109200A90099801300B90ABF101000C9A4946DF
S31508010930B0FA80F009F10101400902430C9209E776
S3150801094006984FF0030B504406900998013004E0CD
S3150801095001204FF0030BCDF818A00990E4E7BBF18D
S31508010960030F42D0A146BBF1020F2FD0DDE907459F
S31508010970DDE93267BBF1010F0DF138086ED10A982E
S315080109800B99CDF8008080B2CDE9011016E00A98DE
S315080109900B99CDF8008080B2CDE901100397204666
S315080109A029464A4601230EE006980B990A9A0844F5
S315080109B00599CDE90080114489B20291204629465C
S315080109C04A460023039700F060FA47E00A980B9914
S315080109D0079C089D339F0DF138084A46CDF80080DB
S315080109E080B20397CDE9011032E00C98C0071DD0FB
S315080109F00A9826460B99079C089D339F0DF13808DE
S31508010A0001233246CDF8008080B20397F5F7F9F94C
S31508010A1006980999CDF800800397B1463246002316
S31508010A2080B2CDE901102046294614E009980B99B0
S31508010A300A9A339F089D0DF13808084406990397C9
S31508010A40CDE9008011442246079C89B2914602915C
S31508010A5020462946012300F018FA329E56B1002095
S31508010A6029464A460023CDE90080CDE902072046FA
S31508010A7000F00BFA27B0BDE8F08F00BF0300500065
S31508010A802DE9F04F9FB010912999CDE912202A9DA1
S31508010A901793088889880C1828680168496D88475A
S31508010AA02968DDE92D921490C87ACDF86C9042B187
S31508010AB02A9A01235269062A08BF022303EB09026F
S31508010AC01B92097B00FA84F02B9E4FF0000B42F231
S31508010AD00B054FF000080027159020B2002411914C
S31508010AE028991890002019901A911B98844280F22F
S31508010AF02B811FFA88F0DDF8A8A04FF6FF61CDE932
S31508010B001DBB8DF873B0A84208BFB846884218BF06
S31508010B104746DAF800204C450BDA0DF173001DA99A
S31508010B20CDE900102C9831461EABFCF7DBF8804660
S31508010B300FE010684169104688478046DAF80000D8
S31508010B400DF1730301688E6841461DAAB0472B9EB5
S31508010B501E9042F20B05A84500F0F4804FF6FF609F
S31508010B60804500F0EF80B8F1000F00F0ED80B8F194
S31508010B700A0F00F0E9801E9AFAB1B2F80480002E35
S31508010B80DDE9190308BF034432B3517B907A012E7C
S31508010B9001F0800140EA4100199008BF1B1A380488
S31508010BA01A931DD02A98006801684B6CB9B2984708
S31508010BB02EB31A99091A1A9113E02A98006801683E
S31508010BC009698847A84200F0BD804FF6FF6188424F
S31508010BD000F0B8801E9AD2E700201A931990B1E066
S31508010BE086B12998012EB0F9001088B211D1119A4F
S31508010BF0199B1A441A9B1A448A420ADAA4E01A99DA
S31508010C0001441A9115981A99814200F39D802998F1
S31508010C1000881E9A1A9B92F9091019449379527BF6
S31508010C200B4402F0080203EB421302B29342C0F2EC
S31508010C308980189B994280F28580DDF868902A9D03
S31508010C4000214FF0000A16919145B8BFA0EB090A99
S31508010C5028680168096B884706461E9809F0D1F885
S31508010C601799301A084406B22998B0F90200B04219
S31508010C700CDD1E99CA79497B324401F0100102EB59
S31508010C800111814259DB811B064616911498B8B1A8
S31508010C9013988068002873D001682A6895F812E0CD
S31508010CA01D9BD1F808C0D5E90261CDF81090CDE9B0
S31508010CB000211799299ACDE902E6059112993BE097
S31508010CC09DF87300082861D8012101FA00F010F493
S31508010CD08B7F5BD012981E9A016840680D921D9A07
S31508010CE00E9028680F910C920168096C88472A466C
S31508010CF00546139892F812E0D2E902230168D1F861
S31508010D0050C09DF87310CDE90AE21FFA8AF2CDE9BF
S31508010D10083116990AEB09031BB289B2CDE90036E7
S31508010D20CDE902212999DDE90E3204910D99059142
S31508010D300C99CDE906151099E047DDF8B4902B9E7C
S31508010D4042F20B050134D0E61FFA88F080B10A2871
S31508010D500ED008E02C983146FBF766FF804638B17D
S31508010D60B8F10A0F02D001344C45F3DB4FF0010804
S31508010D701FFA88F0B0FA80F040091FB0BDE8F08F7D
S31508010D80064907A040F2D732EFF750FC024803495B
S31508010D9040F2D232EFF74AFCE53902085C3A02081A
S31508010DA0766563746F72466F6E7452656E646572AA
S31508010DB0657220262620224E6F20566563746F724F
S31508010DC0466F6E7452656E646572657220696E73DC
S31508010DD074616E636520666F756E6421220000007A
S31508010DE02DE9F04F95B017468846814607CA9B46B6
S31508010DF00DF1180EDDF878A007F10C0C9CE87810B7
S31508010E008EE87F1007F120060DF1380C7FCEACE88D
S31508010E107F00D9F8000041465B46046C2298CDF85C
S31508010E2000A0049021980390209802901F980190A1
S31508010E3006AA4846A04797E81F0006AD07F1280C01
S31508010E400DF12C0E1FC59CE81F10D7E91065AEE8F9
S31508010E501F00D7E91201CDE910C65B46CDE912504C
S31508010E60D9F8000014914146046C1F98CDF800A0EA
S31508010E700190209802902198039022980490484660
S31508010E8006AAA04715B0BDE8F08F2DE9F04F87B047
S31508010E90DDE91165DDF84C8099468B4686469EB19B
S31508010EA0D8F81070DDF840C0B9F1010F797908BF9B
S31508010EB0002931D0BBF80000B9F1000F344608BF4C
S31508010EC001292FD1401B2BE010681746744641694A
S31508010ED010468847002850D0824638685146C2686D
S31508010EE038469047002845D00246807AA646517B67
S31508010EF001F0800140EA4101D8F810000D4440692B
S31508010F000628CDD13868436C38460F46514698476E
S31508010F10E919A6460D18C3E7BBF80000344628446C
S31508010F20ABF80000AA462546B4FA84F4B8F90830A5
S31508010F30D8E9001200B2D8F80C6064098DE8C1122C
S31508010F407046CDE90554FFF79BFDD8F810004079A6
S31508010F5050EA090109D0B9F1010F08BF012809D1E1
S31508010F60BBF80000A0EB0A0002E0BBF80000504401
S31508010F70ABF8000007B0BDE8F08FA64690E7000081
S31508010F802DE9F04F87B0044690F82600002840F076
S31508010F9014812069E58AF4F7D5FDB4F918104FF0E4
S31508010FA0000B01EB40010020A942C8BF0120E268FD
S31508010FB0013A052A0DD8DFE802F012171A250303AC
S31508010FC000230246A9424FF00001D8BF0121029130
S31508010FD01CE0002000220023CDE9010018E00120D1
S31508010FE00022002301900AE00023024601E00022C4
S31508010FF00346A9424FF00001D8BF01210191002003
S31508011000029005E0012000220023029000200190B1
S3150801101042EA030042F20B094FF0000A00274FF09B
S315080110200008C4F81AB0CDE903320590F80740F074
S31508011030B98060682269217ACDF818B0258806AB8F
S315080110404646FBF72FFE20804D45A8464FF6FF6121
S3150801105008BFB0468D4208BFB04620B1E18B0131C9
S315080110600A28E18307D1218C204600230A4600F08D
S31508011070AFF80127DAE7069A002A47D09088967AC8
S31508011080577B2080206901684B6C1FFA88F19847C5
S3150801109007F0800146EA41010F182088A5EB0901EE
S315080110A0A5F12002B1FA81F1B2FA82F2490952098F
S315080110B042EA0103218CCA198B462284484518BF86
S315080110C0D346202808BF8B46DE0718BFD346A38B15
S315080110D0059FA58A13FA82F36FB10499F1B1A08C21
S315080110E01844A84201D9608BF0B991B2002720466D
S315080110F000230A4607E0AB4222D9029A8AB301279E
S3150801110020460A46012300F063F83EE000274845D9
S31508011110C4D04FF6FF618842C0D087E7039919B159
S315080111204845DCD02028DAD0AB422DD9608B58B39C
S31508011130A08C618C012784F826700844608424E019
S3150801114016B30027202821D048454FF0000B3FF45D
S315080111506DAF1FFA8AF22046012300F039F80027FD
S3150801116064E7019A82B100279EB120280ED048452E
S315080111704FF0000B3FF45AAF1FFA8AF220460123BB
S31508011180012700F025F851E70027DA464FF0000B52
S315080111904CE72028F9D04845F7D0608B0028F4D0D1
S315080111A00127F2E72069F4F7CDFC218B0844E18A8F
S315080111B0081AE08207B0BDE8F08F034803494FF4E7
S315080111C07D72EFF733FA00BF913902085C3A0208DB
S315080111D070B5858BC48BC3832A446E184284028CEE
S315080111E08683511A428B0184E11A1144418370BDE9
S315080111F070B500250446C0F81A500698A282079AC7
S31508011200E382049B61602580C4F81E50C4F822500D
S3150801121084F8265020830598E260237220612AB358
S3150801122001684969884708B3054620690168CA689B
S3150801123029469047D0B10646807A717B01F0800134
S3150801124040EA4100A084E06806280FD120693246A9
S3150801125001684B6C29469847B17A727B0844A18C80
S31508011260084402F0800100EB4100A084204670BDCD
S315080112702DE9F04F8BB093ED070AB7EE003AD3F894
S3150801128014E01E6893ED0D4A93ED0A6A149B169CA9
S31508011290DDF85C8083EE001A1B68B4F90070B4F9B6
S315080112A002C09C1B1A9B06EB070B9C42B8BF234640
S315080112B0D2ED092AD2ED0B0A21EE042A61EE061AAD
S315080112C001EE103AB8EEC17A92ED0D1AB8F900207E
S315080112D060EE874A21EE075A76EE240A1FFA82F94A
S315080112E05A4534EE051A22EE874A30EE040A2CDDF9
S315080112F0A2EB0B0595FBF3F206EE102A02FB135A35
S31508011300012AB8EEC66A05EE061A44EE860A04EE06
S31508011310060A14DB30EE442AB0EE437AB5EE402ACB
S3150801132083EE026A31EE452AF1EE10FA18BFB0EEE5
S31508011330467A30EEE46A22EE072A66EE071A02FBBF
S31508011340036502FB1344EE1903E000225E464FF0E3
S31508011350000AB8F8047035194F443FB2BD42C8BFF8
S31508011360BC1B012C50DBC3EE003A40680EEB0C05A2
S315080113709FED277ADDF864E0159E0768D7F808C05F
S3150801138007950AEB0B05CDE9086E009302FB03529C
S31508011390CDE9051221EE233A60EEA32A33EE426A1D
S315080113A026EE076ABDEEC66A16EE101A32EEE16A35
S315080113B026EE076A91FBF3F1BDEEC66A16EE102A10
S315080113C022EE076A0491BDEEC66A92FBF3F216EEA7
S315080113D0105A21EE876A01FB0A51BDEEC66A0392CD
S315080113E0029116EE101A02FB0A11019194FBF3F110
S315080113F001FB1342002A04BF01391A460029D8BF46
S315080114001346A3EB0A03E0470BB0BDE8F08F00BF14
S31508011410000080472DE9F04FD5B005460068DDE9A3
S3150801142060A8144689461E461946876C28465246C0
S315080114304346B847686080B30FCE5492B2EE040AA9
S31508011440CDE95001BE4800680028104608BF184675
S31508011450539008BF134694ED021A5293F4F79FFB73
S315080114601BDD94ED071AF4F79AFB16DD94ED0C1AB9
S31508011470F4F795FB11DD2068B24A90420DDB6669E7
S3150801148096420ADBA36A934207DBAF4F791C88426F
S3150801149003DC8E42D8BFBB4202DD55B0BDE8F08FF2
S315080114A060689042F9DBA6699642F6DBD4F82CC04F
S315080114B09445F2DB8842F0DC8E42D8BFBC45ECDCB1
S315080114C00221B04208DA099101210B9184450EDA0D
S315080114D000204FF0010B07E0099100210B91B4455B
S315080114E014DA01204FF0000B0A90089025E06645B2
S315080114F04FF002074FF0010BB8BF0127B8BF4FF0F5
S31508011500020BCDE90A7B0897002015E00223032187
S3150801151000226045B8BF0323B8BF0221A8BF012234
S315080115205200089260454FF00000B8BF01204FEA0B
S31508011530400BCDE90A31012009903FAE21463046DC
S3150801154005F068FECDF800B02FA83146099E7F4FF9
S3150801155022463346B847BC46089F33462246664666
S3150801156000971FA83FA9E047CDF800B00FA83FA9EB
S3150801157022463B46B047D9E900010DF17C0B5E4690
S31508011580CDE90C01DDE90A2191422FA90C4684BF58
S315080115905C468B4628B96E4800680168C96A88475F
S315080115A00C90DDE90A10884231462FA888BF01460A
S315080115B009914869259F5E993B46B1F9021008448D
S315080115C05F99B1F90220C988114409B2884207DA3C
S315080115D082421ADD012F18DB131A3E46BB4202DC92
S315080115E0012B1E4611DB1FA8F4F737FC2FA8F4F7C9
S315080115F034FC5E9809995F9ABF1BB0F902004969E4
S3150801160008445188D288114409B20E1AB742B8BFA4
S315080116103E465F9F012E25DB5E982168B0F90000E2
S315080116200A18B7F900108A4214DDDBF8002089B2DE
S315080116301044BA88114409B288420BDC28685B4613
S31508011640C76C009450A8F4F735FB0CA928463FAAA5
S31508011650B8475F9F584600F0ECF8204600F0E9F8D5
S31508011660013ED7E7DDE90A1088422FA90FA80C46E3
S3150801167084BF044608465E998346B7F90220406945
S31508011680B1F902100844F988159F11443B4609B27D
S31508011690884207DA82421ADD012F18DB131A3E4601
S315080116A0BB4202DC012B1E4611DB0FA8F4F7D5FB62
S315080116B02FA8F4F7D2FB5E98DBF814105F9ABF1BCC
S315080116C0B0F9020008445188D288114409B20E1AA9
S315080116D0B742B8BF3E465F9F012E25DB5E9821685B
S315080116E0B0F900305846CA18B7F900108A4214DD15
S315080116F0026889B21344BA88114409B28B420CDCD8
S3150801170028685B46C76C009450A8F4F7D3FA0CA96D
S3150801171028463FAAB8475F9F584600F08AF82046F0
S3150801172000F087F8013ED7E7D9F8000000287FF4D2
S31508011730B4AE074800680168096B8847ADE600BF83
S3150801174010030020018FFDFFFF700200B918010880
S315080117508C8C002010B50C460168096B8847001B64
S31508011760B0FA80F0400910BD10B5032B14D8DFE894
S3150801177003F00209040E00880BE002888088C94339
S31508011780104406E0018880880844D14301E00088B6
S31508011790114601FA80F010BD1148124940F27F4204
S315080117A0EEF744FF10B5032B14D8DFE803F002095E
S315080117B0040C40880BE04188C088D243084406E0FF
S315080117C040880A4603E04288C0881044CA4302FAA0
S315080117D080F010BD024803494FF49262EEF726FFE6
S315080117E0C93102085C3A020800EB10200130C0F347
S315080117F00720704781B00090009801B0704750B13A
S3150801180091FBF0F202FB101121B190FBF1F202FB00
S315080118101100F4E7014608467047B0B50D4604467F
S31508011820012D04DB204600F004F8013DF8E7A06924
S31508011830B0BD10B5D0E9001290ED0A0A90ED0B1A69
S3150801184090ED0E2A8368046990ED083A0A444169C5
S3150801185031EE000A90ED0D1A2344C468026080ED4A
S315080118600A0A0361013132EE011A90ED072A416134
S31508011870816980ED0D1A33EE022A013980ED072AB6
S31508011880A342816115DB90ED0C4A90ED093A90ED82
S315080118900F5A1B1B01320361026030EE040A32EE55
S315080118A0032A80ED0A0A31EE050A80ED072A80ED42
S315080118B00D0A084610BD00002DE9F84F03EB830613
S315080118C004469B469046894602EB860A5AF8040F57
S315080118D005F044FA60610A9800EB800508EB850774
S315080118E057F8040F05F03AFA6169401AA0617AD0EF
S315080118F0DAF800003A6858F8263058F82550121ACE
S3150801190003FB02F7EB1A1501584307EB02172246A8
S31508011910C043384437465E464FEA031B04F11003B9
S315080119200BFB01002946FAF74BFC221D04F10803BB
S3150801193058462946FAF744FC94ED015A99ED0A2AC4
S3150801194099ED091A6169DAF8002009EB86009FED1D
S31508011950277A99ED0C4A99ED0B3AE56090ED000A64
S31508011960B8EEC55AB0EE426AC2EB0111226884ED9F
S31508011970091A05EE016A84ED086A06EE101A58F886
S315080119802710B8EEC66A26EE076AC1EB021106EE03
S31508011990020A02EE101AB8EEC22A22EE072A02EE4F
S315080119A0010A99ED0D1A84ED070A90ED030A84EDF3
S315080119B00C3A06EE040A05EE034A02EE030A84ED22
S315080119C00B4A99ED0E3A84ED0A0A90ED060A84ED62
S315080119D00F1A06EE030A05EE013A02EE010A84ED34
S315080119E00E3A84ED0D0A2046BDE8F88F0000803DC9
S315080119F081B00090009801B07047000082B0019054
S31508011A0001980090032808D80099DFE801F002033D
S31508011A10040502E001E000E0FFE702B070470000BC
S31508011A207047000082B0019001980090032808D8F9
S31508011A300099DFE801F00203040502E001E000E095
S31508011A40FFE702B07047000082B00190019800904C
S31508011A50032808D80099DFE801F00203040502E02B
S31508011A6001E000E0FFE702B07047000080B584B0EE
S31508011A7003910290029800903C3007F03FFD0190D7
S31508011A8003A807F03BFD01460198884201D1FFE70B
S31508011A9005E000980399C16300F015F8FFE704B063
S31508011AA080BD000080B584B0039002910398009030
S31508011AB0029801F0C7FA0146009801910199FFF7CA
S31508011AC0D5FF04B080BD2DE9F84F0446D0E90B10C7
S31508011AD0D4E90D231D1A561A2DD0002E374600D5E6
S31508011AE077427DB3002D294600D569423846FFF76E
S31508011AF086FE012807D096FBF0F695FBF0F5002E39
S31508011B00374600D57742002D284600D568424BF264
S31508011B1005518F4203D34BF2045188421ED84BF22A
S31508011B200451B1FBF7F2B1FBF0F08242B8BF10469F
S31508011B30454346431EE03DB1002D2F4600D56F4271
S31508011B4000261CE000251AE0C4E91111C4E91311A5
S31508011B50C4E91500C4E91700BDE8F88FB7FBF1F22F
S31508011B60B0FBF1F08242C8BF1046013095FBF0F593
S31508011B7096FBF0F63046294601F0DAFA0746E06B9D
S31508011B8029463A4601F0C4F9022531463A4690FB00
S31508011B90F5F8E06B01F0BCF9D4F840C090FBF5FA12
S31508011BA0ACF1010102291DD2D4E90BE6D4E90D7085
S31508011BB0AAEB08050AEB080205EB070BAB19A8EB1C
S31508011BC00A05AEEB020102EB00091744B21A2844D2
S31508011BD07544C4E9111BC4E91539C4E91375C4E987
S31508011BE017021EE0BCF1000F19D104F12C07E4CF4E
S31508011BF005EB0A0307EB0A09A6EB080EA7EB0A078A
S31508011C00A5EB0A054644C4E91539A2EB0801424485
S31508011C10C4E91775C4E9111EC4E9136201E0616CD0
S31508011C20636D00271E460A46032F11D004EB870071
S31508011C30856C806DB042C8BF06469842B8BF034658
S31508011C408D42C8BF29469542B8BF2A460137EBE7F8
S31508011C50202006F11F07002593FBF0F392FBF0F015
S31508011C607F09C0EA034262667242002E01F11F062D
S31508011C7048BFA5EB5217FA1A4B427609002948BF05
S31508011C80A5EB5316301AC0EA0240BCF1010FA06653
S31508011C9018D104F12C030FCB01EB0A0C03EB0A064E
S31508011CA0A2EB0807A3EB0A03A1EB0A014244C4E924
S31508011CB015C6A0EB08054044C4E91731C4E9115714
S31508011CC0C4E91320BDE8F88F0164FFF7FCBE436B36
S31508011CD08B4203D1836B934208BF7047C0E90D124B
S31508011CE0FFF7F1BE80B586B0059004910392059879
S31508011CF00090049801F0A6F90290039801F0A2F960
S31508011D000146009801910299019AFFF7E0FF06B092
S31508011D1080BDC36A8B4203D1036B934208BF7047E8
S31508011D20C0E90B12FFF7CFBE80B586B005900491C6
S31508011D30039205980090049801F084F9029003989B
S31508011D4001F080F90146009801910299019AFFF77D
S31508011D50E0FF06B080BD000010B50446FAF782FA26
S31508011D600B490020C4E90B00C4E90D0004F1400049
S31508011D70083121602021E1632C21EEF738FD12207C
S31508011D8000210022E066204602F054FA204610BDE2
S31508011D90A420020808F068BA80B582B001900198BB
S31508011DA00090FAF775FA009802B080BDB0B50488BC
S31508011DB0838825B2002D03D500242B440480838013
S31508011DC0091B1BB29942B8BF81804388C1881CB2DE
S31508011DD0002C03D5002321444380C180D21A09B2BD
S31508011DE08A42B8BFC280B0BDB1F90430012B37DBD6
S31508011DF0B1F90620012A33DBF0B5B0F90450012DFB
S31508011E0028DBB0F906C0BCF1000F23DDB0F900608C
S31508011E10B1F90040B1F90270B0F902E02344354442
S31508011E20BE4539463A44B8BF7146A6422DB21BB2E1
S31508011E304180B8BF3446048012B29D42C8BF2B46C2
S31508011E401B1B83800EEB0C031BB29342C8BF1A46B9
S31508011E50521A02E0838009680160C280BDE8F04039
S31508011E607047000080B583B084460598CDF808C050
S31508011E70ADF80610ADF80420ADF80230ADF8000053
S31508011E800298BDF806100180BDF804104180BDF81E
S31508011E9002108180BDF80010C18003B080BD00002A
S31508011EA081B0009000980021018041808180C18025
S31508011EB001B07047F8B50D46044607F0C0F840B3BF
S31508011EC0B5F90020B5F902C0B4F90210B4F9000059
S31508011ED0614566461746C8BF0E4666809042C8BF2A
S31508011EE00746A38827801844AB8800B21A4412B261
S31508011EF09042B8BF0246D01BA080E0880844E98812
S31508011F0000B2614409B28842B8BF0146881BE08025
S31508011F10F8BD002060602060F8BD000082B0019025
S31508011F20009101990098C86302B0704780B582B0E4
S31508011F3001900198009000F029FF009842F21C11C7
S31508011F40C0F60201083101600021C16302B080BDFB
S31508011F5080B582B001900198009000F005F80098CC
S31508011F6008F082F902B080BD80B582B0019001986F
S31508011F70009000F03BFF009802B080BDE0B1014639
S31508011F800020B1F5803F38BF012038BF09040001A0
S31508011F90B1F1807F3CBF08300902B1F1805F3CBFD7
S31508011FA004300901B1F1804F3CBF02308900B1F11B
S31508011FB0FF3FC8BF013070472020704780B582B007
S31508011FC08DF803008DF802108DF801209DF80300A5
S31508011FD000049DF8021040EA01209DF8011008440A
S31508011FE040F07F4101A805F01BFB019802B080BDB6
S31508011FF070470A88C28402F00CB90000B0B50C46D5
S31508012000054604302221EEF7F2FB0848214608303E
S315080120102860012085F82500FF2085F828002088FA
S31508012020E8842846FFF7E5FF2846B0BD5021020897
S3150801203008F01AB980B582B001900198009000F0B5
S315080120405DFF009802B080BD80B586B0ADF8160078
S3150801205000200490BDF81600002849DCFFE7BDF80A
S31508012060161047F67430C2F2000050F82100F0B19C
S31508012070FFE7BDF8161047F67430C2F2000050F8B3
S315080120802100039003980168084447F67C31C2F29F
S315080120900001086003984168084447F68031C2F296
S315080120A00001086003988168084404901FE047F618
S315080120B07C31C2F2000143F28050C0F60300086089
S315080120C0BDF8161041F20430C0F6020050F821009E
S315080120D047F68031C2F200010860BDF8161043F6D2
S315080120E0CC40C0F6020050F821000490FFE7FFE754
S315080120F00498A0B1FFE7BDF8160048F69441C2F26C
S315080121000001088004980290F8F712F80190F8F790
S315080121100DF801990246029805F046FAFFE706B05E
S3150801212080BD000084B0DDF810C0039002910192D1
S315080121308DF80330FFE74BF20000C4F20200006895
S31508012140C00708B1FFE7F6E74BF20801C4F202013E
S31508012150232008604BF23401C4F202010220086010
S315080121600298000401304BF24401C4F202010860EE
S3150801217003984BF23C01C4F2020108609DF8030082
S31508012180FE282DDCFFE74BF22401C4F202010220EE
S3150801219008609DF803100920C0F2010040EA0160B9
S315080121A04BF21C01C4F20201086001984BF22001AE
S315080121B0C4F20201086003984BF21401C4F2020149
S315080121C0086003984BF20C01C4F2020108604BF255
S315080121D00001C4F202010120C0F20200086014E005
S315080121E04BF21C01C4F202010220086004984BF26A
S315080121F03801C4F2020108604BF20001C4F202017F
S315080122000120C0F203000860FFE704B07047000030
S3150801221084B00390029101928DF80330FFE74BF2E7
S315080122200000C4F202000068C00708B1FFE7F6E73C
S315080122304BF20801C4F20201232008604BF2340173
S31508012240C4F20201022008600198000401304BF231
S315080122504401C4F20201086003984BF23C01C4F23E
S315080122600201086002984BF20C01C4F202010860EF
S315080122709DF80300FE281FDCFFE79DF80300000612
S3150801228000F102104BF21C01C4F2020108604BF284
S315080122902401C4F202010220086003984BF21401DA
S315080122A0C4F2020108604BF20001C4F202010120E6
S315080122B0C0F20200086010E09DF80300000600F174
S315080122C002104BF21C01C4F2020108604BF2000134
S315080122D0C4F2020101200860FFE704B0704700005C
S315080122E084B00390029101928DF80330FFE74BF217
S315080122F00000C4F202000068C00708B1FFE7F6E76C
S315080123004BF20801C4F20201232008604BF23401A2
S31508012310C4F20201022008600199090401314BF255
S315080123204402C4F20202116003994BF23C02C4F260
S315080123300202116002994BF20C02C4F20202116008
S315080123409DF80310090601F500314BF21C02C4F28F
S31508012350020211604BF22401C4F2020108600398DB
S315080123604BF21401C4F2020108604BF20001C4F2F7
S3150801237002010120C0F20200086004B070470000A3
S31508012380FFE74BF20000C4F202000068C00708B17B
S31508012390FFE7F6E74BF20801C4F2020123200860C1
S315080123A07047000082B00190009102B070470000AA
S315080123B0F0B548480369CBB34288848802261C4F86
S315080123C000210180C1802244C4EBC40406EB420605
S315080123D003EB82053E4045613544C560032505EB9F
S315080123E0440407F5F0152C4004EB820434442344D5
S315080123F08361036A1B1B0024C3614FF6FF73A24264
S3150801240007D0056945F82410456925F814300134C3
S31508012410F5E700210C228388994207D2C368013166
S315080124209C5C04F0DF049C540E32F4E7F0BD00BF57
S31508012430FCFF010010B52749002300244A8882427F
S3150801244098BF012489881144814288BF012304EA7F
S31508012450030010BDB0B51F4DAC6804B1B0BD049CF6
S315080124606980A860104619462246BDE8B04000F0CA
S315080124700DB800BF10B5F3F76AFC20B1154800691D
S3150801248050F8240010BD002010BD00BF10B5D9B109
S31508012490104B9C69C4B95C889A8014FA82F492B28A
S315080124A004EB4404C2EBC202640004EB42028A4212
S315080124B00BD21962810720F0030118BF081D1861A4
S315080124C0BDE81040FFF774BF10BD034803493F221A
S315080124D0EEF7ACF8D80200204C350208A5350208FB
S315080124E082B00190ADF802100198BDF80210018082
S315080124F002B0704780B582B00190019800900C3007
S3150801250005F096F8009802B080BD10B5044690F81B
S31508012510600070B194F86C0094F86D10084208D107
S3150801252018B1D4E91912F3F7B0FBD4E91C12F3F781
S31508012530ACFBD4E90612002084F860008A4298BFF1
S31508012540012010BD2DE9F04104464A480B4604F125
S31508012550500C0068012808BF13469CE8E010A3EB5D
S3150801256005080023B8454FF00007A8BF0127FF005B
S31508012570B8F1000F48BF0427B4F90850012808BF6D
S31508012580C1EB4512961B6645A8BF01235800002ECC
S3150801259048BF0120074494F86C00B8B117B117EA8F
S315080125A000011AD194F8601021B1D4E91912F3F790
S315080125B06CFB0BE0D4E9191284F86D0004F11400E0
S315080125C0F8F7A8FC40F20110A4F8600004F1140021
S315080125D041463246F8F794FC394684F86C10C4E94A
S315080125E01986BDE8F08100BFF8B5044690F8600089
S315080125F016460F4618B12046FFF787FFC0B31D4898
S3150801260001683846012908BF3046D4E9142CD4E9B3
S31508012610163E851A002000229D42A8BF0122D2003B
S31508012620002D48BF0422B4F90830012908BFC7EBB9
S3150801263043160021A6EB0C067645A8BF01214900E1
S31508012640002E48BF01218F180AD184F86D0004F1C4
S31508012650140029463246F8F75DFC012084F861002A
S31508012660C4E91C5684F8600084F86C70C4E91956EC
S31508012670F8BD00BF100300202DE9FC410446807A0D
S31508012680484300EB10200130070A380636D094F883
S315080126906100002832D02046FFF737FF002830D0E6
S315080126A06068DFF808810168D8F8005089688847AA
S315080126B001462846FCF7A1FF0546FCF7C1FF01685C
S315080126C0496B88470646FCF7BBFF0168096B8847D3
S315080126D0102811D8DFE800F01820272F64373F09A2
S315080126E009090909646464646400B4F90C00B4F95D
S315080126F00E1001FB06000544002039E00120BDE863
S31508012700FC810020BDE8FC81B4F90E10B4F90C0077
S31508012710714301EB4000EEE7B4F90C00B4F90E1071
S3150801272000EB4000E5E7B4F90E10B4F90C0071436B
S3150801273001EB8000DFE7A089082201B291FBF2F1E3
S31508012740A0EBC1000EE0A089042201B291FBF2F1CF
S31508012750A0EB810006E0A089022201B291FBF2F109
S31508012760A0EB4100B4F90E2009B202FB06110D4493
S315080127706168FAB2C0B233B2CDE9000204F11400BD
S315080127802A46F8F7D1FB0546606801680969884752
S31508012790D8F800000168096B88472846BDE8FC811E
S315080127A03D4903A0E022EDF741FF00BF8C8C0020D4
S315080127B066616C73652026262022556E73757070C6
S315080127C06F72746564206269742064657074682226
S315080127D0000000002DE9FE43044641600A98394984
S315080127E000279946154604F114082646A0729088D2
S315080127F00831276146F80C7F216020814046F8F7A9
S3150801280073FC04F150001221C4E91C77EDF7EFFFC0
S31508012810A4F86C70C4E91977FBF77AFFA0B3288886
S31508012820D9F800206988D9F8043001EB124110441F
S31508012830CDE90023C0EA01402946C4E903036846F5
S31508012840FBF7DAFF3046FBF7C5FF0098A064404660
S3150801285000F068FFB4F91000B4F91210BDF90420AC
S31508012860BDF9063004F15005C4E90F01A4F84C007E
S31508012870BDF90000BDF9021052015B014001490191
S315080128800FC52046BDE8FE83024803492A22EDF713
S31508012890CDFE00BF503B0208AC3B020880B500F0F4
S315080128A005F8BDE8804007F0DFBC000010B5044616
S315080128B0044800F10801204640F8141B00F0C8FF3F
S315080128C0204610BDBC21020881B0009001B07047B6
S315080128D00A4609688B69011D1046184782B001909E
S315080128E08DF8031002B0704781B0009001B07047AF
S315080128F081B0009001B07047F0B589B00D46016B03
S31508012900002969D0044607A806F076FE2989A08E13
S3150801291001440BB2BDF91C10994231DCBDF82020E7
S315080129200A4412B29A422BDD6E89B4F836E076442F
S3150801293037B2BDF91E60BE4222DCBDF822303344EF
S315080129400FFA83FCBC451BDDAB89184400B28142F2
S3150801295008DC824206DDE889704400B2864201DC61
S3150801296084450DDC4B48083003900020ADF818006B
S31508012970059002200490206B01684A6C03A99047D0
S31508012980211D01A806F038FE1448BDF80610BDF849
S3150801299004200830039068680490BDF81E00081AE0
S315080129A0E18E0844E9890144ADF81A10BDF81C10F6
S315080129B0511AA28E1144AA890A44ADF818206A89C7
S315080129C01044ADF8160028890844ADF81400206BA8
S315080129D00168CA6C03A9904709B0F0BDF024020842
S315080129E081B0009001B07047F0B58BB00446064639
S315080129F00D4654F8300F10B16868002848D0371DC5
S31508012A0009A8394606F0F8FD6868A8B92989BDF804
S31508012A102430B5F80AC0BDF826E006F1360006F1FD
S31508012A203402CDE90020C81A234601B2ACEB0E00E8
S31508012A3002B2384604F036FA216849B307A806F007
S31508012A40DBFD1448F18E0027ADF8187008300390A5
S31508012A506868049068890844BDF81E10401ABDF8D4
S31508012A6026100844B18EADF8160028890844BDF829
S31508012A701C10401ABDF824100844ADF81400306B38
S31508012A8001684A6C03A99047686808B1C4E90077E8
S31508012A900BB0F0BD1C180208B0B586B00D46016B27
S31508012AA001B3044604A806F0A7FD0F48E18E0830D5
S31508012AB000902889ADF8080068680190A88908443B
S31508012AC0BDF81210401AA18EADF80C0068890844A9
S31508012AD0BDF81010401AADF80A00206B01688A6C1F
S31508012AE06946904706B0B0BDE019020880B582B0C4
S31508012AF00190009101980430009904F0B5FA02B0EA
S31508012B0080BD1FB50A46044600F1080102A806F071
S31508012B10D4FA94F8380020B102A9204600F00FF93A
S31508012B201FBD04346846214606F066FDBDF800005F
S31508012B30BDF80810081ABDF80A10ADF80800BDF866
S31508012B400200081AADF80A0002A9204607F01BF987
S31508012B501FBD0000E0B500210091A2490988ADF822
S31508012B6006109F490988ADF8041001688A68694604
S31508012B7090478CBD2DE9F04188B08046B1F9040033
S31508012B800128C0F2D980B1F906000D460128C0F224
S31508012B90D3801446204601F099FB294606F04FFAE0
S31508012BA0E16918B900290C46F4D1C5E0002900F0FD
S31508012BB09E8020682146C26804A89047204601F0F5
S31508012BC0FDFA0746BDF81060204601F00AFB059993
S31508012BD0BDF812200391F1191044C1EA00402946B3
S31508012BE0029002A8FFF766F9204601F06FFB01463D
S31508012BF0DDE90202CDE900026846FFF75BF9DDE986
S31508012C000001CDE9060106A8294606F05FFA002863
S31508012C106DD0BDF91C00012864DBBDF91E00002832
S31508012C2060DDB5F90220BDF91A10914211DDA888B7
S31508012C30ADF81220ADF814002888ADF81000881AEE
S31508012C40E269ADF8160004A94046FFF793FFF2F7CB
S31508012C5003FFB5F90020BDF91830934212DDADF82E
S31508012C601600981AADF81020E269ADF81210ADF801
S31508012C70140004A94046FFF77DFF2A88F2F7ECFE07
S31508012C80BDF81830BDF81C603344AE881BB2324417
S31508012C9012B29A420FDDADF81600D01AE269ADF804
S31508012CA01210ADF81030ADF8140004A94046FFF72C
S31508012CB061FFF2F7D1FE08446988EA8800B2114437
S31508012CC009B2814213DDAA88ADF81200081AADF8D7
S31508012CD016004046ADF814202A88ADF81020E2699E
S31508012CE004A902E0E26940462946FFF743FF204668
S31508012CF001F0ECFA024606A8294606F0DEF9BDF906
S31508012D001C00012818DBBDF91E00012814DB20462A
S31508012D1001F054FABDF81810081AADF81800204643
S31508012D2001F05FFABDF81A10081AADF81A00206802
S31508012D30826806A92046904708B0BDE8F08170B5BB
S31508012D4086B0054600200C462E1D059003A831467F
S31508012D5006F052FC6068BDF80E1002906088401AB1
S31508012D60BDF80C10ADF806002088401AADF804002D
S31508012D7001A905AA304604F065F8059A1AB128464C
S31508012D802146FFF7F7FE06B070BD00001CB50446E4
S31508012D90114821210830206004F10800EDF727FDCC
S31508012DA0002001210022C4E90B0060630B4884F866
S31508012DB0291084F8381000F10801204640F8041F4C
S31508012DC00749B1F900300749B1F90010009100210E
S31508012DD001F0BAF920461CBDD02102086024020878
S31508012DE0080300200A03002007F03EBA80B582B026
S31508012DF0019001980090043004F0FAF9009802B0A5
S31508012E0080BD0000B0F840208A4210D9013AA0F8E6
S31508012E10402092B28A4209D900EBC20350F8322007
S31508012E205B6840F8312000EBC100436070471A48DF
S31508012E301A4940F2DD12EDF7F9FB00BF10B5B0F8FB
S31508012E404030082B3FBF5C1CA0F8404040F83310C7
S31508012E5000EBC3003CBF426010BD03480F4940F276
S31508012E60A312EDF7E3FB00BF6D340208B0F880202A
S31508012E708A420AD9013AA0F8802092B28A4284BFCE
S31508012E8050F8222040F8212070470348034940F2B0
S31508012E90DD12EDF7CBFB00BF9C340208E0340208D3
S31508012EA080B584B00390ADF80A10ADF808200193F7
S31508012EB00398009006F0CCFB48B1FFE7009806F0AE
S31508012EC059FB20B1FFE7009801990860FFE704B0B4
S31508012ED080BD000080B582B001900198009001F094
S31508012EE071FA009842F20421C0F602010831016024
S31508012EF002B080BD81B00090FEDE000080B582B0D0
S31508012F0001900198009001F07FFA009802B080BD07
S31508012F107CB501AB14460D46064600F03BF8002E7B
S31508012F2031464FF0FF322B4618BF0121B6F1FF3F5C
S31508012F30D8BF1146002D18BF0123B5F1FF3FD8BFF1
S31508012F40134659432346002C18BF0123B4F1FF3F0A
S31508012F50D8BF1346594301290CDB0199002900D52D
S31508012F604942002C00D56442621CB1EB520F28BFBE
S31508012F7001307CBDB1F1FF3F00DD7CBD002C00D5E1
S31508012F8064420199002900D54942B1EB540F88BF23
S31508012F9001387CBDF8B54FF0FF37B0F1FF3F1C464D
S31508012FA01546C8BF0127002948BF7F42002800D51A
S31508012FB04042002900D5494288420E462A4638BF72
S31508012FC0064688BF0146002D00D56A426B46304643
S31508012FD000F0EEFF00997943002D216048BF7F423A
S31508012FE07843F8BD82B0019000910198009901607B
S31508012FF002B070474FF4B47190FBF1F202FB110075
S31508013000002848BF00F5B4705A2803D9B42805D852
S31508013010C0F1B400094931F810007047B0F5877F4F
S3150801302005D8064901EB40000549405A04E0034921
S31508013030C0F5B47031F810004042704724260208E2
S3150801304098FEFFFF80B582B000900098410101A863
S31508013050FFF7C8FF019802B080BD80B5002805D4E6
S3150801306000290BD400F02AF85A3080BD40420029C5
S315080130700AD400F023F8C0F5877080BD494200F0F4
S315080130801DF8C0F15A0080BD494200F017F800F555
S31508013090877080BD10B5014600204FF48042B0EB21
S315080130A0114F18BF4FF080421318CC1A24BF21467E
S315080130B0981840089208F7D110BD0000BCB5002841
S315080130C020D40C46B1F1FF3F1CDD15460146A0424E
S315080130D006D220462A46FFF7F1FFC0F15A00BCBDC9
S315080130E00846214600F024F8286048B1024601AB9B
S315080130F020464FF48061FFF74DFF00F039F8BCBD5B
S315080131000020BCBD074902A04FF45D72EDF78EFAA7
S3150801311078203E3D20302026262079203E3D20304D
S31508013120000000008E3A0208C0F15A00FFF762BF9C
S3150801313070B501240028024600D5424200290D46F1
S3150801314000D54D42960BAB0BB6EB953FC8BF930B1B
S31508013150022B05D35C4391FBF3F190FBF3F0E9E70E
S31508013160404301FB0100FFF795FF604370BD000076
S3150801317080B5002804D4B0F5806F06D9002015E083
S315080131804042FFF7F5FF404210E0B0F5357F09D917
S315080131904043C0F58010FFF77DFFFFF7E9FFC0F157
S315080131A05A0003E003300249C008085C40B280BDFA
S315080131B0DA26020884B0DDF810C003900291019264
S315080131C00093039842F26C21C0F6020108310160AE
S315080131D002994160019981600099C1600499016170
S315080131E004B0704780B582B001900198009000F054
S315080131F005F8009807F038F802B080BD81B0009054
S31508013200009801B070470169CA888B881A430ED0A5
S31508013210B1F90220002A0AD4C36A934207DDD0E92C
S3150801322001329A423CBF08310161511C81607047E5
S315080132302DE9F04FD1B0804600EBC10B0DF1040A20
S31508013240ABEB0800482841DD6FF00701D8F80450B8
S31508013250D8F8004008F1080601EA500008EB000119
S3150801326058F800304A68C8F80030C8F804204D609C
S31508013270ABF1080548F800403146284600F0C0FA87
S3150801328038B1306871682A686B6832607360696042
S3150801329028604046314600F0B3FA78B1D8F8000004
S315080132A0D8F80820D8F80410D8F80C30C8F808005F
S315080132B0C8F80C10C8F80020C8F80430284641465A
S315080132C000F09EFA0028404628D12FE06FF0070744
S315080132D008F108045C4519D24FF0000908EB090505
S315080132E005F108062946304600F08AFA58B13068D1
S315080132F02A6871686B68A9F10809326073602860E9
S3150801330069604F45EAD1083FA046E1E701A8824531
S315080133103CD95AF8088DDAF804B091E70168426891
S315080133202B686C68036044606A602960ABEB06072A
S3150801333008364146304600F063FA083F0028F7D1BF
S31508013340A5EB0804083D4046294600F059FA083C11
S315080133500028F7D1AE4211D9D8F80000D8F80410E0
S315080133602A686B68BC42C8F80020C8F8043069604E
S31508013370286005DD40462946B04604E03046CDE7DB
S3150801338059463046AB46EAE8020159E751B0BDE86D
S31508013390F08F2DE9F04F8DB0054616980F46561158
S315080133A0984602F01F03411100F01F0A8E4205D10B
S315080133B0284631463A46CDE9008A95E0841AB4F1A1
S315080133C0FF3F0DDDE86A864200F390808142C8BF5F
S315080133D0411CC3F1200006910122059220220FE02B
S315080133E0002A00F18380B0F1FF3F4FF0FF304FF024
S315080133F0FF320590D8BF114606916442002218464D
S31508013400A8EB0701089248430C9190FBF4F101FBE4
S315080134101409C819314600EBE97B2846CDE900B203
S315080134203A4600F0AFF805984FEA6B118719284616
S315080134303A4600F05EF8069B9F4203D10898C0F110
S3150801344020034CE00C9ACDE903A8500190FBF4F057
S3150801345000FB04F1C1EB421100EBE17000290A906F
S3150801346048BF2144059A0B912146D01AB9F1000F9C
S315080134700C9058BFA9EB0409500009900898C0F1AF
S31508013480200007900C98801926D00B989719924618
S31508013490884681440A98B9F1FF3F00EB0B04C4BF83
S315080134A00134A9EB0109002F0BD4E86A874208DA2F
S315080134B00898079B39465A46CDE90040284600F048
S315080134C061F8099861118219284600F029F83E46E3
S315080134D0A34641465246D5E7DDE903A8079B069967
S315080134E0CDE9008A28465A4600F04CF80DB0BDE8E9
S315080134F0F08F70B5064600690C461546B0F90010FE
S31508013500A14203D1B0F90200A84207D03046FFF71D
S315080135107AFE3069002141604580048070BD000053
S3150801352070B5064600690C461546B0F90010A14269
S3150801353003D1B0F90200A84208D03046FFF763FE6E
S315080135403069002141604580048070BD904902A020
S315080135506822EDF76BF800BF63757243656C6C50B2
S3150801356074722D3E7820213D2078207C7C2063755D
S315080135707243656C6C5074722D3E7920213D207919
S31508013580000000002DE9F04F89B004461298139DFA
S315080135901F460B464111BD4206D120461A4609B0BF
S315080135A0BDE8F04FFFF7A5BF561100F01F0C02F05A
S315080135B01F0A8E420BD12269E91B0CEB0A0093887C
S315080135C00B449380D38800FB0130D08086E0CDF888
S315080135D010C00891801AE91BB0F1FF3F06DDCAF158
S315080135E020024FF001094FF0200C05E040424FF050
S315080135F0FF394FF0000C524651430190CDF80CC0EB
S31508013600029391FBF0F202FB101821694CEA0A00B9
S31508013610CA46B14402EBE87B8A885A448A80CA883A
S315080136200BFB00201A46C88020464946FFF778FF5B
S31508013630089B5F44994543D00BEB05000095D1469D
S31508013640C01B019D410191FBF5F101FB05F2C2EB9E
S31508013650401001EBE0710028069148BF2844079005
S31508013660B8F1000FA3EB0A0008904FEA4A0058BFC9
S31508013670A8EB05080590DDF808B00898B0421ED0F9
S315080136800798DDF818A05A468044B8F1FF3FC8BF2D
S315080136900AF1010A2069818851448180C18801EBB8
S315080136A04A11C180059881192046FFF739FFB8F1FB
S315080136B0FF3FC8BFA8EB05084E445744DDE7009D08
S315080136C02169DDE90336E81B8A8802448A8006F106
S315080136D02002D21ACB8800FB0230C88009B0BDE8A7
S315080136E0F08F10B50446406AC10708D0D4E907121D
S315080136F0204600F04FF8606A20F0010060628007FA
S315080137000ED52046FFF77FFDA16829B16068814281
S3150801371002D8E068FFF78CFD606A20F0020060625B
S31508013720E06810BD10B50446FAF7D6FFE060FAF76F
S31508013730DFFFC1080F2861600FD900200139626ACD
S31508013740C4E90110E168216148606FF080200860D2
S31508013750022060F30102626210BD0D4901A03A22FE
S31508013760ECF764FF6D617843656C6C73203E20311C
S3150801377020262620224E6F7420656E6F7567682095
S315080137806D656D6F727920666F72204357522200FC
S31508013790EC3B02087CB5044690F82400800712D554
S315080137A015460E46D4E90512B14208BFAA420AD007
S315080137B0204633460095FFF7ECFD606AC4E90565C6
S315080137C040F0010060627CBD70B50546406A0E4650
S315080137D01446810703D42846FFF7A4FF686AC00781
S315080137E004D0D5E907122846FFF7D4FF71116211F3
S315080137F02846FFF77EFEC5E90564C5E9076470BD7D
S315080138000246B1F90200B2F902308342BCBF012077
S3150801381070474FF0000006D1B1F90010B2F9002047
S315080138208A42B8BF0120704710B504460C482421C6
S3150801383008302060201DECF7DAFF6FF00040C4E97C
S315080138400A002046FFF76EFF204610BD06F00CBDA4
S315080138500021C0E90311024908310160704700BF20
S315080138607C2202082DE9F84FD0F800808246994655
S3150801387015460E46404600F0C8F9002E0746DDF803
S3150801388034C0DDE90AE218BF0137582D18BF782D73
S3150801389012D100260746B9F1000F1DD0FAB9012841
S315080138A01DD1B8F80000302811BF012108F102081E
S315080138B0CAF80080002113E0642DECD0692DEAD006
S315080138C06F2DE6D0732D16D0632D05D14FF0000E5E
S315080138D00121002601271AE00025014618E00146C4
S315080138E0B8B2904204DAD51B4FF0000E17460FE026
S315080138F04FF0000E0BE0B9F1000F01464FF0000E34
S31508013900074618BF11469042D8BF01460026002532
S31508013910DDF84490DDE90F20BCB20023644525DAC1
S315080139200C9C1CB30E9CACEB0703FCB98FB28EF052
S315080139300104B7FA87F77F093C4301D11D4414E016
S315080139401C0412D01468A0F1010B4FF6FF7C4FF04E
S31508013950200E1CFA83F39FB29F4206D05C4504DA17
S3150801396029F814E001341460F3E70023471E1468AC
S315080139702EB1BC4203DA29F81460013414602E040E
S3150801398004D0BC4202DA013D3026F4E708F102050B
S315080139904FF6FF7616FA81F188B2884212D0BC42F8
S315080139A010DA35F8020CCAF80050023529F8140065
S315080139B001341460EEE7BC420BDA202029F8140022
S315080139C0013414604FF6FF7010FA83F398B29842E7
S315080139D0F1D1BDE8F88F2DE9FE4F054600201746BF
S315080139E01E460C461870DDF830B08BF800000D9AAB
S315080139F010700E9B38801870109908702868DDF8C9
S31508013A004480DDF83CA0CDE90021029308B1008885
S31508013A1004E0206808B1007800E000204FF00109B1
S31508013A20202805D0232805D02D2806D02B2813D1E8
S31508013A30388004E08BF8009001E086F8009028466B
S31508013A402146F2F71AF801D00088E9E72168002033
S31508013A500029E5D00878E3E7A0F130010A290DD25B
S31508013A600121029A3028117062D100980170284606
S31508013A702146F2F702F807D0008809E02A2817D16B
S31508013A8002990120087005E0206800284FD00078C7
S31508013A902A284DD14FF0FF302146CAF800002846A2
S31508013AA0F1F7EBFF01D0008802E02068E8B300785F
S31508013AB02E283AD101990120087028462146F1F7A6
S31508013AC0DCFF01D0008802E0206868B100782A2866
S31508013AD00BD14FF0FF302146C8F80000284603B045
S31508013AE0BDE8F04F00F0ADB800200021C8F800107D
S31508013AF0A0F13001092911D8D8F80010F2F71BF8FE
S31508013B00C8F800002846F1F7B8FF01D00088EFE7AA
S31508013B10216800200029EBD00878E9E7D8F80000E9
S31508013B200628A8BF0620C8F80000BDE8FE8F0020B9
S31508013B300021CAF80010A0F130010929B8D8DAF82D
S31508013B400010F1F7F8FFCAF800002846F1F795FFCB
S31508013B5001D00088EFE7216800200029EBD008781A
S31508013B60E9E771B3F0B589B09C1E222C26D800244A
S31508013B700DF1030C07468DF823401F2497FBF3F636
S31508013B8006FB03F57F1B4FF0570548BF7F420A2FF7
S31508013B9038BF30253D4437460CF80450013C002E09
S31508013BA0ECD1B0F1FF3FDABF2D200CF80400013447
S31508013BB00CEB04030846194600F030F809B0BDE8D5
S31508013BC0F040704701B3F0B589B09C1E222C18D875
S31508013BD000248DF823400DF103041F34B0FBF3F5DF
S31508013BE0572705FB13060A2EB8BF30273E449842CD
S31508013BF004F801692846F1D2631C0846194600F003
S31508013C000DF809B0BDE8F0407047002120B10288DF
S31508013C1012B101310230FAE788B27047002370B158
S31508013C2069B110B50023934206D20C78048024B1F9
S31508013C30013301310230F6E71346BDE8104098B268
S31508013C40704702680AB102320260086808B1013099
S31508013C500860704781B0C0B5039303AB009300F0C9
S31508013C6004F8BDE8884001B070471CB514460093B6
S31508013C700022234600F002F81CBD00002DE9F04F92
S31508013C80A5B004460020CDE923320D4642219A46C5
S31508013C909346229011AE3046ECF7A9FD002C00F0B0
S31508013CA080812E986F1E09950A90B01C08902846A7
S31508013CB0229ED046584608B1008805E0B8F1000FA3
S31508013CC014BF98F800000020002800F06781BE4262
S31508013CD080F26481D046584630B1018849B3252916
S31508013CE027D0BE420BDB24E0B8F1000F26D098F8A6
S31508013CF0001041B325292AD0BE4228DA68B130F826
S31508013D00021BB8F1000F24F81610249001D083463F
S31508013D1008E04FF00008834609E098F8000024F807
S31508013D201600002008F1010AD046CDF88CA001360C
S31508013D30D2E722960188002581460FE022964FF0A8
S31508013D4000080020B7E722964FF0000903E0002893
S31508013D5081462296EED198F8001001250029AAD0AD
S31508013D60BE42A8DA0020ADF842008DF841008DF870
S31508013D7040008DF83F008DF83E000E908DF8370013
S31508013D800C9015B909F102002490B8F1000F1CBF77
S31508013D9008F1010023900DF142020DF1410310A82B
S31508013DA000900DF13F0001900DF13E0002900EA822
S31508013DB003900DF1370004900CA8059024A823A9B7
S31508013DC0FFF709FEDDF838A0BAF1FF3F06DC0A99CC
S31508013DD001C920EAE07A0A91CDF838A0DDF830B0B9
S31508013DE0BBF1FF3F06DC0A9901C920EAE07B0A918B
S31508013DF0CDF830B0DDE923C109B10A8804E0BCF188
S31508013E00000F4AD09CF80020A2F16303152B0AD8AB
S31508013E10012000FA03F36548034204D011AD0B955E
S31508013E2059B108880EE0582AF8D0252A35D1252215
S31508013E30E046894624F816209DE0BCF1000F48D0DB
S31508013E409CF80000A0F16F01092919D9582856D004
S31508013E50692818BF642831D109980A990A23801B51
S31508013E6082B201C90A912946FFF77BFEBDF84400D3
S31508013E702D285BD108980B902D20ADF8420055E00E
S31508013E800998801BDFE801F00525252529252E251A
S31508013E9025320A9982B208232BE0CDE9238935B167
S31508013EA0B8F1000F14BF98F80000002001E0B9F836
S31508013EB0000024F81600701C22905CE0632808D1E3
S31508013EC00A9901C90A910021ADF84400ADF84610D6
S31508013ED02CE00020ADF8440028E00A9901C9CDE993
S31508013EE00A1023E00A9982B20A2302E00A9982B2E9
S31508013EF0102301C90A912946FFF764FE16E00998BD
S31508013F0029461023801B82B20A980068FFF75AFED9
S31508013F10298841B1A1F1610292B2192A9CBF2039BF
S31508013F2029800235F4E70A9804300A90DDE92389E5
S31508013F30BDF84210B9F1000F02D0B9F8002005E02A
S31508013F40B8F1000F14BF98F8002000229DF83F0031
S31508013F509DF83E509DF841609DF83730CDE9000B3C
S31508013F60CDE9025A049622A805900998CDE90604D6
S31508013F700BA8FFF777FCB9F1000F1ABF09F1020B7D
S31508013F80CDF890B04FF0000BB8F1000F0EBF4FF00F
S31508013F90000A08F1010ACDF88CA089E6002024F868
S31508013FA01600204625B0BDE8F08F00BF4310250056
S31508013FB02DE9FC471C4615460E4690B18EB10746BB
S31508013FC0FDF7DCFF88B93046FDF7D8FF00283046F3
S31508013FD03E46F2DC4FF0FF3020606FF00040BDE84E
S31508013FE0FC8700202060BDE8FC8736FA00F824D05B
S31508013FF04FF0FF3107FA00F92A46234601FA00F085
S315080140003946B9FBF5FA26EA0000FFF7D1FF0AFBA4
S315080140101591064601AB40462A46FFF7C9FF2168B6
S31508014020019A1144B1FBF5F202FB151121600AFB55
S31508014030086108441044BDE8FC8706FB07F1B1FB9B
S31508014040F5F000FB15112160BDE8FC8780B584B049
S3150801405003900398416882680192C06801EB600188
S315080140600291C00730B1FFE70199029800684058EC
S31508014070009002E001980090FFE7029800998847AE
S3150801408004B080BD80B58AB0019302920A460199AF
S315080140900346029809910890089809990793069288
S315080140A00591049007980390F9F70EFE039842F2DA
S315080140B08C21C0F602010831016006994160049914
S315080140C0059AC26081600AB080BD000080B582B0E1
S315080140D0019001980090F9F7F7FD009842F28C21BA
S315080140E0C0F602010831016000214160C1608160AA
S315080140F002B080BD80B582B001900198009000F0B1
S3150801410005F8009806F0B0F802B080BD80B582B017
S31508014110019001980090F9F7E7FD009802B080BD7B
S3150801412080B584B003900291039801900299F9F73A
S31508014130E1FD0198029B59689A68DB68C360826051
S31508014140416004B080BD000080B584B084460698FD
S31508014150CDF80CC0ADF80A10ADF80820ADF8063058
S31508014160ADF8040003980090BDF90A10BDF90820BE
S3150801417000F0E6F80098BDF90610BDF9042000F034
S3150801418059F804B080BD70B5044652EA010008BF6B
S3150801419070BD20680E461546816920468847A08865
S315080141A0304401B2E088284402B2204600F0C8F83B
S315080141B0206881692046BDE8704008471CB5044659
S315080141C0008C4FF6FF71884209D16846214605F0F1
S315080141D013FABDF80000BDF802102084618400B20C
S315080141E01CBD1CB50446408C4FF6FF71884209D1A7
S315080141F06846214605F000FABDF800002084BDF89E
S315080142000200608400B21CBD81B00090002001B09C
S31508014210704770B5054608460C4605F0CDF80646C2
S31508014220204605F033F9024628463146BDE8704076
S31508014230AFF3008080B584B00390ADF80A10ADF8ED
S31508014240082003980190BDF90A100268926B9047FD
S315080142500198BDF908100268D26B904704B080BD79
S3150801426080B584B00390029101920398009000F002
S315080142701FF8009801990968C1610199086004B09D
S3150801428080BD000082B00190009102B07047000025
S3150801429081B0009001B0704782B00190009102B0E0
S315080142A07047000082B00190009102B0704700008B
S315080142B081B0009000994FF6FF7088810884488480
S315080142C001B0704781B0009001B07047BCB5044693
S315080142D005464FF6FF7134F80C0F88420CD10020C1
S315080142E0A9680090286801916946826A284690471C
S315080142F0DDE90001C5E903012046BCBDB0B50546A7
S3150801430008680C46C2682846904720682946C26A4A
S3150801431020469047B0BD000082B00190ADF802106A
S315080143200199BDF80200888002B0704782B00190F9
S31508014330ADF802100199BDF80200C88002B07047B5
S3150801434080B584B00390ADF80A10ADF8082003983B
S315080143500190BDF90A100268126B90470198BDF9E0
S3150801436008100268526B904704B080BD80B582B0D0
S315080143700190ADF80210ADF800200198BDF80210C1
S315080143808288891ABDF80020C388D21A03685B6D32
S3150801439009B212B2984702B080BD000082B00190FE
S315080143A0ADF802100199BDF80200088102B0704704
S315080143B082B00190ADF802100199BDF8020048815A
S315080143C002B0704780B582B001900198009042F220
S315080143D0A421C0F60201083101600430FDF760FD31
S315080143E000980C30FDF75CFD009800214161816160
S315080143F0C1610184418480F82410012180F82510C7
S3150801440002B080BDFEDE000081B00090009801B0C8
S31508014410704700002DE9F04385B0054617461E4A48
S3150801442088460C9EC0884FF000091C46ADF810302E
S31508014430A988CDF808900832ADF81260ADF80E00DB
S31508014440ADF80C10591A01920AB281EAE231A1EBD0
S31508014450E2310AB2A98A8A4208DC301A02B280EA33
S31508014460E230A0EBE23000B2884210DD286901682B
S315080144704A6801A99047F01BA5F80890EE80AC8020
S31508014480A881A4EB080068810120A87300E0002038
S3150801449005B0BDE8F08300BFF0240208F0B585B089
S315080144A00446481E1F4616460D46022820D2B4F970
S315080144B00A00032802DC10F1040F08DC1949F1F798
S315080144C0EAFA0021029101688A6801A99047B4F9BC
S315080144D00C00032802DC10F1040F10DC1149F1F776
S315080144E0DAFA0121029101688A6801A9904706E072
S315080144F02DB90020E780A680A060C4F80B000A4801
S31508014500ADF80E70ADF80C600295083001900020E8
S31508014510ADF81000206901680A6801A9904705B03D
S31508014520F0BD00BFE01902081C18020801617047B6
S31508014530817B49B101890131018189B2082922BFEB
S3150801454000218173C0F80A107047000081B00090FD
S3150801455000980021018041808180C18001814181CB
S315080145608181817301B0704780B582B0019001984D
S315080145700090FFF7EBFF009800210161818202B0EC
S3150801458080BD0000FEB517785678DDE9084577B194
S31508014590012F17D0022F43D1032E4ED8DFE806F09C
S315080145A002311D33F1F78EFC00F082FEFEBD032EAB
S315080145B037D8DFE806F0022E1518F1F783FC01F06B
S315080145C0BDF9FEBD032E32D8DFE806F0021012153A
S315080145D0F1F778FC00F02EFFFEBDD0F8800014E05C
S315080145E0D0F8800016E0D0F8840013E0C06F04E02C
S315080145F0D0F8800001E0D0F8840088B106683669F1
S315080146000BE0C06F01E0D0F8840048B10668B668CF
S3150801461003E0C06F20B10668F668CDE90045B047EA
S31508014620FEBD164916A040F2CF12EBF7FFFF13495C
S3150801463005A04FF4F672EBF7F9FF1F480F494FF43F
S31508014640D972EBF7F3FF00BF66616C736520262606
S315080146502022556E6B6E6F776E204C385F5247423B
S3150801466038383820636F6D7072657373696F6E20A1
S31508014670616C676F726974686D212200F0330208F4
S3150801468066616C73652026262022556E6B6E6F77E0
S315080146906E204C385F415247423838383820636FAC
S315080146A06D7072657373696F6E20616C676F72697D
S315080146B074686D2122000000953102082DE9F04F3A
S315080146C085B090460F9A002A00F09880B3F90460E5
S315080146D0012EC0F29380B3F90650012DC0F28E80E7
S315080146E0B4B2B3F90060B3F902300E98ADB2FF2A3D
S315080146F003FB086301EB430648D04FEA480182F001
S31508014700FF090194A1EB44010091C1B251430491FF
S31508014710C0F30721C0F3074000FB02F705FB08F0C9
S31508014720DFF80081514306EB40000391029002989D
S31508014730864263D206EB440A564523D2B6F800B040
S31508014740FC2000EADB00CBF341210D18F82000EA32
S315080147501B2040EA5B3019FB007080B2C047044653
S31508014760039819FB050080B2C0470546F1F742FBDD
S31508014770049919FB001080B2C047F1F7FBFA26F835
S31508014780020BD9E70098019C0644D0E705FB08F11E
S3150801479006EB410500F02AF95FEAC87109D1B107AC
S315080147A018D04FEA48013246AA4211D210800A446B
S315080147B0FAE74FEA4801A1EB4401AE421ED206EBE5
S315080147C04402964202D226F8020BFAE70E44F4E7AF
S315080147D0013C0236E10714D184B1611000EB0040B7
S315080147E0AE420BD2B20716D106EB8102334693428B
S315080147F001D201C3FBE706EB4806F1E705B0BDE8C0
S31508014800F08F013C4FEA480206EB4401A942E3D284
S3150801481008801144FAE7104903A040F2A942EBF7D0
S3150801482005FF00BFE9170108287265696E7465728C
S31508014830707265745F636173743C75696E747074C4
S31508014840725F743E287762756633322920262033D3
S3150801485029203D3D20300000F03302082DE9F04FB4
S3150801486097B004460E46086849689946CDE9140189
S3150801487010685168CDE9120114A8F9F7ABFF12A81F
S31508014880F1F762FAF1F7CEFABDF84C50BDF84E6071
S31508014890F1F722FA00EB40000444C0480068F1F73A
S315080148A07BFAB9F1FF0F6BD040076BD4BB4836B220
S315080148B00FFA85F8F1F7C1F9B949F1F7B2F9F1F744
S315080148C0B8FA0C90BDF95400A0EB080000EB4000C3
S315080148D00B904800B9F1FF0F6FD0A0EB4800CDF857
S315080148E03890DFF83CAD0A9089F0FF00DDF8389082
S315080148F00D900C98834573D20BEB48000F900F98D7
S31508014900834538D2BBF800000D9B454694F80180D3
S3150801491000F01F01C0F3820242EAC101C0F341223D
S3150801492059431191FC2101EAD001114401FB03F716
S31508014930F82101EA102141EA5030217858431091B3
S31508014940A17811FB090080B2D047064618FB097009
S31508014950A84680B2D0470746DDE9101011FB0900C9
S3150801496080B2D04702463046394601F0ADF92BF8F8
S31508014970020B0334C3E70B9804440A988344B8E747
S31508014980C00793D08548BDF84A30BDF848204FF096
S315080149900108BDF8547000680168D1F844C080491F
S315080149A08DE8E002B1F800E000210891CDE9068121
S315080149B0CDE9041E2146E04715E0A0EB48060C9810
S315080149C083450DD20BEB4807BB4505D2F1F720F914
S315080149D02BF8020B0334F7E70B98B3440444EEE7CC
S315080149E06E48F1F71AF917B0BDE8F08F80B584B0B3
S315080149F0039003A8019005F04BFB024601984FF47A
S31508014A00784101EA1221009105F042FB009903461B
S31508014A1001984FF4FC6202EA53121144029105F01F
S31508014A2037FB01460298C1F3C401084404B080BDAE
S31508014A302DE9F04F91B005460E4608684968984633
S31508014A40CDE90E0110685168CDE90C010EA8F9F7F8
S31508014A50C1FE0CA8F1F778F9F1F7BBF84F4FBDF88D
S31508014A603440BDF83660F1F78AF905EB80053868F8
S31508014A70F1F792F9B8F1FF0F7CD040067DD438687A
S31508014A8036B224B2F1F705F94549BDF93020BDF929
S31508014A903230DFF88CABF1F7CCF909900020A0EBA6
S31508014AA08401A0EB4400CDE90714069009988345D3
S31508014AB05CD208980BEB40040A94A34549D22E68A8
S31508014AC0300E42D0B8F1FF0F08BFFF2838D000FBDF
S31508014AD008F0D0470746BBF8000000F01F01C0F3F5
S31508014AE08202C0F3412342EAC10187F0FF02514322
S31508014AF00B91FC2101EAD001194401FB02F4F821CA
S31508014B0001EA102141EA5030C6F30741504311FB2F
S31508014B10070080B2D0478146C6F3072010FB07403D
S31508014B2080B2D0470B990446F0B210FB071080B249
S31508014B30D0470246214648460A9C01F0C5F802E0DC
S31508014B403046FFF753FFABF8000004350BF1020BB3
S31508014B50B3E70798BDF93C10284400EB81051049D5
S31508014B6006980988584400EB410B9FE70B48F1F773
S31508014B7054F810E080067FF582AF3868F1F708F837
S31508014B8001684F6DBDF83C10CDE9004602AC84E8DA
S31508014B9002112946B84711B0BDE8F08F8C8C002068
S31508014BA00C0300202DE9F04F93B01C9C1F461646B6
S31508014BB08A4605460A2C18BF082C1FD1DFF80C8F28
S31508014BC0D8F800000168D1F8AC108847012843D10C
S31508014BD030687168CDE9100110A8F9F7FBFD38684E
S31508014BE07968CDE90E010EA8F1F7AEF8DFF8B046FF
S31508014BF0206801283AD1F0F7D7FF39E064BB1D9840
S31508014C00FF2809D0DFF8C40E00680168D1F8AC1096
S31508014C108847012840F0BD82504604F091FB049074
S31508014C20DFF8A80EF1F709F8814630687168CDE911
S31508014C30100110A8F9F7CEFD38687968CDE90E019B
S31508014C400EA8F1F781F8DFF858462068012840F0E8
S31508014C505D81F0F7A9FF5BE11D98CDE90040284683
S31508014C60514632463B46FBF7BDFA90E2F0F79FFF05
S31508014C7005902068012802D1F0F799FF01E0F0F7C5
S31508014C8093FFBDF946104FF0FF340125BDF9446085
S31508014C9004EB00400139012998BF2946B0FBF1F020
S31508014CA00490504604F04CFB0390D8F80000F0F746
S31508014CB0F0FFF0F7BBFFBDF942701944DFF8283E53
S31508014CC03A441B8802FB031100EB4100711E0D904B
S31508014CD00598012988BF0D4604EB00400024B0FB66
S31508014CE0F5F9DFF8C4554FEA490C09EB49024FEAD1
S31508014CF0890E09EB8907C9EBC9064FEA420BCDF8BC
S31508014D002CC007A8A0E8C440BDF93E00844280F241
S31508014D103982BDF93800BDF93A10069409FB00F845
S31508014D2060180499002448430599000C48430399DF
S31508014D3001EB800ABDF93C0004F1400181425EDCC9
S31508014D40079C00200C91B0F5807F3AD04FEA1841B4
S31508014D5008EB09025AF82110130C2950291820309A
S31508014D605AF823304B600CEB08031B0C5AF8233016
S31508014D708B6004EB08031B0C5AF82330CB600EEB4F
S31508014D8008031B0C5AF823300B6107EB08031B0CAD
S31508014D905AF823304B610BEB08031B0C5AF82330E6
S31508014DA08B6106EB08031B0C5AF82330CB6102EB27
S31508014DB009014944494449444944494401EB09081C
S31508014DC0C1E728464FF48071FDF7ECFA0D9C1D9B4F
S31508014DD0294640222046FDF783FADFF8CC040DF177
S31508014DE0200EDDF82CC09EE8C04085420546DFF856
S31508014DF0BC0408BF054680340D940C9C9AE784428E
S31508014E004DDA0D9A05F11C0E002700260C92A319FE
S31508014E1003F10802824245DC4FEA184208EB09030E
S31508014E2020375AF822204FEA134C4EF81C2C05EB72
S31508014E30860208365AF82C1051600B994144090C20
S31508014E405AF82110916007994144090C5AF8211022
S31508014E50D1600A994144090C5AF82110116109993E
S31508014E604144090C5AF8211051610BEB0801090C50
S31508014E705AF82110916108990C9A41441032090C8B
S31508014E800C925AF821104EF8201B03EB09014944EC
S31508014E90494449444944494401EB0908B7E70D9B8C
S31508014EA0069C2BE0069C002283420CDA4FEA184145
S31508014EB0C844013201335AF82110E9510C990437D3
S31508014EC002310C91F0E7394628461746FDF76AFA8A
S31508014ED00D981D9BF2192946FDF702FADFF8C8035A
S31508014EE00DF1200E85420546DFF8C00308BF0546C9
S31508014EF0BDF93C00DDE90BC39EE8C040E949013430
S31508014F000988081A03EB40000D90FDE6F0F74FFEFD
S31508014F1005902068012802D1F0F749FE01E0F0F773
S31508014F2043FEF0F783FEBDF94240BDF94660BDF97F
S31508014F3044501944DB4B22441B8802FB0311721EA1
S31508014F400123012A98BF1A4609EB410B4FF0FF319D
S31508014F5001EB0040B0FBF2F00390059801EB00402D
S31508014F60691E012988BF0B46B0FBF3FA1D98FF2875
S31508014F7000F014810AEB4A07CAEBCA06DFF8289340
S31508014F804FEA4A0C4FEA8A030AEB8A050022CDE961
S31508014F9007767800CDF82CC0CDE90953DDE9077607
S31508014FA00D90BDF93E00824280F2EC80BDF93800D1
S31508014FB0BDF93A104FF0000E06920AFB00F8501898
S31508014FC0039948430599000C4843049901EB4004A9
S31508014FD0BDF93C100EF1800088425BDCDDF82CC07F
S31508014FE0DDE9095E0C900020B0F5807F3CD04FEAE0
S31508014FF0184108EB0A0234F81110130C29F80010AD
S3150801500009EB0001103034F813304B800CEB080320
S315080150101B0C34F813308B8007EB08031B0C34F890
S315080150201330CB800EEB08031B0C34F813300B81BD
S3150801503005EB08031B0C34F813304B810D9B4344D5
S315080150401B0C34F813308B8106EB08031B0C34F860
S315080150501330CB8102EB0A01514451445144514466
S31508015060514401EB0A08BFE748464FF48071FDF742
S3150801507099F91D9B584649468022FDF7C9F88A4881
S315080150800BF5807B81458146884808BF8146DDF856
S3150801509030E09DE78E456DDA8BB24FF0040C4A4637
S315080150A00EEB0C0118B2043181423CDC4FEA184080
S315080150B0BDF83C300CF1080C34F81000108008EBF0
S315080150C00A00010C504434F81110504450445180E0
S315080150D00B995044504441445044090C34F811107A
S315080150E0918007994144090C34F81110D1800A9925
S315080150F04144090C34F81110118109994144090CEC
S3150801510034F8111051810D994144090C34F81110E4
S3150801511091810899414400EB0A08090C34F81110E9
S31508015120D1811032BCE7ACF1040505EB0E0019B2CA
S3150801513088420BDA4FEA1841BDF83C30D0440130B9
S3150801514034F8111029F815100135F0E769004846B9
S31508015150FDF728F91D9B584649462A46FDF758F892
S3150801516051480BEB450B81458146504808BF81469E
S31508015170BDF93C10AE48069A00880132401A0BEB7D
S31508015180400B0EE7FDF7FCF8A848F0F746FDF0F7E7
S3150801519018BD1D990020CDE9000160E54FEACA0056
S315080151A000250B90BDF93E008542EDDABDF93820A0
S315080151B05C46BDF93A300A950AFB02F00D90501C7F
S315080151C00AFB00F00C90901C0AFB00FBD01C0AFBA2
S315080151D000F8101D0AFB00F7501D0AFB00F1901D8F
S315080151E007320AFB02F9EA18039B0AFB00F00025BD
S315080151F05A43059B120C5A43049B03EB42020823AC
S315080152000D9EBDF93CE006EB050C734529DC4FEA1A
S315080152101C46083332F8166026800C9E2E44F0F799
S3150801522036FE66800BEB0506F0F731FEA68008EB25
S315080152300506F0F72CFEE6807E19F0F728FE268192
S315080152404E19F0F724FE66814619F0F720FEA6816D
S3150801525009EB0506F0F71BFEE6810B9E1034354473
S31508015260CEE70A9D1FFA8EF1A3F10800A34609B2FB
S3150801527088420CDA4FEA1C410CEB0A03013032F87A
S3150801528011109C462BF8021BBDF83C10EFE7E348CA
S31508015290013500884000A0EB4100834482E700BF46
S315080152A0100300200C03002060000020600100208C
S315080152B02DE9F04F8DB080460888022840F0AE806F
S315080152C01698002800F0A7808A46F0F7BCFD0AA8C0
S315080152D0F9F780FA08A8F0F737FDBDF92060BDF89F
S315080152E02800BDF92250BDF92440BDF92690F0F7F2
S315080152F030FC2844ADF82200C748F0F79EFCC749A0
S31508015300F0F762FC0394098803FB012200EB420CC7
S3150801531015FB0B60169A08EB00070AF104000690C4
S315080153200020FF2AA0EB440053D0019001FB09F0AD
S31508015330DFF890890CEB400002906042009082F001
S31508015340FF000490DDF810900298844560D2039816
S315080153500CEB40000590059884452ED217F8011BE1
S31508015360069ABCF80060F823DDF858B032F811A0A7
S3150801537003EA16200797674609FB00F003EA1A2194
S31508015380F0F7FCFBFC21044601EAD60001EADA0142
S3150801539009FB00F0F0F7F2FB0546F0004FEACA01F7
S315080153A0C0B2C9B200FB09F0F0F7E8FBF0F7E2FC7E
S315080153B0BC46079F2CF8020BCDE70098BDF92C10C7
S315080153C038444718954901980988604400EB410C0F
S315080153D0BAE701FB09F1069D62420CEB41018C45D6
S315080153E016D2039B0CEB43039C4506D217F8014BD7
S315080153F035F814402CF8024BF6E7BDF92C40BB18DA
S315080154001F19864C0CEB0003248803EB440CE6E7D2
S315080154108148F0F702FC0DB0BDE8F08F02487D49DE
S315080154204FF41372EBF702F9F23202088C8C002062
S315080154300C0300202DE9F04F97B00446088801288F
S3150801544040F0E080DDF88090B9F1000F00F0D780D8
S315080154508B4610685168F0F784FB14A8F9F7BAF976
S3150801546012A8F0F771FCF0F7DDFC6B4DBDF84C6046
S31508015470BDF84E70F0F730FC04442868F0F78CFC50
S315080154800006286875D401680FFA87FA35B2C96A21
S3150801549088476249F0F7C5FBB9F1FF0F0D950988F1
S315080154A003FB012200EB42070BF1040010904FF0B9
S315080154B000007ED0A0EB45000B9001FB0AF007EB3C
S315080154C040000C9068420A9089F0FF00DFF8F497D3
S315080154D00E90DDF838800C98874280F08D8007EBB6
S315080154E045000F900F98874236D214F8011BB7F87A
S315080154F000B0109DF820209B119701EB410100EAAD
S315080155001B2027461C466A1840EA5B3015F801A09D
S315080155105678927800FB08F012FB030080B2C84760
S315080155200546F0F767FB00FB08F016FB040080B29E
S31508015530C8470646F0F75EFC00FB08F01AFB0400B4
S315080155403C46119F80B2C84702462846314600F0BC
S31508015550BBFB27F8020BC5E70A98BDF954100D9D48
S31508015560204444182D490B980988384400EB410713
S31508015570B1E70168BDF84A204FF00008BDF8483088
S315080155804D464FF00109D1F840C02449CDE90888B4
S315080155908DE8C4004FF00B08B1F800E0BDF85410CF
S315080155A003AACDF81C8082E8224221465A46E047E2
S315080155B025E0A0EB450901FB0AF0C5F1000A07EB56
S315080155C04006B74218D207EB4505AF4207D214F891
S315080155D0010B1099F0F753FC27F8020BF5E7BDF913
S315080155E0541004EB0A000D9D44180C4907EB0900F9
S315080155F0098800EB4107E4E7CF48F0F70EFB17B03F
S31508015600BDE8F08F0248CB4940F29A22EBF70EF833
S3150801561090330208F03302088C8C00200C0300201A
S31508015620E91701082DE9F04F89B0DDF84CA0BAF168
S31508015630000F00F05981834608461E4617460C4658
S3150801564003F0BAFE0546204603F020FFADF8220016
S315080156502046ADF82050ADF81E60ADF81C7003F079
S315080156606FFE8146204603F0A1FD0746204603F05A
S31508015670D1FE102800F23881DDF84880DFE810F005
S31508015680110088008F0036013601360136013601D0
S315080156903601360136019E0036013601A70036016C
S315080156A0AF00204603F010FE002800F0A38002A8F0
S315080156B0214603F0C7FDDDE90201CDE9040104A88D
S315080156C04146FCF7F7FBBDF914000128C0F2F78043
S315080156D0BDF91600002840F3F280DBF800004946C0
S315080156E004690020CDE900A007AA04AB5846A047E3
S315080156F0B8F90210BDF9120088420CDDB8F8042089
S31508015700401AADF80A10F0F74AFB07AA02AB00F0F7
S31508015710F1F9BDF81200B8F90010BDF910208A4256
S3150801572012DDBDF81630ADF80A00501AADF80810AA
S31508015730F0F7B9FB07AA02AB00F0DCF9B8F80010DC
S31508015740BDF81200BDF81020BDF814301A44B8F897
S31508015750043012B2194409B291420EDDBDF8163071
S31508015760ADF80A00881AADF80820F0F79CFB07AADD
S3150801577002AB00F0BFF9BDF81200F0F72FFB40F3BA
S31508015780B380F0F799FBF0F70AFB07AA02AB9CE096
S3150801579007A9484642465346FFF760F8A4E0CB48B6
S315080157A00068F0F7F9FABAF1FF0F08BF10F0200008
S315080157B02CD007A948464246534693E0CDE9008ACC
S315080157C007AB584649463A46FEF7DCFE8CE0DBF85D
S315080157D08800002800F0888001688C6806E0DBF8FC
S315080157E08800002800F080800168CC68CDF800A008
S315080157F007AA07E0DBF8000004690020CDE900A04C
S3150801580007AA584649464346A0476DE0204603F095
S315080158105BFD00285CD002A8214603F013FDDDE9F3
S315080158200201CDE9040104A84146FCF743FBBDF991
S315080158301400012852DBBDF9160000284EDDB8F91F
S315080158400200BDF91210814208DDF0F735FBFF238E
S31508015850F0F70BFB07A902AAFFF7EAF8B8F9000067
S31508015860BDF91010814205DDF0F75EFA07A902AA13
S31508015870FFF7DEF807AA04AB494603F0F7FEBDF8C1
S315080158801000BDF81410B8F804200844B8F8001040
S3150801589000B2114409B2814205DDF0F745FA07A9BC
S315080158A002AAFFF7C5F8BDF81200F0F797FA1BDD53
S315080158B0F0F702FBF0F7D9FA07A902AA11E0CDF829
S315080158C000A007AA48463946434600F013F90BE0FB
S315080158D007AA4946434603F0C9FE05E007A9484613
S315080158E04246FF23FFF7A4F8F0F781B9764902A0EB
S315080158F0CF22EAF79BFE00BF66616C7365202626F8
S315080159002022556E737570706F72746564206269B2
S31508015910746D617020666F726D617420696E204CBA
S31508015920434431366270703A3A626C6974436F70F7
S3150801593079212200F03302088C8C00202DE9F04FE2
S3150801594097B004460888002840F0B5808946106853
S315080159505168DDF88080F0F704F914A8F8F73AFFE2
S3150801596012A8F0F7F1F9F0F75DFAD44DBDF84E60DB
S31508015970F0F7B2F927182868BDF84C40F0F70CFA89
S31508015980000674D4286836B224B2F0F782F9CC49F5
S31508015990F0F747F90D94098803FB012200EB420A47
S315080159A001FB06F00AEB40000E90BDF95400001BFE
S315080159B00C904800A0EB440009F104040B900F94E5
S315080159C00E98824571D20D980AEB40061096B2459B
S315080159D048D217F8010B54F82050280E3FD0B8F1D9
S315080159E0FF0F08BFFF2835D0BAF800B0F82100FB31
S315080159F008F0DFF8188B01EA1B2141EA5B34C0473E
S31508015A0080F0FF090646C5F3074104FB09F011FBBF
S31508015A10060080B2C0471190F0F7ECF8C5F30721EC
S31508015A2000FB09F011FB060080B2C0470446F0F7F7
S31508015A30E1F9E9B200FB09F011FB0600109E80B2FC
S31508015A40C047024611982146DDF880800F9C00F078
S31508015A503BF902E02846FEF7C9FFAAF800000AF159
S31508015A60020AB4E70C9807440B988244A8E7286809
S31508015A70BDF84A200025BDF848304FF00B0E0168E5
S31508015A80D1F840C08E49CDE908558DE85400012565
S31508015A904A46B1F800A0BDF85410CDE9031805A986
S31508015AA081E820443946E04702E08448F0F7B5F832
S31508015AB017B0BDE8F08F0348034940F2F512EAF73B
S31508015AC0B5FD00BF40330208F03302088C8C002074
S31508015AD07B48008810B1400080B2704703480449EA
S31508015AE05522EAF7A3FD00BF0C030020B0320208D5
S31508015AF02E3402082DE9F04F8DB089460546F0F798
S31508015B00A2F90AA8F8F766FE08A8F0F71DF9BDF983
S31508015B102060BDF82800BDF92240BDF92480BDF9F1
S31508015B2026A0F0F716F82044ADF822006348F0F7EE
S31508015B3084F86349F0F748F8CDF80C80098803FB27
S31508015B40012200EB420701FB0AF007EB4000049033
S31508015B5014FB0B6009EB000605EB40051698FF28B8
S31508015B604FF00000A0EB480052D00290C8F10000A7
S31508015B7001900498874280F09B8007EB48094F45BE
S31508015B803AD23078A0B316994843FBF72DFE78B37D
S31508015B90B7F800A0B5F800B0F82104460595494DB7
S31508015BA084F0FF0801EA1A2001EA1B216143EFF795
S31508015BB0CCFFFC21069001EADA0001EADB01614328
S31508015BC0EFF7C3FF079606464FEACB004FEACA012D
S31508015BD02A46059DC0B2C9B2604311FB080080B2CE
S31508015BE09047024606983146079E00F06DF83880C0
S31508015BF0013602350237C2E70198BDF92C10029A1F
S31508015C00F0F772F92E49B818098800EB4107B0E791
S31508015C100590C8F1000002900498874248D207EB24
S31508015C20480106918F4237D296F800B0BBF1000FB2
S31508015C302ED0BBF1FF0F01D1288828E03C88B5F8A2
S31508015C400080F8218BF0FF0ADFF8209E01EA142074
S31508015C5001EA1821EFF796FFFC21079001EAD40023
S31508015C6001EAD801EFF78EFF4A4681464FEAC80096
S31508015C70E100C0B2C9B200FB0BF011FB0A0080B209
S31508015C80904702460798494600F01EF8069938805B
S31508015C90013602350237C5E70298BDF92C10059A77
S31508015CA0F0F722F9DE49B818098800EB4107B3E78E
S31508015CB0DC48EFF7B2FF0DB0BDE8F08F8C8C002001
S31508015CC00C030020E91701086FF0180300F0F8002B
S31508015CD003EAC10141EA002040EAD2007047000008
S31508015CE0FF2B0BD00B2A15D8DFE802F03436383AE9
S31508015CF0A6A6A6A6062C062CC06D70470B2A15D893
S31508015D00DFE802F0636567699A9A9A9A0624062477
S31508015D10006E70472C3A072A00F28E80DFE802F0FF
S31508015D202231404B04140414C06E70472C3A072ADA
S31508015D3000F28280DFE802F06372515A040C040C07
S31508015D40006F7047406E7047406F7047806E7047AE
S31508015D50806F7047406C7047406D7047C06B7047E5
S31508015D60C06C70474968002974D04A78002A77D1EF
S31508015D700978F1B1022965D0012904BFC0697047C4
S31508015D805AE04968002971D04A78002A74D10978FD
S31508015D90C9B1022958D0012904BF406A70474BE0AE
S31508015DA0496800296ED04A78002A71D109780029F4
S31508015DB042D1C06A7047496800296FD04A78002ADB
S31508015DC072D10978C1BB406B7047806C7047806D92
S31508015DD07047006C7047006D70474968002969D0A3
S31508015DE04A78002A6CD1097831BB27E0496800292D
S31508015DF06CD04A78002A6FD10978E9B920E0496858
S31508015E0000296FD04A78002A72D10978B1B10229DE
S31508015E101CD0012904BF006A70470DE049680029B2
S31508015E206CD04A78002A6FD1097849B102290FD076
S31508015E30012904BF806A704700207047006B7047CC
S31508015E40806B7047C0687047406970470069704742
S31508015E50806970473048EB4940F60302EAF7E6FBEA
S31508015E602C48E84940F60B02EAF7E0FB2A48E549DF
S31508015E7040F2EA72EAF7DAFB2648E24940F2F272A0
S31508015E80EAF7D4FB2448DF4940F62F02EAF7CEFBAE
S31508015E902048DC4940F63702EAF7C8FB1E48D949CB
S31508015EA040F61C02EAF7C2FB1A48D64940F6230215
S31508015EB0EAF7BCFB1848FA4940F6A502EAF7B6FB29
S31508015EC01448F74940F6AD02EAF7B0FB1248F4491F
S31508015ED040F69102EAF7AAFB0E48F14940F6990203
S31508015EE0EAF7A4FB0C48EE4940F67802EAF79EFB6E
S31508015EF00848EB494FF40862EAF798FB0648E8496F
S31508015F0040F65F02EAF792FB0248E54940F6670266
S31508015F10EAF78CFBED310208DE3302082DE9FF476B
S31508015F200020DFF8448B3D4ACDE90200B248B8F8B3
S31508015F300030128800680028184608BF1046ADF8D8
S31508015F400E0008BF1A46ADF80C2008684968CDE965
S31508015F50000102AC68462146F8F74EFC2046F8F7E0
S31508015F6039FCBDF80800BDF80010DFF8F89A0844B6
S31508015F70BDF80210ADF80000BDF80A000844ADF8F6
S31508015F800200D9F80000EFF707FFC00739D1D9F8A1
S31508015F900000BDF90460BDF906700168496B8847C0
S31508015FA0BDF90C10BDF90020BDF9023013FB012122
S31508015FB000EB4104D9F80000EFF76BFEB8F80010C2
S31508015FC0BDF90020BDF902304FEA460A03FB01225A
S31508015FD000EB420501FB07F005EB4007D9F8000085
S31508015FE0BD42016816D28E6B294622465346B047F2
S31508015FF0BDF90C0004EB4004B8F8000005EB4005B8
S31508016000ECE7D9F8000001680B6EDDE90012984744
S31508016010BDE8FF87096B8847BDE8FF870E030020A7
S315080160200C0300208C8C00202DE9F04F8BB0DFF893
S31508016030349A0546D9F80000C06C032800F0CB80D5
S315080160401498002800F0CD80DDE915B08846194678
S315080160501E461746ADF826001868ADF824B0089014
S3150801606008AC2046FBF726FF20463946FBF722FFF8
S315080160705F4FDFF880A12046B7F90020BAF9001072
S31508016080FBF794FE5C48006850B13888BDF92610C4
S31508016090081AB0FA80F0420988B2BDF824100AE05D
S315080160A0BAF80000BDF92410081A89B2B0FA80F0CE
S315080160B04209BDF8260009B2012963DB00B20028AE
S315080160C060DDDDE908010392ADF814B06960318835
S315080160D02860411A29807188C1EB104068802868B8
S315080160E06968CDE906011698ADF8160000200490F6
S315080160F006A804AC2146F8F77FFB08A8F8F76AFB5F
S315080161002046F8F767FB3D48BDF914B000880290B0
S31508016110D8F80000416B404688478046D9F8000008
S31508016120BDF91840BDF91AA00168496B8847149949
S3150801613006460AFB0BF0BDF92050BDF9227001EBAA
S31508016140440101EB4004D9F80000EFF725FEC0072A
S315080161501CD106EB4500039907FB08060298ABEB31
S315080161600000B0FA80F04009084001281CD1BDF9A9
S315080161701E00324600FB08F3D9F8000001688D6B52
S3150801618021460DE00020686028600AE0D9F8000081
S31508016190BDF91C3001680D6FDDE90812009323462D
S315080161A0A8470BB0BDE8F08FBDF91E004FEA4B0AB0
S315080161B000FB0BF004EB4007BC42F2D2D9F8000011
S315080161C0324601688D6BBDF91C104B002146A84764
S315080161D054444644F0E743486B4940F2DD32EAF756
S315080161E025FA0748684940F2DE32EAF71FFA00BF86
S315080161F00A03002008030020100300200C030020D6
S3150801620095300208F03302082DE9F04387B00646B7
S3150801621021480068C06C03282CD00DF11A0090465D
S315080162208946ADF81A3003F0F5F807463068016B70
S3150801623030468847874223D10DF11A0003F080F8CA
S3150801624020B30DF11A040746204603F0B5F80546B2
S31508016250204603F01BF931684A464346CC69029049
S315080162600DF112003146CDE90075A047384607B051
S31508016270BDE8F0831B480A4940F2D232EAF7D6F95B
S31508016280064807494FF47572EAF7D0F9044905A09B
S3150801629040F2D632EAF7CAF98C8C00205B32020842
S315080162A0F033020828626D705F6461746120213DD4
S315080162B020302920262620224E6F206D656D6F72AB
S315080162C07920616C6C6F636174656420666F7220F6
S315080162D074686520676976656E204269746D6170B8
S315080162E022000000E33002087CB5102A88BF7CBD75
S315080162F0DDE90645DFE802F009121B2424242424DB
S31508016300242424242424242424000668089A36698B
S31508016310CDE900521A462346B0477CBD08461946C0
S3150801632022462B4602B0BDE87040FEF797BA0846EA
S31508016330194622462B4602B0BDE87040FEF778BBE7
S31508016340B24902A04FF47372EAF770F966616C7389
S31508016350652026262022556E737570706F727465D6
S3150801636064206269746D617020666F726D61742054
S31508016370696E204C434431363A3A626C6974436F0C
S315080163807079212200000000F03302082DE9F04F50
S3150801639091B01A9E002E00F0B6800C46106851681E
S315080163A0DDF86C801546EFF71BFC0EA8F8F712FA14
S315080163B00CA82946F8F720FAEFF70BFCBDF834507C
S315080163C0BDF83670EFF7DBFC04EB40097848006846
S315080163D0EFF7E2FCFF2E08BFB8F1000F66D0FF2EDB
S315080163E001D0400764D472483FB22CB2EFF725FCBE
S315080163F07049BDF93020BDF93230FF2E098803FBFB
S31508016400012200EB420563D00020DFF860B607944D
S31508016410A0EB4400069001FB07F005EB400008904D
S3150801642086F0FF0009900898854269D2079805EB1E
S3150801643040000A900A9885422BD2B5F8008039F8AF
S31508016440024BF821DDF868A02E46099D01EA1820BD
S3150801645001EA1421EFF742FDFC210B9001EAD8006D
S3150801646001EAD401EFF73AFD0746E0004FEAC80111
S31508016470C0B2C9B200FB0AF011FB0500354680B26D
S31508016480D84702460B983946FFF71EFC25F8020B3A
S31508016490D0E7069ABDF93C1009EB020000EB410969
S315080164A04449A818098800EB4105BCE7C0079AD0FA
S315080164B03F48EFF76DFB006801688C6CBDF83C102E
S315080164C0CDE9005702AD85E842114946A0471AE0D1
S315080164D001FB07F0660005EB4007BD4210D23448C0
S315080164E04A463346006801688C6B2946A047BDF9C0
S315080164F03C0009EB40092F48008805EB4005ECE70D
S315080165002B48EFF78AFB11B0BDE8F08FE9170108B0
S31508016510002B4BD02DE9F04186B00646B1F90400AF
S31508016520012840DBB1F9060001283CDB0868496807
S315080165301D461446CDE9040104A8F8F74BF9DFF81E
S31508016540008BD8F80000EFF727FCFF2D15D00007C0
S3150801655015D4D8F80000EFF79CFB014615480288C8
S315080165603068876ACDE9004504AB3046B847D8F8A4
S3150801657000000168096B884715E08007E9D5D8F856
S315080165800000BDF81670BDF81230BDF810204FF0A6
S31508016590000C01684E6EBDF81410CDE9025CCDE918
S315080165A000172146B04706B0BDE8F041704700BF65
S315080165B08C8C00200C03002080B548B103291CD817
S315080165C00120DFE801F0040E02124FF0FF3080BD12
S315080165D0032912D84FF0FF30DFE801F00302070D57
S315080165E0F5E7FFF775FA400880BDFFF771FA002154
S315080165F0A1EB500080BD012080BD0348034940F24C
S31508016600F542EAF713F800BFC9310208F033020868
S315080166102DE9F04F99B0CDE91723279B587B9C7933
S3150801662000F0080254EA42181EBFDA7900F0100099
S3150801663052EA001702D119B0BDE8F08F269A2498BC
S31508016640229C93F9093008911297B2F802C0D588AD
S31508016650B2F900A0928840B1C31A0FFA83FBBBF1C5
S31508016660FF3F05DCA4EB0B0400E01C444FF0000BD4
S3150801667005EB0C000FFA84F92D9FCDF83C80239E7B
S31508016680139002EB0A004D461190289832463B4674
S315080166901590DFF8CC03CA45C8BF55462946006898
S315080166A0149017A8FBF760F8ADF85A0017A83246F8
S315080166B029463B4610954646FBF774F8ADF858004F
S315080166C00DF15A0016A9F8F7C9F8CA45AAEB04004C
S315080166D0C8BF8344DDF8ACA0DDF89490129D5B46F3
S315080166E017B91498012807D12D98012840F09580EB
S315080166F01498012840F091801399239AA5EB090073
S3150801670009B28C1AA042B8BF0446012C93DBDFF804
S3150801671030B91F46DBF80000EFF73EFB299900293F
S3150801672044D0BAF1040F41D110F480713ED01199C9
S31508016730109806F1010E3B462EF0010C0AB2B9B2C9
S3150801674000B221B9831993423B4640F36C81101A72
S315080167500844B042A8BF3046B0EB01083FF46BAF1E
S3150801676041EA0800C00758D1DBF80000A4B21FFAB5
S3150801677088F5BDF858304FF0000B4FF48077026862
S31508016780966DCDE900542A9CBDF85A20CDF808C06B
S3150801679003942C9C04AD85E89008289D4FEA5E0475
S315080167A004FB095404EB5101B04744E7BAF1080F59
S315080167B03B4632D110F400702FD01098119900B2CF
S315080167C009B2081A99B210FA83F5B542A8BF354637
S315080167D08D423FF430AFDBF800001F46A4B24FF4F8
S315080167E0007EBDF858304FF0000CED1B0268ADB2C3
S315080167F0D2F85880CDE900540F9CBDF85A20CDF83F
S3150801680018C002942A9C03942C9CCDE9044E289C1A
S3150801681006FB09442144C0470DE7299868B10820B9
S315080168201C46B0FBFAF0311801398AB2B2FBF0F313
S3150801683058432346801A08440F9043EA0900000486
S3150801684012D00F982899A5EB09051FFA83F880B28B
S3150801685000FB09F010FA83F000FB0AF001EBD00106
S3150801686000F00709159103E01FFA83F84FF00009B4
S3150801687014982D9F01383946B0FA80F0440920460C
S3150801688000F0F6F8834620463946FFF795FE04469A
S315080168901398239900B2421A9542B8BF2A4610980E
S315080168A0119900B209B2081A4044B042B8BF064667
S315080168B00C92012AFFF6BFAEA6EB0805012DFFF6DD
S315080168C0BAAE4FF0FF30CDE912B94FF0FF0B00FA1F
S315080168D00AF0C043C7B20F9880B2A0EB0509089821
S315080168E010B96048EFF7A9F9BBFBF7F1BDF95A20D2
S315080168F0BDF958301097149109FB0AF10B915A49C1
S31508016900098801FB032100EB410BA8EB0600129E47
S3150801691061002A9C0A9006FB05F0A1EB400009904C
S315080169202046FEF763F8159B1190139F0C994FEAC1
S315080169304609187820FA07F2E0B20F90C4F3072047
S315080169400E90C4F307402C9C0D90002963D0DDF806
S315080169502880109D01390C91B8F1000F4CD012EA2C
S3150801696005003BD014994143FF2C02D11198FE2909
S3150801697032D801FB04F03D4C1593139280B2A0471F
S31508016980BBF8005026460446F8200D9984F0FF0A04
S3150801699000EA152040EA5530EFF79AFA1290EFF718
S315080169A030F90E99EFF794FA32463E460746EFF765
S315080169B001F9DDE90F1500FB0AF0DDF8ACA011FBC2
S315080169C004002C9C80B290470246129839463746F5
S315080169D0FFF77AF9139A159BABF800005744CB4495
S315080169E008F10108B8B2082827BF13F8012F0027B4
S315080169F022FA0AF0C2B2AFE70B9840B1384481B225
S31508016A0000F00707CA089A5C03EBD103FA40099814
S31508016A100C99834499E7089800287FF40CAE11482D
S31508016A20EFF7FBF807E6DBF80000A4B24FF480762F
S31508016A30BDF85830BDF85A2001688D6DCDE900C4FE
S31508016A402A9C0021CDF808C006914FEA5E010394FD
S31508016A502C9CCDE90446289C01FB0941A847EAE597
S31508016A60100300208C8C00200C030020E917010874
S31508016A7080B528B1032919D8DFE801F011160A0EE5
S31508016A80032913D808460121DFE800F00E0206099A
S31508016A90FFF71EF8410807E04FF0FF3104E0FFF762
S31508016AA017F80021A1EB5001084680BD02480349A9
S31508016AB040F2D342E9F7BAFDC9310208F0330208B8
S31508016AC010B5074904460020A0600831C4E9001042
S31508016AD004F10C008021E9F78AFE204610BD00BFAB
S31508016AE00C23020803F0C0BB80B582B0019001985F
S31508016AF00090FAF77FFE009802B080BD80B584B099
S31508016B0003900398019069464FF0FF330B6000220A
S31508016B1002921146FBF7A6F901980299816004B021
S31508016B2080BD000080B584B00390ADF80A100398C3
S31508016B300190BDF80A10009102F03EFE03F01EFA1C
S31508016B400168096B8847009902460198891A026803
S31508016B50526B09B2904704B080BD1FB504468888B8
S31508016B602189A0856089084302D1204600F03AF8B8
S31508016B7020682146D0F8842001A8904701AA04F18B
S31508016B80400307CA07C31FBD80B584B00390ADF89B
S31508016B900A10ADF8082003980190BDF90A10026899
S31508016BA0126B90470198BDF908100268526E90471A
S31508016BB004B080BD80B586B00590ADF81210059970
S31508016BC00091BDF8120088860868D0F8842001A8CB
S31508016BD0904700990198029A039B8B644A6408645A
S31508016BE006B080BDB0B504460E48EFF73FF828BF9A
S31508016BF0B0BD2068416F204688470546EEF78AFFF3
S31508016C000346A06B40F00200022803BF29B22046C2
S31508016C101A462AB21CBF20461946BDE8B040FDF700
S31508016C2009BB00BF9C8C002082B001908DF803102F
S31508016C3001999DF8030081F8360002B070470000FB
S31508016C4082B00191009000990198086302B07047DB
S31508016C5080B586B00590ADF8121005980090BDF97B
S31508016C601210FDF79BFB00990868D0F8842001A84B
S31508016C70904700990198029A039B8B644A640864B9
S31508016C8006B080BD80B586B00590ADF8121005989E
S31508016C900090BDF91210FDF78BFB00990868D0F832
S31508016CA0842001A8904700990198029A039B8B6456
S31508016CB04A64086406B080BD80B586B0059005981B
S31508016CC001902621E9F793FD0198FCF703F901984C
S31508016CD042F26831C0F60201083140F8281B014624
S31508016CE002914FF6FF7100F079FCFFE70198303009
S31508016CF0002100F095FCFFE7019800218186FF221B
S31508016D0080F8362080F837108163C1634030FFF779
S31508016D10F5FEFFE7019806B080BD0490039106E0F1
S31508016D20024602980492039100F074FCFFE7019869
S31508016D30FCF7E4F8FFE703F085FC03F095BA0000D9
S31508016D4080B582B0019001980090283000F062FC6D
S31508016D500098FCF7D3F8009802B080BD10F10F0F28
S31508016D60A2BF0F30000970476FF00E01081A10F024
S31508016D700F0118BF4FF0FF31A1EB1010704700004B
S31508016D8010B50A9C41610D490283069A83800482E3
S31508016D90099C083101600599C481089C01F07F01AD
S31508016DA00473079C41EAC2118172C472049C44723D
S31508016DB0039C0472029CC48010BD00BFF82302081C
S31508016DC0FEDE000080B582B0019001980090FAF7C6
S31508016DD00FFE009802B080BDB0B50C462830056894
S31508016DE03DB12068294682682046904705F118007A
S31508016DF0F5E7B0BD2DE9F0410E4690F82410984606
S31508016E00154609B1C8F8000028300768B7B197F8E0
S31508016E10250080B1381D31462A4602F033F950B1B2
S31508016E20B8884346301A01B2F888281A02B2386877
S31508016E30446A3846A04707F11800E6E7BDE8F0813D
S31508016E40806A7047FEB50D4690F8251041B3866AEB
S31508016E5036B3144601AF1EB396F82500F0B1321DBC
S31508016E603846294602F029F9BDF90800012815DB3B
S31508016E70BDF90A00012811DBB088BDF804102246C5
S31508016E80081ABDF80610ADF80400F088081A394644
S31508016E90ADF806003068C36D30469847B669DAE73B
S31508016EA0FEBD00002DE9F04F8FB01C46189B054624
S31508016EB00020CDE908121880199B1880604B1B68C1
S31508016EC02060284693F850602346FFF793FF042E67
S31508016ED030460196C0F0B0800DA82946069502F005
S31508016EE08BFBD4F800800494B8F1000F23D00BA8CB
S31508016EF0414602F081FBBDF93030BDF932406FF0F1
S31508016F000100BDF93450BDF92C10BDF93660099F51
S31508016F10BDF92E2094FBF0F493FBF0F0089B3E4458
S31508016F20B21A2B4402FA84F2591A01FA80F0404344
S31508016F3002FB020001E04FF0FF30059001980321A2
S31508016F400138B0FBF1F0032838BF014606980091D5
S31508016F5000230430079000208B426DD0394A0390F4
S31508016F6000F0010001330025029302EB401A019853
S31508016F705843B0FBF1F9042D59D05AF835600898F1
S31508016F8006FB090007B20AEBC500446809983946A9
S31508016F9004FB09000FFA80FB07985A4602F072F8BB
S31508016FA0002842D0002039465A460A9006980AAB6C
S31508016FB0FFF720FF0A9FB7B3474534D00BA83946D8
S31508016FC002F01AFBBDF93230BDF9362009996FF086
S31508016FD0010BBDF92E80BDF930E0BDF93400BDF9CC
S31508016FE02CC00A4493FBFBF3A2EB08019EFBFBF2C0
S31508016FF001FA83F1089B1844A0EB0C0000FA82F011
S31508017000404301FB0100059988420DD2189B06FBF6
S3150801701009F104FB09F2059019800A99049B196084
S3150801702019990A8000E04746B8460135A3E703984F
S315080170300099029B01308FE70FB0BDE8F08F00BFC2
S315080170408C8C00207C12020870B514460D4600F19E
S315080170502806306838B10646224656F8181B4B6D85
S3150801706029469847F5E770BD814217D04A69D2B9D2
S315080170700022C1E9050250F8282F6AB1906938B192
S315080170808A420246FAD11C481A493222E9F7CEFA4F
S315080170908A420DD002F1180001607047154917A000
S315080170A02022E9F7C3FA134904A02122E9F7BEFA17
S315080170B0114810493522E9F7B9FA00BF642E706103
S315080170C072656E74203D3D203020262620224361BC
S315080170D06E6E6F7420616464204472617761626CBC
S315080170E065206D756C7469706C652074696D65735E
S315080170F022000000B33602088036020826642021E1
S315080171003D2074686973202626202243616E6E6FBE
S315080171107420616464204472617761626C652074CD
S315080171206F2073656C662200836A2BB141B17BB10E
S315080171308B4209D09B69FAE701680B6E114618471D
S315080171408262C2E9050370478B69C2E905038A6150
S31508017150704750F8282FC2B18A420BD0AAB11046FF
S3150801716092698A42FAD151F8182F002341F8043C52
S31508017170826108E051F8182F002341F8043C002ADF
S3150801718014BF026001460020086070470021816231
S31508017190704700F128020020C30707D112682AB1F7
S315080171A0501A1832B0FA80F04009F5E700F00100EC
S315080171B07047826A00212AB193695161916183629C
S315080171C01A46F8E77047000080B582B00190019829
S315080171D00090FDF7F7F8009842F26041C0F6020107
S315080171E0083101600021816202B080BD03F03CB81C
S315080171F080B582B0019001980090FDF705F90098D5
S3150801720002B080BD81B00090009801B0704703F0CC
S315080172102BB80000F0B54A69D1E90A574C689FEDC9
S31508017220733AB2EB050EA4EB070C17BFBC42002656
S315080172300CFB0EF2102418BF92FBF4F68A690B6850
S31508017240D41B5D1B17BFBA42002704FB05F26FF07A
S315080172500F0318BF92FBF3F7BA1900F1180600EEEF
S31508017260102A0027B8EEC00A20EE031AB7EE000A64
S3150801727080EE012A3C2F14D0CA19143792ED021A4E
S3150801728080EE011A06ED061A92ED034A21EE044A2A
S3150801729006ED034A92ED044A21EE041AA6EC011AF8
S315080172A0E8E700EE105A90ED024A90ED011A02EE57
S315080172B0904A90ED035AD0ED044AD0ED076AB8EE2C
S315080172C0C00AF8EEE22A20EE036A00EE10EA62EE40
S315080172D0832AB8EEC00A60EE030A90ED000A34EE7E
S315080172E0407A31EE444A60EE871A44EE061A22EED7
S315080172F0611A01EE90CAF8EEE11A80ED0A1A61EEFA
S31508017300831A22EE873A04EE213A90ED054A74EE85
S31508017310453A34EEC44AD0ED084A20EEA37A62EE25
S31508017320A33A22EE033A04EE067A44EE213A90EDA8
S31508017330064A80ED093A74EEC45A76EEE44A60EEDE
S31508017340A50A62EE233A22EE477A44EE860A80EDD2
S315080173500C7AC0ED0B3A22EE606A62EEA50A44EE9B
S31508017360A10A80ED0E6A22EE202A63EE800A43EE18
S31508017370450A80ED0D2AF5EE400AF1EE10FA12DC07
S31508017380F5EE400AF1EE10FA0ADBB1EE455A21EEA6
S31508017390055A07EE005AB5EE405AF1EE10FA02DA2E
S315080173A047F6FF7101E04FF4004122EE002AC1635E
S315080173B003EE442AB5EE402AF1EE10FA12DCB5EED8
S315080173C0402AF1EE10FA0ADBB1EE442A21EE021A3E
S315080173D006EE001AB5EE401AF1EE10FA02DA47F691
S315080173E0FF7101E04FF400410164F0BD0000803DEA
S315080173F081B0009041F65C0001B0704782B00190FF
S31508017400ADF80210019ABDF8020041F65C0100FBD5
S315080174100120083002B0704780B582B0019001980A
S315080174200090F6F783FE009842F20451C0F6020175
S315080174300831016002B080BD80B582B00190019823
S31508017440009000F005F8009802F00EFF02B080BD2A
S3150801745080B582B0019001980090F6F770FE009809
S3150801746002B080BD81B00090102001B070470000C5
S3150801747082B00190ADF802100198BDF8021000EB38
S315080174800110083002B0704780B582B001900198AA
S315080174900090F6F74BFE009842F23851C0F6020109
S315080174A00831016002B080BD80B582B001900198B3
S315080174B0009000F005F8009802F0D6FE02B080BDF3
S315080174C080B582B0019001980090F6F738FE0098D1
S315080174D002B080BD81B000900C2001B07047000059
S315080174E082B00190ADF802100198BDF8021001EBC7
S315080174F0410100EB8100083002B0704780B582B0C7
S31508017500019001980090F6F711FE009842F26C512D
S31508017510C0F602010831016002B080BD80B582B0B3
S3150801752001900198009000F005F8009802F09CFE81
S3150801753002B080BD80B582B0019001980090F6F73F
S31508017540FEFD009802B080BD81B0009001B0704781
S3150801755081B0009001B0704781B00090009842F266
S31508017560A051C0F602010831016001B07047000060
S3150801757080B582B001900198009000F005F8009856
S3150801758002F072FE02B080BD81B00090009801B091
S315080175907047000081B00090009848F6A441C2F2F5
S315080175A00001086001B0704783B002900191ADF8FF
S315080175B00220029848F69841C2F200010860019833
S315080175C048F6A041C2F200010860BDF8020048F67B
S315080175D09C41C2F20001088003B0704782B0019055
S315080175E0ADF80210019842F2B851C0F6020108310D
S315080175F00160BDF80210818002B0704780B582B083
S3150801760001900198009000F005F8009802F02CFE10
S3150801761002B080BD81B00090009801B070470000AB
S3150801762082B00190009101980099016002B07047FB
S3150801763081B0009000980021016001B070470000F8
S3150801764080B584B0039002910192F3F79DFDF4F79A
S3150801765031FD0198006830B1FFE7019800680168BB
S31508017660C9688847FFE70198006830B1FFE70198C4
S315080176700068016809688847FFE70398006830B120
S31508017680FFE703980068016849698847FFE7029898
S31508017690006830B1FFE702980068016849688847C1
S315080176A0FFE70398006830B1FFE7039800680168AF
S315080176B009688847FFE70298006830B1FFE7029832
S315080176C00068016889688847FFE704B080BD000043
S315080176D080B584B003900291019203980168C96844
S315080176E08847029801680968884703980199FBF752
S315080176F0EFF801980168096988470198016849699D
S31508017700884704B080BD012180F84C107047B0B598
S315080177100C4621F00F01B1F5887F054610D0B1F569
S31508017720807F24D195F84D00D8B995F84C100120E1
S3150801773085F84D0005F1500089B1E9F737FC10E0ED
S3150801774095F84E0030B9012085F84E0005F1D800AC
S31508017750E9F730FC05EBC400A0F5F56005E0E9F7AB
S3150801776021FC05EBC400A0F5F66003C8B0BDE9F736
S31508017770E5FBF0B581B00E4621F00F011C46154612
S31508017780B1F5887F074610D0B1F5807F26D197F8E5
S315080177904D00D8B997F84C10012087F84D0007F12C
S315080177A0500089B1E9F702FC10E097F84E0030B9AC
S315080177B0012087F84E0007F1D800E9F7FBFB07EB34
S315080177C0C600A0F5F56005E0E9F7ECFB07EBC60096
S315080177D0A0F5F660C0E9005401B0F0BDE9F7AEFBCB
S315080177E090F88101704710B582B004460021D0F89F
S315080177F0780101910091694601AA03F052FBDDE97E
S31508017800002301462046F0F71FF80838B0FA80F041
S31508017810400902B010BD21F01F00A0F58070B0FA32
S3150801782080F04009704780B50168CA684FF0FF319A
S315080178309047002080BD084600F096B92DE9F04F23
S3150801784081B053685FEAD30C50D0D2F800E0002724
S31508017850634600BF07EB53050EEBC5041EF83580DA
S3150801786094F8019094F802A0E27848EA09284AEACD
S31508017870022648EA064602F0400246EA42622244E5
S315080178806FEA53041C448A4294BF6F1C5C08002C9F
S315080178902346DFD157B367450EEBC70102D14FF037
S315080178A0FF3C13E0FA000EEB02031EF802205F7894
S315080178B09E78DD7842EA072246EA052742EA074228
S315080178C005F0400742EA476202EB030C11F808BDCE
S315080178D00E1D0BD03278B778F578747847EA052704
S315080178E042EA042242EA0742012A03D1002001B0F2
S315080178F0BDE8F08F91F8018091F8029091F803E0C4
S31508017900002A1ED402F0804442EA4404A719A45D61
S315080179107D78BE78FB7844EA052446EA032344EADF
S315080179200345B5F1FF3F0EDD05F08043EC19FD79FE
S3150801793004EB430A07EB850303F1080500243E46D9
S3150801794028E0154600E03E46C5F30364022C12D032
S31508017950012C0AD0ACBB351D4AF2253A002A48BF8C
S315080179600025C0F6010A002414E04AF22D3AC0F6B1
S31508017970010A002404E04AF2353AC0F6010A022453
S31508017980C5F3074706EB8703B2F1FF3F03F1040589
S3150801799000DCB7B94BEA082349EA0E2743EA07434D
S315080179A00EF0400743EA47631944C0E9561C44EA06
S315080179B0D271C0F87861C0E9585AC0F86C11012033
S315080179C095E7E9F7BBFAB0B584B0044600680D46F9
S315080179D0C26820464FF0FF31904730F001002DD0A4
S315080179E040F20001C0F20001A0EB050591B103A91F
S315080179F002AA2846AFF30080B0FA80F100284FEAC0
S31508017A00511016D1DDE90221CDE90012002918BF6E
S31508017A1001210EE043F2807044F28011C0F60300A2
S31508017A20C0F603010090081A4FF00101019018BF32
S31508017A300120C00718BF5FEAC17004D1012084F88C
S31508017A40800104B0B0BD6A4620462946FFF7F6FE16
S31508017A500028F3D0F5E7B0B5054690F8800108B1DE
S31508017A6000240EE02846FFF7BEFE0446012808D189
S31508017A7028680121426B2846904795F8800100281D
S31508017A80EED12046B0BD0C2906DD0F2908D00E29F6
S31508017A900AD00D2906D009E08A1C03D04A1C05D153
S31508017AA0443008E03C3006E0403004E00C2904D8B4
S31508017AB0083000EB81000068704780B5E9F73EFAA7
S31508017AC010B500F10804204600F018FA2046BDE872
S31508017AD01040E9F753BF0C2908DD0F290AD00E29F2
S31508017AE004BF026470470D2906D007E08B1C03D03A
S31508017AF04B1C03D142647047C26370470C299EBF71
S31508017B00083040F8212070478F2904BF82647047E6
S31508017B1080B5E9F713FAB0B590F8802122B1084685
S31508017B202821E8F764FEB0BDD0F86C4100F5B075C0
S31508017B30D0E956CE2CCD4C6101F108042CC4C1E91B
S31508017B4000CED0F87021D0E95E35D0F87401C1E9CC
S31508017B500835C1E90620B0BD02310020122938BF17
S31508017B600120704770470000811C612900F26A8074
S31508017B7043F6C840C0F60200DFE811F062007D0056
S31508017B80A800AC009800B000B8009200A4009E00BE
S31508017B909600AA00A200880086006200C2007D0045
S31508017BA07C007C007C007C007C007C007C007C00E6
S31508017BB07C007C007C007C007C007C007C007C00D6
S31508017BC07C007C007C007C007C007C007C007C00C6
S31508017BD07C007C007C007C007C007C007C007C00B6
S31508017BE07C007C007C007C007C007C007C007C00A6
S31508017BF07C007C007C007C007C007C007C007C0096
S31508017C008400B400BC00C600BA008A009A00C80005
S31508017C109C00B600A600A000C000D200AE00D000AD
S31508017C20CA00CE00D400CC007E008000C400D80073
S31508017C308E009400D6008200B2008C009000BE002F
S31508017C40A7A07047A0F580701F2813D8DFE800F0B9
S31508017C50108A8286789298889E7C9C767A96748415
S31508017C60728E9AA49094A2A6807EAC70A8AAA08CC3
S31508017C706DA070479CA0704777A0704775A07047A4
S31508017C806EA0704788A0704788A0704788A0704783
S31508017C9080A0704767A070476BA0704764A07047C3
S31508017CA089A0704767A0704784A0704789A070476C
S31508017CB077A0704774A0704781A070476FA070477E
S31508017CC07CA070477FA070476DA0704783A070475E
S31508017CD079A0704780A0704765A070477CA070475F
S31508017CE055A070476FA0704766A0704777A0704788
S31508017CF069A070476AA070474CA070475EA070479C
S31508017D0078A0704752A0704764A070475FA070477B
S31508017D1055A0704751A0704752A0704753A07047AD
S31508017D2054A070474EA0704745A0704747A07047BA
S31508017D3022A070472CA070472DA070472FA070472E
S31508017D4035A070472CA070472EA070471DA070471C
S31508017D501DA0704732A0704724A070472FA0704716
S31508017D602AA070472FA0704710A070471DA0704722
S31508017D7019A0704727A0704716A070471DA0704725
S31508017D8023A0704716A070471DA070471EA0704714
S31508017D9007A070470EA0704710A070470BA0704748
S31508017DA005A0704703A0704705A0704764333100EA
S31508017DB06433300064323900643238006432370083
S31508017DC0643236006432350064323400643233007A
S31508017DD06432320064323100643230006431390071
S31508017DE06431380064313700643136006431350056
S31508017DF06431340064313300643132006431310056
S31508017E0064313000643900006438000064370000CA
S31508017E1064360000643500006434000064330000F1
S31508017E2064320000643100006430000073333100AD
S31508017E3073333000733239007332380073323700C6
S31508017E4073323600733235007332340073323300BD
S31508017E5073323200733231007332300073313900B4
S31508017E607331380073313700733136007331350099
S31508017E707331340073313300733132007331310099
S31508017E80733130007339000073380000733700000E
S31508017E907336000073350000733400007333000035
S31508017EA07332000073310000733000007231320002
S31508017EB072313100723130007239000072380000B7
S31508017EC07237000072360000723500007234000005
S31508017ED07233000072320000723100007230000005
S31508017EE0737000006C720000756E6B6E6F776E2092
S31508017EF072656769737465720000000010B50446FF
S31508017F0090F8450050B194F84400002804F148005F
S31508017F1002D0E9F73FFD01E0E9F738FD94F846009C
S31508017F2028B104F1D000BDE81040E9F737BD10BD0E
S31508017F30704770477047F0B581B01546DDE906729E
S31508017F400E4689681C467AB1814204D04068496860
S31508017F50E9F75AFE60B931462A462346069701B023
S31508017F60BDE8F04000F088B8406849688842F2D018
S31508017F7001B0F0BD2DE9F0411646069A0C4689680E
S31508017F80984607468AB1B94230D07D68496828467D
S31508017F90E9F73AFE50B32068B8420ED04168284640
S31508017FA0E9F732FE48B1BDE8F08178684968884248
S31508017FB01CD0216849688842F5D12069B04220D091
S31508017FC06069B0421DD0D4E90901C4F820800131A5
S31508017FD001286661A16205D1A069022804BF0120B2
S31508017FE084F836000420E062BDE8F0816068B0429A
S31508017FF0D9D1E06901281CBFC4F81C80BDE8F0810D
S31508018000D1E7B8F1010F18BFBDE8F0810120206260
S31508018010BDE8F08180B5D1F824E0BEF1000F10D09B
S31508018020D1F814C0886B844502D1086990420FD0F3
S315080180300EF10100486202208861012081F83600AC
S3150801804080BD886B8B61C1E904200120486280BD2F
S315080180508869022804BF8B6180BDF1E780B5D1F834
S3150801806008C0D0F804E0DCF80400864518BF80BDD6
S31508018070BDE88040FFF7CEBF80B548684FF0010ED6
S31508018080984281F835E000D080BD0B69DDF808C05B
S3150801809081F834E02BB193420FD0486A0130486227
S315080180A017E00120BCF1010F0A61C1F818C0486246
S315080180B0EAD1086B01280CD0E6E78A69022A04BFCF
S315080180C0C1F818C06246086B012818BF80BD012A8D
S315080180D0DAD1012081F8360080BD2DE9F04190B052
S315080180E0054640684B68984233D041F20833144636
S315080180F0C0F6020341F21432C0F6020208461946D6
S315080181000023002702F0EAFB20B3276837B30DF1F5
S315080181100408064608F104003821E8F768FB4FF021
S31508018120FF300490012031688DF83B000D900395CE
S31508018130CD69304641463A4601230196A847079834
S315080181400138B0FA80F04FEA501704BF059820604D
S3150801815000E00127384610B0BDE8F081E8F7EEFEE9
S315080181602DE9F04383B0DDE90A940E4689689846FD
S315080181701546074684B1B94204D078684968E9F7D3
S3150801818043FD68B931462A464346CDF8289003B0DF
S31508018190BDE8F043FFF770BF786849688842F1D0B7
S315080181A0B8682A46016843464F693146CDE90094C5
S315080181B0B84703B0BDE8F0832DE9F04383B0DDF895
S315080181C028900C46896898461546B9F1000F074666
S315080181D02FD0B9423FD07E6849683046E9F714FD89
S315080181E0C8B32068B84204D041683046E9F70CFDA7
S315080181F038BB2069A84237D06069A84234D0E06A02
S31508018200C4F82080042837D00020A086B868012643
S3150801821001682A464F6921462B46CDE90069B847C8
S3150801822094F8350030B394F834000321E16280BB39
S3150801823022E07868496888420DD0216849688842F1
S31508018240D7D0B8682A46016843468F692146CDF8D2
S315080182500090B8471DE06068A8421AD1E069012874
S3150801826018BFC4F81C8014E0B8F1010F04BF01203F
S3150801827020620EE00420E062D4E90901656101315A
S315080182800128A16205D1A069022804BF012084F84A
S31508018290360003B0BDE8F08380B5D1F808C0D0F840
S315080182A004E0DCF804C0E64507D08068D0F800C0D1
S315080182B0DCF81CC0BDE880406047BDE88040FFF798
S315080182C0A9BE000080B582B00190019800F002F8BD
S315080182D002B080BD81B00090002001B07047002037
S315080182E070470022CB10002948BFA2EBE1031946CB
S315080182F06FF35F21B1F5807F88BFC1F50071006B0F
S31508018300012818BF1946FF29A8BFFF21084670474B
S31508018310BFB5044600682146826E02AD28469047DD
S31508018320002069460090A06801902846F9F7C2FD29
S3150801833020682946026920469047BFBD0021416051
S315080183400160704789680022026041607047000039
S315080183507FB5044600686E460D462146826E304654
S31508018360904702A82946324600F0A7FEA06A0028CF
S3150801837057D00168CA68211D9047002851D0BDF918
S315080183800C1001294DDBBDF90E20012A49DB2548D0
S315080183900068012823D0002843D1BDF80A0002ADA0
S315080183A081180EB200B2B0423BDAEDF76FFBBDF8A9
S315080183B00E1038B9012905D008B201304008ADF8C8
S315080183C00E00F2E7BDF80A0008440144ADF80A00B8
S315080183D009B2B142C4BF311AADF80E10E2E7BDF8D1
S315080183E0080002AD01440EB200B2B04219DAEDF747
S315080183F04DFBBDF80C1038B9012905D008B201307A
S315080184004008ADF80C00F2E7BDF80800084401443D
S31508018410ADF8080009B2B142C4BF311AADF80C1063
S31508018420E2E77FBD1003002090F826007047383038
S3150801843001F09AB9006B704710B504460068D0F888
S31508018440B0102046884740B194F8250028B1206825
S3150801845041692046BDE81040084710BD90F86E00F6
S315080184607047806E704702207047F0B500200224DD
S315080184709842A4BF0020F0BDC51895FBF4F606EB9B
S31508018480860532F815708F4201D2701CF0E7334623
S31508018490EED802EB45000230F0BD826C02B3A1F2C0
S315080184A021639BB2192B05D8D06800EBC10043F2B2
S315080184B0081109E0A1F241639BB2092B06D810699C
S315080184C000EBC10043F20821401A7047A1F271631B
S315080184D09BB2622B04D8D38B13B15269FFF7C5BF80
S315080184E0002070471088984205D802EB810030F8C1
S315080184F0040C984201D20020704770B500208CB256
S3150801850081B2A14210D214FA80F525F0010132F8A0
S31508018510116069089E4201D2481CF1E7EFD845F07F
S31508018520010032F8100070BD002070BD90F82C10C3
S3150801853000200C2938BF0120704790F82C000C2127
S315080185400B30B0FBF1F101EB4101A0EB81000130E9
S31508018550704790F82C00704790F82D00704790F8F6
S315080185602E00704780B588B00690ADF816100492B3
S3150801857006980190049820B1FFE70498007B20B97A
S31508018580FFE700208DF81F0036E00198006A009089
S31508018590049801F02BFC0146009800EB810003903A
S315080185A00498007BADF80A00FFE7BDF80A00012828
S315080185B01EDBFFE7BDF8160003990988884205D135
S315080185C0FFE7039880788DF81F0015E0BDF81600BF
S315080185D003990988884201DAFFE709E0FFE7BDF850
S315080185E00A000138ADF80A00039804300390DCE765
S315080185F000208DF81F00FFE79DF91F0008B080BD18
S3150801860081B000900098406A01B0704786B0059025
S31508018610049105980499039103990988029103998C
S315080186204A88029941EA02410291C069019001987A
S3150801863004998988C1F3C42150F821000090009853
S315080186400299084406B0704781B000900098806A84
S3150801865001B0704780B5054800680168D1F8AC10CB
S3150801866088470138B0FA80F0400980BD8C8C00201B
S315080186701CB5C468008A009001EB4200DDE90513C8
S315080186802246F9F74FFD1CBDF9F77ABEF0B585B05C
S31508018690044691F82800FF2823D101F126060D4644
S315080186A002A8314600F0CEFDBDF80C70304600F048
S315080186B083FE80B2874214D1BDF80E70304600F0B1
S315080186C0E5FE80B287420CD1DDE902012060002077
S315080186D0616069460090A86801902046F9F7EAFBAF
S315080186E002E000206060206005B0F0BD014626303A
S315080186F0C96A09B1F6F784B9F6F791B92DE9FF41C7
S31508018700054690F82800C0B10DF108080C4629461F
S31508018710404600F071FFF6F793FF07462846FFF734
S31508018720E5FF396842462346CE6895F82810CDE913
S31508018730000105F126013846B047BDE8FF81000072
S3150801874081B00090002001B07047000082B001900E
S3150801875000910199009880888880012002B07047AD
S3150801876081B0009001B070478088704781B0009051
S315080187700098C06C01B0704781B000900098C06C39
S3150801878001B0704781B000900098006D01B0704744
S3150801879080B582B00190019800F03AFF02B080BD21
S315080187A080B582B00191FEF7A9F902B080BD00003B
S315080187B02DE9F04F8DB0054627480C46A98D00884E
S315080187C0814246D205F12806304601F0D7FB00283A
S315080187D03FD00746D5F8309095F836A0304601F0D7
S315080187E067FB83460494AC6BB5F83480304601F0D8
S315080187F081FB8DF82100E86B8DF82EA0ADF82C8051
S31508018800CDE909498DF820B007970C9095F83700FE
S315080188108DF82F00F6F714FF074605A8294600F03C
S31508018820EBFE304601F0F2FB04462868C16F284684
S31508018830884706462868D0F8801028468847DDE923
S31508018840051207AB039038468DE85800049BF7F7E5
S31508018850B3FA0DB0BDE8F08F9C8C0020002242606F
S31508018860026091F82620FF2A00D070478968416086
S31508018870704790F8261029B190F8251011B10168B2
S31508018880496908477047BCB50446086849686D4692
S31508018890CDE9000120682946C26A20469047F6F7C5
S315080188A0CFFE0168A26A94F826304C6A2946A04789
S315080188B0BCBD0000102984BF00207047DFE801F025
S315080188C00B0D0F11111111090909090911111111BD
S315080188D01100082070471020704718207047202083
S315080188E07047114902A040F20932E7F79FFE00BF1F
S315080188F066616C73652026262022556E7375707025
S315080189006F72746564206269746D617020666F7236
S315080189106D617420696E2067657442697444657077
S3150801892074682829220000005F3902082DE9FC41F4
S3150801893007460848984615460E460489EDF776F81F
S31508018940CDE90040384631462A46434600F004F848
S31508018950BDE8FC8104030020B0B504981C4600FB61
S3150801896002150599FFF7A6FFC00805FB0040B0BD33
S3150801897081B00090002001B07047000081B00090DE
S315080189800098C08801B0704780B50268D2689047E0
S3150801899030B1817A407B00F0800041EA400080BD19
S315080189A0002080BD81B00090002001B070470168A9
S315080189B0096B084781B000909FED010A01B0704725
S315080189C00000000082B080B586B009930892059030
S315080189D00491059808A90391049A03990191019BA9
S315080189E0002100F0D9F8ADF80A00BDF80A0006B072
S315080189F0BDE8804002B0704781B080B587B0099361
S31508018A0006908DF817100492069809A903919DF806
S31508018A101710049A039B0193019B00F0BDF8ADF86A
S31508018A200A00BDF80A0007B0BDE8804001B07047EA
S31508018A3081B000900098807A00F07F0001B07047FD
S31508018A4081B000900098807AC00901B07047000093
S31508018A5081B000900098008A01B0704781B00090FB
S31508018A600098C08901B0704782B02DE9F0439DB0E6
S31508018A700446CDE9242324A80DF10C09EDF73FF9A5
S31508018A80EDF710F9EDF7E4F8ECF7C9FF002000213E
S31508018A902246029002AE48463346F4F703F947F6F2
S31508018AA0FF752FB278B10A280AD0029840B1E58835
S31508018AB001F0A7F9281A00B2B842B8BF07463D46E1
S31508018AC0EDF707F8EDE738461DB0BDE8F04302B00B
S31508018AD0704782B02DE9F0439DB00446CDE92423C1
S31508018AE024A80DF10C09EDF70AF9EDF7DBF8EDF716
S31508018AF0AFF8ECF794FF0027029702AEECF7E9FF0F
S31508018B00B0B10A28FAD002980028F7D0E58801F012
S31508018B1078F90299281A3FB2CA79497B104401F0BB
S31508018B20100100EB011000B2B842C8BF0746E5E7DD
S31508018B30B8B21DB0BDE8F04302B0704782B02DE966
S31508018B40F0419CB00646CDE9222322A888461B900F
S31508018B5002AC2046F4F744FD30681B9FC16C3046D1
S31508018B60884705463068016D30468847009020469B
S31508018B7041463A462B46F3F72AFD01252046F3F7E7
S31508018B8086FD18B10A2808BF0135F7E7A8B21CB057
S31508018B90BDE8F04102B070472DE9F0479AB001AE41
S31508018BA00546984691468A463046F4F719FD2868DF
S31508018BB0C16C2846884707462868016D28468847B4
S31508018BC000903046494642463B46F3F700FD0024ED
S31508018BD03046F3F754FDA7B258B93046294647F649
S31508018BE0FF725346F7F76DF901B2B942C8BF044699
S31508018BF0EEE738461AB0BDE8F087000081B000906C
S31508018C00002001B07047417A8088084480B27047D5
S31508018C1081B00090002001B07047000080B588B08F
S31508018C200690ADF8161006980190BDF8160018B909
S31508018C30FFE70020079011E00198002104918DF8C3
S31508018C400F10BDF816100268D2F808C004AA0DF173
S31508018C500F03E047029002980790FFE7079808B0CC
S31508018C6080BD000081B000900098808801B07047EF
S31508018C70D1E9191242600160704700002DE9F04FF1
S31508018C80A3B0866A044603AF0D463846214600F06E
S31508018C90B3FC2068416E20468847009005A83146F6
S31508018CA03A462B46F9F796FD00200390206C0128D9
S31508018CB03AD1D4E90B01626C636D0DF10C0B101AF4
S31508018CC0591A5A46FAF7C9F9616C626D05AD8046BB
S31508018CD02846F9F789FCA16CA26D2846F9F732FCFA
S31508018CE0E56E0DF1040AB42D3EDAA8EB0507384600
S31508018CF0FAF780F90290584602A900F005FC0646E3
S31508018D00D4F834903846FAF70FFA01905846514686
S31508018D1000F0FAFBA26B09EB0601121A05A8F9F78E
S31508018D2011FCE06E0544DEE7616C626D05AD28460F
S31508018D30F9F75AFCA16CA26D254E2846B047E16C9D
S31508018D40E26D2846B047216D226E2846B04705AC2C
S31508018D50FF212046F9F790FC05462046F9F7A6FDBE
S31508018D60284623B0BDE8F08FE16CE26D05AD2846D3
S31508018D70F9F7E8FB216D226E2846F9F7E3FB4FF078
S31508018D80B40B03AF0DF1040AE06EABEB000BBBF1BC
S31508018D90010FDCDB0BEB08063046FAF72BF90290DC
S31508018DA0384602A900F0B0FB0546D4F82C903046A7
S31508018DB0FAF7BAF901903846514600F0A5FB226B3D
S31508018DC009EB0501121A05A8F9F7BCFBDCE700BF98
S31508018DD0452501082DE9F04786B0044690F8260096
S31508018DE0002800F0EA8020682146826E04A8904790
S31508018DF0E26A636B6FF01F062021E06B92FBF1F5C7
S31508018E0093FBF6F690FBF1F1AD1948BF6D42B5EB50
S31508018E10410F0FDBD4F83090A66B20276FF01F05A2
S31508018E20490099FBF7F796FBF5F57F1948BF7F428D
S31508018E308F4203DA2068026904A9BCE000EB40010D
S31508018E404FF0000C1F250331ACEBA10705EBA1017F
S31508018E504909B0F1FF3FB8BFACEB571106EB090062
S31508018E60BDF914C0BDF916800225202790FBF5F03F
S31508018E7000B290FBF7FA981890FBF5F0C44500B2DA
S31508018E8090FBF7F007DA00EB010E401A93420BDA72
S31508018E904E450CDB4BE00AEB010EAAEB01079342A8
S31508018EA024DA4E4525DB61E041D04E453FDDBDF86C
S31508018EB01210BDF81020ADF80000ACEB0000ADF8BB
S31508018EC002A0AAEB01031044ADF80A10ADF8082078
S31508018ED0ADF80E30AEEB0203ADF80400ADF80C3078
S31508018EE0A8EB0A031944ADF806105CE03ED04E45DE
S31508018EF03CDDBDF81210BDF81020ADF80000ADF844
S31508018F000270AEEB0103ADF80820ADF80A10ADF812
S31508018F100E30831AADF80C30ACEB0003A8EB070052
S31508018F201A440844ADF80420ADF806003BE0BDF844
S31508018F301210ADF80800ACEB0000ADF802A0AAEBE0
S31508018F400102ADF80A10ADF80E20BDF81020104444
S31508018F50ADF80020ADF80C00A8EB0A000844ADF8FE
S31508018F600600AEEB0200ADF804001CE0BDF81010D7
S31508018F70BDF81230ADF80A70ADF80000421AADF826
S31508018F800810ADF80230ADF80C20A8EB07021A4418
S31508018F90ADF80E20AEEB0302ADF80620ACEB0002ED
S31508018FA01144ADF804102068026902A920469047C9
S31508018FB02068694602692046904706B0BDE8F087F1
S31508018FC00A88038893420ED14A88438893420AD174
S31508018FD08A888388934206D1C988C088401AB0FA1C
S31508018FE080F0400970470020704770B5B1F9044018
S31508018FF002460120012C21DBB1F90630012B1DDBCC
S31508019000B2F90000B1F90060864205DBB2F90250F7
S31508019010B1F90210A94201DA002070BD34449688DC
S3150801902024B2304406B20020B44207DCD28819447F
S3150801903009B22A4412B29142D8BF012070BD10B5B7
S31508019040B1F900208B8813441CB2B0F90030A34251
S3150801905015DA848823441BB2934210DDB1F9022044
S31508019060C988B0F9023011440CB20021A34207DACB
S31508019070C088184400B29042C8BF012100E000210F
S31508019080084610BD0346B0F90000884213DC10B546
S315080190909C88204400B28842BDE810400BDDB3F934
S315080190A002100020914205DCDB88194409B291427D
S315080190B0C8BF012070470020704780B50B68496812
S315080190C0416011460360F8F7F5FE80BD80B5FFF7EC
S315080190D077FF80F0010080BD91F82820FF2A03D090
S315080190E0002141600160704780B5263100F0AAF879
S315080190F080BD90F8281029B190F8251011B10168A2
S31508019100496908477047F0B58BB0054600200F46F8
S315080191102C46CDE9080054F8260BC26A08A9284648
S31508019120904704A8214600F037F9DDE90401CDE9A5
S31508019130060106AE39463046F8F7BCFEBDF91C00F5
S31508019140012813DBBDF91E0001280FDBF6F778FAB3
S315080191500168BDF92020BDF922308F6895F82810DD
S3150801916001250295CDE900612146B8470BB0F0BD4E
S3150801917082B00190ADF8021047F67C30C2F20000C9
S31508019180006847F68031C2F200010968BDF802207D
S3150801919051F8221000EB410002B07047018A3822CB
S315080191A0408A02EA912141EA50307047B0B5CE4D66
S315080191B00446A86800283ED0698822888A4220D2B7
S315080191C002EB820100EB8101486880B32B698BB3FE
S315080191D053F8222072B30846FFF7E0FF0B3818BF91
S315080191E001202388A9682A6903EB830401EB84011A
S315080191F00C89498904FA00F0484352F823100330D0
S3150801920011E0A8880844904211D9501AE968ECF788
S31508019210E1FB0ED00B290AD1018940894843296906
S31508019220033051F8221020F003000844B0BD002095
S31508019230B0BD0D30B0BDAF48AF4940F6AB02E7F758
S31508019240F5F900BF10B5A84A936893B354880988FD
S31508019250A1420DD201EB810103EB8101CA680260CB
S315080192604A8A098A6FF35F326FF35F31C2801AE067
S31508019270938823448B420BD9091BD268C1EBC101E0
S3150801928052F8113002EB410149680360416010BD93
S315080192904FF6FE72914208D10021016008490988FA
S315080192A0C18008490988818010BD0021416001609B
S315080192B010BD9048904940F66C02E7F7B7F900BF30
S315080192C00A0300200803002087498A688AB34B8865
S315080192D00088984212D200EB800002EB8000028AD5
S315080192E001896FF35F328A4219D3428A4189002084
S315080192F06FF35F328A4238BF012070478A881A4461
S3150801930082429CBF00207047C01AC968C0EBC000E2
S3150801931001EB40000189B0F904208A4201DA0120F3
S3150801932070474189B0F9062000208A42B8BF01205A
S3150801933070477048704940F68502E7F777F900BF2C
S3150801934010B5694B9A680AB35C880188A14205D2AF
S31508019350186958B150F8210040B110BD98882044C9
S31508019360884208D9186900EB81000DE001EB8100FC
S3150801937002EB800008E04FF6FE7081421CBF002018
S3150801938010BDED4800684830006810BD59485A4973
S3150801939040F69402E7F74AF970B5054608460C46C1
S315080193A000F00AF80646204600F070F8E88000202A
S315080193B0AE80286070BD00004B498A6822B34B888D
S315080193C00088984204D200EB800002EB800009E095
S315080193D08A881A44824208D9C01AC968C0EBC000F3
S315080193E001EB4000008900B270474FF6FE718842D2
S315080193F008D13E483E4AD1490068002808BF0A46B6
S315080194001088F0E70020EEE73A483B4940F6460265
S31508019410E7F70CF9B0B5344DA96889B304466A88EB
S315080194200088904211D200EB800001EB8000FFF723
S31508019430B5FE296919B3228851F82210F9B1A0F1AC
S315080194400E01032938BF0846B0BDA98811448142D7
S3150801945009D9801AE968C0EBC00001EB4000007B1E
S3150801946000F01F00B0BD4FF6FE71884206D1F6F72F
S31508019470E7F80168096BBDE8B04008470020B0BDB0
S315080194801C481D4940F6DC02E7F7D0F816498A68F8
S3150801949022B34B880088984204D200EB800002EB85
S315080194A0800009E08A881A44824208D9C01AC96824
S315080194B0C0EBC00001EB4000408900B270474FF68F
S315080194C0FE71884208D109489C4A09490068002862
S315080194D008BF0A461088F0E70020EEE70548064966
S315080194E040F65902E7F7A2F8D80200201003002037
S315080194F00E03002015350208A535020881B0009033
S315080195000098006801B07047E0B50968006801ABCA
S315080195104FF40042F9F73EFD8CBD000083B002907E
S315080195200298009041680020019099B1FFE70099DF
S315080195308868CA6802F001010143002818BF0120A2
S31508019540002A18BF0122002918BF0121114008432A
S315080195500190FFE7019800F0010003B07047E0B5FC
S31508019560002182680091016801920A69694690475B
S315080195708CBD000081B00090009890F8240000F09E
S31508019580010001B07047B0B5ECF73AFAB4F9040036
S3150801959001280BDBB4F90600012807DB686928B145
S315080195A001688A6A2146BDE8B0401047B0BD00008F
S315080195B0B0B5ECF725FAB4F90400012810DBB4F9C3
S315080195C0060001280CDB686928B101680A69214689
S315080195D0BDE8B0401047074800680430A84200D0EB
S315080195E0B0BDF1F7D1FD0368216862681B6CBDE85F
S315080195F0B0401847C402002080B5024600208B6897
S31508019600106008685360C36A08461146984780BDCA
S3150801961080B582B001900198009090F82500C007A6
S3150801962028B1FFE70098016849698847FFE702B052
S3150801963080BD82880B881A444B880A80C288406993
S315080196401A444A8010B10268D26A1047704700006E
S3150801965081B00090009890F8250000F0010001B053
S31508019660704700207047FCF733BA00002DE9F04F28
S3150801967087B00191106851681546CDE9040118684B
S315080196805968CDE9020104A8F5F7A4F802A8294604
S31508019690F5F7B2F8BDF90870BDF81000BDF90A6012
S315080196A0BDF91420BDF90CB0BDF90E50384400922D
S315080196B0ADF80800BDF812003044ADF80A001E489E
S315080196C0ECF7BBFADFF874A0BDF90820BDF90A303A
S315080196D0BAF8001003FB012200EB420401FB05F076
S315080196E0019904EB40090020A0EB8B08A0EB4B0580
S315080196F0009816FB007001EB80074C4515D204EB68
S315080197004B06B44205D201CFFBF770F924F8020BD8
S31508019710F7E7BDF9141007EB080000EB8107BAF863
S315080197200010601900EB4104E7E70348ECF775FA06
S3150801973007B0BDE8F08F00BF8C8C00200C03002019
S31508019740102070477949828D09888A4224BF0020F2
S315080197507047283000F0ACBB80B582B00191F8F7AC
S315080197609FFB02B080BD00002DE9FC4104466F480D
S31508019770ECF77CFA24BF0020BDE8FC8104F1280639
S31508019780304600F0FBFB0546304600F0B3FB804649
S31508019790304600F03BFC0646ECF7E4FA0746ECF7E0
S315080197A060F9296832463B46CC690090284641460D
S315080197B0A047BDE8FC8100BF81B000900098283021
S315080197C001B070470020704781B00090002001B0B9
S315080197D07047000070B50446ED48ECF747FA24BF18
S315080197E0002070BD04F1280000F010FC0546ECF7D6
S315080197F0B9FA0646ECF735F9034620682946324692
S31508019800D0F878C02046BDE8704060471CB50446CC
S3150801981090F8360018B3DE48ECF728FA1FD2B4F9E7
S31508019820080001281BDBB4F90A00012817DB04F13B
S31508019830280000F0EBFBB4F94610002910D4B4F95E
S31508019840441000290CD4A16C814209D1D4E9101223
S315080198502068CDE9001202696946204690471CBD79
S31508019860206841692046BDE81C40084782B02DE9B9
S31508019870F04F9BB00546C648CDE924238946A98DF4
S315080198800088814246D224A805F128071A9038464D
S3150801989000F074FB06460068816B304688470DF177
S315080198A0040804464046F3F79BFE3068DDF868A0D5
S315080198B0C16C3046884783463068016D3046884713
S315080198C000904046494652465B46F2F780FED5F877
S315080198D03C90384600F00EFB0646384600F04EFB33
S315080198E0034695F8370029893246081A494600B2CF
S315080198F000904046F6F7AEFAB5F9341000B201FA0F
S3150801990084F2012A08DB00FB04F289B2013801FB63
S31508019910002404E0002402E00028D8BF002420B275
S315080199201BB0BDE8F04F02B0704700BF9C8C002009
S315080199302DE9F04FABB08246CF488B46898D00881A
S31508019940814273D20BF12804204600F017FB074623
S315080199502046079400F05AFB04463868816B38465E
S315080199608847BBF83410069001EB0008DBF83C1079
S3150801997012A8002960D0F3F733FE3868C16C38465F
S31508019980884706463868016D38468847ECF71DFA58
S315080199908146ECF73CFACDE9009012A821463246F9
S315080199A02B46F2F70BFEDBF8380040F002010BF10B
S315080199B00800022914BF0BF10A020246148802297B
S315080199C008BF0BF10A0005889BF83760079800F075
S315080199D091FABBF93410DBF83C20CDE90007A01B4E
S315080199E00DF120092B46CDE9021282B212A9484689
S315080199F0F7F7FEFB002600244846F7F7C1FA20B21E
S31508019A00BDF84240A042C8BF0446BDF82000013651
S31508019A1000285AD09DF84600002856D1387AA5EB79
S31508019A20080500FA85F00028E6DC4EE04FF0FF3124
S31508019A300020CAE90001A6E0F3F7D2FD3868C16C37
S31508019A403846884781463868016D38468847ECF7B5
S31508019A50BCF90646ECF7DBF9CDE9006012A8214608
S31508019A604A462B46F2F7AAFDDBF83800CDF814A0D2
S31508019A700DF148094FF0000A40F00200022814BF10
S31508019A800BF108000BF10A0005880026079800F07B
S31508019A9031FA03464846394647F6FF72F6F711FA90
S31508019AA004460FFA8AF0A042C8BF04464846013662
S31508019AB0F2F7E5FD38B9387AA5EB0805A24600FAAA
S31508019AC085F00028E2DCDDF814A0BBF8341006FBAB
S31508019AD008F0069A401A01B210B28142C8BF084678
S31508019AE0DBF83820797A42F00202022A14BF0BF118
S31508019AF00A020BF10802B2F900604518DBF800000A
S31508019B00C16E58468847012807D002280BD19BF811
S31508019B103710B0B22144401A07E020B20221301AA8
S31508019B2090FBF1F001E09BF83700FA7A3B7B811A4A
S31508019B301019DBF838201844032A08D0022A0ED057
S31508019B40012A14D1BBF808200C46561B04E0BBF8C1
S31508019B500A2001440026541A294605460AE0BBF89C
S31508019B600A200144541BBBF80820561A01E00E4688
S31508019B70002401460798C1EA054500F047FAC6EAF6
S31508019B800441CAE90015CAF808002BB0BDE8F08FF0
S31508019B909C8C00202DE9F04F8FB00446D148A28D48
S31508019BA00088824265D208684E6804F12805CDE925
S31508019BB00C06284600F02AFAB4F94620310C002A88
S31508019BC012D4B4F94420002A0ED4A26C82420BD1D5
S31508019BD0D4E91001CDE906010CA806A9F8F76AF936
S31508019BE0BDF83610BDF8346030B2012841DB08B241
S31508019BF001283EDB284600F0C1F9D0B306462068A5
S31508019C0094F83680D4F83090C16E2046884782464B
S31508019C10D4F838B0A78E284600F06CF98DF81D00E7
S31508019C20E06B8DF82A80ADF82870CDE908B98DF872
S31508019C301CA006960B9094F837008DF82B00F5F7C3
S31508019C40FFFC064604A82146FFF7D6FC284600F085
S31508019C50DDF90546ECF786F80746EBF702FFDDE97D
S31508019C60041206AB039030468DE8A8000CABF6F754
S31508019C70A3F80FB0BDE8F08F9C8C002042697AB139
S31508019C80F0B59388CC1A09D4008B431E84420ED3AF
S31508019C90C3EBC300EBF7A7FE002803DD0020F0BDE8
S31508019CA0002070470225C41848BF93FBF5F4002627
S31508019CB002259E42F2DCC4EBC40002EB4000878811
S31508019CC08F42ECD010D9B442E8DD631EC3EBC30062
S31508019CD0EBF789FE1844A042E0DA9C19B042B8BFF6
S31508019CE094FBF5F00446E4E79C42D7DA661CC6EB1A
S31508019CF0C600EBF778FED1D48419F0189C42C8BF88
S31508019D0090FBF5F4D5E7F8B5002631B30A2924D036
S31508019D10054642F20B0081421FD04FF6FF60814291
S31508019D201BD028461C461746FFF7A8FF064648B922
S31508019D30286801692846884701462846FFF79EFF95
S31508019D40064660B128683146C26D28469047386094
S31508019D502868C16B2846884720703046F8BD00261A
S31508019D60FBE70021416001607047B0B58D6A044682
S31508019D700020606020602DB1291D2046F8F734F8CF
S31508019D80AD69F8E7B0BD90F8252062B3FEB5846ADF
S31508019D903CB30E684F686D461CB394F82500F0B1C4
S31508019DA0211D2846CDE90067F8F784F8BDF90400B6
S31508019DB0012814DBBDF90600012810DBA088BDF8CF
S31508019DC00010081ABDF80210ADF80000E088081A5C
S31508019DD02946ADF802002068826820469047A469A2
S31508019DE0DAE7BDE8FE4070470120704781B0009070
S31508019DF00099C87A497B01F0070140EA012001B0C0
S31508019E007047017A407B00F02002400641EAC20110
S31508019E1048BF01F57E4108B27047000082B0019043
S31508019E20ADF80210019ABDF8020041F65C0100FB8B
S31508019E300120083002B0704781B00090012001B0BE
S31508019E407047000082B00190ADF802100198BDF884
S31508019E50021000EB0110083002B0704781B0009083
S31508019E60012001B07047000082B00190ADF80210E0
S31508019E700198BDF8021001EB410100EB81000830A1
S31508019E8002B0704781B00090012001B07047000010
S31508019E9081B000900098818848F69C40C2F2000083
S31508019EA0028800209142B8BF012001B07047000026
S31508019EB00B49096879B10B4A8088128890423FBFDD
S31508019EC001EB4000407800F0030070470648074957
S31508019ED08522E6F7ABFB064804498422E6F7A6FB8A
S31508019EE0988C00209C8C002077270208D03A02081B
S31508019EF03527020880B584B003900398029048F686
S31508019F009840C2F20000006808B1FFE70AE042F291
S31508019F103570C0F6020042F2E271C0F602019022E3
S31508019F20E6F784FB48F69840C2F200000168002073
S31508019F30019019B1FFE701200190FFE70298019905
S31508019F40FFF7A6FF08B1FFE70AE042F27770C0F60D
S31508019F50020042F2E271C0F602019122E6F766FBBF
S31508019F60029948F69840C2F200000068898800EB19
S31508019F7041004078C0F3810004B080BD80B584B04B
S31508019F8003900398029048F69840C2F200000068D0
S31508019F9008B1FFE70AE042F23570C0F6020042F264
S31508019FA0E271C0F602016C22E6F740FB48F69840DA
S31508019FB0C2F2000001680020019019B1FFE70120F3
S31508019FC00190FFE702980199FFF762FF08B1FFE7E1
S31508019FD00AE042F27770C0F6020042F2E271C0F678
S31508019FE002016D22E6F722FB029A48F6A040C2F268
S31508019FF00000006848F69841C2F200010968928893
S3150801A00011F8121050F8210004B080BD80B584B053
S3150801A01003900398029048F69840C2F2000000683F
S3150801A02008B1FFE70AE042F23570C0F6020042F2D3
S3150801A030E271C0F602016022E6F7F8FA48F698409E
S3150801A040C2F2000001680020019019B1FFE7012062
S3150801A0500190FFE702980199FFF71AFF08B1FFE798
S3150801A0600AE042F27770C0F6020042F2E271C0F6E7
S3150801A07002016122E6F7DAFA029948F6A440C2F229
S3150801A080000000688988FFF773F804B080BD0000F6
S3150801A09081B000900098006801B0704700A0704731
S3150801A0A07374643A3A6261645F657863657074696A
S3150801A0B06F6E0000042100F0D9B8704770470000A0
S3150801A0C080B5804704A000F0BCFD00F051F90CA052
S3150801A0D000F0B7FD00F032F97465726D696E61744E
S3150801A0E0655F68616E646C657220756E657870650A
S3150801A0F0637465646C792072657475726E65640043
S3150801A1007465726D696E6174655F68616E646C65AC
S3150801A1107220756E65787065637465646C792074F0
S3150801A1206872657720616E20657863657074696FFA
S3150801A1306E00000080B5804701A000F082FD00BFD7
S3150801A140756E65787065637465645F68616E646C65
S3150801A150657220756E65787065637465646C7920BF
S3150801A16072657475726E65640000000040F2100035
S3150801A170C2F200000068704740F21400C2F2000003
S3150801A1800068704710B500F06EFA08B104681CB98A
S3150801A190FFF7ECFFFFF794FF04F12800EEF7D3F978
S3150801A1A00028F5D06069FFF78BFF00F0C7F80000BB
S3150801A1B082B001908DF80310019804389DF90310B7
S3150801A1C002B0EFF7EDBE000080B584B0844606986C
S3150801A1D0CDF80CC08DF80B108DF80A208DF80930D2
S3150801A1E08DF80800039804389DF90B109DF90A208B
S3150801A1F09DF909309DF908C0EE46CEF800C0EFF783
S3150801A200DDFE04B080BD000082B001908DF8031018
S3150801A210019804389DF9031002B0EFF7F9BE000062
S3150801A22081B000900098043801B0EFF727BF00000D
S3150801A23082B0009000980190043802B0EFF72ABF67
S3150801A24082B00191009000980838019902B0F3F79D
S3150801A250A3BB083800F008B882B0009000980190B6
S3150801A260083802B0F3F7D2BBE6F7C3B8FFF7FCBF6D
S3150801A27081B00090009800280DD4FFE7009901F0FD
S3150801A2801F02012090404A094EF20011CEF2000148
S3150801A29041F82200FFE701B0704700004EF60C5066
S3150801A2A0CEF200000068C0F30220704782B0019028
S3150801A2B000910198002809D4FFE700980001019947
S3150801A2C04EF20042CEF2000288540AE000980001DC
S3150801A2D0019901F00F014EF61452CEF2000288548C
S3150801A2E0FFE702B07047000083B00290029800F0C1
S3150801A2F0070000904EF60C51CEF200010868019055
S3150801A30001984FF6FF02104001900198009A40EA21
S3150801A31002200022C0F2FA52104301900198086007
S3150801A32003B0704708461146EEF706BF08461146C0
S3150801A330EEF702BF08461146EEF7FEBE80B500F0FD
S3150801A34017F8FFF71FFFB0B5873020F0070420463E
S3150801A350EEF71DF9054630B128462146E6F747FAD4
S3150801A36005F18000B0BDFFF70DFFFFF7E7FF00001D
S3150801A37070B50546EEF7E7F8064600F06FF90446AC
S3150801A3802846283800BF7EB1C169002948BF49421D
S3150801A390226801319042C1611CBF826120606168F7
S3150801A3A001396160C06C70BD2168002902BF206057
S3150801A3B005F1580070BDFFF7E5FEFFF7BFFF10B5C1
S3150801A3C0044600F04BF9D4E9001244F64E43C0F2B4
S3150801A3D04303090A83EA122341EA026142F62B3250
S3150801A3E0C4F2437251401943A4F128010AD154F821
S3150801A3F0042C1AB98368816044F8083C501C44F857
S3150801A400040C02E0826812B98160012010BDFFF7D1
S3150801A410B9FEFFF793FF00002DE9F04F87B020B989
S3150801A4200020FFF7A5FFFFF7ADFE0546FFF7A0FFE2
S3150801A4302846EEF788F8074640B16C6B55E9060BD6
S3150801A440EE6AA5F1280A4FEAE47806E0FFF78EFEE0
S3150801A45083464FF0000AFFF78FFEFFF76BFEFFF703
S3150801A46087FF002F67D016F8011B06A80696EEF798
S3150801A47095FA06980178FF295FD0CDE9034800F1DE
S3150801A480010800204FF0000918F9011B01F07F02AD
S3150801A490824049EA0209002900F10700F4D4CDF8FF
S3150801A4A0188000F0E0F806680746002E45D006F148
S3150801A4B028042046EEF747F8B6EB0A0118BF012132
S3150801A4C00840C844DDF8109001281DD1D6F808A027
S3150801A4D0204603C800BF42F60132C4F22B3250406F
S3150801A4E044F64762C4F24C325140084314BF06F1A0
S3150801A4F0800CD6F804C00398494642465346CDE92E
S3150801A50000C5EEF723FB60B342F21060C0F6020005
S3150801A51000F10806059641F22C33039805AFC0F6FB
S3150801A520020349464246CDE90075EEF70FFB38B1FD
S3150801A53005A8AFF3008000F046F85846FFF7C0FDBE
S3150801A54000F041F80420FFF7FEFE066041F22C31C7
S3150801A5504AF2BB02C0F60201C0F6010200F0F1F8A8
S3150801A5600EE0F06979684042F061481C786000F0B5
S3150801A5702AF800F028F82046FFF7FAFE00F0B4F8AA
S3150801A58005A8AFF3008001E000E0FFE700F01BF843
S3150801A59000F058F8FFF7D2FE10B578B1044650F826
S3150801A5A07C0C013844F87C0C08D154F8741C09B1A8
S3150801A5B020468847A4F18000EDF7D9FF10BDFFF7C3
S3150801A5C0BDFEFFF7BBFEB0B500F04DF805460068C5
S3150801A5D0D0B1014651F8282F44F64E444B68C0F2D3
S3150801A5E04304120A84EA132442EA036242F62B332D
S3150801A5F0C4F243735A40224307D1C169B1F1FF3FFF
S3150801A60009DD0139C1610BD0B0BD0846EDF757F830
S3150801A61000202860B0BD0131C161F5D38069F8E732
S3150801A6208169296090F82810012905D14168A1F1AD
S3150801A6308004EDF79CFF20468030BDE8B040FFF767
S3150801A640ABBF00001EB47446EEF745FAA646024CA7
S3150801A650A4461EBC60470000A177000848F64C20B6
S3150801A660C2F20000704748F64C20C2F2000070475B
S3150801A670F0B581B00646A0F18007002014460D46C4
S3150801A68046F87C0CFFF778FD46F8700CFFF76EFD6F
S3150801A69046F86C0C44F6476042F6003148F6373204
S3150801A6A0C4F24C30C4F22B31C0F6000246E91E54FE
S3150801A6B046E91610384646F8502C01B0F0BD0000A0
S3150801A6C080B501A000F0BDFA5075726520766972F1
S3150801A6D07475616C2066756E6374696F6E2063614B
S3150801A6E06C6C65642100000070B5FFF7B7FF05685B
S3150801A6F02DB32C4654F8281F44F647636268C4F202
S3150801A7004C335A4042F6003321F0FF01C4F22B3391
S3150801A710594051EA020606D1E96942684942E961A6
S3150801A720511C416001E0002101602046ECF7FCFF65
S3150801A7302046FFF71DFE16B96869FFF7C1FCFFF74A
S3150801A74021FD70B514460D460646FFF787FF416899
S3150801A75022460131416030462946FFF789FF044602
S3150801A7600120606004F12800ECF7DEFF2046EEF7D1
S3150801A770D2F8000080B582B0EDF786FA4AF6FC6198
S3150801A780C2F2000101910860EDF7E0FA019948600B
S3150801A790EDF718FA01998860EDF706FC0199C8608A
S3150801A7A0EDF736FB01990861EDF798FB01994861C8
S3150801A7B0EDF75EFC0199886102B080BD80B582B073
S3150801A7C047F68430C2F200000190EFF7FBFC0199CD
S3150801A7D04AF2FD10C0F6000040F20002C0F600027F
S3150801A7E0E5F71EFF02B080BD80B582B040F2443065
S3150801A7F0C2F200000190F3F7CBFE01994EF24560D3
S3150801A800C0F6000040F20002C0F60002E5F708FFB4
S3150801A81002B080BD80B582B047F68830C2F200002A
S3150801A8200190F0F74DFA01994AF66950C0F6000011
S3150801A83040F20002C0F60002E5F7F2FE02B080BD62
S3150801A84080B582B048F6C010C2F200000190FCF74C
S3150801A85037F9019946F6E920C0F6010040F20002EF
S3150801A860C0F60002E5F7DCFE02B080BD80B54AF20B
S3150801A8706140C0F6000040F20401C2F2000140F254
S3150801A8800002C0F60002E5F7CBFE80BD80B584B0B4
S3150801A89069464FF4A0704860F020086048F6281011
S3150801A8A0C2F20000039047F68831C2F2000148F669
S3150801A8B0C012C2F2000247F68433C2F20003EEF771
S3150801A8C0CDFA039948F6C960C0F6000040F20002C5
S3150801A8D0C0F60002E5F7A4FE04B080BD2DE9F043F9
S3150801A8E085B00746884602A8394699461546EDF7C2
S3150801A8F00EFE039E294630460022EDF743FD029CD3
S3150801A90058B1049E3846214642462B46CDE9006990
S3150801A910EDF793FD05B0BDE8F083384621462A4692
S3150801A9203346CDF80090EDF7BEFD10B105B0BDE890
S3150801A930F0833846214642462B46CDE90069EDF7B4
S3150801A94036FD05B0BDE8F08380B5084600F06DF91F
S3150801A9500921002808BF0521013818BF084680BD0E
S3150801A9602DE9F0418CB0074600294FF0030000F0AD
S3150801A97086801546002A00F0828008460C46EDF7C7
S3150801A980E2FD27F0080102295DD00646012907F0F4
S3150801A990080727D0002943D1002F54D102A8012145
S3150801A9A0324623460095EDF707FE089808284AD04F
S3150801A9B0062864D100200B900BAF284600210D22F2
S3150801A9C000230097ECF708FF0B98206246B1079819
S3150801A9D0029904AF04F1240C8CCF8CE88D006163D5
S3150801A9E006204CE00020D4F8208002900DF1080CD6
S3150801A9F0284600210D220023CDF800C0ECF7ECFE15
S3150801AA00029880450ED156B304F124078FCF0790DB
S3150801AA1004A80EC0F817CDE902700620089028E0B0
S3150801AA2003202CE047F0020102A83246234600958E
S3150801AA30EDF7C2FD0898082805D006281FD120463B
S3150801AA40FFF7BDFC15E020462946FFF77DFF0146C5
S3150801AA50052818BF0920002908BF08200FE002A809
S3150801AA600621002223460095EDF7A6FD089806283B
S3150801AA7008D102AA20462946EDF755FF07200CB052
S3150801AA80BDE8F0812046FFF773FCFFF77BFB00006A
S3150801AA9080B582B001908DF80310FFE70198EAF7B7
S3150801AAA0C7FC08B9FFE7F9E701989DF80310EAF72B
S3150801AAB0C7FC02B080BD70B50546006814464269F8
S3150801AAC028460E46904740B128683146826928468D
S3150801AAD09047C4E90001002070BD4EF27260CFF6BE
S3150801AAE0FF7070BD10B502680C46526A90476168DE
S3150801AAF00020002904BF4EF26B60CFF6FF7010BD2F
S3150801AB0070B5054600681446826828460E46904781
S3150801AB1038B128683146C268284690472060002027
S3150801AB2070BD4EF27260CFF6FF7070BDB0B50446C7
S3150801AB3042F2C850C0F6020048F6A8420830C2F2EE
S3150801AB400002C4E9000204F1080000254022A4F825
S3150801AB504C5084F84E50E5F7A9FD04F150004FF426
S3150801AB609971A564E5F743FE20460021FCF72BFF02
S3150801AB700020B0BD80B50168896A88474EF27460C5
S3150801AB80CFF6FF7080BD0168C96B08472DE9F04112
S3150801AB900546006816464269284698460F46904774
S3150801ABA048B128683946C469284632464346A0470B
S3150801ABB00020BDE8F0814EF27260CFF6FF70BDE865
S3150801ABC0F08170B58AB00446006816468268204648
S3150801ABD00D46904718B32068294603692046324630
S3150801ABE09847681C19D120686946426A20469047E9
S3150801ABF020680021426B20469047049868B1206876
S3150801AC006FF00101C268204690472168049A0B69D2
S3150801AC10024420466FF001019847002003E04EF2F6
S3150801AC207260CFF6FF700AB070BD01680A6A00212A
S3150801AC301047000080B582B00190E7F7F1FFFFE702
S3150801AC40FEE780B5E6F77AF980B582B08DF8070098
S3150801AC50E7F79EF90021084600F062F80A200090FD
S3150801AC6000F092F90120FF2100F05AF8009800F04F
S3150801AC708BF90220E02100F053F8009800F084F9DE
S3150801AC800321084600F04CF8009800F07DF99DF87C
S3150801AC9007100520EBF78EFE009800F075F99DF870
S3150801ACA007100620EBF786FE009800F06DF99DF86F
S3150801ACB007100720EBF77EFE009800F065F99DF86E
S3150801ACC007100820EBF776FE009800F05DF99DF86D
S3150801ACD007100920EBF76EFE009800F055F9E6F724
S3150801ACE0F1FF02B080BD000080B584B0ADF80E005A
S3150801ACF00020C4F202000190102102910022E8F717
S3150801AD00EDF99DF80F0000F075F89DF80E0000F0BA
S3150801AD1071F8019802990122E8F7E0F904B080BDBB
S3150801AD2080B584B08DF80F008DF80E100020C4F29E
S3150801AD3002000190102102910022E8F7CFF99DF84F
S3150801AD400F0040000130C0B200F054F89DF80E0023
S3150801AD5000F050F8019802990122E8F7BFF904B00A
S3150801AD6080BD000080B584B0002202928DF80F20C4
S3150801AD700020C4F202001021E8F7B0F902988DF814
S3150801AD800E00FFE79DF80E0007282FDCFFE79DF868
S3150801AD900F0040008DF80F000020C4F20200019058
S3150801ADA020210122E8F79AF901984021E8F76EF97E
S3150801ADB038B1FFE79DF80F0040F001008DF80F004C
S3150801ADC006E09DF80F0000F0FE008DF80F00FFE782
S3150801ADD00020C4F2020020210022E8F77FF9FFE7EC
S3150801ADE09DF80E0001308DF80E00CBE79DF80F0097
S3150801ADF004B080BD80B584B08DF80F009DF80F00B2
S3150801AE008DF80E000020C4F20200102100220292E1
S3150801AE10E8F764F902988DF80D00FFE79DF80D0033
S3150801AE20072830DCFFE79DF80E000006002808D544
S3150801AE30FFE70020C4F2020080210122E8F74EF95B
S3150801AE4007E00020C4F2020080210022E8F746F953
S3150801AE50FFE70020C4F2020000902021019101229F
S3150801AE60E8F73CF9009801999DF80E2052008DF8F3
S3150801AE700E200022E8F732F9FFE79DF80D000130B0
S3150801AE808DF80D00CAE704B080BD000080B54AF60A
S3150801AE90E820C2F2000002F0E1FF0620FFF7D4FE27
S3150801AEA080BD0368002B08D401230B60C1790423F4
S3150801AEB0043003EB810111607047C3F3036CBCF1E5
S3150801AEC0000F0FD0BCF1030F04D0BCF1010F1CBF5A
S3150801AED000207047C3F3074C042303EB8C034FF0A0
S3150801AEE0020C02E04FF0010C04231360C1F800C004
S3150801AEF07047000080B582B0ADF806000420E9F776
S3150801AF0049FABDF806004AF6A401C2F20001086032
S3150801AF10BDF80600009000984FF47A7148430090F6
S3150801AF204EF21001CEF20001086840F002000860F6
S3150801AF3000984EF21402CEF200021060086840F042
S3150801AF400100086002B080BD80B582B0019004F0AE
S3150801AF50E5F9012804D0FFE7019803F0FBF911E0B0
S3150801AF6000200090FFE700980199884209D2FFE77F
S3150801AF704FF47A7000F008F8FFE700980130009066
S3150801AF80F1E7FFE702B080BD86B005900020019089
S3150801AF904EF21400CEF200000068009005984AF6B9
S3150801AFA0A401C2F200010968484304904EF2180050
S3150801AFB0CEF2000000680390FFE74EF21800CEF2C9
S3150801AFC00000006802900298039988421ED0FFE7A4
S3150801AFD002980399884207D2FFE703980299411A12
S3150801AFE001980844019008E000980299401A0399CB
S3150801AFF00144019808440190FFE7029803900198DB
S3150801B0000499884201D3FFE701E0FFE7D5E706B0D7
S3150801B0107047000080B582B00190009100984AF609
S3150801B0204001C2F20001884209D1FFE79DF80410E8
S3150801B03041F20000C4F20100FFF72AFD11E0009871
S3150801B0404AF2EC71C2F20001884209D1FFE79DF884
S3150801B050041041F20000C4F20100FFF719FDFFE7F1
S3150801B060FFE7019802B080BD80B582B04AF6F0606C
S3150801B070C2F2000069464860022008604DF6F910E0
S3150801B080C0F6010042F69E71C0F602018022002335
S3150801B09004F0BAF803F02AFB02B080BD80B582B08D
S3150801B0A001909DF804104AF69400C2F20000E6F7F2
S3150801B0B085FF02B080BD000081B08DF80300012034
S3150801B0C08DF80200FFE79DF80300C00758B9FFE7AE
S3150801B0D09DF8020001308DF802009DF80300400832
S3150801B0E08DF80300EFE79DF8020001B070470000F4
S3150801B0F080B584B0ADF80E008DF80D109DF80D00E1
S3150801B100E8B9FFE7BDF80E0005F014FC41EC100B99
S3150801B1109FED251B53EC112B51EC100B05F01EFC72
S3150801B12041EC100B51EC100B9FED210B53EC102B3E
S3150801B13005F030FA41EC100B8DED000B2EE0BDF851
S3150801B1400E0005F0F7FB41EC100B9FED1B1B53ECB2
S3150801B150112B51EC100B05F001FC41EC100B51ECD5
S3150801B160100B9FED130B53EC102B05F013FA41EC62
S3150801B170100B51EC100B9FED120B53EC102B05F035
S3150801B180EDFB41EC100B51EC100B05F05FFB05F0E4
S3150801B190BAFB41EC100B8DED000BFFE79DED000BA3
S3150801B1A004B080BD00BF00BF9A9999999999494001
S3150801B1B000000000E0FFEF4000000000000024400E
S3150801B1C00000000000408F4082B0019001990020E4
S3150801B1D0009041B1FFE70198411E0840B0FA80F09E
S3150801B1E040090090FFE7009800F0010002B070479F
S3150801B1F082B0019001990020009041B1FFE70198C2
S3150801B200411E0840B0FA80F040090090FFE7009817
S3150801B21000F0010002B0704782B001900198C0F1B8
S3150801B220140000900098152803DBFFE7142000900E
S3150801B23009E0009810F1150F04DCFFE76FF0130021
S3150801B2400090FFE7FFE79DF9000002B07047000094
S3150801B25080B582B08DF803009DF80300012807D157
S3150801B260FFE740F21801C2F2000101200870FFE76A
S3150801B27040F21800C2F200000078002800F00381AD
S3150801B280FFE741F20000C4F202000821E7F7FEFEDB
S3150801B290002861D0FFE70020C4F202004FF4004104
S3150801B2A0E7F7F4FE002857D0FFE740F20040C4F262
S3150801B2B002004FF40061E7F7E9FE00284CD0FFE7EA
S3150801B2C040F20040C4F202004FF48061E7F7DEFE67
S3150801B2D0002841D0FFE70020C4F202004FF4807134
S3150801B2E0E7F7D4FE012837D0FFE740F60000C4F29D
S3150801B2F002004FF40071E7F7C9FE01282CD0FFE7D9
S3150801B30040F60000C4F202004FF48071E7F7BEFE72
S3150801B310012821D0FFE741F20000C4F20200802192
S3150801B320E7F7B4FE012817D0FFE741F20000C4F29F
S3150801B33002004FF48071E7F7A9FE01280CD0FFE758
S3150801B34041F20000C4F202004FF40071E7F79EFED5
S3150801B350012840F09880FFE70A20E7F797FC40F2BA
S3150801B3601801C2F200010020087041F20000C4F27F
S3150801B37002000821E7F78AFE18B9FFE701200190C4
S3150801B380F0E00020C4F202004FF40041E7F77EFE28
S3150801B39018B9FFE702200190E4E040F20040C4F248
S3150801B3A002004FF40061E7F771FE18B9FFE70320C1
S3150801B3B00190D7E040F20040C4F202004FF48061E8
S3150801B3C0E7F764FE18B9FFE704200190CAE00020F8
S3150801B3D0C4F202004FF48071E7F758FE012803D141
S3150801B3E0FFE705200190BDE040F60000C4F2020027
S3150801B3F04FF40071E7F74AFE012803D1FFE706205B
S3150801B4000190AFE040F60000C4F202004FF48071EB
S3150801B410E7F73CFE012803D1FFE707200190A1E0E9
S3150801B42041F20000C4F202008021E7F72FFE01284D
S3150801B43003D1FFE70820019094E041F20000C4F22D
S3150801B44002004FF48071E7F721FE012803D1FFE7D7
S3150801B4500920019086E041F20000C4F202004FF48F
S3150801B4600071E7F713FE012803D1FFE70A200190CF
S3150801B47078E0FFE7FFE7FFE7FFE7FFE7FFE7FFE71B
S3150801B480FFE7FFE76BE041F20000C4F20200082182
S3150801B490E7F7FCFD012861D1FFE70020C4F20200AD
S3150801B4A04FF40041E7F7F2FD012857D1FFE740F2D3
S3150801B4B00040C4F202004FF40061E7F7E7FD0128F6
S3150801B4C04CD1FFE740F20040C4F202004FF480611C
S3150801B4D0E7F7DCFD012841D1FFE70020C4F20200AD
S3150801B4E04FF48071E7F7D2FDC0BBFFE740F60000D5
S3150801B4F0C4F202004FF40071E7F7C8FD70BBFFE71D
S3150801B50040F60000C4F202004FF48071E7F7BEFD71
S3150801B51020BBFFE741F20000C4F202008021E7F7F1
S3150801B520B5FDD8B9FFE741F20000C4F202004FF4B5
S3150801B5308071E7F7ABFD88B9FFE741F20000C4F275
S3150801B54002004FF40071E7F7A1FD38B9FFE740F2B1
S3150801B5501801C2F2000101200870FFE7FFE7002089
S3150801B5600190FFE7019802B080BD000080B588B060
S3150801B570002003908DF81E008DF81D0040F600008E
S3150801B580C4F2020005900F2104910122E7F7A6FDF6
S3150801B590039A0598F021E7F7A1FD0498E7F776FBEA
S3150801B5A00598E6F703FD00F0F0008DF81D009DF8FB
S3150801B5B01D0020B9FFE700208DF81F005FE09DF808
S3150801B5C01D00102813D0FFE79DF81D0020280ED076
S3150801B5D0FFE79DF81D00402809D0FFE79DF81D00EB
S3150801B5E0802804D0FFE700208DF81F0047E040F6C9
S3150801B5F00000C4F2020002900F2101910022E7F730
S3150801B6006DFD0298F0210122E7F768FD0198E7F739
S3150801B6103DFB0298E6F7CAFC00F00F008DF81E0004
S3150801B6209DF81E00012813D0FFE79DF81E00022889
S3150801B6300ED0FFE79DF81E00042809D0FFE79DF804
S3150801B6401E00082804D0FFE700208DF81F0016E029
S3150801B6509DF81D00FFF730FD04388DF81C009DF894
S3150801B6601E00FFF729FD8DF81B009DF81C109DF89B
S3150801B6701B0000EB810004388DF81F00FFE79DF8D9
S3150801B6801F0008B080BD000080B5E7F751FDB42062
S3150801B690FFF730FCEBF7D2F9E9F74AFFE9F716FFAE
S3150801B6A0EAF73AF9E9F7D6FEE9F7E6FEEAF7C2F864
S3150801B6B0EAF7E8F8EAF726F9FFF7E8FBFFF7D4FC1B
S3150801B6C0002080BD80B588B007900798806A08B9C0
S3150801B6D0FFE7C8E00798406A0690FFE70698C06842
S3150801B6E006990969884200F0BE80FFE70698C16895
S3150801B6F0069A526811400844007D8DF817009DF896
S3150801B700170008B9FFE7AEE00698C0680699096907
S3150801B710884205D9FFE70799486B01304863A2E0DB
S3150801B7200698C06806994968084002900698C06854
S3150801B7309DF81710084406994968084001909DF834
S3150801B740170004380699CA680232069B5B681A40D4
S3150801B7501144097D88420FD0FFE79DF81720069905
S3150801B760C8681044C8600799886A013888620799C9
S3150801B770486B01304863B1E70198029988423AD289
S3150801B780FFE79DF817000799C969884223D8FFE79B
S3150801B79007988069069A029BD11814311268D21A41
S3150801B7A0E4F784FF07988069069951F8142B029BE0
S3150801B7B0D21A1044019AE4F779FF0798806940780C
S3150801B7C08DF816009DF817000438039007988069CC
S3150801B7D0033004900EE09DF817200699C8681044B6
S3150801B7E0C8600799886A013888620799486B0130E9
S3150801B7F0486373E71CE00698C1680131069A5268E6
S3150801B80011400844007D8DF816000698C16802317A
S3150801B810069A526811400844007D03900698C1684B
S3150801B8200331069A52681140084414300490FFE720
S3150801B8300798006840B1FFE70798036803989DF8E1
S3150801B8401610049A9847FFE70799086B01300863B1
S3150801B8509DF817200699C8681044C8600799886A30
S3150801B860013888623AE708B080BD000084B00390C9
S3150801B87002910398406A019000200090FFE7009822
S3150801B8800299884280F08A80FFE7039880690099C7
S3150801B890405C8F280BD1FFE7039890F82000C0077A
S3150801B8A028B9FFE70399012081F8200072E0019881
S3150801B8B0407AC00778B1FFE701980169019A526891
S3150801B8C01140014400200875019A1169013111617D
S3150801B8D001994872FFE7039880690099405C0199CC
S3150801B8E00A69019B5B681A40114408750199086940
S3150801B8F0013008610199087A0130087201990868CE
S3150801B9000969019AD268891A88420ED1FFE7019915
S3150801B9100020C86001990861039988620199087233
S3150801B9200399C86B0130C863FFE7039890F82000B4
S3150801B930C00728B1FFE70399002081F8200029E014
S3150801B940039880690099405C7F2818D1FFE701991F
S3150801B950087A0130D1F810C0019B1A7AD2436244A1
S3150801B9605B681A401144087501990020087201990B
S3150801B970012048720399886A01308862FFE70399B2
S3150801B980886A896B884204D9FFE70399886A8863BC
S3150801B990FFE7FFE700980130009070E704B07047B1
S3150801B9A080B584B000200190FFE7019868BBFFE7E6
S3150801B9B001994AF63440C2F2000050F8210003907A
S3150801B9C0039808B9FFE71CE00398806808B9FFE700
S3150801B9D017E00398406A08B9FFE712E00398FFF7F2
S3150801B9E071FE039A90689169D26902F093F90290FF
S3150801B9F0029808B9FFE704E003980299FFF736FFB2
S3150801BA00FFE7019801300190CFE704B080BD00003F
S3150801BA1080B584B003904AF6E820C2F2000002908D
S3150801BA2001F036FB4DF22901C0F601010020019013
S3150801BA3000F05EF80198029980224FF4007300F035
S3150801BA4007F8FFE7FFF7ACFF0A2002F083FCF9E7E6
S3150801BA5080B586B00590049103920293059808B1C2
S3150801BA60FFE743E00298FFF7AFFB08B9FFE73DE0C0
S3150801BA7005994AF63440C2F2000050F8210098B9F7
S3150801BA80FFE740200090E4F785FC00990246059BF4
S3150801BA904AF63440C2F2000040F82320059A50F8CD
S3150801BAA02200E4F7A4FEFFE705994AF63440C2F2FC
S3150801BAB0000050F8210001900498019988600398C4
S3150801BAC0E4F768FC019988610198806908B9FFE77C
S3150801BAD00CE003980199C861029800F073F901997D
S3150801BAE048620198406A08B9FFE7FFE706B080BDDA
S3150801BAF080B584B003900291039808B1FFE725E069
S3150801BB0003994AF63440C2F2000050F8210098B968
S3150801BB10FFE740200190E4F73DFC01990246039BAB
S3150801BB204AF63440C2F2000040F82320039A50F83E
S3150801BB302200E4F75CFEFFE70298039A4AF63441CD
S3150801BB40C2F2000151F822100860FFE704B080BD77
S3150801BB5080B586B0059004910392059808B1FFE770
S3150801BB6046E005994AF63440C2F2000050F8210031
S3150801BB7098B9FFE740200190E4F70CFC01990246C9
S3150801BB80059B4AF63440C2F2000040F82320059A84
S3150801BB9050F82200E4F72BFEFFE705994AF63440F0
S3150801BBA0C2F2000050F821000290049802994860F8
S3150801BBB00298C06828B1FFE70298C068E4F719FC43
S3150801BBC0FFE70398E4F7E6FB0299C8600298C068A4
S3150801BBD008B9FFE70CE003980299086102984069E1
S3150801BBE030B9FFE7012002F09BFE02994861FFE7A1
S3150801BBF006B080BD80B58CB00B900A910992089366
S3150801BC00099818B1FFE7089808B9FFE7D7E00B9834
S3150801BC1008B1FFE7D3E00B994AF63440C2F20000B7
S3150801BC2050F8210008B9FFE7C9E00B994AF63440F4
S3150801BC30C2F2000050F8210007900798406820B129
S3150801BC40FFE70798C06808B9FFE7B8E007984069B1
S3150801BC504FF0FF3103F0A6F90798006908990531F5
S3150801BC60884213D8FFE70798C06808994900E4F79E
S3150801BC70E7FB0690069808B9FFE7A0E0069807993A
S3150801BC80C86008984000079908611CE0089800EB0D
S3150801BC904000093007990969884213D8FFE70799CF
S3150801BCA0C86809694908E4F7CBFB0590059808B9FE
S3150801BCB0FFE784E005980799C8600799086940086D
S3150801BCC00861FFE7FFE70798C06804900020039022
S3150801BCD00B9A0A9941EA0211049A039BD1540399D2
S3150801BCE0013103910899049A039BD15403990131AF
S3150801BCF003910290FFE702980899884222D2FFE74A
S3150801BD0009980299405C7F2806D0FFE709980299AD
S3150801BD10405C8F2808D1FFE70499039A8F2088543D
S3150801BD20039801300390FFE709980299405C04994A
S3150801BD30039A8854039801300390FFE7029801306B
S3150801BD400290D8E70499039A7F2088540398013012
S3150801BD5003900499039A4AF63830C2F2000001901A
S3150801BD60E4F7A4FC019942F60730C0F60200E4F7AD
S3150801BD7041FC07984068806B58B1FFE7079840680F
S3150801BD800499039A02F024F80798406801F0E6FF3F
S3150801BD9009E0079840680499BDF80C204FF6FF732F
S3150801BDA0E9F73AFAFFE70799C86A0130C8620798BE
S3150801BDB04069002319461A4602F06EFEFFE70CB0E9
S3150801BDC080BD000080B584B0029002981430E4F773
S3150801BDD0E1FA0190019818B9FFE70020039011E0F4
S3150801BDE002980199086002980138019948600199F9
S3150801BDF00020C860019908610199012048720198DB
S3150801BE000390FFE7039804B080BD000081B000905D
S3150801BE10009801380090009840EA50000090009878
S3150801BE2040EA90000090009840EA101000900098AF
S3150801BE3040EA10200090009840EA104000900098CF
S3150801BE40013001B07047000080B588B007900691AF
S3150801BE504BF22800C2F20100006804904AF64440F9
S3150801BE60C2F20000006803904AF64C40C2F2000094
S3150801BE70006802904AF63C40C2F2000002680021BE
S3150801BE8082F859100068043002F094F888B9FFE77F
S3150801BE904AF63C40C2F200000068C16A012000FA75
S3150801BEA001F24AF62C71C2F2010108689043086052
S3150801BEB000E0FFE70798013028BBFFE7069810B3B3
S3150801BEC0FFE7FFE74BF20001C2F201014868019062
S3150801BED0019A4AF63C40C2F2000003689A60019A48
S3150801BEE092680368DA6002680432019B9B685A60AB
S3150801BEF002680432019B9A60006841610868013052
S3150801BF000860FFE735E00498079908440590059805
S3150801BF104AF63C41C2F2000109684860059804994D
S3150801BF2088420AD2FFE702984AF63C41C2F200016A
S3150801BF300968043102F0A6F81AE003984AF63C416A
S3150801BF40C2F200010968043102F09CF805984AF624
S3150801BF508C71C2F201010968884207D2FFE7059888
S3150801BF604AF68C71C2F20101086000E0FFE7FFE7BB
S3150801BF70FFE708B080BD000080B582B0019002F0ED
S3150801BF80DFF84AF61C71C2F201010868013008603F
S3150801BF904AF63C40C2F20000006898B9FFE70198EA
S3150801BFA04AF63C41C2F2000108604AF61C70C2F228
S3150801BFB001000068012803D1FFE700F083FB00E0D8
S3150801BFC0FFE71CE04AF6F470C2F201000068A0B966
S3150801BFD0FFE74AF63C40C2F200000068C06A0199D0
S3150801BFE0C96A884207D8FFE701984AF63C41C2F276
S3150801BFF00001086000E0FFE700E0FFE7FFE74AF617
S3150801C0002870C2F2010001680131016000680199D6
S3150801C0104864FFE70198C16A012000FA01F24AF66D
S3150801C0202C71C2F20101086810430860FFE7019804
S3150801C030C06A00EB80004AF65441C2F2000101EBE6
S3150801C0408000406800900098019A90600098806886
S3150801C050019AD06001980430009A9268506001985C
S3150801C0600430009A9060019AD06A00EB800001EBD7
S3150801C070800050610198C06A00EB800251F82200E5
S3150801C080013041F82200FFE7FFE702F071F84AF6AE
S3150801C090F470C2F201000068D8B1FFE7FFE74AF67B
S3150801C0A03C40C2F200000068C06A0199C96A884228
S3150801C0B00CD2FFE74EF60451CEF200014FF0805044
S3150801C0C00860BFF34F8FBFF36F8F00E0FFE7FFE70D
S3150801C0D000E0FFE702B080BD80B582B002F030F81B
S3150801C0E04BF22C00C2F201000068B0BBFFE74AF62A
S3150801C0F03070C2F20100009001F0A4FF4AF64470C4
S3150801C100C2F20100019001F09DFF009901984AF6DB
S3150801C1104042C2F2000211604AF65041C2F20001E1
S3150801C120086005201021002202F00EFC01464BF2A0
S3150801C1302C00C2F201000160006860B1FFE74BF212
S3150801C1402C00C2F20100006842F6BD71C0F6020178
S3150801C15002F080F800E0FFE700E0FFE702F008F8E8
S3150801C16002B080BD80B582B0FFE74AF62070C2F200
S3150801C1700100006808B3FFE701F0E2FF4BF2140083
S3150801C180C2F20100C068C06801900198043001F04C
S3150801C19011FF4AF61C71C2F20101086801380860EC
S3150801C1A04AF62071C2F2010108680138086001F0F7
S3150801C1B0DFFF019800F01EF9D7E702B080BD000045
S3150801C1C080B582B0019000910198006CB8B1FFE783
S3150801C1D00199C8680A6C1044C86001988168C068EA
S3150801C1E0884204D3FFE701990868C86000E0FFE7C1
S3150801C1F00098019AD168126CE4F758FAFFE702B081
S3150801C20080BD000080B586B0059004910392002098
S3150801C21002900598806B01900598006C78B9FFE744
S3150801C2200598006848B9FFE70598806803F0C4F9DE
S3150801C230029005990020886000E0FFE741E0039835
S3150801C240B8B9FFE7059A04995068126CE4F72EFA13
S3150801C250059948680A6C10444860059948688968D0
S3150801C260884204D3FFE705990868486000E0FFE7BC
S3150801C27026E0059A0499D068126CE4F717FA05992D
S3150801C280C8680A6C801AC86005980168C06888423F
S3150801C29006D2FFE7059988680A6C801AC86000E02B
S3150801C2A0FFE70398022809D1FFE7019820B1FFE7C4
S3150801C2B001980138019000E0FFE700E0FFE7FFE79A
S3150801C2C0FFE70198013005998863029806B080BD99
S3150801C2D080B58AB001200990002003900290FFE7FB
S3150801C2E002980F2813DCFFE7029A42F6B870C0F6E7
S3150801C2F00200815C04A881540299405C08B9FFE7F1
S3150801C30005E0FFE7FFE7029801300290E8E7002021
S3150801C3100890FFE70898002820DCFFE74CF2255033
S3150801C320C0F6010003900398089A4AF68471C2F28E
S3150801C330010101EB820269464A6000230B6004A9E8
S3150801C340802202F061FF0990099808B9FFE705E024
S3150801C350FFE7FFE7089801300890DBE709980AB07C
S3150801C36080BD000070B58AB0DDF83CC0DDF838C084
S3150801C37009900891ADF81E200693BDF81E008000AD
S3150801C38000F046FD04900498A0B1FFE75C2000F098
S3150801C3903FFD0590059840B1FFE705985C21E4F754
S3150801C3A004FA04980599086303E0049801F0F4FE79
S3150801C3B0FFE702E000200590FFE70598B0B1FFE727
S3150801C3C009980899BDF81E20069BDDF838C00F9C10
S3150801C3D0059DEE460026CEF80C60CEF80850CEF83C
S3150801C3E00440CEF800C000F0F7F8FFE705980AB058
S3150801C3F070BD000080B582B001900198006B01F014
S3150801C400CBFE019801F0C8FE02B080BD82B0019052
S3150801C4100198406A38B1FFE70198006B0068C0F1DE
S3150801C4202000009002E000200090FFE7009802B08B
S3150801C4307047000082B001904AF64040C2F20000FF
S3150801C44000680068B0FA80F040090199086001980F
S3150801C450006848B9FFE74AF64040C2F200000068A2
S3150801C460C0680068009002E000200090FFE700988D
S3150801C47002B0704784B04FF6FF7000904AF6187004
S3150801C480C2F2000001909DF80400400788B1FFE759
S3150801C490019807300190019820F007000190019A50
S3150801C4A04AF61871C2F200010098891A08440090E8
S3150801C4B0FFE70198029002994AF6F870C2F2010064
S3150801C4C00160002141600298009A10440190019888
S3150801C4D008380190019820F007000190019A4AF660
S3150801C4E04840C2F2000002600268516002681160A9
S3150801C4F0029903910199039A891A5160006803996F
S3150801C5000860039840684AF68871C2F2010108601A
S3150801C510039840684AF68071C2F20101086004B0C6
S3150801C5207047000080B582B00190FFE7FFF71AFE59
S3150801C5304AF65440C2F20000006802280CD3FFE70D
S3150801C5404EF60451CEF200014FF080500860BFF359
S3150801C5504F8FBFF36F8F00E0FFE7E7E780B582B043
S3150801C5600190019868B1FFE701980023836001985B
S3150801C57003600198C360019819461A4602F08CFABD
S3150801C58000E0FFE702B080BD80B584B0DDF818C0D1
S3150801C5900390029101928DF80330029818B9FFE7CA
S3150801C5A00698006003E0019806990860FFE703987A
S3150801C5B00699C8630298069908640698012102F04B
S3150801C5C003FA9DF80300069981F8500006990020A0
S3150801C5D0886404B080BD000080B586B0DDF82CC043
S3150801C5E0DDF828C0DDF824C0DDF820C005900491E7
S3150801C5F0ADF80E2002930A98006BBDF80E1089005B
S3150801C600A522E4F7CAF80A98006BBDF80E1000EBEC
S3150801C610810004380190019820F0070001900498E0
S3150801C620F8B1FFE700200090FFE700980F2813D81C
S3150801C630FFE70498009A805C0A99114481F834004E
S3150801C64004980099405C08B9FFE705E0FFE7FFE7B2
S3150801C650009801300090E8E70A99002081F8430024
S3150801C66000E0FFE70898202803D3FFE71F2008907A
S3150801C67000E0FFE708980A99C86208980A99C86409
S3150801C6800A98043001F0F6FC0A98183001F0F2FC19
S3150801C6900A9800610898C0F120000A9988610A98E9
S3150801C6A0406201980599029A00F08EFC0A99086081
S3150801C6B0099820B1FFE70A980999086000E0FFE7A1
S3150801C6C006B080BD80B584B000200390FFE70398CB
S3150801C6D01F2810D8FFE7039800EB80014AF654405B
S3150801C6E0C2F2000000EB810001F0ACFCFFE7039801
S3150801C6F001300390EBE74AF65870C2F20100019047
S3150801C70001F0A0FC4AF66C70C2F20100029001F039
S3150801C71099FC4AF6A070C2F2010001F093FC4BF2B3
S3150801C7201400C2F2010001F08DFC4BF20000C2F2C6
S3150801C730010001F087FC019902984AF64442C2F2C7
S3150801C740000211604AF64C41C2F20001086004B0C9
S3150801C75080BD000083B002904AF6F870C2F201006B
S3150801C7600190FFE7019800680299884205D2FFE720
S3150801C770FFE7019800680190F4E701980090009896
S3150801C7800199496808440299884209D1FFE7029844
S3150801C790426801994868104448600198029000E08F
S3150801C7A0FFE70298009000980299496808440199A0
S3150801C7B00968884220D1FFE7019800684AF648418E
S3150801C7C0C2F20001096888420DD0FFE701980068A6
S3150801C7D042680299486810444860019800680068F0
S3150801C7E00299086007E04AF64840C2F2000000686C
S3150801C7F002990860FFE704E0019800680299086059
S3150801C800FFE701980299884204D0FFE70298019947
S3150801C810086000E0FFE703B07047000080B586B006
S3150801C82005900491039202930020019004980599BA
S3150801C83048600598006104980399884216D8FFE76D
S3150801C84003980299401A05998969884203D3FFE733
S3150801C8500120019009E04AF65040C2F20000006842
S3150801C8600599043101F00EFCFFE717E003980299D8
S3150801C870884208D2FFE704980299884203D3FFE762
S3150801C8800120019009E04AF64040C2F20000006822
S3150801C8900599043101F0F6FBFFE7FFE7019806B0B9
S3150801C8A080BD000080B582B0019001F049FC019875
S3150801C8B0806B18B9FFE70120009002E00020009084
S3150801C8C0FFE701F055FC009802B080BD80B582B043
S3150801C8D0019001F035FC0198806B0199C96B88427A
S3150801C8E003D1FFE70120009002E000200090FFE756
S3150801C8F001F03EFC009802B080BD000080B586B00C
S3150801C90005900598806C0490002003900498806B2C
S3150801C9100499C96B884235D2FFE7049890F8450017
S3150801C9208DF80B00049805A90022FFF76BFC03900C
S3150801C9309DF90B00013088B9FFE70498406A58B1A0
S3150801C940FFE70498243002F067FF18B1FFE70120DA
S3150801C950039000E0FFE700E0FFE712E0FFE701F0E0
S3150801C9604DFB01909DF90B000199884207D2FFE71B
S3150801C9709DF80B000130049981F84500FFE7FFE7B0
S3150801C980FFE700E0FFE7039806B080BD08480068A6
S3150801C990006880F308884FF0000080F3148862B6B7
S3150801C9A061B6BFF34F8FBFF36F8F00DF00BF000083
S3150801C9B008ED00E080B584B0039002914AF6404044
S3150801C9C0C2F200000068C068C0680190019804308E
S3150801C9D001F0F0FA019890F828004007002806D5DA
S3150801C9E0FFE701980399029A00F004F907E0019913
S3150801C9F091F8280000F0FE0081F82800FFE7019869
S3150801CA00016A884704B080BD80B58AB000200990C4
S3150801CA10089007900690FFE74BF22C00C2F201003E
S3150801CA20006806A9002202F013FA002800F0918096
S3150801CA30FFE70698B0F1FF3F09DCFFE706A80430D7
S3150801CA40029002990A6848688968904700E0FFE7FA
S3150801CA500698002800F17C80FFE70898059005985C
S3150801CA60406928B1FFE70598043001F0A3FA00E010
S3150801CA70FFE704A800F0F6F8039006980138014686
S3150801CA800191082862D80199DFE801F00505323AD3
S3150801CA904C0505323A00059991F8280040F0010045
S3150801CAA081F828000598079B81691944039AFFF7BD
S3150801CAB0B5FED8B1FFE7059890F828004007002889
S3150801CAC008D5FFE70598079982691144039A00F08A
S3150801CAD091F807E0059991F8280000F0FE0081F821
S3150801CAE02800FFE70598016A884700E0FFE72EE07E
S3150801CAF0059991F8280000F0FE0081F8280026E043
S3150801CB00059991F8280040F0010081F82800079856
S3150801CB10059988610598039B816919441A46FFF7A7
S3150801CB207DFE14E0059890F828008007002804D4B3
S3150801CB30FFE7059801F030FB07E0059991F8280011
S3150801CB4000F0FE0081F82800FFE700E0FFE7FFE7B5
S3150801CB5062E70AB080BD000080B584B003900291F7
S3150801CB6001F0FEFD684600F07DF801900098D8BBFB
S3150801CB70FFE7029860B9FFE703980199884207D849
S3150801CB80FFE702F00BFF03980199FFF713FF2AE06D
S3150801CB90029858B1FFE74AF65040C2F20000006811
S3150801CBA00068B0FA80F040090290FFE74BF22C00CA
S3150801CBB0C2F2010000680399019A891A029A01F0E2
S3150801CBC097FB02F0EBFE60B9FFE74EF60451CEF291
S3150801CBD000014FF080500860BFF34F8FBFF36F8F8E
S3150801CBE000E0FFE7FFE702E002F0D8FEFFE704B046
S3150801CBF080BD000080B584B0039002910192FFE7E1
S3150801CC000398029B81691944019AFFF707FE48B107
S3150801CC10FFE7039881690298084402900398016A1C
S3150801CC208847EDE704B080BD4AF64440C2F20000E9
S3150801CC300068006840B9FFE74AF68C71C2F2010143
S3150801CC404FF0FF3008600CE04AF64440C2F200009B
S3150801CC500068C06800684AF68C71C2F20101086072
S3150801CC60FFE7704780B582B0019002F073FB009030
S3150801CC7000984AF63841C2F200010968884206D28C
S3150801CC80FFE700F011F801990120086003E0019916
S3150801CC9000200860FFE700984AF63841C2F2000111
S3150801CCA00860009802B080BD80B582B0FFE74AF6F9
S3150801CCB04040C2F200000068006870B1FFE74AF61A
S3150801CCC04040C2F200000068C068006801900198FF
S3150801CCD04FF0FF31FFF76EFEE9E74AF64042C2F22E
S3150801CCE00002106800904AF65041C2F20001086835
S3150801CCF010600098086002B080BD000082B0002074
S3150801CD0000904FF0500080F31188BFF36F8FBFF387
S3150801CD104F8F0190FFE7009808B9FFE7FBE702B0DC
S3150801CD207047000080B584B00390FFE701A8FFF7BC
S3150801CD3081FB029002980199FFF70EFFFFF764FE47
S3150801CD40F4E7000080B582B0019001F0F9F9019885
S3150801CD5090F845008DF80300FFE79DF903000128C7
S3150801CD6025DBFFE70198806C50B1FFE70198FFF7D3
S3150801CD70C5FD18B1FFE701F0CBFB00E0FFE710E0C6
S3150801CD800198406A58B1FFE70198243002F044FD42
S3150801CD9018B1FFE701F0BCFB00E0FFE700E006E0A1
S3150801CDA0FFE79DF8030001388DF80300D5E70199DF
S3150801CDB0FF2081F8450001F0DBF901F0C1F901987E
S3150801CDC090F844008DF80200FFE79DF9020001285A
S3150801CDD016DBFFE70198006980B1FFE7019810307B
S3150801CDE002F01AFD18B1FFE701F092FB00E0FFE738
S3150801CDF09DF8020001388DF8020000E000E0E4E742
S3150801CE000199FF2081F8440001F0B2F902B080BD12
S3150801CE1080B588B007900020039001F0A1FC4AF67E
S3150801CE204840C2F20000006818B9FFE7FFF722FB85
S3150801CE3000E0FFE70798A8B1FFE7079800F00700A9
S3150801CE40C0F11000029007980299C943884205D893
S3150801CE50FFE7029907980844079002E00020079027
S3150801CE60FFE700E0FFE79DF81F000006002800F134
S3150801CE708C80FFE70798002800F08580FFE7079870
S3150801CE804AF68071C2F20101096888427BD8FFE738
S3150801CE904AF6F870C2F20100059000680690FFE7AD
S3150801CEA006984168079A00209142019007D2FFE748
S3150801CEB006980068002818BF01200190FFE701982D
S3150801CEC0C00730B1FFE706980590069800680690F6
S3150801CED0E6E706984AF64841C2F20001096888421F
S3150801CEE04FD0FFE705980068083003900698006858
S3150801CEF005990860069840680799401A112811D3C0
S3150801CF00FFE7069807990844049006984068079928
S3150801CF10401A049948600798069948600498FFF7EB
S3150801CF2019FC00E0FFE7069842684AF68070C2F2EB
S3150801CF3001000168891A016000684AF68871C2F21F
S3150801CF400101096888420BD2FFE74AF68070C2F2EE
S3150801CF50010000684AF68871C2F20101086000E022
S3150801CF60FFE70699486840F00040486006990020A6
S3150801CF7008604AF69471C2F2010108680130086036
S3150801CF8000E0FFE700E0FFE700E0FFE702F006FD4B
S3150801CF90039818B9FFE701F037F800E0FFE70398AF
S3150801CFA008B080BD81B04AF63C40C2F20000006874
S3150801CFB00090009828B1FFE70099086D01300865CF
S3150801CFC0FFE7009801B0704783B002900191009283
S3150801CFD002980438029002994FF08070086002980E
S3150801CFE004380290019820F001000299086002981D
S3150801CFF00438029002994CF6FD40C0F6010008601B
S3150801D0000298143802900098029908600298043828
S3150801D010029002996FF00200086002982038029087
S3150801D020029803B07047000080B584B003908DF86C
S3150801D0300B1001929DF80B100020B0EB111F01D0C7
S3150801D040FFE722E001980078F0B9FFE70199D1F8E6
S3150801D05001004A684AF6D461C2F200010091C1F89A
S3150801D0600320086040F60040C4F202000821E6F7F2
S3150801D07021F800994AF6EC60C2F200000068002225
S3150801D080022301F009FD00E0FFE704B080BD0000BE
S3150801D09080B584B00390039808B9FFE71BE00399AC
S3150801D0A0002002901422FEF753FD029B4AF6E06027
S3150801D0B0C2F2000069464860032008604DF2DD00AF
S3150801D0C0C0F6010042F60371C0F602014FF4007280
S3150801D0D002F09AF8FFE704B080BD000080B58EB073
S3150801D0E00D90002003908DF817008DF816008DF825
S3150801D0F0150002F02FF9039A04900120062101F088
S3150801D10023FC014640F21830C2F2000001600068B3
S3150801D11020B9FFE7002001F043F9FFE7FFE7FEF733
S3150801D12025FA07900120FEF793F8069008A80A2128
S3150801D130282200F0C7FB069820B1FFE706981030B1
S3150801D1400790FFE707984AF6DB61C2F200010191F1
S3150801D15008700898FEF760F80199C8700998FEF7F3
S3150801D1605BF8019908710A98FEF756F80199487013
S3150801D1700B98FEF751F8019A90700C988DF81600E5
S3150801D1800021029105230846FEF734FD0198029A0B
S3150801D1909DF816304AF6E461C2F200010B70C378B5
S3150801D1A04B7003798B704378CB7083780B71007859
S3150801D1B0487140F21830C2F200000068022301F0FB
S3150801D1C06BFC9DF81700002800F0C180FFE74AF6BE
S3150801D1D0DB60C2F2000090F9000028BBFFE7FFE719
S3150801D1E09DF8170012281DDCFFE79DF8170000EBD4
S3150801D1F040014AF64C30C2F2000000EB810050F8BB
S3150801D200040C78B1FFE79DF8170000EB40024AF6D7
S3150801D2104C31C2F2000101EB820151F8042C0221C2
S3150801D2209047FFE7FFE791E04AF6DB60C2F20000AC
S3150801D23090F900009DF81710884231D1FFE7FFE702
S3150801D2404AF6DB60C2F2000090F90000122825DCDC
S3150801D250FFE74AF6DB60C2F2000090F9000000EB36
S3150801D26040014AF64C30C2F2000000EB810050F84A
S3150801D270080C98B1FFE74AF6DB60C2F200000078B5
S3150801D28041B201EB41024AF64C31C2F2000101EB0F
S3150801D290820151F8082C01219047FFE7FFE754E086
S3150801D2A0FFE79DF8170012281DDCFFE79DF8170018
S3150801D2B000EB40014AF64C30C2F2000000EB810057
S3150801D2C050F8040C78B1FFE79DF8170000EB40020F
S3150801D2D04AF64C31C2F2000101EB820151F8042CE5
S3150801D2E002219047FFE7FFE7FFE74AF6DB60C2F254
S3150801D2F0000090F90000122825DCFFE74AF6DB60FA
S3150801D300C2F2000090F9000000EB40014AF64C30E9
S3150801D310C2F2000000EB810050F80C0C98B1FFE74F
S3150801D3204AF6DB60C2F20000007841B201EB410225
S3150801D3304AF64C31C2F2000101EB820151F80C2C7C
S3150801D34000219047FFE7FFE7FFE7FFE739E04AF6E5
S3150801D350DB60C2F2000090F9000088B3FFE7FFE73F
S3150801D3604AF6DB60C2F2000090F90000122825DCBB
S3150801D370FFE74AF6DB60C2F2000090F9000000EB15
S3150801D38040014AF64C30C2F2000000EB810050F829
S3150801D3900C0C98B1FFE74AF6DB60C2F20000007890
S3150801D3A041B201EB41024AF64C31C2F2000101EBEE
S3150801D3B0820151F80C2C00219047FFE7FFE7FFE7B0
S3150801D3C0FFE74AF6DB60C2F2000090F90000A0B15F
S3150801D3D0FFE74AF6DB60C2F2000090F900009DF80B
S3150801D3E01510884208D0FFE74AF6DB60C2F2000052
S3150801D3F000788DF81500FFE7FFE74AF6DB60C2F211
S3150801D400000000788DF81700FFE704A80A2101F04B
S3150801D41027FFFFE783E6000080B586B004900391F5
S3150801D4200292049840B1FFE70398FDF7E1FE18B9A7
S3150801D430FFE70020059045E01C20E2F7ABFF0190CD
S3150801D440019818B9FFE7002005903BE00398B0F171
S3150801D450FF3F04DCFFE76FF000400390FFE7039806
S3150801D460FEF7D4FC0390049898B9FFE70398E2F70E
S3150801D47091FF019908610198006930B9FFE70198A0
S3150801D480E2F7B7FF002005901CE0019901204861E9
S3150801D49006E0049801990861019900204861FFE7AF
S3150801D4A001990020486001990860039801998860EC
S3150801D4B0039801380199C860029801998861019811
S3150801D4C00590FFE7059806B080BD000080B58CB0D1
S3150801D4D00A90099108920A9840680A990968401AB7
S3150801D4E006900A988069A8BBFFE7042003900020EC
S3150801D4F002900A99886809680A9AD2681140401AFE
S3150801D500039988420DD2FFE70A99886809680A9A39
S3150801D510D2681140401A0290029903980844039070
S3150801D520FFE7069818B9FFE700200B905EE00A9915
S3150801D53008690968029A11440A9AD2681140405842
S3150801D540079008980799884203D2FFE700200B90B5
S3150801D5504CE015E00020039008980699884203D903
S3150801D560FFE70698019002E008980190FFE7019805
S3150801D5700790079818B9FFE700200B9036E0FFE7F8
S3150801D5800A980068039908440A99C96808400590E9
S3150801D59007980A998968059A891A884206D9FFE778
S3150801D5A00A9880680599401A009002E00798009049
S3150801D5B0FFE70098049009980A990969059A1144A0
S3150801D5C0049AE3F773F80998049B18440A990969B8
S3150801D5D0079AD21AE3F76AF80798039942180A993B
S3150801D5E008681044086007980B90FFE70B980CB081
S3150801D5F080BD000080B58CB00A90099108920A99FD
S3150801D60088684A680A990968891A084406900A982E
S3150801D6108069C8BBFFE704200390002002900A999D
S3150801D620886849680A9AD2681140401A039988425B
S3150801D6300DD2FFE70A99886849680A9AD2681140A3
S3150801D640401A02900299039808440390FFE7089844
S3150801D650039908440699884203D9FFE700200B90ED
S3150801D6605EE008980790079818B9FFE700200B9025
S3150801D67056E007980A9A11695268029B1A440A9B4E
S3150801D680DB681A40885015E000200390089806992F
S3150801D690884203D9FFE70698019002E008980190AD
S3150801D6A0FFE701980790079818B9FFE700200B9044
S3150801D6B036E0FFE70A984068039908440A99C96859
S3150801D6C00840059007980A998968059A891A88422F
S3150801D6D006D9FFE70A9880680599401A009002E082
S3150801D6E007980090FFE7009804900A980069059941
S3150801D6F008440999049AE2F7D9FF0A980069099931
S3150801D700049B1944079AD21AE2F7D0FF079803999E
S3150801D71042180A9948681044486007980B90FFE731
S3150801D7200B980CB080BD000086B002AB009303468F
S3150801D7300098ADF814308DF813108DF8122049F6BB
S3150801D7404041ADF8101045F20821ADF80E104FF41E
S3150801D750FA61ADF80C10BDF81010BDF80C20891A45
S3150801D7609DF81320514348F21F52C5F2EB1251FBA3
S3150801D77002F2511101EBD27100EE101AB8EEC00A8D
S3150801D78080ED000ABDF80E10BDF80C20891A00EECE
S3150801D790101AB8EEC00A90ED001A30EE410A30EEC2
S3150801D7A0000A9DF8121001EE101AB8EEC11A80EEA1
S3150801D7B0010ABDEEC00A10EE101AADF806100021D6
S3150801D7C08DF80510BDF8141000EE101AB8EEC00A4F
S3150801D7D0BDF80E1001EE101AB8EEC11A90ED002A26
S3150801D7E031EE421AB4EE410AF1EE10FA1CDBFFE7FC
S3150801D7F00098BDF8141000EE101AB8EEC00ABDF86C
S3150801D8000E1001EE101AB8EEC11A90ED002A31EE8B
S3150801D810021AB4EE410AF1EE10FA05DCFFE7BDF88B
S3150801D8200E00ADF81400FFE7BDF81400BDF80E10A0
S3150801D830884225DDFFE70098BDF81410BDF80E20D3
S3150801D840891A00EE101AB8EEC00A90ED001A30EEE9
S3150801D850410ABDF8060001EE100AB8EEC11A80EEBB
S3150801D860010AB3EE041A30EE010ABDEEC00A10EE43
S3150801D870100A8DF805009DF80500ADF816001CE0A4
S3150801D880BDF81400BDF80E10884210DAFFE7BDF89E
S3150801D8901400BDF80C10401ABDF8061090FBF1F003
S3150801D8A08DF805009DF80500ADF8160005E09DF810
S3150801D8B012004008ADF81600FFE7BDF8160006B0DD
S3150801D8C07047000080B588B007908DF81B108DF859
S3150801D8D01A20079900200860079948600799886007
S3150801D8E00799C860079908610590FFE705986328B5
S3150801D8F05EDCFFE70520FDF7D1FB4AF69400C2F28C
S3150801D9000000019000889DF81B109DF81A20FFF76A
S3150801D9100BFF03460198079A11681944116040885C
S3150801D9209DF81B109DF81A20FFF7FEFE0346019885
S3150801D930079A51681944516080889DF81B109DF813
S3150801D9401A20FFF7F1FE03460198079A91681944D0
S3150801D9509160C0889DF81B109DF81A20FFF7E4FE18
S3150801D96003460198079AD1681944D16000890021B4
S3150801D970FDF7BEFB8DED020B07980490006902F0D6
S3150801D980D9FF9DED021B41EC100B53EC112B51EC09
S3150801D990100B02F057FD41EC100B51EC100B02F085
S3150801D9A085FF04990861FFE70598013005909DE711
S3150801D9B00799086848F21F52C5F2EB12A0FB02301C
S3150801D9C04009086007994868A0FB02304009486089
S3150801D9D007998868A0FB0230400988600799C868DA
S3150801D9E0A0FB02304009C86007990869A0FB02201C
S3150801D9F04009086108B080BD80B584B0039000F085
S3150801DA009FFB4AF6F460C2F20000694648600220AC
S3150801DA1008604DF6C920C0F6010042F67571C0F6D8
S3150801DA2002018022002301F0EFFB029002980128EF
S3150801DA3004D0FFE700F09CFBFFE7FEE740F21C304D
S3150801DA40C2F20000694648600220086046F6D550D1
S3150801DA50C0F6000042F67B71C0F602014FF480520F
S3150801DA60002301F0D1FB02900298012804D0FFE7B8
S3150801DA7000F07EFBFFE7FEE74AF63040C2F20000FF
S3150801DA8069464860022008604BF61120C0F601007D
S3150801DA9042F68971C0F602018022002301F0B4FB27
S3150801DAA002900298012804D0FFE700F061FBFFE726
S3150801DAB0FEE74AF6F060C2F20000006800F070FC6A
S3150801DAC000F056FB04B080BD80B584B0039040F6E3
S3150801DAD00040C4F20200029001221146E5F7FEFA5F
S3150801DAE0029802210022E5F7F9FAFFE740F600401D
S3150801DAF0C4F2020001900121E5F7DCFA019802213E
S3150801DB00E5F7D8FA4FF47A7000F024FCEEE7000046
S3150801DB1040F21430C2F200000078704780B584B034
S3150801DB2084460698CDF80CC0ADF80A10ADF8082061
S3150801DB30ADF80630ADF804000398BDF80A10BDF833
S3150801DB400820BDF80630BDF804C0EE46CEF800C080
S3150801DB50E8F772FB04B080BD80B5F0F7EFFFF1F787
S3150801DB608DFEEDF77BF980BD7047000080B584B066
S3150801DB70EBF7E2FB0190EBF7E5FB014601986A46F4
S3150801DB800023029313601A46F4F764FC48F6BC10A6
S3150801DB90C2F20000F9F7FEFC0298F4F755FA40F2D2
S3150801DBA00400C2F20000EEF705FBEBF797F90390C4
S3150801DBB048F62810C2F20000EBF7EAF804B080BD77
S3150801DBC080B548F62810C2F20000F2F737F880BD92
S3150801DBD080B586B00590059800F0A2F904900498DE
S3150801DBE008B9FFE733E00598808D03900498C26869
S3150801DBF00598818DB2FBF1F000FB11200290039884
S3150801DC000299401A0190019A0499C8681044C8609B
S3150801DC10049800680599896A029A1144019AFFF7DE
S3150801DC20E9FC0598C06BC069B0F5807F0FD0FFE7A6
S3150801DC30FFE70598816A828DE7F7ACFA30B1FFE70D
S3150801DC40FFE7059900200864FFE7F2E7FFE706B05A
S3150801DC5080BD000080B586B00590059800F060F992
S3150801DC600490049808B9FFE722E00598818D01F030
S3150801DC70010000EB510003900498C2680598818D54
S3150801DC80B2FBF1F000FB1120029003980299401AA9
S3150801DC900190019A0499C8681044C86004980068FC
S3150801DCA00599896A029A1144019AFFF7A3FCFFE7CD
S3150801DCB006B080BD80B586B00590059800F030F9AC
S3150801DCC00490049808B9FFE722E00599888DC96B85
S3150801DCD009684968401A03900498C2680598818DB5
S3150801DCE0B2FBF1F000FB1120019003980199401A4B
S3150801DCF00290029A0499C8681044C860049800689A
S3150801DD000599896A019A1144029AFFF773FCFFE79C
S3150801DD1006B080BD80B586B004900391029203983F
S3150801DD2018B1FFE7029818B9FFE70020059011E03E
S3150801DD30049800F0F5F80190019818B9FFE700205A
S3150801DD40059007E0019800680399029AFFF7BEFB60
S3150801DD500590FFE7059806B080BD000080B584B040
S3150801DD600290029800F0F4F80190019818B9FFE7BB
S3150801DD700020039028E00298806B18B9FFE700207D
S3150801DD80039021E0019840680090009818B9FFE7D0
S3150801DD900020039018E0FFE702980068006800F089
S3150801DDA040010020B0EB911F01D1FFE7F4E702988B
S3150801DDB001990968BDF80020E7F7BAFA0199002028
S3150801DDC0486000980390FFE7039804B080BD0000FF
S3150801DDD080B586B0049003910292039818B1FFE7C3
S3150801DDE0029818B9FFE70020059033E0049800F07F
S3150801DDF0AFF80190019818B9FFE70020059029E0CE
S3150801DE00019841688068401A0090009802998842F2
S3150801DE1010D2FFE701990868496808440399009AEE
S3150801DE20E2F744FC009A0199486810444860009852
S3150801DE3005900FE001990868496808440399029A10
S3150801DE40E2F734FC029A019948681044486002983E
S3150801DE500590FFE7059806B080BD000080B584B03F
S3150801DE6003900398406C8006002803D4FFE7E4F783
S3150801DE7099F8FFE70398C06BB0B3FFE7039800F082
S3150801DE804FF80290029870B3FFE702980069E2F72B
S3150801DE9081FA0299886002984069E2F77BFA029949
S3150801DEA048600299486849690122FFF7B5FA02995B
S3150801DEB0086003980168C86840F01000C860FFE769
S3150801DEC00020019003980068006801900398006893
S3150801DED0406801900198FFE70398029A9168128AAF
S3150801DEE0E7F758F9FFE702E0E4F75CF8FFE703987C
S3150801DEF0806B78B1FFE7039800F02AF80090009844
S3150801DF0038B1FFE700988068E2F744FA009908609B
S3150801DF10FFE702E0E4F746F8FFE704B080BD00003A
S3150801DF2082B000900098006841F20001C4F2010134
S3150801DF30884206D1FFE740F21C00C2F200000190B8
S3150801DF4003E0FFE700200190FFE7019802B0704760
S3150801DF5082B000900098006841F20001C4F2010104
S3150801DF60884206D1FFE740F23400C2F20000019070
S3150801DF7003E0FFE700200190FFE7019802B0704730
S3150801DF80017809B1002070474178012903D08A0731
S3150801DF9005D402224270481E18BF0120704780B579
S3150801DFA043F63540C0F60200FCF74BFE012101702D
S3150801DFB04170704782B001900198006900900198FC
S3150801DFC0416880688860019948688968486000984E
S3150801DFD040680199884205D1FFE701988068009950
S3150801DFE0486000E0FFE70199002008610099086888
S3150801DFF0013808600098006802B070474AF61C703C
S3150801E000C2F201000068704780B54AF2EC70C2F2AC
S3150801E010000042F60D71C0F60201E2F7F7FA80BD7B
S3150801E02080B582B001900091009A4AF2EC70C2F272
S3150801E030000042F62771C0F60201E2F7E7FA02B0DC
S3150801E04080BD000081B00090009901F10800486088
S3150801E05000994FF0FF308860009901F10800C86007
S3150801E060009901F10800086100990020086001B0D3
S3150801E0707047000081B0009000990020086101B046
S3150801E0807047000084B003900291029800680090DE
S3150801E0900098013020B9FFE703980069019010E064
S3150801E0A0039808300190FFE70198406800680099D5
S3150801E0B0884205D8FFE7FFE7019840680190F3E732
S3150801E0C0FFE70198406802994860029841688860AC
S3150801E0D00198029988600298019948600398029903
S3150801E0E00861039908680130086004B070470000A8
S3150801E0F083B00290019102984068009000980199B6
S3150801E1004860009880680199886001980099896833
S3150801E11048600198009988600298019908610299F6
S3150801E12008680130086003B070470000DFF80C008A
S3150801E130016841F4700101607047000088ED00E054
S3150801E14081B04FF0500080F31188BFF36F8FBFF392
S3150801E1504F8F009040F24800C2F200000168013179
S3150801E16001600068012801D1FFE7FFE701B07047A8
S3150801E17081B040F24800C2F200000168013901602D
S3150801E180006830B9FFE700200090009880F31188F5
S3150801E190FFE701B07047000080B584B0039003988B
S3150801E1A00290039888B3FFE702980838029002980C
S3150801E1B001900198C1790020B0EBD11F23D0FFE768
S3150801E1C001980068E8B9FFE70199486820F000401E
S3150801E1D0486000F0C5FA019842684AF68071C2F2B1
S3150801E1E001010868104408600198FEF7B3FA4AF677
S3150801E1F09871C2F2010108680130086001F0CEFB8E
S3150801E20000E0FFE700E0FFE7FFE704B080BD00009C
S3150801E2104EF21001CEF20001002008604EF21802FB
S3150801E220CEF20002106040F20000C2F2000000685F
S3150801E23044F6D352C1F26202A0FB02024FF0FF304C
S3150801E24000EB92104EF21402CEF200021060072083
S3150801E2500860704784B003900291002000900298EC
S3150801E260C8B3FFE700200190FFE70198072831D8D6
S3150801E270FFE70398019A4AF6B471C2F2010101EB6C
S3150801E280C2014968884209D1FFE701994AF6B47083
S3150801E290C2F2010000EBC10000901BE0009890B9A2
S3150801E2A0FFE701994AF6B470C2F2010050F831004D
S3150801E2B048B9FFE701994AF6B470C2F2010000EBCA
S3150801E2C0C100009000E0FFE7FFE7FFE70198013092
S3150801E2D00190CAE7FFE7009838B1FFE7029800996D
S3150801E2E00860039800994860FFE704B0704700008A
S3150801E2F080B584B003900291019203980090FFF7CC
S3150801E3001FFF009890F94400013028B9FFE70099EA
S3150801E310002081F84400FFE7009890F94500013094
S3150801E32028B9FFE70099002081F84500FFE7FFF7C4
S3150801E3301FFF0098806B38B9FFE7009824300299CF
S3150801E340019A00F001F900E0FFE70098FEF7FAFCF0
S3150801E35004B080BD80B582B001900020009001987C
S3150801E36050B1FFE700F0FCF901980021FDF76CFDBB
S3150801E37001F014FB009000E0FFE7009860B9FFE7A1
S3150801E3804EF60451CEF200014FF080500860BFF3FB
S3150801E3904F8FBFF36F8F00E0FFE702B080BD00002B
S3150801E3A080B586B0059000200390FFF7C9FE059851
S3150801E3B038B9FFE74AF63C40C2F20000006801900E
S3150801E3C002E005980190FFE701980490049804304B
S3150801E3D0FFF7F0FDE0B9FFE7FFE70498C06A00EB35
S3150801E3E080014AF65440C2F2000050F8210068B98B
S3150801E3F0FFE70498C16A012000FA01F24AF62C7176
S3150801E400C2F20101086890430860FFE7FFE700E0F0
S3150801E410FFE70498806A28B1FFE704981830FFF7E8
S3150801E420C9FD00E0FFE74AF62871C2F20101086852
S3150801E4300130086004984AF63C41C2F200010968B5
S3150801E440401AB0FA80F0400902904AF6F470C2F216
S3150801E45001000068A8B1FFE7029890B1FFE70498A8
S3150801E460011D4BF21400C2F20100FFF741FE4AF604
S3150801E4702071C2F201010868013008600120039089
S3150801E48009E04AF61C71C2F2010108680138086000
S3150801E490FEF7CAFBFFE7FFF76BFE0398012804D0D6
S3150801E4A0FFE70498FDF7A6FFFFE74AF6F470C2F204
S3150801E4B001000068B8B1FFE704984AF63C41C2F288
S3150801E4C00001096888420CD1FFE74EF60451CEF2E5
S3150801E4D000014FF080500860BFF34F8FBFF36F8F75
S3150801E4E000E0FFE7FFE706B080BD000081B00090BD
S3150801E4F04AF69070C2F201000068009908604BF272
S3150801E5002800C2F2010000680099486001B070470E
S3150801E5104BF23401C2F20101012008607047000084
S3150801E52080B582B00190009101984AF63C41C2F249
S3150801E530000109681831FFF7A5FD00980121FDF7CB
S3150801E54083FC02B080BD000080B584B003900291BF
S3150801E5500192FFE703984068009000984AF63C410B
S3150801E560C2F200010A68D061009880680A681062E0
S3150801E57008681830009A9268506008681830009A3E
S3150801E58090600398096888620399086801300860F1
S3150801E590FFE7019820B1FFE74FF0FF300290FFE750
S3150801E5A002980199FDF750FC04B080BD80B588B08A
S3150801E5B00790069107980590012002900798002870
S3150801E5C000F09180FFE70598C06C0699884203D24E
S3150801E5D0FFE70698039003E00598C06C0390FFE7F0
S3150801E5E00598C06A039988427BD0FFE70598006DB4
S3150801E5F0012874D1FFE70598C06A04900398059924
S3150801E600C8620598C07E0006002806D4FFE703986D
S3150801E610C0F120000599886100E0FFE70598406987
S3150801E620049901EB81024AF65441C2F2000101EB59
S3150801E6308201884251D1FFE705980430FFF7BAFCF9
S3150801E64068B9FFE70598C16A012000FA01F24AF69E
S3150801E6502C71C2F2010108689043086000E0FFE7E7
S3150801E660FFE70598C16A012000FA01F24AF62C7102
S3150801E670C2F20101086810430860FFE70598C06AFD
S3150801E68000EB80004AF65441C2F2000101EB80001A
S3150801E690406801900198059A906001988068059AEA
S3150801E6A0D06005980430019A926850600598043044
S3150801E6B0019A9060059AD06A00EB800001EB800010
S3150801E6C050610598C06A00EB800251F822000130BA
S3150801E6D041F82200FFE7FFE700E0FFE700E0FFE778
S3150801E6E000E0FFE700E0FFE708B080BD80B582B033
S3150801E6F0FDF7EEFD00900098012804D1FFE701F02F
S3150801E70065FA009000E0FFE7009801281FD1FFE7AE
S3150801E7104FF0500080F31188BFF36F8FBFF34F8F0F
S3150801E72001904AF68C71C2F201014FF0FF30086080
S3150801E7304AF6F471C2F20101012008604BF2280180
S3150801E740C2F201010020086000F094F800E0FFE73A
S3150801E75043F6D040C0F60200006802B080BD000052
S3150801E7604AF62471C2F2010108680130086070474F
S3150801E77080B588B04AF62470C2F20100006838B143
S3150801E780FFE74BF23401C2F20101012008606FE094
S3150801E7904BF23401C2F2010100200860FFE74AF694
S3150801E7A03C40C2F200000068006B05904FF0A530AE
S3150801E7B0049005980068B0F1A53F12D1FFE70598C6
S3150801E7C04068B0F1A53F0CD1FFE705988068B0F124
S3150801E7D0A53F06D1FFE70598C068B0F1A53F0CD063
S3150801E7E0FFE74AF63C40C2F2000001683431039162
S3150801E7F000680399FFF714FCFFE7FFE7FFE74AF60E
S3150801E8002C70C2F20100006807900798B0FA80F0F0
S3150801E8108DF81B009DF81B00C0F11F000290FFE751
S3150801E820029800EB80014AF65440C2F2000000EB60
S3150801E83081000190019948684068486001994868D3
S3150801E8400831884204D1FFE70199C8684860FFE7A3
S3150801E85001984068C0684AF63C41C2F20001086066
S3150801E860FFE7FFE74AF63C40C2F200000068FFE70F
S3150801E87008B080BD80B582B04EF60850CEF20000D1
S3150801E880006801904EF62051CEF20001086840F466
S3150801E8907F000860086840F07F4008604EF61C510A
S3150801E8A0CEF20001002000900860FFF7B1FC009845
S3150801E8B040F24801C2F200010860FFF737FC4EF644
S3150801E8C03471CEF20001086840F040400860FEF756
S3150801E8D05DF8FFF74DFFFEF711FA009802B080BD0B
S3150801E8E080B582B04FF0500080F31188BFF36F8F67
S3150801E8F0BFF34F8F009000F037FD40B1FFE74EF6AA
S3150801E9000451CEF200014FF08050086000E0FFE7A5
S3150801E91000200190019880F3118802B080BD0000A3
S3150801E92080B584B08DF80F00012001900021009177
S3150801E9309DF80F2000F008F802900298FDF70EFEE8
S3150801E940029804B080BD000080B588B00790069192
S3150801E9508DF8172000200490079880B3FFE70799E0
S3150801E9604FF0FF30B0FBF1F00699884227D3FFE755
S3150801E97007980699484310F1550F20D8FFE70798DD
S3150801E98006994843039003985430FEF741FA0490D8
S3150801E990049890B1FFE704980290029854300290C7
S3150801E9A007980699029A9DF81730DDF810C0EE46C9
S3150801E9B0CEF800C0FDF7E8FD00E0FFE700E0FFE75D
S3150801E9C0049808B080BD000080B584B00390029118
S3150801E9D001200190039800900098002856D0FFE77F
S3150801E9E00098C06B002851D0FFE70098C26B016CF4
S3150801E9F04FF0FF30B0FBF2F0884247D3FFE7FFF74D
S3150801EA009FFB00990B68C86B0A6C00FB0230886093
S3150801EA1000990020886300990868486000990B6886
S3150801EA20C86B0A6C013800FB0230C8600099FF20E8
S3150801EA3081F84400009981F845000298D0B9FFE7AA
S3150801EA4000980069A0B1FFE70098103000F0E4FED5
S3150801EA5060B1FFE74EF60451CEF200014FF0805047
S3150801EA600860BFF34F8FBFF36F8F00E0FFE700E049
S3150801EA70FFE708E000981030FFF7E4FA0098243021
S3150801EA80FFF7E0FAFFE7FFF773FB02E000200190CA
S3150801EA90FFE7019804B080BD80B58CB00A90099152
S3150801EAA008920793002006900A980290FFE7FFF75D
S3150801EAB047FB0298806B0299C96B884204D3FFE72A
S3150801EAC00798022858D1FFE70298806B01900298AF
S3150801EAD00999079AFDF796FB05900298806CE0B1B3
S3150801EAE0FFE70798022804D1FFE7019808B1FFE775
S3150801EAF012E00298FDF702FF60B1FFE74EF60451F6
S3150801EB00CEF200014FF080500860BFF34F8FBFF37C
S3150801EB106F8F00E0FFE7FFE729E00298406AA0B19E
S3150801EB20FFE70298243000F077FE60B1FFE74EF662
S3150801EB300451CEF200014FF080500860BFF34F8FA9
S3150801EB40BFF36F8F00E0FFE710E0059860B1FFE7BC
S3150801EB504EF60451CEF200014FF080500860BFF323
S3150801EB604F8FBFF36F8F00E0FFE7FFE7FFE7FFF780
S3150801EB70FFFA01200B9065E0089828B9FFE7FFF72F
S3150801EB80F7FA00200B905DE0069830B9FFE703A875
S3150801EB90FFF7ACFC0120069000E0FFE7FFE7FFE77F
S3150801EBA0FFF7E6FAFFF7DCFDFFF7CAFA029890F9D4
S3150801EBB04400013028B9FFE70299002081F8440092
S3150801EBC0FFE7029890F94500013028B9FFE7029955
S3150801EBD0002081F84500FFE7FFF7CAFA03A808A94C
S3150801EBE000F0B0FA28BBFFE70298FDF76FFEC8B13F
S3150801EBF0FFE7029810300899FFF792FC0298FEF792
S3150801EC00A1F800F0CBFE60B9FFE74EF60451CEF24B
S3150801EC1000014FF080500860BFF34F8FBFF36F8F2D
S3150801EC20FFE705E00298FEF78DF800F0B7FEFFE76B
S3150801EC3007E00298FEF786F800F0B0FE00200B9078
S3150801EC4000E034E70B980CB080BD000080B58EB0AB
S3150801EC500A900991089207930A980490EFF3118193
S3150801EC604FF0500080F31188BFF36F8FBFF34F8FBA
S3150801EC700C910B900C9805900498806B0499C96BBC
S3150801EC80884204D3FFE7079802285DD1FFE7049875
S3150801EC9090F845008DF80F000498806B029004984F
S3150801ECA00999079AFDF7AEFA9DF90F000130A8BB3D
S3150801ECB0FFE70498806CC8B1FFE70798022804D1DA
S3150801ECC0FFE7029808B1FFE70FE00498FDF716FE83
S3150801ECD048B1FFE7089820B1FFE7089901200860C5
S3150801ECE000E0FFE700E0FFE7FFE716E00498406A67
S3150801ECF088B1FFE70498243000F08EFD48B1FFE79C
S3150801ED00089820B1FFE708990120086000E0FFE7AD
S3150801ED1000E0FFE700E0FFE7FFE712E0FFE7FFF7A4
S3150801ED206DF901909DF90F000199884207D2FFE715
S3150801ED309DF80F000130049981F84500FFE7FFE7C8
S3150801ED40FFE70120069002E000200690FFE70598FC
S3150801ED500D900D9880F3118806980EB080BD0000BD
S3150801ED6080B58CB00890079108980490EFF311814B
S3150801ED704FF0500080F31188BFF36F8FBFF34F8FA9
S3150801ED800A9109900A9805900498806B0390039854
S3150801ED900499C96B884250D2FFE7049890F8450058
S3150801EDA08DF80B0003980130049988639DF90B00CF
S3150801EDB0013060BBFFE70498806C80B1FFE70498D7
S3150801EDC0FDF79CFD48B1FFE7079820B1FFE70799D2
S3150801EDD00120086000E0FFE700E0FFE716E004987D
S3150801EDE0406A88B1FFE70498243000F015FD48B160
S3150801EDF0FFE7079820B1FFE707990120086000E0BF
S3150801EE00FFE700E0FFE700E0FFE7FFE712E0FFE7C3
S3150801EE10FFF7F4F801909DF90B000199884207D292
S3150801EE20FFE79DF80B000130049981F84500FFE7DB
S3150801EE30FFE7FFE70120069002E000200690FFE7C2
S3150801EE4005980B900B9880F3118806980CB080BD35
S3150801EE5080B58AB008900791069200200590089817
S3150801EE600290FFE7FFF76CF90298806B0190019811
S3150801EE7030B3FFE702980799FDF7A2F9019801381F
S3150801EE800299886302980069A0B1FFE702981030D9
S3150801EE9000F0C2FC60B1FFE74EF60451CEF2000164
S3150801EEA04FF080500860BFF34F8FBFF36F8F00E0BC
S3150801EEB0FFE700E0FFE7FFF75BF9012009906DE046
S3150801EEC0069828B9FFE7FFF753F90020099065E08E
S3150801EED0059830B9FFE703A8FFF708FB012005905D
S3150801EEE000E0FFE7FFE7FFE7FFF742F9FFF738FC26
S3150801EEF0FFF726F9029890F94400013028B9FFE78F
S3150801EF000299002081F84400FFE7029890F945002C
S3150801EF10013028B9FFE70299002081F84500FFE78B
S3150801EF20FFF726F903A806A900F00CF930BBFFE79D
S3150801EF300298FDF7B7FCD0B1FFE70298243006998D
S3150801EF40FFF7EEFA0298FDF7FDFE00F027FD60B91E
S3150801EF50FFE74EF60451CEF200014FF080500860EB
S3150801EF60BFF34F8FBFF36F8F00E0FFE705E002980D
S3150801EF70FDF7E8FE00F012FDFFE70EE00298FDF747
S3150801EF80E1FE00F00BFD0298FDF78CFC18B1FFE7D6
S3150801EF900020099002E0FFE7FFE763E709980AB056
S3150801EFA080BD000080B58AB00890079100200690C0
S3150801EFB0089903910290FFE7FFF7C2F80398806B5F
S3150801EFC00190019860B3FFE70198013803998863B6
S3150801EFD00398006828B9FFE7FDF7E4FF03998860FD
S3150801EFE000E0FFE703980069A0B1FFE70398103036
S3150801EFF000F012FC60B1FFE74EF60451CEF20001B3
S3150801F0004FF080500860BFF34F8FBFF36F8F00E05A
S3150801F010FFE700E0FFE7FFF7ABF8012009908DE075
S3150801F020079828B9FFE7FFF7A3F80020099085E0BC
S3150801F030069830B9FFE704A8FFF758FA01200690A9
S3150801F04000E0FFE7FFE7FFE7FFF792F8FFF788FB26
S3150801F050FFF776F8039890F94400013028B9FFE7DD
S3150801F0600399002081F84400FFE7039890F94500C9
S3150801F070013028B9FFE70399002081F84500FFE729
S3150801F080FFF776F804A807A900F05CF8A8BBFFE724
S3150801F0900398FDF707FC48B3FFE70398006850B9E2
S3150801F0A0FFE7FFF74DF80398806800F003FB02902D
S3150801F0B0FFF75EF800E0FFE7039824300799FFF7AA
S3150801F0C02FFA0398FDF73EFE00F068FC60B9FFE7EA
S3150801F0D04EF60451CEF200014FF080500860BFF39E
S3150801F0E04F8FBFF36F8F00E0FFE705E00398FDF749
S3150801F0F029FE00F053FCFFE71FE00398FDF722FE07
S3150801F10000F04CFC0398FDF7CDFBA0B1FFE7029890
S3150801F11070B1FFE7FFF714F80398FDF777F9009048
S3150801F120039880680099FFF741FAFFF721F8FFE78E
S3150801F1300020099002E0FFE7FFE73DE709980AB0DA
S3150801F14080BD000080B586B005900491FEF7F8FFF2
S3150801F1504BF22800C2F20100006802900298059954
S3150801F1604968401A01904AF63C40C2F2000000681C
S3150801F17090F8590058B1FFE74AF63C40C2F2000040
S3150801F1800168002081F859000120039037E00498AE
S3150801F1900068013018B9FFE7002003902EE04AF60F
S3150801F1A09070C2F2010000680599096888420CD07E
S3150801F1B0FFE7029805994968884206D3FFE70120C7
S3150801F1C0039004990020086017E0019804990968DA
S3150801F1D088420BD2FFE7019A04990868801A0860E9
S3150801F1E00598FFF783F90020039005E004990020AC
S3150801F1F0086001200390FFE7FFE7FFE7FFE7FEF757
S3150801F200B7FF039806B080BD10B588B0DDF82CC0ED
S3150801F210DDF828C007900691ADF8162004930798E3
S3150801F2200699BDF81620049BDDF828C00B9CEE460E
S3150801F230CEF80440CEF800C0FDF794F80390039881
S3150801F24030B1FFE70398FCF797FE0120029003E02F
S3150801F2504FF0FF300290FFE7029808B010BD00009A
S3150801F26080B586B00590049100200190FFF778FAE1
S3150801F2704BF22800C2F20100006800900598006868
S3150801F280049908440390009805990968884210D2A0
S3150801F290FFE7039805990968884208D2FFE70398AA
S3150801F2A00099884203D9FFE70120019000E0FFE7B2
S3150801F2B00FE0039805990968884205D3FFE7039883
S3150801F2C00099884203D9FFE70120019000E0FFE792
S3150801F2D0FFE7039805990860019838B1FFE7039895
S3150801F2E00099401A0021FCF7AFFD00E0FFE700F0A6
S3150801F2F055FB0290029860B9FFE74EF60451CEF22B
S3150801F30000014FF080500860BFF34F8FBFF36F8F36
S3150801F31000E0FFE7019806B080BD000081B04AF61B
S3150801F320F470C2F20100006818B9FFE701200090E5
S3150801F3300DE04AF62470C2F20100006818B9FFE729
S3150801F3400220009002E000200090FFE7FFE7009806
S3150801F35001B0704781B04BF22800C2F20100006883
S3150801F3600090009801B0704780B588B000200590DC
S3150801F3704AF62470C2F201000068002840F01081A4
S3150801F380FFE74BF22801C2F2010108680130049037
S3150801F390049808600498D0B9FFE7FFE74AF64442A3
S3150801F3A0C2F20002106803904AF64C41C2F200010B
S3150801F3B008681060039808604AF69071C2F2010164
S3150801F3C0086801300860FDF72FFCFFE700E0FFE75A
S3150801F3D004984AF68C71C2F2010109688842C0F0A4
S3150801F3E0BE80FFE7FFE74AF64440C2F20000006824
S3150801F3F0006840B9FFE74AF68C71C2F201014FF085
S3150801F400FF300860AAE04AF64440C2F200000068EC
S3150801F410C068C068079007984068069004980699DE
S3150801F420884207D2FFE706984AF68C71C2F20101B3
S3150801F430086093E0FFE7FFE707984069029007989D
S3150801F4408168C068886007998868C96848600298B1
S3150801F450406807990431884205D1FFE70798C068D3
S3150801F46002994860FFE707990020486102990868F0
S3150801F47001380860FFE70798806A08B3FFE7FFE7E6
S3150801F4800798806A01900798C169006A8860079998
S3150801F490C869096A4860019840680799183188421D
S3150801F4A005D1FFE70798006A01994860FFE70799C0
S3150801F4B0002088620199086801380860FFE700E0C2
S3150801F4C0FFE7FFE70798C16A012000FA01F24AF649
S3150801F4D02C71C2F20101086810430860FFE707981A
S3150801F4E0C06A00EB80004AF65441C2F2000101EB02
S3150801F4F08000406800900098079A9060009880689C
S3150801F500079AD06007980430009A92685060079865
S3150801F5100430009A9060079AD06A00EB800001EBEC
S3150801F520800050610798C06A00EB800251F82200FA
S3150801F530013041F82200FFE7FFE70798C06A4AF65B
S3150801F5403C41C2F200010968C96A884203D9FFE74A
S3150801F5500120059000E0FFE7FFE744E7FFE74AF6E9
S3150801F5603C40C2F200000068C06A00EB80014AF61E
S3150801F5705440C2F2000050F82100022803D3FFE7E5
S3150801F5800120059000E0FFE74BF23400C2F20100CA
S3150801F590006818B1FFE70120059000E0FFE707E0E2
S3150801F5A04AF69C71C2F20101086801300860FFE75A
S3150801F5B0059808B080BD000080B584B00390039813
S3150801F5C0029000200190039800286ED0FFE7029967
S3150801F5D0086D013808650299C86AC96C884262D003
S3150801F5E0FFE70298006D00285BD1FFE70298043017
S3150801F5F0FEF7E0FC68B9FFE70298C16A012000FA44
S3150801F60001F24AF62C71C2F20101086890430860BA
S3150801F61000E0FFE70299C86CC8620299C86AC0F19E
S3150801F62020008861FFE70298C16A012000FA01F209
S3150801F6304AF62C71C2F20101086810430860FFE717
S3150801F6400298C06A00EB80004AF65441C2F20001F2
S3150801F65001EB8000406800900098029A906000983B
S3150801F6608068029AD06002980430009A92685060C5
S3150801F67002980430009A9060029AD06A00EB8000E2
S3150801F68001EB800050610298C06A00EB800251F8D4
S3150801F6902200013041F82200FFE7FFE7012001902F
S3150801F6A000E0FFE700E0FFE700E0FFE7019804B0AC
S3150801F6B080BD000080B584B00390039802900020B5
S3150801F6C001900398002800F0A380FFE70298C06A1A
S3150801F6D04AF63C41C2F200010968C96A884280F0CB
S3150801F6E08680FFE70298C07E000600280BD4FFE754
S3150801F6F04AF63C40C2F200000068C06AC0F1200028
S3150801F7000299886100E0FFE702994869C96A01EB35
S3150801F71081024AF65441C2F2000101EB8201884294
S3150801F72059D1FFE702980430FEF744FC68B9FFE7B0
S3150801F7300298C16A012000FA01F24AF62C71C2F256
S3150801F740010108689043086000E0FFE74AF63C407B
S3150801F750C2F200000068C06A0299C862FFE702980F
S3150801F760C16A012000FA01F24AF62C71C2F20101BE
S3150801F770086810430860FFE70298C06A00EB80003A
S3150801F7804AF65441C2F2000101EB8000406800903C
S3150801F7900098029A906000988068029AD060029850
S3150801F7A00430009A9268506002980430009A90607A
S3150801F7B0029AD06A00EB800001EB80005061029842
S3150801F7C0C06A00EB800251F82200013041F822009C
S3150801F7D0FFE7FFE708E04AF63C40C2F2000000688E
S3150801F7E0C06A0299C862FFE7012001900FE00298FA
S3150801F7F0C06C4AF63C41C2F200010968C96A8842EE
S3150801F80003D2FFE70120019000E0FFE7FFE700E0F0
S3150801F810FFE7019804B080BD87B006900698C068D6
S3150801F820C0680590FFE70598806A03900598C16945
S3150801F830006A88600599C869096A4860039840683A
S3150801F84005991831884205D1FFE70598006A039999
S3150801F8504860FFE70599002088620399086801381E
S3150801F8600860FFE74AF62470C2F201000068002822
S3150801F8705DD1FFE7FFE70598406902900598816821
S3150801F880C068886005998868C968486002984068B0
S3150801F89005990431884205D1FFE70598C0680299A0
S3150801F8A04860FFE705990020486102990868013810
S3150801F8B00860FFE7FFE70598C16A012000FA01F22F
S3150801F8C04AF62C71C2F20101086810430860FFE785
S3150801F8D00598C06A00EB80004AF65441C2F200015D
S3150801F8E001EB8000406801900198059A90600198A3
S3150801F8F08068059AD06005980430019A926850602C
S3150801F90005980430019A9060059AD06A00EB800048
S3150801F91001EB800050610598C06A00EB800251F83E
S3150801F9202200013041F82200FFE7FFE71DE0FFE76B
S3150801F9304AF6A071C2F20101486800900098059A3A
S3150801F940D06100988068059A106205981830009A67
S3150801F9509268506005981830009A906005988162FF
S3150801F960086801300860FFE7FFE70598C06A4AF6AC
S3150801F9703C41C2F200010968C96A884208D9FFE711
S3150801F980012004904BF23401C2F20101086002E041
S3150801F99000200490FFE7049807B0704780B588B047
S3150801F9A00020009007900690FEF7CAFB0098059084
S3150801F9B04AF62470C2F20100016801390160006843
S3150801F9C0002840F0FC80FFE74AF61C70C2F20100ED
S3150801F9D00068002800F0F280FFE7FFE74AF6A0700A
S3150801F9E0C2F201000068002800F09A80FFE74AF693
S3150801F9F0A070C2F20100C068C0680790FFE70798C7
S3150801FA00806A04900798C169006A88600799C8697D
S3150801FA10096A48600498406807991831884205D1EF
S3150801FA20FFE70798006A04994860FFE707990020ED
S3150801FA3088620499086801380860FFE7FFE70798B4
S3150801FA404069039007988168C06888600799886843
S3150801FA50C96848600398406807990431884205D106
S3150801FA60FFE70798C06803994860FFE707990020F0
S3150801FA7048610399086801380860FFE7FFE70798B6
S3150801FA80C16A012000FA01F24AF62C71C2F201019B
S3150801FA90086810430860FFE70798C06A00EB800012
S3150801FAA04AF65441C2F2000101EB80004068029017
S3150801FAB00298079A906002988068079AD06007981A
S3150801FAC00430029A9268506007980430029A90604E
S3150801FAD0079AD06A00EB800001EB80005061079815
S3150801FAE0C06A00EB800251F82200013041F8220079
S3150801FAF0FFE7FFE70798C06A4AF63C41C2F20001F0
S3150801FB000968C96A884209D9FFE7059A4BF234019F
S3150801FB10C2F20101012041F8220000E0FFE75DE79A
S3150801FB20079818B1FFE7FDF77FF8FFE74AF69C70DB
S3150801FB30C2F20100006801900198F0B1FFE7FFE702
S3150801FB40FFF712FC48B1FFE7059A4BF23401C2F2FE
S3150801FB500101012041F8220000E0FFE70198013880
S3150801FB600190FFE701980028EAD1FFE74AF69C7160
S3150801FB70C2F201010020086000E0FFE705994BF297
S3150801FB803400C2F2010050F82100A8B1FFE70120B4
S3150801FB900690FFE74AF63C40C2F2000000684EF6BE
S3150801FBA00451CEF200014FF080500860BFF34F8F29
S3150801FBB0BFF36F8FFFE700E0FFE7FFE700E0FFE72E
S3150801FBC0FEF7D6FA069808B080BD000080B584B065
S3150801FBD000200390FCF780FA4BF22C00C2F20100D8
S3150801FBE00068B8B1FFE74BF23000C2F2010069467E
S3150801FBF048601F2008604CF62550C0F6010042F601
S3150801FC00C271C0F602014FF480720023FFF7FCFAB5
S3150801FC10039000E0FFE7039804B080BD5FEA400C5B
S3150801FC2008BF91F0000F4FEA8C234FEAC12243EA3D
S3150801FC3051514FEA1C5018BF00F5F0404FEA300009
S3150801FC4018BF41F000415FEA6C5C00F02980BCF105
S3150801FC50FF3F08BF40F080407047130C06BF1204EF
S3150801FC604FF0100C4FF0000C130E04BF12020CF1EA
S3150801FC70080C130F04BF12010CF1040C930F04BFF7
S3150801FC8092000CF1020CD30F04BF52000CF1010CC7
S3150801FC9011464FF00002A0F11F00A0EB0C007047BF
S3150801FCA011F0004F08BF704731F000413FF4D5AF5E
S3150801FCB00B0C06BF09044FF0100C4FF0000C0B0E8D
S3150801FCC004BF09020CF1080C0B0F04BF09010CF162
S3150801FCD0040C8B0F04BF89000CF1020CCB0F04BF77
S3150801FCE049000CF1010CCCF1200322FA03F341EA95
S3150801FCF0030102FA0CF2A0EB0C0000F101007047B7
S3150801FD0023F07F4720F07F4C80EA030000F0004093
S3150801FD10ACEB070303F57C5303F1FF032DE9804997
S3150801FD2009B44FEA144324EA03484FEA154B25EA76
S3150801FD300B4E0FF2042606EB13273E7803FB0667E4
S3150801FD40C7F5000707FB06F64FEAD64606F102068F
S3150801FD504FEA543707FB066CCCF1005C4FEA1C47A7
S3150801FD602CEA074C0CFB06F507FB06F404EB1546D3
S3150801FD704FEA961649085FEA320234BF00204FF06F
S3150801FD8000404FEAD13706FB07FC4FEA1C4C0CFB37
S3150801FD900BF7D21B03FB0CF761EB07010CFB0EF704
S3150801FDA0B0EB074072EB17420CFB08F734BFA2EB26
S3150801FDB00742B2EB074261EB17414FEA0C444FEA9F
S3150801FDC0910706FB07FC4FEA1C4C0CFB0BF7B0EB43
S3150801FDD0C74072EB573203FB0CF734BFA2EBC7429D
S3150801FDE0B2EBC74261EB57310CFB0EF7B0EBC7001C
S3150801FDF072EB57720CFB08F734BFA2EBC702B2EBE2
S3150801FE00C70261EB57714FEA816141EA92114FEAE4
S3150801FE10826242EA90124FEA806004EBCC04039FA7
S3150801FE204FEAD13706FB07FC4FEA1C4C0CFB0BF7D4
S3150801FE30D21B03FB0CF761EB07010CFB0EF7B0EBCA
S3150801FE40074072EB17420CFB08F734BFA2EB0742D7
S3150801FE50B2EB074261EB17414FEA8C5504EB9C2440
S3150801FE604FEA910706FB07FC4FEA1C4C0CFB0BF704
S3150801FE70B0EBC74072EB573203FB0CF734BFA2EB6A
S3150801FE80C742B2EBC74261EB57310CFB0EF7B0EB39
S3150801FE90C70072EB57720CFB08F734BFA2EBC70217
S3150801FEA0B2EBC70261EB57714FEA816141EA9211E0
S3150801FEB04FEA826242EA90124FEA806015EB4C25BE
S3150801FEC044F100044FEAD13706FB07FC4FEA1C4C04
S3150801FED00CFB0BF7D21B03FB0CF761EB07010CFBC1
S3150801FEE00EF7B0EB074072EB17420CFB08F734BF6D
S3150801FEF0A2EB0742B2EB074261EB17414FEA8131A8
S3150801FF0041EA92414FEA823242EA90424FEA803010
S3150801FF104FEA0C7615EB1C1544F1000448EA034335
S3150801FF204EEA0B484FF0000EB2EB080C71EB0307D3
S3150801FF3024BF624639464EEB0E0E4FF0000B0018F1
S3150801FF40524149414BEB0B0BB2EB080C71EB030722
S3150801FF507BF1000B24BF624639464EEB0E0E4FF07D
S3150801FF60000B0018524149414BEB0B0BB2EB080C45
S3150801FF7071EB03077BF1000B24BF624639464EEB52
S3150801FF800E0E51EA020718BF46F0010616EB0E7669
S3150801FF9055F1000254F1000103D5BDE88901BDE818
S3150801FFA00088BDE88901BDE80048B619524141EB10
S3150801FFB00101A3F10103704780807F7E7D7C7B7AF6
S3150801FFC07978777676757473727171706F6E6E6DF6
S3150801FFD06C6C6B6A6A69686867666665646463639C
S3150801FFE062616160605F5F5E5E5D5D5C5C5B5B5A22
S3150801FFF05A5959585857575656555555545453538F
S3150802000052525251515050504F4F4F4E4E4D4D4DE8
S315080200104C4C4C4B4B4B4A4A4A4949494848484733
S315080200204747474646464545454444444443434371
S3150802003043424242424141419C46002B30D477001A
S315080200402BD04FEA37071CB503B44FF010004FF018
S315080200501001BAF1000F06D0BCF1000FDCBF40F068
S31508020060080040F008014FF000000FBCBDE8104040
S315080200700BF1010BBBF1010F08BF5FEA170722BF9D
S3150802008012F1010211F101014FF0004143F100039F
S3150802009000F0004043EA00007047F9D35708D0E75A
S315080200A046EA06464FEA164613F1400F1FDD13F1DC
S315080200B0200FDFBF16430A46002120335B42BED01B
S315080200C0C3F1200746EA06464FEA164602FA07F73A
S315080200D046EA070622FA03F2C3F1200701FA07F7EE
S315080200E042EA070221FA03F14FF00003A7E746EABC
S315080200F0020646EA06464FEA164646EA0106BCBF25
S3150802010046EA0646360C4FF000034FF000024FF05F
S31508020110000194E72DE9804C70B49A46934691E81B
S31508020120380007C831EA400C48BF34EA430C03D505
S31508020130FFF7E6FDFFF780FFF0BCBDE8008C2DE96E
S31508020140804C70B49A46934691E8380007C810F076
S31508020150804F08BF13F0804F03D100F005F8FFF770
S315080201606BFFF0BCBDE8008C20F07F4723F07F4C84
S3150802017080EA030000F0004007EB0C03A3F57C536A
S31508020180A3F1FE0392F0000F00F0B38095F0000F82
S3150802019000F077802DE901494FEA114021EA00482B
S315080201A04FEA144624EA064700FB06FC08FB06F655
S315080201B007FB08F818EB06484CEB164C00FB07F74A
S315080201C018EB07484CEB17404FEA124B22EA0B4E44
S315080201D04FEA154625EA06470BFB06FC0EFB06F612
S315080201E007FB0EFE1EEB064E4CEB164C0BFB07F7F7
S315080201F01EEB074E4CEB174B18EB0B0840F10000B1
S3150802020018EB0E0B58EB000840F100008F1A4FF05E
S3150802021000014FF000063CBFC943661B14BFB5EB8D
S31508020220040C00213CBFC943F61B4FEA174427EAD0
S3150802023004454FEA1C472CEA074C04FB076205FBF8
S3150802024007F70CFB05F616EB074642EB174204FBCB
S315080202500CFC16EB0C4642EB1C421BEB060658EB53
S31508020260020241414EEA8E0E46EA9E0601D5BDE8D5
S315080202700189B619524141EB0101A3F10103BDE817
S3150802028001894FEA144524EA05464FEA114721EA4D
S31508020290074C05FB07F406FB07F70CFB06F111EB07
S315080202A0074144EB174405FB0CFC11EB0C4144EBEC
S315080202B01C444FEA124722EA074C05FB07F206FBE3
S315080202C007F70CFB06F616EB074642EB174205FB49
S315080202D00CFC16EB0C4642EB1C456A1854F100015D
S315080202E048BF7047B619524141EB0101A3F1010318
S315080202F0704795F0000F37D04FEA114221EA0246BD
S315080203004FEA144724EA074C02FB07F106FB07F7F4
S315080203100CFB06F414EB074441EB174102FB0CFCF9
S3150802032014EB0C4441EB1C414FEA154725EA074CEE
S3150802033002FB07F506FB07F70CFB06F616EB074664
S3150802034045EB174502FB0CFC16EB0C4645EB1C422B
S31508020350121951F1000148BF7047B619524141EBD3
S315080203600101A3F1010370474FEA144524EA054641
S315080203704FEA114721EA074C05FB07F106FB07F787
S315080203800CFB06F212EB074241EB174105FB0CFC8C
S3150802039012EB0C4251EB1C414FF0000648BF704766
S315080203A0921841EB0101A3F10103704703B40198C6
S315080203B04100009850EAC12018BF04204A0D18BF10
S315080203C040F0010040F2FF72B2EB515F08BF40F005
S315080203D00200012808BF052002B0704730380A28F3
S315080203E001D20120704700207047000010B500298D
S315080203F00AD00878002807D005487844E1F704FCB3
S31508020400002801D0002010BD0248784410BD000023
S315080204104E3201004632010010B500290AD008788A
S31508020420002807D005487844E1F7EEFB002801D0FA
S31508020430002010BD0248784410BD00003E3201007B
S315080204403632010010B591EA030F48BF83F0004324
S3150802045000F18A83841A71EB030C05D2121943EB55
S315080204600C03001B61EB0C014FEA1154A4EB135C5D
S31508020470DFF81CE11EEA430F18BF9EEA445F00F04C
S31508020480748021EA045123EA0E0343F48013DCF153
S31508020490200E32D322FA0CFE10EB0E0023FA0CFEC3
S315080204A041EB0E01CCF1200E03FA0EFE10EB0E0004
S315080204B0CCF1200E51F10001B1F5801F32D201EBC9
S315080204C0045112FA0EF2BDE8104058BF7047401C9C
S315080204D038BF5FEA420218BF7047002814BF20F0EF
S315080204E0010041F100014FEA410313F5001F38BF2D
S315080204F07047A1F1C04100F029BB012A43EB030270
S31508020500ACF1200CDCF11F0E32BF4FF0000E23FABD
S315080205100CF310EB030041EB0451B4EB115FD0D09E
S31508020520A1EB045101F58011490801EB04515FEA78
S3150802053030000ED350F1000038BF12FA0EFE08D171
S31508020540BDE81040C9E7401C38BF5FEA4202CAD17B
S31508020550C3E7BDE810404FEA410313F5001F38BF51
S315080205607047A1F1C04100F0F1BA9EEA445F08D093
S3150802057011EA5E0FBDE8104004BF01F000410020F9
S315080205807047BDE8104070B500F092FA64FBBE3EB3
S315080205900000E0FF2DE9C04130B4DFF8A8C23CEA0A
S315080205A0111418BF3CEA131400F0F0801CEA111467
S315080205B081EA030544EAD57418BF1CEA131500F04C
S315080205C0CB80A4EB050404F17F7404F500344FF0E4
S315080205D0004545EAC12145EAC32341EA505143EAA7
S315080205E052534FEAC0204FEAC222994208BF9042AC
S315080205F000F0A0804FEA13650FF24816765D4FEABF
S31508020600134506FB05F7C7F1807706FB07F74FEA9E
S31508020610D737A7FB03687642A7FB06CEC8F580380C
S3150802062038BFA8F1010807FB08E6A6FB028C4FF0C3
S31508020630000EE6FB03CED8F100086FEA0C0C5CF15B
S31508020640000C6FEA0E0E4EF1004EA6FB0C584FF048
S315080206500007E6FB0E87A1FB08C6A0FB07CE16EB32
S315080206600E064FF0000545F10005E1FB076515F199
S31508020670E04E7EBFA4F580345FEA46066D4116F168
S31508020680800745F100054FEA172747EA05674FEA4B
S3150802069015254FEA0666A6F1DE46B6F1805F20D931
S315080206A0384605EBC47124F0010C01EB0C11BCF1C0
S315080206B0FE6F02D8F0BCBDE8008124425CBF01F59A
S315080206C0801E9EEAC47F02D4F0BCBDE800812442A3
S315080206D000F13980A1F1C041F0BCBDE8004100F04B
S315080206E035BA4FEAD02040EA41504FEAD1214FEAC3
S315080206F0D22242EA43524FEAD323A7FB028607FBDA
S31508020700036605FB02661EEA0E0F58BFA6EB0056E5
S31508020710B6EB00564FEA520E4EEAC37E18EB0E0EA1
S3150802072056EB530EBCD518EB02085E417F1C55F1F9
S315080207300005B5E74FF480154FF000074FF00006A5
S315080207404FF00008ACE701F1C04101F000414FF05B
S315080207500000F0BCBDE800810CEA131511EA0C1F73
S3150802076000D00CE013EA0C1F00F025804FF00000C1
S3150802077081EA030101F00041F0BCBDE80081F0BC4A
S31508020780BDE8004181EA030100F0E0B9F0BCBDE82A
S31508020790004170B500F08CF9097EFC3E00F007B8FE
S315080207A04FF0000081EA030101F00041704781EA37
S315080207B0030100F0CBB9F0BCBDE8004122494FF075
S315080207C000007047FFFDFBF9F7F5F4F2F0EEEDEBEA
S315080207D0E9E8E6E4E3E1E0DEDDDBDAD8D7D5D4D32F
S315080207E0D1D0CFCDCCCBCAC8C7C6C5C4C2C1C0BF7B
S315080207F0BEBDBCBBBAB9B8B7B6B5B4B3B2B1B0AF81
S31508020800AEADACABAAA9A8A8A7A6A5A4A3A3A2A164
S31508020810A09F9F9E9D9C9C9B9A999998979796951F
S3150802082095949393929191908F8F8E8E8D8C8C8BBB
S315080208308B8A898988888787868585848483838243
S31508020840828181800000FF070000F87F4FEA41039A
S315080208504FEA5353A3F58063D3F11E03C8BFD3F1FE
S31508020860210C0CDD4FF0004242EAC12242EA505204
S3150802087032FA03FC8CEAE17CACEBE1707047102B90
S31508020880C4BF0020704703F5787CBCF1FF3F04D053
S315080208906FF0004282EA2100704770B500F008F94D
S315080208A04992248000207047F2E700004FEA11536C
S315080208B0A3F58063D3F11E03A8BFD3F1200C08DB8E
S315080208C04FF0004242EAC12252EA505232FA03F08B
S315080208D0704709420BD4102BC4BF0020704703F59A
S315080208E0787CBCF1FF3F05D04FF0FF3070474FF0E0
S315080208F00000704770B500F0DBF800BF499224800B
S3150802090000207047F0E710F0004248BF4042B0FAB4
S3150802091080F310FA03F10AD0C3F11D0303F58063CD
S3150802092002EB03524FEA415002EBD12170474FF0D6
S3150802093000007047B0FA80F310FA03F10AD0C3F147
S315080209401D0303F580634FEA03524FEA415002EB57
S31508020950D12170474FF000007047000070B5DFF8EC
S3150802096048C11CEA111E1EBF1CEA13159EEA0C0F8B
S3150802097095EA0C0F00F06F8081EA03044EEAD47EF2
S31508020980AE4421EA4C1123EA4C1341F4801143F494
S315080209908013AEF17F7EA1FB024CA0FB03653619DC
S315080209A055EB0C05A1FB034C4CF10003A0FB021C02
S315080209B016EB0C06654153F10003094218BF46F0CF
S315080209C0010613F4007F0BD14FEA03314FEA0530D3
S315080209D041EA155140EA165034036FF003020AE061
S315080209E04FEAC3214FEAC52041EA555140EA56501B
S315080209F0F4026FF0020202EB2E4201EB025585EA7F
S31508020A00CE710AD05FEA440C18BF24F0004450F1B4
S31508020A10000041F1000120EAD47040F2FE7C6245F2
S31508020A2000D270BDA84214BF4FF080444FF0404434
S31508020A30002E08BF0024BEF1806FA8BFA1F1C041F5
S31508020A40BDE8704080F2828001F1C04101F00041A8
S31508020A504FF0000070470CEA13159EEA0C0F18BFF8
S31508020A6095EA0C0F06D081EA030E4FF000000EF04D
S31508020A70004170BD00F01CF88900013E00F007B87D
S31508020A8000F009B84FEA430C5FEA5C5C08D081EAD9
S31508020A90030100F05BB84FEA410C5FEA5C5CF6D1F1
S31508020AA002494FF0000070470000FF070000F87F78
S31508020AB00EF1020E2EF0030E5EF8046B364205D4D2
S31508020AC0012A43EB030515F5001F12D8012841EB4D
S31508020AD0010C1CF5001F0CD80ED14FEAD17C0CEB89
S31508020AE04C0C0CF1020C15F5001F08BF4CEBD37C1D
S31508020AF004E04FF0080C01E04FEAD37C0CEB4C05FE
S31508020B0026FA05F606F00706B6F1040C06D20EEB2F
S31508020B10860CBDE870404CF0010C6047DFE80CF02B
S31508020B20090B02024FF00041A1F500214FF0000027
S31508020B3070BD19461046012851EB010418BFD4F5B9
S31508020B40001484BF002001F0004170BD0808A0F51A
S31508020B5000114FEA3101704710B591EA030F48BFF9
S31508020B6083F000433FF576AC841A71EB030C07D287
S31508020B708CF0004C121943EB0C03001B61EB0C01C1
S31508020B804FEA1154A4EB135CDFF8A4E11EEA430F03
S31508020B9018BF9EEA445F00F0B48021EA045123EAB2
S31508020BA06E035242C3EB6E0338BF5B1EDCF1200EA6
S31508020BB025D322FA0CFE10EB0E0043FA0CFE41EB8B
S31508020BC00E01CCF1200E03FA0EFE10EB0E00CCF14C
S31508020BD0200E51F1000129D401EB045112FA0EF24A
S31508020BE0BDE8104058BF7047401C1CBFB2F1004F09
S31508020BF0704700280CBF491C20F00100704712EB11
S31508020C00020E43EB030218BF4FF0010E4EEA4202F0
S31508020C10ACF1200CDCF11E0E56D943FA0CFE10EB91
S31508020C200E00CCF11E0E51F1FF31D5D50EF1010E93
S31508020C3012FA0EFE404141EB010101EB445C5FEA08
S31508020C405C5C10D901EB045110EBDE7038BFBEF1C3
S31508020C50004FBDE8104018BF704700280CBF491C5A
S31508020C6020F00100704734D24FEAD42C24F40064F1
S31508020C7011F500111BD0B1FA81F20B3AA41AA41E7F
S31508020C80D2F12003914030FA03F31943904001EB65
S31508020C90CC7101EB0451002CBDE81040A8BF704787
S31508020CA001F1C04101F000414FF000007047B0FA6F
S31508020CB080F310FA03F102D1BDE810407047E41A36
S31508020CC0173C4805C90AE2E701EB0451BDE81040A2
S31508020CD0704749104FEA300001EB0451BDE8104055
S31508020CE002E04FF0000170474A0008BF0042F8D000
S31508020CF0B2F5001F28BF704701F000414FF000000F
S31508020D0070479EEA445F07D011EA5E0FBDE81040BD
S31508020D1004BF002100207047BDE8104070B5FFF7F8
S31508020D20C7FE00BF40DFF63E104683F0004170471B
S31508020D300000E0FFF1EE100A4FF6FF71C0F2C03173
S31508020D4020EA010040F04070E1EE100A7047E0F731
S31508020D50CDBAE0F701BC0000099CFF7F08840F00AA
S31508020D60FFFF01092A4CAE0100764E000000000082
S31508020D70F19BFF7F08840F00FFFF01092A4CAE0191
S31508020D8000764E0000000000D99BFF7F08840F0002
S31508020D90FFFF01092A4CAE0100764E000000000052
S31508020DA0C19BFF7F08840F00FFFF01092C50B40185
S31508020DB0007C4E0000000000A99BFF7F08840F00FC
S31508020DC0FFFF01092C52B601007E4E00000000000A
S31508020DD0919BFF7F08840F00FFFF01092A4EB0018D
S31508020DE000784E0000000000799BFF7F08840F0000
S31508020DF0FFFF01092C50B401007C4E0000000000E0
S31508020E00619BFF7F08840100FFFF0108280C6C0024
S31508020E10344E00004D9BFF7F08840B00FFFF012321
S31508020E20004400004404A601005204AC0100640414
S31508020E30B20100721CB801009C0102BE01009E01AB
S31508020E40520000001D9BFF7F843F2F01B0B0B008FF
S31508020E50FFFF019C02002200002204FA12002E184B
S31508020E6080130050048613005E048C13006C1292E1
S31508020E7013008A01049813009801129E1300B60102
S31508020E8004A41300C60104AA1300D60104B0130071
S31508020E90E60104B61300F60104BC1300860204C276
S31508020EA01300960204C81300A60204CE1300B40265
S31508020EB018D41300D80204DA1300EC02B604E013BD
S31508020EC000A40708E61300BE0760E01300A008089E
S31508020ED0F21300BA088601E01300C2091CFE1300C9
S31508020EE0F00916E01300880A088A1400A20A60E0CC
S31508020EF01300840B1C961400B20B16E01300CA0BDF
S31508020F0008A21400E40B60E01300C60C1CAE140021
S31508020F10F40C16E013008C0D1CBA1400BA0D16E078
S31508020F201300D20D08C61400EC0D60E01300CE0EB5
S31508020F301CD21400FC0E16E01300940F1CDE1400DB
S31508020F40C20F16E01300DA0F08EA1400F40F52E093
S31508020F501300C81008F61400DE10E801E01300C8F2
S31508020F601208821500E21210E01300F212B0030012
S31508020F7000000000ED99FF7F08840100FF000D01C3
S31508020F80051604CA0101010000000000D599FF7F79
S31508020F9008840500FFFF0108140436001830000013
S31508020FA0C199FF7F08840700FFFF0110002800008F
S31508020FB028045E003C1A640056280000A599FF7FA3
S31508020FC008840B00FFFF010C34066E004C087400FF
S31508020FD0543A00008D99FF7F08840100FF000D0135
S31508020FE00416063201010000000000007599FF7F11
S31508020FF008840500FFFF010C0014000014043200E7
S31508021000182C00005D99FF7F08840900FFFF01097B
S315080210103008820100386200000000004599FF7F0F
S3150802102008840500FFFF01081E064800243C00004C
S315080210303199FF7F08840300FFFF010C002C000092
S315080210402C063A00321A00001999FF7F0884050017
S31508021050FFFF0110002A00002A08620038226800F1
S315080210605A28000084050181B0B00108000000007A
S3150802107084060181B0B0000800000000E598FF7FF1
S31508021080B0088400FF0015010C02080A010A0400D0
S31508021090000E06140101000000000000C598FF7F3B
S315080210A0B0B0A800FF000D0104021A2601010000D3
S315080210B000000000AD98FF7FB00B8400FF0011010D
S315080210C008080624010E1A000001000000000000AC
S315080210D09198FF7FB0B0AA00FF001101080A044ADE
S315080210E0010E400000010000000000007598FF7F15
S315080210F0B0B0A800FF00110108040454010850000A
S3150802110000010000000000005998FF7FB0AF0600FA
S31508021110FF0051014700420000420446018A0104C9
S31508021120F402009A0106F20200B80136F00200FE45
S315080211300118E802009602120000A80204E802005A
S31508021140AC02080000B40214E80200D60212F00249
S3150802115000F40204FC0201F8020800000100000083
S3150802116000000000FD97FF7FB0B0A800FF00110144
S3150802117008180426011C082A0101000000000000C4
S3150802118000000000000000003031323334353637B3
S3150802119038394142434445464030580030313233AB
S315080211A034353637383961626364656640307800AB
S315080211B00400000800000000000000020001000010
S315080211C01030313233343536373839616263646503
S315080211D06678700030313233343536373839414221
S315080211E0434445465850000002400000000000A053
S315080211F00000000005400000000000C800000000D2
S315080212000C4000000000409C00000000194000004D
S315080212100020BCBE0000000034400000BFC91B8E7F
S3150802122000000004B5400000504BCFD06607E2CF5D
S31508021230010000006C4100003E8251AADFEEA7348D
S3150802124001000000D9420000DCB5A0E23A301F973F
S31508021250FFFFFFFFB4450000FD25A0C8E9A3C14F63
S31508021260FFFFFFFFFF3F00000000008000000000B4
S31508021270FF3F0000000000800000000000000000A0
S31508021280FFFFFFFFFFFFFFFF000000000100000055
S31508021290000000000000000001000000FFFFFFFF41
S315080212A0FFFFFFFF01000000FFFFFFFFFFFFFFFF39
S315080212B0010000000100000001000000000000001B
S315080212C000000000010203040607080900000000E6
S315080212D0010203040006101600061016D4DF0208DF
S315080212E0000000003200320027000C0003001840FC
S315080212F0D43C020800000000A300800000000000A1
S31508021300A300800048350308FC17020848130208A0
S3150802131040130208FC170208691302080813020898
S31508021320FC1702088B13020814130208FC1702089A
S31508021330B013020838130208D4170208C2130208A7
S31508021340D4170208CF1302084E31305F5F637878EC
S31508021350616269763131365F5F7368696D5F747988
S3150802136070655F696E666F45004E31305F5F637800
S3150802137078616269763131375F5F636C6173735F77
S31508021380747970655F696E666F45004E31305F5FCE
S31508021390637878616269763132305F5F73695F6359
S315080213A06C6173735F747970655F696E666F450009
S315080213B0537431336261645F657863657074696F0B
S315080213C06E00537439657863657074696F6E00537D
S315080213D07439747970655F696E666F000000000083
S315080213E0000000006D8D0008558D0008032B0108CA
S315080213F05D8C0008F12801086D8C0008E9290108AE
S31508021400F9280108992A01087D8C0008DD280108B7
S31508021410998B00080000000000000000C98E000831
S31508021420B18E00089DF0000881EE0008918D000833
S315080214303DFC0008DD8D0008C98D000859EE00083C
S3150802144073FB000849EB00086DED000871EE000811
S31508021450C5820108418E00080DEB0008BDF8000898
S31508021460F1F90008A5F9000851EB0008D9EB0008C4
S31508021470B1ED000891EC000871FA00089DF1000828
S315080214802DFA000893F0000881EF0008F1EF000832
S3150802149045ED0008118E0008B98D0008ED8D00088B
S315080214A0218E00080DFC000839F400085DEF0008DB
S315080214B0D9F10008CDF400084DEE0008718901083B
S315080214C019FC000865EE0008D1EA000875F2000862
S315080214D089F20008D1F100088DF60008818D00080E
S315080214E0318E0008FD8D000811F8000897F80008EB
S315080214F069F500083DED0008B1EA0008B5F00008F4
S3150802150000000000000000006990000851900008E1
S31508021510B1A0000800000000000000002D9300089A
S3150802152015930008DD920008B1920008BD920008E2
S315080215300000000000000000C99E0008B19E0008D5
S31508021540032B010851930008F1280108E92801082C
S31508021550E9290108F9280108992A01085993000876
S31508021560DD28010849930008000000000000000079
S315080215702DA00008999F000895A000087DA00008E4
S3150802158011A00008A19F0008BD9F0008FCFFFFFFED
S315080215900000000031A2010821A2010809A20108DF
S315080215A0B1A10108C9A1010800000000000000005D
S315080215B019A1000801A10008B1A000080000000056
S315080215C0000000008DC000081DC000089DC000086C
S315080215D0EDB200083DA1000861DA000899A10008E9
S315080215E081A1000875A4000865B2000829B9000897
S315080215F0D1B20008B5B2000885C0000835B900089E
S3150802160075B1000801B3000811C10008C9C0000875
S315080216100000000000000000FDA10008E5A1000886
S31508021620BDA10008ADA100080000000000000000EE
S31508021630BDA30008A5A300089DF0000881EE0008D6
S3150802164021A200083DFC0008CDA2000871A20008EC
S3150802165059EE000873FB000849EB00086DED000817
S3150802166071EE0008D582010835A300080DEB0008C3
S31508021670BDF80008F1F90008A5F9000851EB0008C1
S31508021680D9EB0008B1ED000891EC000871FA0008E0
S315080216909DF100082DFA000893F0000881EF000872
S315080216A0F1EF000845ED0008F9A2000861A200085A
S315080216B0DDA200080DA300080DFC000839F4000895
S315080216C05DEF0008D9F10008CDF400084DEE0008D8
S315080216D07189010819FC000865EE0008D1EA0008BC
S315080216E075F2000889F20008D1F100088DF60008A3
S315080216F011A2000815A30008EDA2000811F80008B7
S3150802170097F8000869F500083DED0008B1EA0008F7
S31508021710B5F000080000000000000000D1A3000890
S3150802172061A4000849A400080000000000000000A7
S315080217308DC000081DC000089DC00008EDB2000853
S315080217402DC0000861DA000891A5000879A50008ED
S3150802175075A4000865B2000829B90008D1B20008C4
S31508021760B5B2000885C0000835B9000875B1000889
S3150802177001B3000811C10008C9C000080000000032
S315080217800000000015A70008C5D6000871D7000892
S31508021790ADA6000883D70008FDAB0008A1A600087D
S315080217A069AD000851AD0008A5D7000829D7000879
S315080217B01BD7000821A70008D1AA000817D70008D6
S315080217C019D700086FD7000861D700080000000083
S315080217D0141302082385000827850008337F0108A9
S315080217E0357F0108DB800108377F0108757F01080C
S315080217F05D80010800000000201302082385000806
S3150802180037850008337F0108357F0108DB80010828
S3150802181061810108B9810108998201080000000066
S3150802182000000000F11F01089FAD0008DF820108D1
S31508021830000000000000000069B1000851B100086C
S315080218400DB100082DB1000825B10008F9B000084D
S3150802185015B1000800000000000000008DC0000855
S315080218601DC000089DC00008EDB200082DC0000882
S31508021870C7C000082DDD00089DC10008ADC00008DC
S3150802188065B2000829B90008D1B20008B5B2000845
S3150802189085C0000835B9000875B1000801B300080B
S315080218A011C10008C9C000080000000000000000BD
S315080218B0094401088DC20008518301083D830108C5
S315080218C0B195010811830108119601080942010818
S315080218D0FD420108A12E01088795010833960108E1
S315080218E0194301082D4301089D430108B143010824
S315080218F0C542010899420108A54201088542010824
S3150802190091420108874101086D43010861420108B5
S315080219105DC200082984010845830108C1A6010899
S31508021920000000000000000035C5000831C50008A7
S31508021930879D0108639D0108B19501085F95010815
S3150802194039840108416E0108FD420108F56D010856
S315080219508795010833960108194301082D430108A2
S31508021960AFC40008CDC40008C5420108994201085F
S31508021970A5420108854201089142010887410108EA
S315080219806D430108456E0108697001085371010823
S31508021990B37101088D710108937101082971010853
S315080219A0A56E0108D96D01086B9D010849700108E9
S315080219B03DD6000819D60008A5C2000811C40008B9
S315080219C04DC400089DC400086384010881C4000848
S315080219D03584010897C400085D8401082F8401082C
S315080219E00000000000000000F11F01085BC50008A6
S315080219F0678401080000000000000000A9C500086D
S31508021A0091C5000861C500082DB1000825B1000876
S31508021A10F9B0000815B10008000000000000000037
S31508021A2009440108ADD60008879D0108639D01088F
S31508021A30B19501085F95010811960108416E0108E2
S31508021A40FD420108F56D01088795010833960108DC
S31508021A50194301082D4301089D430108B1430108B2
S31508021A60C542010899420108A542010885420108B2
S31508021A7091420108874101086D430108456E010834
S31508021A806970010853710108B37101088D71010863
S31508021A909371010829710108A56E0108D96D01081B
S31508021AA06B9D0108497001083DD6000819D6000841
S31508021AB0C1A601080000000000000000C1A6010836
S31508021AC0C5D6000871D7000815D7000883D70008BD
S31508021AD0C1A6010811D7000881D800087FD80008D6
S31508021AE0A5D7000829D700081BD70008C1A60108F0
S31508021AF0C1A6010817D7000819D700086FD700082A
S31508021B0061D70008000000000000000085D900081F
S31508021B106DD90008079D01081D8C01085D8A010818
S31508021B20518A0108C5890108F989010889890108C4
S31508021B30698A0108D38A0108AF8901087D890108E3
S31508021B40078C0108658C0108318A0108418A010857
S31508021B50658501083D8B0108018601084986010849
S31508021B60FD8B0108B58901080D86010800000000F1
S31508021B70000000000DDA000809DA00085586010897
S31508021B804D870108898601087186010899D90008D6
S31508021B90F8FFFFFF0000000059A2010853A201083E
S31508021BA041A20108000000000000000009440108E3
S31508021BB049DA0008FD8601088D860108B1950108F3
S31508021BC05F950108F390010809420108FD420108E0
S31508021BD0A12E0108879501083396010819430108C1
S31508021BE02D4301089D430108B1430108C542010876
S31508021BF099420108A5420108854201089142010855
S31508021C00874101086D43010861420108F31F010873
S31508021C102DDA000829DA000800000000000000009A
S31508021C208DC000081DC000089DC00008EDB200085E
S31508021C302DC0000861DA0008F9DA0008E1DA0008BE
S31508021C40ADC0000865B2000829B90008D1B200087B
S31508021C50B5B2000885C0000835B9000875B1000894
S31508021C6001B3000811C10008C9C00008000000003D
S31508021C7000000000BDDC0008B5DC00084187010849
S31508021C804D87010861870108C1A601080000000006
S31508021C9000000000E9DC0008E1DC0008C1A6010832
S31508021CA0C1A60108000000000000000021DD0008AE
S31508021CB019DD0008C1A60108C1A601080000000036
S31508021CC0000000003FE100083DE10008C1E000080D
S31508021CD0C1DF00086987010845E000083FE00008FF
S31508021CE0C1A60108C1A60108C1A60108C1A6010824
S31508021CF000000000000000002BE2000813E20008C2
S31508021D0041E100080572010851E20008A9E100084C
S31508021D1005E20008000000000000000069E2000871
S31508021D2045E50008FDE40008C5E3000859E4000893
S31508021D3091E30008B5E4000845E600082DE6000828
S31508021D400000000000000000A5E600088DE6000875
S31508021D5059E600080000000000000000C1A60108BC
S31508021D60C1A60108C1A60108C1A60108C1A60108A3
S31508021D70C1A60108C1A601084DE7000845E7000803
S31508021D800000000000000000C1E70008B9E70008EB
S31508021D90418701084D87010861870108C1A6010824
S31508021DA0000000000000000041E9000829E90008D7
S31508021DB0B187010859970108B19501085F9501088D
S31508021DC09187010809420108FD420108A12E01086E
S31508021DD08795010833960108194301082D4301081E
S31508021DE0516C0108856C0108C5420108994201082F
S31508021DF0A542010885420108914201088741010866
S31508021E006D43010861420108296C0108256B010826
S31508021E10896B010845970108D59701086997010852
S31508021E206D9801086D870108C9970108A1870108FD
S31508021E300000000000000000B5E900089DE900085E
S31508021E40B187010859970108B19501085F950108FC
S31508021E509187010809420108FD420108A12E0108DD
S31508021E608795010833960108194301082D4301088D
S31508021E70516C0108856C0108C5420108994201089E
S31508021E80A5420108854201089142010887410108D5
S31508021E906D43010861420108296C0108256B010896
S31508021EA0896B010845970108D597010869970108C2
S31508021EB06D9801087987010885870108A1870108B5
S31508021EC00000000000000000416D0108E9E9000871
S31508021ED0B187010859970108B19501085F9501086C
S31508021EE09187010809420108FD420108A12E01084D
S31508021EF08795010833960108194301082D430108FD
S31508021F00516C0108856C0108C5420108994201080D
S31508021F10A542010885420108914201088741010844
S31508021F206D43010861420108296C0108256B010805
S31508021F30896B010845970108D59701086997010831
S31508021F406D980108C5970108C9970108A187010874
S31508021F5000000000000000000944010899EA000890
S31508021F60878801085D880108B19501085F9501080F
S31508021F707388010809420108FD420108A12E0108D9
S31508021F808795010833960108194301082D4301086C
S31508021F909D430108B1430108C54201089942010857
S31508021FA0A5420108854201089142010887410108B4
S31508021FB06D430108614201080000000000000000AC
S31508021FC0ADFD0008A9FD00089DF0000881EE000895
S31508021FD0E5EA00083DFC000801EE0008FDED0008F0
S31508021FE059EE000873FB000849EB00086DED00087E
S31508021FF071EE0008C1A601087BFB00080DEB00087C
S31508022000BDF80008F1F90008A5F9000851EB000827
S31508022010D9EB0008B1ED000891EC000871FA000846
S315080220209DF100082DFA000893F0000881EF0008D8
S31508022030F1EF000845ED0008C1A60108C1A601088E
S31508022040C1A60108C1A601080DFC000839F400085A
S315080220505DEF0008D9F10008CDF400084DEE00083E
S315080220607189010819FC000865EE0008D1EA000822
S3150802207075F2000889F20008D1F100088DF6000809
S31508022080B9EA000859FB0008C1A6010811F80008B8
S3150802209097F8000869F500083DED0008B1EA00085E
S315080220A0B5F000080000000000000000094401081D
S315080220B0951D0108518301083D830108B195010860
S315080220C011830108D58D010809420108FD4201085C
S315080220D0A12E0108879501083396010819430108BC
S315080220E02D4301089D430108B1430108C542010871
S315080220F099420108A5420108854201089142010850
S31508022100874101086D430108614201085DC2000862
S3150802211029840108718C01087D8C010800000000E1
S3150802212000000000691F0108511F0108032B01085E
S31508022130C9280108F1280108E9280108E92901083E
S31508022140F9280108992A0108E1290108DD28010868
S3150802215000000000000000000944010831200108BF
S3150802216007910108D9900108B19501085F95010800
S31508022170F390010809420108FD420108A12E01084F
S315080221808795010833960108194301082D4301086A
S315080221909D430108B1430108C54201089942010855
S315080221A0A5420108854201089142010887410108B2
S315080221B06D43010861420108F31F0108000000008F
S315080221C000000000AD2801089D28010845250108E0
S315080221D00000000000000000ED2D0108E92D0108AD
S315080221E0032B0108C9280108F1280108E928010872
S315080221F0E9290108F9280108992A0108E1290108AB
S31508022200DD2801080000000000000000FD2E01087C
S31508022210F52E0108C1A60108C1A60108B195010853
S315080222205F9501081196010809420108FD42010855
S31508022230A12E01088795010833960108194301085A
S315080222402D4301089D430108B1430108C54201080F
S3150802225099420108A54201088542010891420108EE
S31508022260874101086D430108614201080000000028
S3150802227000000000FD310108E531010800000000F8
S3150802228000000000513801084D380108000000001E
S31508022290000000000D410108F54001084D40010803
S315080222A01D9501080000000000000000094401080D
S315080222B005440108C1A60108C1A60108B19501088D
S315080222C05F9501081196010809420108FD420108B5
S315080222D0C1A6010887950108339601081943010822
S315080222E02D4301089D430108B1430108C54201086F
S315080222F099420108A542010885420108914201084E
S31508022300874101086D430108614201080000000087
S3150802231000000000F5170108E56A010825560108BC
S31508022320A54B01088D630108E962010809620108E3
S31508022330296001081D5F010811650108BD460108EB
S31508022340419701086396010867960108551701081F
S31508022350D901010815140108E10D0108E15C01081B
S315080223607112010811660108000000000000000051
S31508022370416D01083B6D0108959B010859970108B3
S31508022380B19501085F9501080D98010809420108EF
S31508022390FD420108A12E0108879501083396010816
S315080223A0194301082D430108516C0108856C01087F
S315080223B0C542010899420108A54201088542010859
S315080223C091420108874101086D43010861420108EB
S315080223D0296C0108256B0108896B010845970108D4
S315080223E0D5970108699701086D980108C5970108EC
S315080223F0C997010831990108000000000000000091
S31508022400F1190108C16D0108079D01081D8C010813
S315080224105D8A0108518A0108C5890108F9890108F6
S3150802242089890108698A0108D38A0108AF890108DE
S315080224307D890108078C0108658C0108318A010823
S31508022440418A0108C1A601083D8B0108A589010830
S31508022450118C0108FD8B0108B5890108C1A601087E
S31508022460000000000000000009440108ED7101089F
S31508022470879D0108639D0108B19501085F950108CA
S3150802248011960108416E0108FD420108F56D010821
S315080224908795010833960108194301082D43010857
S315080224A09D430108B1430108C54201089942010842
S315080224B0A54201088542010891420108874101089F
S315080224C06D430108456E01086970010853710108D8
S315080224D0B37101088D710108937101082971010808
S315080224E0A56E0108D96D01086B9D0108497001089E
S315080224F00000000000000000F11F01080F72010829
S31508022500E99D01080000000000000000517401085E
S3150802251039740108C1E00008C1DF000869870108AB
S3150802252045E000083FE00008399E0108F1730108FA
S31508022530FD7301081D9E010800000000000000004E
S31508022540C1740108A9740108C1E00008C1DF0008C6
S315080225506987010845E000083FE000085D9E01081A
S315080225606574010871740108459E0108000000009F
S3150802257000000000357501081D750108C1E0000854
S31508022580C1DF00086987010845E000083FE0000846
S31508022590859E0108D5740108E1740108699E01083F
S315080225A00000000000000000517501084975010885
S315080225B08975010871750108000000000000000015
S315080225C015760108FD7501080000000000000000EC
S315080225D0317F0108657B0108597B0108877A010862
S315080225E0D77A0108177801080F7701087377010867
S315080225F0577A0108177B0108C17A0108E1770108B1
S3150802260027780108C779010837780108077701088A
S31508022610000000002C130208BBA00108B5A001089F
S315080226209DA0010800003C027804B306EE08280BB8
S31508022630610D990FD01106143A166C189D1ACB1C07
S31508022640F71E212148236C258E27AC29C72BDF2D9F
S31508022650F32F0332103418361D381C3A183C0E3E36
S315080226600040ED41D443B74594476B493D4B084D6D
S31508022670CE4E8E504752FA53A6554C57EB58825AAD
S31508022680135C9D5D1F5F9A600E627A63DE643A662A
S315080226908E67DA681E6A5A6B8D6CB86DDA6EF46FDD
S315080226A004710D720C730274EF74D375AE7680776B
S315080226B048780779BC79687A0B7BA37B337CB87C2C
S315080226C0347DA67D0E7E6D7EC17E0C7F4C7F837F18
S315080226D0B07FD37FEC7FFB7F0080000001010202FE
S315080226E00303040404050506060707080809090979
S315080226F00A0A0B0B0C0C0D0D0E0E0E0F0F101011F5
S31508022700111212131314141515161617171718186B
S3150802271019191A1A1B1B1C1C1D1D1E1F1F202021DE
S315080227202122222323242425262627272828292A44
S315080227302A2B2B2C2D747970656454657874732052
S31508022740213D20302026262022547970656454655E
S3150802275078742064617461626173652068617320AC
S315080227606E6F74206265656E20696E697469616C44
S31508022770697A65642E220068617356616C696449D8
S31508022780642829202626202274797065645465787F
S31508022790744964206C6172676572207468616E2080
S315080227A06E756D6265724F665479706564546578A4
S315080227B074732E22005479706564546578742064A3
S315080227C06174616261736520686173206E6F74203B
S315080227D06265656E20696E697469616C697A656499
S315080227E02E00437562654D582F4D6964646C657792
S315080227F0617265732F53542F746F756368676678B1
S315080228002F6672616D65776F726B2F696E636C7571
S3150802281064655C746F7563686766782F547970654A
S3150802282064546578742E6870700073697A656F6689
S31508022830285472616E735479706529203C3D20686C
S315080228406561702E7472616E736974696F6E537402
S315080228506F726167652E656C656D656E745F736907
S315080228607A65282920262620225472616E73697495
S31508022870696F6E20616C6C6F636174696F6E206537
S3150802288072726F723A20436865636B20746861746A
S3150802289020616C6C207472616E736974696F6E73F1
S315080228A02061726520616464656420746F204672D3
S315080228B06F6E74656E64486561703A3A5472616EF9
S315080228C0736974696F6E5479706573220073697AD5
S315080228D0656F662850726573656E74657254797091
S315080228E06529203C3D20686561702E7072657365A6
S315080228F06E74657253746F726167652E656C656D69
S31508022900656E745F73697A65282920262620225007
S31508022910726573656E74657220616C6C6F6361743F
S31508022920696F6E206572726F723A20436865636BCF
S31508022930207468617420616C6C2070726573656EB0
S3150802294074657273206172652061646465642074BB
S315080229506F2046726F6E74656E64486561703A3AA6
S3150802296050726573656E7465725479706573220068
S3150802297073697A656F662853637265656E547970F2
S315080229806529203C3D20686561702E736372656512
S315080229906E53746F726167652E656C656D656E74CC
S315080229A05F73697A65282920262620225669657763
S315080229B020616C6C6F636174696F6E206572726FE9
S315080229C0723A20436865636B207468617420616C8F
S315080229D06C20766965777320617265206164646527
S315080229E06420746F2046726F6E74656E6448656102
S315080229F0703A3A5669657754797065732200437559
S31508022A0062654D582F4D6964646C657761726573AA
S31508022A102F53542F746F7563686766782F667261D1
S31508022A206D65776F726B2F696E636C7564655C6D25
S31508022A3076702F4D56504170706C69636174696F78
S31508022A406E2E68707000636F6D70617469626C6572
S31508022A504672616D65627566666572284269746D4D
S31508022A6061703A3A524742353635292026262022BF
S31508022A705468652063686F73656E207061696E7449
S31508022A806572206F6E6C7920776F726B7320776927
S31508022A9074682052474235363520646973706C6112
S31508022AA079732200437562654D582F4D6964646CCB
S31508022AB06577617265732F53542F746F75636867F0
S31508022AC066782F6672616D65776F726B2F696E63B2
S31508022AD06C7564655C746F7563686766782F776969
S31508022AE064676574732F63616E7661732F416273CF
S31508022AF074726163745061696E74657252474235C5
S31508022B0036352E6870700025730075736564203E2D
S31508022B1020300075736564203E2031006F66667347
S31508022B206574203C207573656400437562654D586B
S31508022B302F4D6964646C6577617265732F53542FE0
S31508022B40746F7563686766782F6672616D65776FED
S31508022B50726B2F696E636C7564655C746F756368F6
S31508022B606766782F5465787450726F7669646572F1
S31508022B702E687070004B6579256400286672616D4F
S31508022B80655F6275666665725F73656D20213D20B5
S31508022B904E554C4C292026262022437265617469BB
S31508022BA06F6E206F66206672616D65627566666510
S31508022BB0722073656D6170686F7265206661696CF3
S31508022BC065642200287673796E635F71756575652B
S31508022BD020213D204E554C4C292026262022437280
S31508022BE0656174696F6E206F66207673796E6320ED
S31508022BF06D657373616765207175657565206661B4
S31508022C00696C656422004372656174696F6E206F30
S31508022C1066206672616D65627566666572207365A1
S31508022C206D6170686F7265206661696C65640043E0
S31508022C3072656174696F6E206F66207673796E634A
S31508022C40206D6573736167652071756575652066A4
S31508022C5061696C6564002E2F437562654D582F5461
S31508022C606F7563684746582F7461726765742F4F8C
S31508022C705357726170706572732E63707000667254
S31508022C80616D6542756666657220213D2030202693
S31508022C9026202241206672616D65627566666572D6
S31508022CA02061646472657373206D7573742062653E
S31508022CB02073657422007769647468203E3D204457
S31508022CC04953504C41595F574944544820262620B7
S31508022CD0686569676874203E3D20444953504C41F3
S31508022CE0595F48454947485420262620224672619C
S31508022CF06D656275666665722063616E6E6F7420B5
S31508022D00626520736D616C6C6572207468616E20F1
S31508022D10646973706C61792200437562654D582F38
S31508022D204D6964646C6577617265732F53542F74A9
S31508022D306F7563686766782F6672616D65776F72FD
S31508022D406B2F696E636C7564655C746F756368670F
S31508022D5066782F68616C2F48414C2E687070004166
S31508022D60206672616D656275666665722061646465
S31508022D7072657373206D757374206265207365744A
S31508022D80004672616D656275666665722063616E7C
S31508022D906E6F7420626520736D616C6C6572207447
S31508022DA068616E20646973706C617900302026262A
S31508022DB02022556E737570706F7274656420466F43
S31508022DC0726D6174212200302026262022556E73E8
S31508022DD07570706F7274656420666F726D617422A5
S31508022DE0002E2F437562654D582F546F75636847D9
S31508022DF046582F7461726765742F67656E657261CE
S31508022E007465642F53544D3332444D412E637070AA
S31508022E100073746174655B64726177696E67426C8C
S31508022E206F636B5D203D3D20414C4C4F43415445F9
S31508022E30440073746174655B73656E64696E674298
S31508022E406C6F636B5D203D3D2053454E44494E47AA
S31508022E500073746174655B6E65787453656E646934
S31508022E606E67426C6F636B5D203D3D20445241574D
S31508022E704E0073746174655B73656E64696E67424E
S31508022E806C6F636B5D203D3D20445241574E007383
S31508022E90746174655B64726177696E67426C6F63AD
S31508022EA06B5D203D3D20454D505459004375626582
S31508022EB04D582F4D6964646C6577617265732F533B
S31508022EC0542F746F7563686766782F6672616D65CD
S31508022ED0776F726B2F696E636C7564655C746F7558
S31508022EE063686766782F68616C2F4672616D654202
S31508022EF07566666572416C6C6F6361746F722E6873
S31508022F0070700073656E64207461736B0046726537
S31508022F106552544F53206D616C6C6F63206661690C
S31508022F206C656421200A00537461636B206F7665B1
S31508022F3072666C6F7721205461736B6E616D653AA8
S31508022F402025732E200A004672656552544F532077
S31508022F50617373657274206661696C65642E2046B6
S31508022F60696C653A2025732C206C696E653A2025B2
S31508022F70752E200A007461736B3100546F7563688D
S31508022F804746585F5461736B006D65737361676575
S31508022F905F706F6C6C696E675F7461736B007374D4
S31508022FA06172745F7461736B00092563092575097B
S31508022FB025750925750D0A0049444C4500546D725C
S31508022FC05100546D72205376630073697A65203C0A
S31508022FD03D20656C656D656E745F73697A6528292F
S31508022FE00030203D3D20287374617469635F636114
S31508022FF073743C75696E7431365F743E282873742F
S31508023000617469635F636173743C636F6E73742082
S3150802301075696E74385F742A3E28616464726573D2
S315080230207329202D207374617469635F63617374F5
S315080230303C75696E74385F742A3E28656C656D65E1
S315080230406E74283029292929202520656C656D6525
S315080230506E745F73697A65282929002E2E2F2E2E03
S315080230602F2E2E2F2E2E2F6672616D65776F726B3D
S315080230702F736F757263652F636F6D6D6F6E2F4158
S3150802308062737472616374506172746974696F6E83
S315080230902E637070002864737420213D2028766F91
S315080230A069642A29302920262620224120636F7244
S315080230B0726563742064657374696E6174696F6E90
S315080230C0206D656D6F727920706F696E74657220F6
S315080230D06D7573742062652070726F7669646564B3
S315080230E02122002848414C3A3A676574496E73743E
S315080230F0616E636528292D3E6765744672616D6542
S315080231005265667265736853747261746567792865
S315080231102920213D2048414C3A3A524546524553C8
S31508023120485F53545241544547595F504152544996
S31508023130414C5F4652414D45425546464552292025
S3150802314026262022436F7079206672616D65627544
S315080231506666657220726567696F6E20746F206D88
S31508023160656D6F7279206973206E6F74207375703E
S31508023170706F7274656420696E2050617274696139
S315080231806C204672616D65627566666572206D6F42
S31508023190646521220066616C736520262620225505
S315080231A06E6B6E6F776E204C385F524742353635F6
S315080231B020636F6D7072657373696F6E20616C67D9
S315080231C06F726974686D21220066616C73652026C8
S315080231D0262022556E657870656374656420746569
S315080231E0787420726F746174696F6E220028636F37
S315080231F06D7072657373696F6E416C676F7269740D
S31508023200686D203D3D204269746D61703A3A434FBC
S315080232104D5052455353494F4E5F4C385F4E4F4EB1
S3150802322045292026262022546578747572656D61B3
S3150802323070706572206F6E6C7920737570706F721C
S31508023240747320756E636F6D70726573736564202F
S315080232504C3820696D61676573220028626D702E8D
S31508023260676574466F726D61742829203D3D206634
S3150802327072616D65627566666572466F726D6174B6
S31508023280282929202626202254686520676976651A
S315080232906E206269746D61702068617320616E20A8
S315080232A0696E76616C696420666F726D617422005C
S315080232B048414C3A3A4652414D455F425546464583
S315080232C0525F5749445448203E2030202626202261
S315080232D048414C20686173206E6F74206265656E82
S315080232E020696E697469616C697A656420796574A6
S315080232F022002A7265696E746572707265745F63FC
S315080233006173743C636F6E73742075696E743136BB
S315080233105F742A3E28636C75744461746129203D82
S315080233203D204269746D61703A3A434C55545F4682
S315080233304F524D41545F4C385F524742353635003D
S315080233402A7265696E746572707265745F636173F9
S31508023350743C636F6E73742075696E7431365F746C
S315080233602A3E28636C75744461746129203D3D20A8
S315080233704269746D61703A3A434C55545F464F52EE
S315080233804D41545F4C385F4152474238383838000D
S315080233902A7265696E746572707265745F636173A9
S315080233A0743C636F6E73742075696E7431365F741C
S315080233B02A3E28636C75744461746129203D3D2058
S315080233C04269746D61703A3A434C55545F464F529E
S315080233D04D41545F4C385F5247423838380074655D
S315080233E078747572652E65787472614461746100C9
S315080233F02E2E2F2E2E2F2E2E2F2E2E2F6672616DEB
S3150802340065776F726B2F736F757263652F706C6158
S3150802341074666F726D2F6472697665722F6C636457
S315080234202F4C434431366270702E637070002E2E14
S315080234302F2E2E2F2E2E2F2E2E2F6672616D65772A
S315080234406F726B2F696E636C7564655C706C617400
S31508023450666F726D2F6472697665722F6C63642F5C
S315080234604C434431366270702E687070005F73691F
S315080234707A65203C20636170616369747920262627
S315080234802022566563746F72206361706163697482
S31508023490792065786365656465642200696E64658A
S315080234A078203C205F73697A65002E2E2F2E2E2FE8
S315080234B02E2E2F2E2E2F6672616D65776F726B2FE9
S315080234C0736F757263652F746F7563686766782F95
S315080234D04170706C69636174696F6E2E63707000F7
S315080234E02E2E2F2E2E2F2E2E2F2E2E2F6672616DFA
S315080234F065776F726B2F696E636C7564655C746F42
S315080235007563686766782F68616C2F54797065737E
S315080235102E687070006269746D61707320262620A9
S31508023520224269746D6170206461746162617365B7
S3150802353020686173206E6F74206265656E20696EFD
S31508023540697469616C697A65642E220028637369F5
S315080235507A65203E202873697A655F6361636865C8
S315080235605F7461626C6573202B2073697A655F6488
S31508023570796E616D69635F6269746D61705F6461BA
S31508023580746129292026262022496E737566666982
S315080235906369656E742063616368652073746F720C
S315080235A061676522002E2E2F2E2E2F2E2E2F2E2EBF
S315080235B02F6672616D65776F726B2F736F757263A3
S315080235C0652F746F7563686766782F4269746D61D3
S315080235D0702E6370700062756666657253697A65E5
S315080235E0203E3D2032202A2073697A656F66284379
S315080235F0656C6C2920262620224E6F7420656E6F14
S31508023600756768206D656D6F727920616C6C6F6382
S315080236106174656420666F7220435752220068619E
S31508023620734275666665722829002E2E2F2E2E2F56
S315080236302E2E2F2E2E2F6672616D65776F726B2F67
S31508023640736F757263652F746F7563686766782F13
S3150802365063616E7661735F7769646765745F7265C5
S315080236606E64657265722F43616E7661735769641B
S3150802367067657452656E64657265722E6370700052
S315080236806865616420213D2026642026262022437F
S31508023690616E6E6F74206164642044726177616240
S315080236A06C65206D756C7469706C652074696D65DE
S315080236B07322002E2E2F2E2E2F2E2E2F2E2E2F66D3
S315080236C072616D65776F726B2F736F757263652F93
S315080236D0746F7563686766782F636F6E7461696E57
S315080236E06572732F436F6E7461696E65722E6370AD
S315080236F070002E2E2F2E2E2F2E2E2F2E2E2F667246
S31508023700616D65776F726B2F736F757263652F7450
S315080237106F7563686766782F68616C2F444D412E12
S31508023720637070006672616D6542756666657241A0
S315080237306C6C6F6361746F72202626202248414C96
S315080237403A3A6672616D65427566666572416C6C77
S315080237506F6361746F72206E6F7420696E69746923
S31508023760616C697A656421220028626C69744F70FB
S315080237702E6F7065726174696F6E20262067657494
S31508023780426C6974436170732829292026262022EF
S31508023790626C69742066696C6C206F7065726174FC
S315080237A0696F6E206E6F7420737570706F727465B0
S315080237B064220028626C69744F702E6F706572619C
S315080237C074696F6E202620676574426C697443615A
S315080237D070732829292026262022626C6974206F94
S315080237E07065726174696F6E206E6F74207375707E
S315080237F0706F7274656422005553455F414E494D98
S315080238004154494F4E5F53544F524147452026264D
S315080238102022416E696D6174696F6E2073746F72CE
S3150802382061676520726571756972656420666F7273
S315080238302074686973206F7065726174696F6E2E81
S31508023840205365652048414C3A3A736574416E695E
S315080238506D6174696F6E53746F7261676522006673
S31508023860616C7365202626202248414C3A3A524515
S3150802387046524553485F53545241544547595F503F
S3150802388041525449414C5F4255464645525F544659
S31508023890545F4354524C206F6E6C79207375707066
S315080238A06F7274732031366269742C2032346269FD
S315080238B0742C206F72203332626974206672616DCD
S315080238C065627566666572220066616C7365202696
S315080238D026202248414C3A3A524546524553485FB9
S315080238E053545241544547595F5041525449414CE9
S315080238F05F4652414D45425546464552206F6E6CCB
S315080239007920737570706F727473203136626974B8
S31508023910206F72203234626974206672616D656244
S3150802392075666665722200287769647468203E2087
S3150802393030292026262028686569676874203E2073
S315080239403029202626202243616E6E6F7420626C0F
S31508023950697420656D707479207265637422002E0D
S315080239602E2F2E2E2F2E2E2F2E2E2F6672616D653E
S31508023970776F726B2F736F757263652F746F7563CA
S31508023980686766782F68616C2F48414C2E637070A1
S315080239900021757365456C6C6970736973202626F8
S315080239A020225769646520546578742068617320FB
S315080239B073746F70706564207769746820616E200D
S315080239C0656C6C6970736973202D20646F206E6F45
S315080239D074207363616E20616E79206675727468ED
S315080239E0657221220028626974735065725069787B
S315080239F0656C203D3D2031207C7C206269747350C1
S31508023A006572506978656C203D3D2032207C7C20A9
S31508023A1062697473506572506978656C203D3D2001
S31508023A2034207C7C206269747350657250697865AB
S31508023A306C203D3D2038292026262022496C6C65BB
S31508023A4067616C2062697473506572506978656C37
S31508023A5020666F7220676C79706822002E2E2F2ED0
S31508023A602E2F2E2E2F2E2E2F6672616D65776F7270
S31508023A706B2F736F757263652F746F7563686766EC
S31508023A80782F6C63642F4C43442E637070002E2E7D
S31508023A902F2E2E2F2E2E2F2E2E2F6672616D6577C4
S31508023AA06F726B2F696E636C7564655C746F756390
S31508023AB0686766782F776964676574732F63616EC2
S31508023AC07661732F4357525574696C2E687070006D
S31508023AD02E2E2F2E2E2F2E2E2F2E2E2F6672616D04
S31508023AE065776F726B2F696E636C7564655C746F4C
S31508023AF07563686766782F54797065645465787457
S31508023B002E6870700075736564202B206E756D20A3
S31508023B103C3D2073697A65002E2E2F2E2E2F2E2ECF
S31508023B202F2E2E2F6672616D65776F726B2F696EF7
S31508023B30636C7564655C746F7563686766782F5421
S31508023B4065787450726F76696465722E6870700053
S31508023B5043616E76617357696467657452656E640C
S31508023B60657265723A3A6861734275666665722865
S31508023B702920262620224E6F2062756666657220E7
S31508023B80616C6C6F636174656420666F7220436151
S31508023B906E76617357696467657452656E64657299
S31508023BA065722064726177696E6722002E2E2F2E47
S31508023BB02E2F2E2E2F2E2E2F6672616D65776F721F
S31508023BC06B2F736F757263652F746F75636867669B
S31508023BD0782F776964676574732F63616E7661738C
S31508023BE02F43616E7661732E637070002E2E2F2E10
S31508023BF02E2F2E2E2F2E2E2F6672616D65776F72DF
S31508023C006B2F736F757263652F746F75636867665A
S31508023C10782F63616E7661735F7769646765745F2F
S31508023C2072656E64657265722F4F75746C696E651E
S31508023C302E637070005F5F6378615F677561726497
S31508023C405F6163717569726520646574656374651D
S31508023C50642072656375727369766520696E697424
S31508023C6069616C697A6174696F6E3A20646F20794A
S31508023C706F75206861766520612066756E63746962
S31508023C806F6E2D6C6F63616C207374617469632047
S31508023C907661726961626C652077686F73652069FF
S31508023CA06E697469616C697A6174696F6E2064659C
S31508023CB070656E6473206F6E207468617420667511
S31508023CC06E6374696F6E3F00706300002C360308DA
S31508023CD01F000000C921C921C921C921C921C92139
S31508023CE0C921C921C921E921CA21C921EA29EA2109
S31508023CF0EA29E921EA29EA29EA21EA21EA29EA213D
S31508023D00EA290A2A0A2AEA210A2A0A2A0A2A0A2A4D
S31508023D100A2A0A2A0A2A0A2A0A2A0B2A0A2A0B2AF1
S31508023D200B2A0B2A2A2A0B2A2B2A2B2A2B2A2B2A3C
S31508023D302B2A2B2A2B2A2B2A2B2A2B2A2B2A2B2ACB
S31508023D402B2A2B2A2B2A4C324B2A4B2A4B2A2B2A32
S31508023D502B2A2C2A4C324B2A4B2A4C324C2A4C2AD6
S31508023D604B2A4C324C324C2A4C324C2A4C2A4C3274
S31508023D704C324C2A4C324C2A4C326C324C2A6C321B
S31508023D806C324C326C2A6C326C326C326C326C325B
S31508023D906C2A6C326C326C326C326C326C326D322A
S31508023DA06C328C326C326C324C324C2A4C324C2A83
S31508023DB06C324C324C2A4C326C324C2A4C326C32B3
S31508023DC04C2A6C324C326C326C326C326C326C323B
S31508023DD06C326C326C326C326C326C326C326C32E3
S31508023DE06C326C326C326D326C326C326C326D32D1
S31508023DF06C326C328D328C328C328D328D328C3200
S31508023E006C328D328D328C328D328D328C328C32CE
S31508023E108D328D328C328D328D32C921C921C9211A
S31508023E20C921C921EA29EA29C921EA29C929E9218F
S31508023E30EA29EA21E929EA21EA29EA29EA21EA29F3
S31508023E40EA29EA29EA21EA29EA29EA210A2A0A2A98
S31508023E50EA290A220B2AEA290B220B2A0B2A0A2A00
S31508023E600B2A0A2A0A2A0B2A2B2A0B2A0B2A2B2A5C
S31508023E702B2A0B2A0B2A0B2A2B2A2B2A2B2A2B2AEA
S31508023E802B2A2B2A2B2A2B2A4B2A4B2A2C2A2B3231
S31508023E902C2A2C2A4B2A4C322B2A4B2A4C2A2B2ADE
S31508023EA04C324C2A4B2A4C324C2A4C324C324C322B
S31508023EB04C2A4B2A4C326C326C2A6C324C2A4C32C3
S31508023EC06C324C2A4C326C326C2A6C326C326C3242
S31508023ED06C2A6C326C326C326C326C326D326D32E8
S31508023EE06C326C326D326C328D326C324C2A4C2A00
S31508023EF04C324C2A4C324C326C2A6C324C324C2A9A
S31508023F006C324C326C2A4C324C326C2A6C324C3241
S31508023F106C2A6C326C326C326C326C326C326C32A9
S31508023F206C326C326C326D326C328C328D326C324F
S31508023F306C326D328D328C326D326D328C326D321C
S31508023F406C326C326D326C328D326C328D328D320D
S31508023F506C328D328D326C328C328D326D328C32BD
S31508023F60C921C921C929CA29EA21E929C921CA2196
S31508023F70E929CA21E921EA29CA21E921E921EA2905
S31508023F80EA21EA29EA29EA21EA29EA210A2AEA2188
S31508023F900A2A0A2A0A2AEA210B2A0A2A0A2A0A2A99
S31508023FA00A220A2A0B2A0B2A0B2A2A2A0B2A2A2A25
S31508023FB02B2A0B2A2B2A0A2A0B2A2B2A2B2A2B2AAA
S31508023FC02B2A2B2A2B2A2B2A2B2A2B2A2B2A2B3231
S31508023FD02B2A2B2A2B2A4B324C2A4C324B322B2A8F
S31508023FE04C324C324B2A4C324B324C322B2A4C2A0C
S31508023FF04C2A4B2A4C324B2A4C324C2A4C2A6C32CB
S315080240004C324C2A4C2A6C326C326C326C324C2A48
S315080240106C324C326D326C324C2A6D326D326C32E5
S315080240206C2A6C326D326C326D326C326C326C3296
S315080240304C324C2A4C324B2A6C2A4C326C324C3259
S315080240406C326C2A4C326C326C2A4C2A6C326C32C8
S315080240506C326C2A6C324C326C326D326C2A6C328F
S315080240606C2A6D326D326C326D326D326C326C3254
S315080240706C326C326D328C326C326C328D328C32DE
S315080240806C328D326C326C328D328D328D328D328B
S315080240906C326C328D328C326D328D3A8D328D3273
S315080240A08D3A8C328D32C921C929C921C921C92122
S315080240B0C921C921C921EA21C921CA29E921C9294E
S315080240C0EA21EA29C921EA21EA29E921EA21EA219A
S315080240D00A2AEA29EA21EA210A2A0A2A0A2A0B2AA2
S315080240E00A2A0B2A0B2A0A220A220A2A0A2A0B2A2D
S315080240F02B2A0A2A0B2A2A2A2B2A0B2A2A2A2B2A6B
S315080241000B2A2B2A2B2A2B2A0B2A2B2A2B322B2A2F
S315080241102B2A2B2A2C2A2B322B2A2C2A4B324B2A95
S315080241204C2A2B2A2B2A4C2A2B2A4B2A4C2A4C322B
S315080241304B2A4C324C324B2A4C2A4B2A4C324C32A2
S315080241404C2A4C2A6C324C324C2A6C324C326C2A2F
S315080241506C326C324C2A4C2A6C326D326C326C32AE
S315080241606C326D326C326C2A6D326C326C2A6D325C
S315080241706C326C326C2A4C2A4C324C324C2A4C32F7
S315080241806C2A4C2A4B326C2A4C326C326C324C2AD0
S315080241904C326C326C326C324C326C326C326C2A67
S315080241A04C326D326C326C326C2A6C326C326C3236
S315080241B06D326C326C326D326C326D328D326C32DB
S315080241C06C326D328C326D328D326C328C328C326C
S315080241D08C328D326C328C326D328D328C328C321C
S315080241E08C328D3A8C328D328D326C32C921C9218C
S315080241F0C921C921C929EA29C921C921EA29C929FD
S31508024200EA21CA21C929EA29EA29EA21EA29E92960
S31508024210EA21EA29EA29EA29EA21EA290A2AEA21ED
S31508024220EB29EA210A2A0A2AEA210B2A0A2A0B2A4E
S315080242300B2A0A2A0B2A2B2A0B2A0B2A0A2A2B2A88
S315080242400B2A2B2A2B2A0B2A2A2A2B2A2B2A2B2AF7
S315080242502B2A2B322B2A2B2A2B2A2C2A4B2A2B2A7D
S315080242602C2A4B322B2A2C2A4C324B2A2B2A2C2A22
S315080242704C324C2A2B2A4C2A4B2A4C324C324B2A89
S315080242804C324C324C324C324C324C2A6C324C2A1E
S315080242906C324C324C2A4C2A4C326C326C2A6C2ABE
S315080242A06C2A6C326C326C2A6C326C326C326C321E
S315080242B06C326D328D326C324C2A4C2A4C326C324C
S315080242C04C326C324B2A4C326C326C324C2A6C327F
S315080242D04C2A4C324C326C2A6C326C2A4C324C2A9E
S315080242E06C326C326C326C324C326C2A4C326C3216
S315080242F06C326C326D328C326C326C326C2A6D32A4
S315080243008C326C326D326C326C328D326C326D326A
S315080243108D326C326C328D328D326C326D328C3219
S315080243206C326D326C328D328C328C326C328D320A
S315080243308D32C921C921CA29C921EA21EA29C921F5
S31508024340CA29EA21E921C921EA29EA21E921EA2138
S31508024350E929EA21EA29EA21EA29EA290A22EA21B5
S31508024360EA290A2A0A2AEA210A2A0A2A0A2A0A2AE7
S315080243700A2A0A2A0B2A0B2A0A2A0A220B2A0A2A92
S315080243800B2A0B2A0A2A2B2A2B2A0B2A2B2A2B2AF6
S315080243902B2A2B2A2B322B2A2B2A2B2A2B2A2B2A5D
S315080243A02B322B2A4B2A4C322B2A2B2A2B2A4C32DB
S315080243B04B2A2B2A2B324C2A2B2A4B324C324C2A8A
S315080243C04B2A4C2A4C324C2A6C2A6C324C2A4C32D6
S315080243D06C324C2A4C2A6C326C324C2A6C326C3255
S315080243E06C324C326D326C326C326D2A6C326C32F3
S315080243F06D2A6D326C326C2A6C326C326C324C2AF3
S315080244004C2A4C324C2A4C2A4C326C324C2A6C328C
S315080244104C2A4C324C326B2A6C324C326C326C322D
S315080244204C2A6C326C326C2A6C326C326C326C32BC
S315080244306C326C326D326D326C326D326C326D3278
S315080244406C326C326D328C326C326D328C326C322A
S315080244508D328C326C326C326D328D328C326D32D8
S315080244608C328D326D328D328C3A8D3A6D328D3276
S315080244708D3A8C328C328D32C921C921C929C9217A
S31508024480E921C921E929C921C921EA29C921EA2932
S31508024490EA21E921EA29CA21E929EA21EA29EA21BE
S315080244A00A2A0A2AEA29EA210A2A0A2A0A2A0A2AA6
S315080244B0EB210B2A0A2A0B2A0B2A0A2A0A2A0A2279
S315080244C00B2A0A2A0A2A2B2A0B2A0A2A2B2A0A2AF8
S315080244D02B2A2B2A0A2A2B2A2B2A0B2A2B2A2B2A65
S315080244E02B2A2B2A2B2A2B2A2B2A4B322B2A4C32C3
S315080244F04B322B2A2B2A4C2A4C324B322C2A2B2A69
S315080245004C324B2A2B2A4C324C324C2A4B2A4C32EE
S315080245104B2A4B2A4C2A6C324C2A4C324C2A4C2AAD
S315080245204C326C324C2A4C2A6C326D326C326C32FA
S315080245304C326D326C324C326D326D326C2A6C2AC8
S315080245406C324C2A4C324B324C324B326C2A4C2A45
S315080245504C324C2A4B2A6C326C324C2A6C326C32F4
S315080245606C2A6C324C2A4C2A6C326C326C326D32A2
S315080245704C2A6C2A6D326C326C326D326C326C3269
S315080245806C2A6C328D326C326C326D326C326C3211
S315080245908D328D326C326D326C326C326C326C32D8
S315080245A06C326C326C328D328C326C328D328C3289
S315080245B08C328D328C328D326D328D3A8C32C921E3
S315080245C0C921CA29EA29C921CA21C921C921EA292F
S315080245D0CA21EA29C921C929EA29EA29EA21EA29AD
S315080245E0EA29EA29EA21EA29EA290A2AEA21EA211A
S315080245F0EA290B2A0A220A2AEA210B2A0A2A0A2263
S315080246000A2A0B2A0A2A0B2A0B2A0A220B2A2B2ADD
S315080246100A2A2B2A2B2A2B2A2B2A0B2A2B2A2B2A23
S315080246202B2A2B2A2B2A2B322B2A2B2A2B2A2C32C1
S315080246302B2A2B2A4C324C2A2B2A2B2A4C2A2B2A57
S315080246404C2A4B324C2A4C2A2B2A4C324C2A4B2ABD
S315080246504C324B2A4C324C324C324C2A4C326C324B
S315080246604C2A4C324C2A4C2A4C2A6C326C326C320A
S315080246704C2A6C2A6C326D326C2A6C326C326C3271
S315080246806C326C326C324C2A4C2A4C2A4C324C2AEA
S315080246904C326C324B324C2A4B324C2A6C324C32EC
S315080246A04C2A4C324C2A4C2A6C324C324C326C2AEA
S315080246B04C326C326C326C326C326D326C326C3219
S315080246C06C2A6D326C326C326C326C326D326C2AF8
S315080246D06C326C326C328C328D326D326C328D3277
S315080246E06D326C326D328D328C326D326C326D3285
S315080246F08C326D326D326C328C326D328C328D3236
S315080247008D328D3AC921C921C921C921C921C9298F
S31508024710EA29CA21C921C921EA29E921C921EA21A5
S31508024720E921E929EA21EA29EA21EA21EA290A2AE2
S315080247300A2AEA29EA21EA29EA210A2A0A2AEA297E
S315080247400A220A2A0B2A0B2A0A220B2A0A2A2B2AA5
S315080247500A2A0B2A0B2A0A2A2B2A2B2A0A2A0B2A64
S315080247600B2A2B2A2B2A2B320B2A2B2A2B2A2B2AC9
S315080247702B2A2C322B2A2B2A2B2A2B2A2B2A4C324F
S315080247804B322B2A2B2A4C322B2A2B324C2A4C32CE
S315080247904C324C2A4B2A4C324C2A4C2A4B2A4C3243
S315080247A04C2A4B326C326C324C2A6C324C326C329A
S315080247B06C324C2A4C2A4C326C326D326C326C2A70
S315080247C06C326D326C2A6C326D324C2A4C2A4B3260
S315080247D04C324C2A6C324B2A4C2A4C326C324C2ABA
S315080247E04C324C324B2A4C326C326C324C326C3272
S315080247F06C326C326C326C2A6C326C326C324C32E1
S315080248006C2A6C326C326C326C2A8D326C326C3297
S315080248106D326C326C326C328D326D326C326C3275
S315080248206C328C328D328D326C326C328D328C32E5
S315080248306C328D328C326D328D328C326D326D32F3
S315080248408D3A8D3A8C328C326C32C921C921C921F2
S31508024850C921C921EA21E929E921C921C921EA2966
S31508024860EA29EA21EA29E921C921EA29E921EA29E3
S31508024870EA21EA21EA21EA21EA290A2A0A2AEA296E
S315080248800A2A0B2AEA290A2A0B220A2A0A2A0A22A7
S315080248900B2A0A2A0B2A0B2A2A2A0B220B2A0A2A4B
S315080248A00B2A2B2A0A2A2B2A2B2A2B2A2B2A0B2AB1
S315080248B02B2A2B2A2B2A2B2A2B2A2B2A2B2A4C2A1F
S315080248C04C322B2A2B2A4C2A4C324B2A4C2A4C3253
S315080248D04B324C2A4B324C2A4C2A4C324C324C32F2
S315080248E04B2A4B2A4C326C2A4C2A6C326C324C2A92
S315080248F06C326C324C2A4C326C324C2A4C326C3248
S315080249006C2A4C326C326C326C326C2A6C324C32F7
S315080249104C2A4B2A4B324B2A4C324C324B2A4B2AC4
S315080249204C2A4C326C324C2A6C324C2A4C2A4C3267
S315080249304C2A4C2A6C326C326C2A6C324C326C2AF7
S315080249406C324D326C326C326D326C326C326D3284
S315080249506C326C2A6C328D326D326C2A6C326C3245
S315080249606C2A8D326C328D326C326C328D326C32EC
S315080249706C326D326C328D328D326C328C328D32B3
S315080249808C328C328D328C328D3A6C328D326D325B
S31508024990C921C929C929C921CA21C921E921C92186
S315080249A0EA29EA29E921EA29C921EA21EA29EA21A1
S315080249B0EA29EA29EA29E929EA21EA290A2A0A2A16
S315080249C0EA290A220A220A2A0B220A2AEA210A2A98
S315080249D00B2A0A2A0B2A0B2A0B2A0A2A2A2A0B2A02
S315080249E02B2A2B2A0B2A0A2A2B2A2B2A0B2A2B2A70
S315080249F02B2A0B2A0B2A2B2A2B2A2B2A2B2A2B2A3F
S31508024A002B324B2A2B2A2B2A4C322B2A2B2A4C3274
S31508024A104B2A4B2A4C2A4C322B2A4B2A4B324C32E3
S31508024A204B2A4B2A4C324C2A4C324C324C324C2AA8
S31508024A304C326C2A4C324C324C2A4C2A6C326C322E
S31508024A406C326C326C2A4C2A6D326C326C2A6D329C
S31508024A506C324C2A4C2A4C324B2A4C2A4C324C2A5F
S31508024A606C324C324C324B2A4B2A4C2A4C326C3220
S31508024A704C2A6C324C324C2A4B2A4C324C326C320F
S31508024A804C2A4C2A6C326C326C2A4C2A6C326C2AAE
S31508024A906C326D326C326C326C2A6C326C326C321D
S31508024AA06C326D326C326C328D328C326D328D32A2
S31508024AB06C326C326D328C328C326C328D328C3274
S31508024AC06D328D328D326C328D328D326C326C3261
S31508024AD06D328C328D32C921C921C921CA29C9210F
S31508024AE0C929EA29CA21C921C921C921E921EA29EB
S31508024AF0E921CA21EA29E921EA21EA29E921EA2959
S31508024B00EA290A22EA29EA21EA29EA290A2AEA21D3
S31508024B100A2AEA290A2A0B2A0B2A0A220A2A2B2AEB
S31508024B200A2A0B220B2A0A2A2B2A2B2A0A2A0B2A98
S31508024B302B2A0A2A0B2A2B2A2B2A2B2A2B2A0B2A1E
S31508024B402B2A2B2A2B2A2B2A2B2A2B2A2B2A2B2AAD
S31508024B504C322B2A4C2A2C324B324B2A2B2A4C2AE1
S31508024B602C2A4B2A2B2A4C2A2B2A4C2A4C324C2AE0
S31508024B704C2A4C324B2A4C2A6C326C324C2A4C2A1E
S31508024B804C2A6C326C326C326C324C324C326D2A94
S31508024B906C324C2A6D324C324C2A4B2A4C322B2A16
S31508024BA04C2A4C324B2A4C326C324C324C324C32F6
S31508024BB04C326B2A6C324C2A4B326C324C326C3287
S31508024BC06C2A4C326C324C324C326C326C326D324C
S31508024BD06C326C324C2A6C326C2A6C326C326C2A0D
S31508024BE06D326D326C326C326C326D326C326C32C2
S31508024BF08C326C326D328D328C326D328D328C3211
S31508024C006D326C328C328D328C326C326D326C3241
S31508024C108D3A8D328D328C326C328C32C921C92151
S31508024C20C921CA21E921E929CA21C921E929CA21B1
S31508024C30CA29EA29E921EA29EA29EA29E921EA29FE
S31508024C40EA21EA21EA21EA21EA29EA290A220A2AA2
S31508024C50EA290B2A0A2A0A2A0B2A0B2A0A2A0A2AC2
S31508024C600A2A0A220B2A0A2A0B2A2A2A0A2A0B2A79
S31508024C702B2A2B2A0A2A2B2A2B2A2B2A0A2A0B2ADE
S31508024C802B2A2B2A2B2A2B322B2A2B2A2B2A2C325B
S31508024C902B2A2B2A2B2A4C324B322B2A2B2A4C2AEA
S31508024CA04C322B2A2C2A2B324C322C2A4C324B2AA7
S31508024CB04C324B2A4C326C2A6C324C324C2A6C32AD
S31508024CC04C326C324C2A4C326C326C2A4C2A6C327C
S31508024CD06D326C326C326C326C326C324C2A2B2A44
S31508024CE04C324C324B2A4C2A4C324B324C2A4C2AE6
S31508024CF04B2A4B2A4C324C2A4C2A6C324C324B2ABF
S31508024D004C2A4C326C326C324C2A6C326C2A4C2A43
S31508024D104C326C326C326D326C326D324C326C32D1
S31508024D206C326C326C326D326C2A6C326D328D3268
S31508024D308D326C326C326D328D326C326C326C3230
S31508024D406C326C326D326C328D328D3A8D328C32D7
S31508024D508D3A8D326C328D328D326C326D328D3A9D
S31508024D608D32A921C921C921C929EA21CA21C92104
S31508024D70C921C921EA29EA29EA21E921CA29E92117
S31508024D80EA21EA29E929EA29EA29EA21EA29EA298C
S31508024D900A2A0A2AEA210A2A0A2A0A2A0B220A2A93
S31508024DA00A2A0A220B2A0B2A0B2A0A2A0A2A0B2A57
S31508024DB00B2A2B2A0A220B2A2B2A0A2A2B2A2B2AC5
S31508024DC02B2A2B2A2B2A2B2A2B2A0B2A2B2A2B2A4B
S31508024DD02B2A2B2A2B324C2A2B2A2B2A4C324B2AA9
S31508024DE04C324C2A2B2A2B2A4B2A2B2A4C2A4C3257
S31508024DF02B2A4B2A4C2A4C2A4C324C324C2A4B32FE
S31508024E004C324C2A4C2A4C2A6C326C324C324C2A82
S31508024E104C324C2A6C324C2A6C2A6C326D326C2A11
S31508024E204C324B2A4B2A4C324C2A4B324B2A4B2AAF
S31508024E304C2A4C324C324B2A6C324C324C2A4C326B
S31508024E406C324C324C2A6C324C2A4C2A4C326C2A22
S31508024E506C324C326C2A6C326C326C2A6C326C3282
S31508024E606C2A4C2A4C326C2A6C326D326C326C3299
S31508024E708C326C326C326C326D326C326C326C3211
S31508024E806C326D328D326C326C326D326C326C32FF
S31508024E906C326D328C326D328D326C328D328C328E
S31508024EA06C328D328D328C32C921C921C929C92168
S31508024EB0C921EA29E929C921EA29EA21C921C921F7
S31508024EC0EA29E921EA21E921EA29EA21EA29EA295C
S31508024ED0EA29EA21EA21EA21EA29EA210A2AEA2131
S31508024EE0EA290B2A0A2A0A2A0B2A0A2A0A2A0A2239
S31508024EF00A2A0A220B2A0B2A0A2A0B2A2B2A0A2AE6
S31508024F000B2A2B2A2B2A2B2A2B2A2B2A2A2A0B2A2A
S31508024F102B2A2B2A2B2A2B2A2B2A2B2A2B2A2B2AD9
S31508024F202B2A2B2A2B2A2B2A4C322B2A4B2A4C3257
S31508024F302B2A4B2A2C2A4B324B2A4C324C324B2ADE
S31508024F404C2A4C324C2A4B2A4B324C324C2A6C3263
S31508024F506C326C2A6C326C326C324C324C2A6C32A1
S31508024F606D324C2A4C2A2B2A4C324C2A4B2A4B2A73
S31508024F704C324C324C2A4C324C324B2A4C324C2A4A
S31508024F804C324B2A4B2A4C324C2A6C326C324C32FB
S31508024F906C2A6C324C326C326C324C2A4C326D3280
S31508024FA06C2A4C326C326C326C326C326C326C2A31
S31508024FB06C326C326C2A6D326C326C326C326C32F8
S31508024FC06C326C328D326C326C328D326C326D329E
S31508024FD08D326C326C328C326D328C328C328D322E
S31508024FE06C328D328D3A6C326C328C328D32C921EA
S31508024FF0C929CA21C921C921E929EA21CA21EA29D5
S31508025000E929C921CA21EA29E921C921EA29EA2184
S31508025010EA29EA21E921E921EA29EA29EA29EA210A
S315080250200A2A0A2A0B2AEA210A2A0B2A0B2A0A2AF6
S315080250300A2A0B220A2A0A2A0B2A0A2A0A2A0A2AC6
S315080250400B2A2B2A2B2A0B2A2B2A2B2A0A2A0B2A29
S315080250502B2A2B2A2B2A2B2A2B2A2B322B2A2B2A90
S315080250602B2A2B2A2B2A2B2A2B2A2B2A4C322B2A5F
S315080250704B2A4C322C2A2B2A2B2A4C2A4C324B2AC4
S315080250804C324C324B2A4C2A4C324C2A4C2A4B2A4A
S315080250904C2A4C324C2A4C324C2A4C2A4C326C3210
S315080250A06C2A4C326C326C324C322B2A4B324C32D2
S315080250B02C324B2A4C324C324B2A4C324C2A4B2A33
S315080250C04B2A4C2A4B324C326C2A4C324B2A4C32E3
S315080250D04C2A6C324C326C326C324C324C2A6C2A68
S315080250E06C326C326C326C326C326C326D326C32BF
S315080250F06C326D326C326C326D326C326D326D32AC
S315080251008C326D328D326C2A6C326D326C2A8D324B
S315080251108D328C326C326C328D326D328D326C320B
S315080251206C328C326D326C328D328D326C328D32FB
S315080251306D328D3AC921C921C929E929C921CA2944
S31508025140E929C921C921EA21EA29E921EA29CA293B
S31508025150EA21CA29E929EA21EA29EA21EA290A2ABF
S31508025160EA290A2AEA21EA290A2A0A2A0A2AEA2123
S315080251700B2A0A220A2A0A2A0B2A0A2A0B2A0B2A83
S315080251802B2A2B2A0A2A0B2A0A2A2B2A0A2A0A2A0B
S315080251902B2A0B2A2B2A0B2A2B2A2B2A2B2A2B2A97
S315080251A02B2A2B2A2B2A2B322B2A2C2A2B322C2A35
S315080251B04C2A2B2A2B2A4C322B2A4B2A4C322C329B
S315080251C02B2A2B2A4C2A2B2A4C324B2A4C324B326C
S315080251D04C2A4C324C326C324C2A6C324C2A4C32A7
S315080251E06C324C2A6C2A4C326C326C324C2A4C2A5F
S315080251F04B2A4C2A2B2A4B324C2A2B2A4B2A4B2A2D
S315080252004C324B2A4C2A4C324B324C324C2A4C32B8
S315080252106C324C2A4C324C2A4C324C2A4C2A6C326E
S315080252204C2A6C324C324C2A6C326C326C326C2AF6
S315080252306C326C326C2A4C2A6D326C326C326C2AA5
S315080252406C326C326C2A6C326D326C326D326C3264
S315080252506C328C328D326C326C326D326C326C320C
S315080252606C328C328D326D328D328C3A8C328D3272
S315080252708D328C328D326C326C32C921C921CA21E7
S31508025280C921EA29E921C921C921C921EA29C9214C
S31508025290C921C921EA29E921E921CA21EA29EA29F2
S315080252A0EA29EA21EA21EA21EA29EA290A220A2A34
S315080252B0EA21EA210A2A0A2AEA290B2A0B2A0A22B7
S315080252C00A220A2A0A220B2A0B2A0A220A2A0B2A43
S315080252D00B2A0A2A0B2A2B2A2B2A2B2A2B2A0A2A98
S315080252E02B322B2A0B2A2B2A2B2A2B2A2B2A2B2A1E
S315080252F02B322B2A2B2A2B2A2B324C322C2A2B2ABC
S315080253004B2A4C322B2A4B2A4C322C2A4B2A4C3209
S315080253104C2A4B2A4C2A4C324B2A4C324B2A4C32B8
S315080253206C326C2A4C2A6C326C2A4C326C324C2AFD
S315080253306C2A4C322B2A2B2A2C2A4C2A4C324B32D8
S315080253404B2A2C324C324C2A4B324C2A4C2A4B32A0
S315080253504C2A4C324B2A4B2A4C326C326B326C2A10
S315080253606C324C324C2A4C326C326C324C2A4C2AF5
S315080253706C326C324C2A4C2A6C326D326C326C327C
S315080253806C2A6C326C326C2A6C326C2A6C326C3235
S315080253906C328D326C326C328D326C326C328D32AA
S315080253A08D326C326C326D326C328C326C326D32BA
S315080253B08D328D328C326C326D328C328D328D3228
S315080253C0C921C921C929C921C921C921CA21EA294B
S315080253D0EA21EA29EA29C921EA21EA21C921EA298F
S315080253E0EA21E921EA21EA29E921EA29EA21EA2147
S315080253F0EA290A2AEA29EA21EA290B2A0A2AEA29A9
S315080254000A220A2AEA290B2A0A2A0A2A0A220B2A1B
S315080254100B2A0A2A0B2A0B2A2B2A0A2A0B2A2B2A96
S315080254200A2A0B2A0B2A2B2A2B2A2B2A0B2A2B2A45
S315080254302B2A2B2A2B2A2B2A4C2A4B2A4B2A4B322B
S315080254402B2A4B2A2B2A2C2A4C322B2A4B2A4C3211
S315080254502B324B2A4C2A4C324B2A4C324C2A4C2A97
S315080254606C324C2A4B2A4C324C326C324C2A4C3215
S315080254706C324C2A6C2A4C2A2B2A4B324C324B322F
S315080254802B2A4C2A4C324B2A4C2A2B2A4B2A4C3290
S315080254904C324B2A4C324C2A4C2A4C324C2A6C320D
S315080254A06C2A4C2A4C326C326C324C324C2A6C3294
S315080254B06C324C2A6C326C326C324C326C326D3233
S315080254C06C326C324C326D326C326D326C326D32F9
S315080254D06C326D326D328C326C326C326C326D32A9
S315080254E06C326C328D328D328C326D328D326C3238
S315080254F08C328C326C326C326D328D326C328D3229
S315080255008D328D326C32C921C929CA21E929C921AC
S31508025510C921C921E929C921C921EA21C929EA29B1
S31508025520C921C921CA29EA29EA29EA21E929EA294E
S31508025530EA21E921EA290A2A0A2A0A22EA290A2A58
S31508025540EA21EA21EA290A2A0A2A0A2A0B2A0B2224
S315080255500A2A0A2A0B2A0B2A0A2A0A222B2A0A2A80
S315080255600B2A2A2A0B2A2B2A2A2A0B2A0B2A2A2A06
S315080255700B2A2B2A2B2A2B322B2A2B2A2B322B2A83
S315080255802C2A2B2A4C2A2B2A4B324C322B2A4B2AD0
S315080255902C2A4C2A4C324B2A4C324C2A4C324B2A55
S315080255A04C2A4C324B2A4B2A4C324C2A4C2A4C3225
S315080255B04C2A4C2A4C326C324C2A4C322B2A2B2A35
S315080255C04C2A2B2A4B2A2B2A4B322B2A4C324B3269
S315080255D02B2A4C2A4C324B2A4C2A4C324B324B2A17
S315080255E04C324C324C2A4B324B2A4C2A4C2A4C32DD
S315080255F04C2A6C324C324C2A6C324C326C324C2A63
S315080256006C2A4C326C326C326C326C2A6C324C32EA
S315080256106C326C326C326C2A6C326D326C326D3290
S315080256208D326C326C326C326D328C326C326D3237
S315080256308C328D326C326D328D328C328D328C32A6
S315080256408D326C328D3A6C326C328D32C921C92157
S31508025650C921CA29EA29C921C921CA21C921C929AF
S31508025660EA21C921EA29EA29EA29E921EA21EA29D4
S31508025670EA29EA21EA290A2AEA21EA290A2AEA2158
S31508025680EA290A2A0A22EA29EA210A2A0B2A0B2ADB
S315080256900A220A2A0B2A0B2A0A2A0A2A0A2A0B2A5F
S315080256A00B2A2B2A0A2A0B2A2B2A0B2A2A2A0A2AE5
S315080256B00A2A0B2A2B2A0A2A2B2A2B2A0B2A2B2AB4
S315080256C02B2A2B322B2A2B2A4C322B322B2A2C2AE8
S315080256D02B2A4B2A2B2A4B322C2A4B2A4C324C2A5F
S315080256E02B2A4C324C324C324C324B2A4C324C32EC
S315080256F04C326B2A4C324B2A6C326C2A4C324C3264
S315080257004B2A2B322B2A4C322B2A2C2A4C324B323E
S315080257102B2A4C2A4C324B2A4C324C324B2A4C2AD4
S315080257204C324B2A4C324C324C2A4B324C324C2A93
S315080257304C326C324B2A4C326C326C324C326C32F2
S315080257404C2A4C2A6C324C326C2A6C326C326C2AD9
S315080257506C326C326C2A6C326D326C326C326C2A58
S315080257606C326C326C326C326C326C326C326D3238
S315080257708C328C326C328D326C326D328D326C32A6
S315080257806D328D328C3A8C326D328D326C326C328D
S315080257908D32C921C929C921C921C921CA29CA21C2
S315080257A0C921EA29EA29C921E921EA21EA29EA21BC
S315080257B0E921E929EA21EA29E921EA21EA29EA2964
S315080257C0EA210A2AEA29EA210A2AEA290A2A0A2ABD
S315080257D0EA210B2AEA210A2A0B2A0A2A0B2A0B2A67
S315080257E00A2A0A220A2A0B2A2B2A0A220A2A0A2AF7
S315080257F00A2A0B2A0B2A0B2A0A2A0B2A2B2A2B2AB3
S315080258002B2A2B2A2B2A2B2A2B2A2B2A2B2A2B2AE0
S315080258102B2A2B2A2B2A2B324C324C2A4B324B2A36
S315080258204C2A4C324B2A4B324C2A4B2A4C324C2AA3
S315080258304C2A4C2A4C324B2A4C326C324C2A4C3269
S315080258406C2A4C2A4B2A4B2A2B2A2B2A2B2A4C32D5
S315080258504B2A4C2A2B2A4C2A2B2A4C2A4B2A2B2AED
S315080258604C324C2A4B324C2A4C2A4B324C2A6C323A
S315080258704C324C2A4C2A4B326C326C2A6C324C32E1
S315080258806C2A6C2A4C326C326C326C326C324C2A70
S315080258904C326C326C324D326D326C326C326C2A4E
S315080258A06D326C326C326C328D326D326C326D32D4
S315080258B06C2A8C326C326C326D328C328D326C328E
S315080258C08C328D326C326C328D328D328C326D3234
S315080258D08C328D328D326C32C921CA21EA29C9210C
S315080258E0C921E921C921C921EA29EA21C921C921EE
S315080258F0EA29EA21E921EA29CA21EA21EA29EA2941
S31508025900E921EA29EA29EA21EA290A2A0A22EA21CE
S315080259100A2AEB21EA290A2AEA210A2A0B2A0A2A48
S315080259200A2A0A2A0A220B2A0B2A0A2A0A2A0A2ACD
S315080259300A2A0B220A2A0B2A0B2A0A2A0A2A0B2ABB
S315080259400A2A0B2A0B2A2B2A2B2A2B2A2B2A2B2A00
S315080259502B322B2A2B2A4C2A4B2A2B2A2B2A4C2A25
S315080259604C322B2A4C322B2A2B2A4C324C2A4B2AC3
S315080259704C2A4B324B2A4C324C2A4B2A4C324C324A
S315080259806C2A6C324C324C2A2B2A2B2A4C324B323A
S315080259902B2A4C322B2A2B2A4B324C324C322B32A4
S315080259A02B2A4C322B2A4B2A4C2A4C324B324C2A63
S315080259B04B2A4B324C2A6C326C2A4B2A4C324C2AD2
S315080259C04C2A6C324C324C2A6C326C326C326C3247
S315080259D06C326C2A4C326C2A6C326C326C2A6C32FF
S315080259E04C326C326C2A6C326D326C326C2A6D32E5
S315080259F06C2A6C328D326C326D326C326C2A6C3295
S31508025A008D326C326C326C328D326C328C326D3A2B
S31508025A108D328C328C326C326D328C326C32C921B8
S31508025A20C921C921C929EA21C921C929CA21C921E4
S31508025A30C921E929CA29EA29EA21EA29EA29C92139
S31508025A40EA29EA21EA29EA21EA210A2AEA21EA29AD
S31508025A50EA29EA21EA290A2A0A22EA290B2A0A2A29
S31508025A600A2A0B2A0A2A0A2A0A220A220A2A0A2A95
S31508025A700A220A220B2A0A2A0A2A0B2A0B2A0A2A83
S31508025A800A2A0B2A2B2A2B2A2B2A2B2A2B2A0B2ABF
S31508025A902B322B2A2B2A2C2A2B322B2A4C324B2AF4
S31508025AA02B322C2A2B2A2B2A4C2A2B2A2B2A4C32EB
S31508025AB04C2A2B324C2A4C324C324C2A4C324C321F
S31508025AC06C2A4C324C2A4C326C324C2A4B2A4B32B8
S31508025AD02B322B2A2B2A4C324B2A2B2A4C2A2B2A9C
S31508025AE04C2A2B2A4B2A4C324C324C324C324B2AF9
S31508025AF04C2A4C324C324C2A4C324C324C324C2ABE
S31508025B004C326C324C2A4B326C326C2A4C326C3226
S31508025B106C2A4C2A4C2A6C324C326C2A6C326C3205
S31508025B204C326C2A6C326C326D326C326C326C329C
S31508025B306C326C326C326C326C326C326D326C3264
S31508025B406C326D326C326C326C326C326D326C3253
S31508025B506C328D326C328C328D328D328D3A8C3279
S31508025B608D326D32C921C921C921CA29C921EA2919
S31508025B70E929C921CA21E921E921C921EA29EA2112
S31508025B80E921E921EA29E921E929EA21EA29EA2991
S31508025B90EA210A2AEA21EA21EA29EA29EA290A223B
S31508025BA0EA290A2A0A220A2A0A220B2A0A2AEA2996
S31508025BB0EA21EA290A2AEA210A2A0B2A0A2A0A2AA7
S31508025BC00A2A0B2A0A2A0B2A0A2A2B2A2B2A2B2AC0
S31508025BD02B2A2B2A2B2A0B2A2B322B2A2B2A2B2A25
S31508025BE02B2A2B2A2B2A2C2A4B322B2A4B2A4C328B
S31508025BF02B2A4B2A4C2A4B322B2A4B2A4B2A4C321B
S31508025C004C2A4B2A4B2A4C2A4C324B2A4C2A4C32C7
S31508025C104B2A2B2A2B2A2C2A2B2A2B2A4B2A2B2A8B
S31508025C202B324B2A2C2A4B322B2A2C2A4B324B2A22
S31508025C304C2A4B2A4B324B2A4C2A4B2A4C324C2A98
S31508025C404C324C2A4C324B324C2A4C2A6C324C324D
S31508025C504C2A6C324C324C326C326C324C2A4C32F4
S31508025C604C324C2A6D326D324C2A4C2A6C326C32CA
S31508025C706D326C326C2A6D326C326C326D326C3229
S31508025C806C326D328C326C326C328D328D326C32B1
S31508025C906D326D326C326C326D326C326C326D3200
S31508025CA06C328C326D328C328C32C921C921C921AF
S31508025CB0C921C921EA21E921EA29C921CA29C92111
S31508025CC0E921C921EA29EA21EA29EA29EA21E9296F
S31508025CD0EA21EA21E929EA29EA290A2AEA210A22FB
S31508025CE0EA29EA210A2AEA29EA21EA21EA29EA210B
S31508025CF0EA29EA290A2AEB21EA290A2AEA210B2AA7
S31508025D000B2A0B2A0A220A2A0B2A0B220A2A0B2AEE
S31508025D100A2A0B2A2B2A2A2A0B2A2B2A2B2A2B2A2D
S31508025D202B2A2B2A2B2A2B2A2C2A4C2A4B322B2A71
S31508025D302B2A4C322B2A2C2A4C322B2A2C2A4C322E
S31508025D404C324B2A4C324C324C324B2A4C324C2A6D
S31508025D504B2A4C324C2A2B2A2B322B2A2B2A4C32F0
S31508025D604B322B2A2C2A2C324B2A2B2A4C324B2AE0
S31508025D702B2A2C322B2A4C2A4C322B2A4C324C2ACE
S31508025D804B324B2A4C2A6C324B2A4C326C324B2AF7
S31508025D904C326C326C2A4C2A6C324C326C326C3273
S31508025DA06C326C2A6C326C326C2A4C326C324C3243
S31508025DB04C2A6C326C326C326D326C326C326C2A12
S31508025DC06C2A6C326C326C2A6C326D328C326C32C2
S31508025DD06D328C328D328C326C326C328D328D321F
S31508025DE08C328C326D328C326D326D328C326C3230
S31508025DF0C921C921C929C921C921C929CA21C92132
S31508025E00C921CA21EA29CA29C921EA29EA21EA298C
S31508025E10EA21E929EA21EA29EA21EA29EA21EA2103
S31508025E20EA29EA29EA29EA29EA21EA21EA29EA21E2
S31508025E30EA29EA21EA29EA210A220A2AEA290A2277
S31508025E400A2AEA290A2A0A2A0A2A0A220A2A0B2ACA
S31508025E500A220A2A2B2A2B2A0B2A2B2A2B2A0A2A15
S31508025E602B2A2B2A2B2A2B322B2A2B322B2A2B2A6A
S31508025E704B322B2A2C2A4C2A2B2A4B2A4C324B32AF
S31508025E804B2A4C2A4C324C322B2A4C2A4C324C2A5C
S31508025E904B2A4C324C2A4B324C322B2A2B2A2B2A8F
S31508025EA02B2A2B2A4B324C322B2A2B2A2B2A2B2AE9
S31508025EB02B2A2B2A4C2A4B324B2A2C2A4C324B2A77
S31508025EC04C2A2B324C2A4C2A4B324C324C2A4B2A1D
S31508025ED04C324C324C2A4C324C324B2A4C2A4C2AE3
S31508025EE06C324C2A6C326C324C2A4C326C324C2A4A
S31508025EF04C2A6C326C326C326C2A6C326C326C2ADA
S31508025F006D326C326C326D326C326C2A6C326C3297
S31508025F106C326D326C326C326C328D328D328C321E
S31508025F206C326C328D326D328C328D328C328C32CE
S31508025F308D328D326D32C921C921C921CA29C92199
S31508025F40C921CA29C921E921E929C921EA21E92957
S31508025F50C921C921E921EA29EA21EA29E921EA2905
S31508025F60EA29E921EA21EA21EA29EA29EA21EA21B2
S31508025F70EA29EA21EA29EA29EA21EA29EA290A2270
S31508025F80EA29EA290A2A0A220A2A0B2A0A2A0A2AAA
S31508025F900A2A0A2A0B2A0A2A0B2A2B2A0B2A0A2A2D
S31508025FA02B2A2B2A0B2A2B2A2B2A2B2A2B2A2B2A59
S31508025FB02B2A2B2A2B2A4C322B2A4B324C322B2AAF
S31508025FC04C324B2A2B2A4C324B2A4B2A2B2A4C2A46
S31508025FD04B324C2A4B2A4C324C324C2A4C2A2B2A0C
S31508025FE02B2A2B2A2B322B2A2B2A2B2A2B2A4B2AD1
S31508025FF02B322C2A2B2A2B322B2A4C2A2B324B2A8F
S315080260004B324C324B2A4B2A4C324B2A4B2A4C32B5
S315080260104C2A4B324C2A4C2A4C2A6C324C2A4C3289
S315080260204C324C326C324C2A4C2A6C326C324C3220
S315080260306C326C2A4C326C326C2A6C2A6C326C3298
S315080260404C2A6C326C326C2A6C326C326D326D327E
S315080260506C326D326C328D326C326D328C326C32FD
S315080260606C326D326C326C326D326C326C326C322E
S315080260708D326D326C328D328C326C32C921C92125
S31508026080CA21C921C921E921C921CA29EA21E9293D
S31508026090C921CA21EA29E921CA21EA29E921CA210B
S315080260A0E921EA29EA21E921E929EA21E921E9217D
S315080260B0E921E921EA29E929EA21EA29EA29EA215B
S315080260C0EA210A2A0A2AEA21EA290B2A0B2A0A2299
S315080260D0EA290B220A2A0B2A0B220A2A2B2A2B2AFC
S315080260E00B2A2B2A2A2A0B2A0B2A2B2A2B2A0B2A79
S315080260F02B2A0B2A2B2A2B2A2B2A2B2A4C322B2ADF
S315080261002B2A2B2A4C322B2A2B2A2C2A4C322B2A84
S315080261104B2A4C322C2A4C2A4C324B2A4C2A4C2AD1
S315080261204B324B2A2B2A2B2A2B2A2B2A2B322B2A67
S315080261302B2A2B2A2B2A2B2A4C322B2A2B2A4C2A5D
S315080261404C324C2A2B2A2B2A2C324C2A4B324C32D2
S315080261504C322B2A4C2A4B2A4B324B324C2A4B3284
S315080261604C326C2A4B2A6C324C2A4C326C326C32C8
S315080261704C2A4C2A6C326C324C2A6C326C326C3297
S315080261804C2A6C326C324C324D326C326C326C3276
S315080261906C2A6C326C326C326C2A6C326D326C320E
S315080261A08C326D328D326C326C326C326C326D32AC
S315080261B06C326C326D328D326C326C328D328D327B
S315080261C06C32C921C921C929C921CA29E921C9218A
S315080261D0CA21EA29C921CA21EA29C921EA29CA21E1
S315080261E0EA29E921E921CA29C929E921E921CA2194
S315080261F0C929E929CA21EA29EA29E921EA21E9215B
S31508026200EA29EA29EA21EA290A2AEA290A2AEA21B4
S315080262100A2A0B2A0A2A0A2AEA290B2A0A2A0A2AED
S315080262200B2A0B2A2B2A0A2A2B2A2B2A0B2A2B2A37
S315080262300B2A2B2A2B2A2B2A2B2A2B2A2B322B2ABE
S315080262402B2A2B2A2B2A2B2A2B2A4C322B2A4B2A4D
S315080262504C324C2A2B2A2B2A4C324B324C2A4C32A1
S315080262604C324C2A4C2A2B2A2B322B2A2B2A2B2A03
S315080262702B2A4B2A2C2A2C2A2B2A2B2A2C2A4B321B
S315080262802B2A2B2A4B2A4C322B322C2A4C2A4B32BB
S315080262902C2A4B2A4C2A4C324B2A2C2A4C324B2A71
S315080262A04C2A4B2A4C324C324C324C326C2A4B2AF0
S315080262B04B2A4C324C2A6C324C324C2A6C324C32B7
S315080262C06C326C324C326C326C326C2A6C326C32F6
S315080262D06D326C324C2A6C326C326C2A6D326C32EC
S315080262E06C326D326C326C326C326D326C328D328B
S315080262F06D326C328D328C326D326C326C328D323A
S315080263008C3A6D326D328C32C921C921C921C9290B
S31508026310CA21C921C929EA21C921E929C921EA21AA
S31508026320E929C921C921E929C921CA21C929C921B4
S31508026330CA21C921E929CA21CA21E929EA29EA2160
S31508026340C921EA21EA21EA29EA21EA21EA29EA21F6
S31508026350EA210A2AEA290A220A2A0A220A2A0A2AE7
S315080263600B2A0A2A0A2A0B2A0B2A0A2A0A2A2B2A59
S315080263700B2A2A2A2A2A0B2A0A2A2B2A2B2A2B2AC8
S315080263802B322B2A2B2A2B2A2B2A2B2A2B2A4C3224
S315080263904B2A2B2A2C324B2A4B2A2C2A4B2A4C3292
S315080263A04B2A2B2A4B2A4C324C324B2A2B2A2B2A83
S315080263B02B322B2A2B2A2B322B2A2B2A2B324B32E5
S315080263C02B2A2B2A4B322B2A2C2A4B324B2A4C2A83
S315080263D04B324B2A4C324B322B2A4C2A2B2A4B3223
S315080263E04B2A4C322C2A2B2A4B2A4C324B2A4C3219
S315080263F04C324C2A6C324C326C2A6C326C324C322D
S315080264004C2A6C324C2A6C324C2A6C2A4C326D322B
S315080264106C326C2A6C2A6C324C326C2A6D326C32B3
S315080264206C2A6C326C326C2A6C326C328D326C325B
S315080264306C328C328D328D326C326C328D328D32B8
S315080264408C326D328D326C328C328D328C32C9215D
S31508026450C921C921C921C921C921EA29EA21C92192
S31508026460CA29C921C921C921C921C921C921C921C3
S31508026470C921C921EA29C921CA21E929EA21C92149
S31508026480C921EA29E921EA29EA29E921EA29EA299F
S31508026490EA21EA29EA290A2AEA21EA290A2AEA212A
S315080264A0EA290B2A0B220A2A0B2A0A220A2A2B2A49
S315080264B00B2A0B2A2B2A0B2A0B2A2B2A2B2A2B2AA4
S315080264C02B2A2B2A2B2A2B2A2B2A2B2A2B322C2A0B
S315080264D02B2A2B2A2C2A2B2A2B2A4C322B2A2B2ADA
S315080264E04C322B2A2C2A4C324B2A4C2A4B2A4C3217
S315080264F02B2A2B2A2B2A2B2A2B2A2B2A2B2A2B2AE4
S315080265002B2A2B2A2C2A2B2A2B2A4C322B2A4B2A89
S315080265102C324C2A4B2A4C322B2A2B2A4C322B2A27
S315080265202B322C2A4C324B2A4C324B324C2A4C32C6
S315080265304C2A4B2A4B2A4C2A4B324C2A6C324C3266
S315080265404C2A6C326C324C2A4C326C326C324C2AE3
S315080265506C326C324C2A6C324C326C326C326C3283
S315080265606C326C326C326D326C326D326C328C3209
S315080265706D326C2A6D326C326C326C328D326C3200
S315080265808C326D326C328C328D326C326C326D32A8
S315080265908D328C32C921C921C921C921CA29C921E9
S315080265A0C921C921C921C921C921C921C921C9218B
S315080265B0CA29CA29C921C921C921C921C921C92961
S315080265C0EA21E929C921EA21EA29E929EA21EA2966
S315080265D0C929E921EA29E921EA29EA29EA21EA294E
S315080265E0EA290A2A0A2A0A22EA290A2A0B2A0B2A43
S315080265F00A2A0B2A2B2A0A2A0A222B2A2A2A0B2A8F
S315080266000B2A0B2A2B2A2B2A0B2A2B2A2B2A2B2A32
S315080266102B2A2B2A2B2A2B2A2B2A2B2A4C324B2A79
S315080266202B2A4C324B2A4B322C2A4C2A4B324C32CE
S315080266302B2A2C2A2B2A2B2A2B2A2B2A2B2A2B2AA1
S315080266402B2A2B2A2B2A2B2A2B2A2B2A2B2A2B2A92
S315080266504C324B2A2B2A2B2A2B2A2B2A2B2A2C3230
S315080266604B2A2B2A4B2A4C2A4B324C2A4B2A4C327F
S315080266704C2A4B2A4B324C2A4B324C2A4C2A4C3245
S315080266804B2A4C2A4C326C2A4C324C324C2A6C32EB
S315080266904C326C324C2A6C326C326C326C326C3242
S315080266A04D326C2A4C326C2A4C326C326C326C3259
S315080266B06D326C326D326C326C326D328D326C32B6
S315080266C06C2A6C326D328C326C326C326D326C32B0
S315080266D06C326C328D328C328D32A921C921C92194
S315080266E0C921C921C921C921C921C921C921C9214A
S315080266F0C921C921C921C921C929E929C921C92902
S31508026700C921C921C921EA29C921C929EA21EA21B6
S31508026710C929EA21EA21E929EA21EA29EA290A22F2
S31508026720EA290A22EA21EA290A2A0B2AEA210A2A54
S315080267300A2A0B2A0A2A0A220B2A0A2A2B2A0B2A8D
S315080267400A2A0B2A0A2A2B2A0B2A2B2A2B2A2B2A13
S315080267502B2A2B2A2B322B2A2B2A2B2A2B2A2B3271
S315080267602B2A4B2A2B2A2B2A2C324B2A2B2A2B2A28
S315080267704C2A2B2A4C2A4B322B2A2B2A2B2A2B2AF7
S315080267800B2A2B2A0B2A2B2A2B322B2A2B322B3279
S315080267902B2A4B2A2B322B2A4B324C322B2A2B32C0
S315080267A02C2A2B2A2B2A4C322B2A2B2A2C2A4B32DE
S315080267B02B2A2B2A2B324C322B2A4B2A4C324C327E
S315080267C04B2A4C324C324B2A4B324C2A6C326C32A4
S315080267D04C2A4C326C2A6C2A6C324C326C324C2A59
S315080267E04C2A6C326C2A6C326D326C326C326D32D7
S315080267F06C2A6C2A6C326C2A6C2A6C326C326C32B9
S315080268006C326C326C326C326C326D326D2A6C328E
S315080268106D326C326D326C328D328C326D328D3213
S31508026820C921A921A929A921C921A921A921A929B8
S31508026830A921A921A921C929C921C921C921C92150
S31508026840CA21C921CA21CA29E921CA21C921EA2993
S31508026850C921CA21C929EA21EA29E921EA21EA291B
S31508026860EA29EA21EA29EA290A22EA290A2AEA2156
S31508026870EA21EA290A220B220B2A0A2A0A220B2AC7
S315080268800A2A0B2A0B2A2B2A2B2A0A2A0A2A2B2AF3
S315080268902B2A2B322B2A0B2A2B2A2B2A2B2A2B2A58
S315080268A02B322C2A4B2A2B2A2B2A2B2A4C324C2ABD
S315080268B04C322B2A4C2A2B322C2A2B2A4B2A2B2AAD
S315080268C00B2A2B2A2B2A2B2A2B2A2B2A0B2A2B2A50
S315080268D02B2A2B2A2B2A2B2A4C324B2A2B2A2B2AB7
S315080268E04C2A2B2A2B2A4B322B2A2B2A4C322B2A7E
S315080268F04C2A4C324B2A2C322B2A4B2A4C324C32FB
S315080269002C2A4C2A4B324C2A4B2A4C324C324C2AD1
S315080269104C326C324B2A4C2A4C326C324C2A4C3250
S315080269206C326C2A4C324C324C2A4C2A6C324C2A27
S315080269306C326C326C324C326D326C326C326C3276
S315080269406C2A6D326C326C2A6C326D328C326D3234
S315080269508C326C328D326C328D328C328D326D3293
S315080269606C326C328D32A921A821A921A921A8212C
S31508026970A821A921A821C921A921A921C921A92179
S31508026980A921C921C921C921C921C921C921EA299E
S31508026990E929CA21EA29E929E921EA21EA29E92193
S315080269A0CA21EA29E921EA21EA29EA29EA210A2A5F
S315080269B0EA290A2A0A22EA290A2A0B2A0A2A0B2A6F
S315080269C00A2A0B2A0B2A2A2A0A222B2A0B2A2B2ABA
S315080269D02B2A0B2A0A2A0B2A2B2A2B2A2B2A2B2A60
S315080269E02B2A2B2A2B2A2B2A2B2A2B2A2B2A2C2AEE
S315080269F02B322B2A4B2A2B2A4C2A4C2A4C324C3223
S31508026A002B2A2B2A0B2A0B2A2A2A2B2A0B2A2B3227
S31508026A102B2A2B2A2B2A2B2A2B2A2B2A2B2A2B2ABE
S31508026A202B2A2B2A2B2A2B2A2B2A4B324C2A2B2A65
S31508026A304C322B2A2B2A4B2A4B324B2A2C2A4C32E3
S31508026A404B2A4C2A4B324B2A4C2A2B324C324B2A93
S31508026A504B2A4C324B2A4B2A4C324C2A4C2A6C3241
S31508026A606C324C324C2A6C326C326C2A6C326C3276
S31508026A704C326C326C326C2A6C326D326C2A6C3245
S31508026A806C326D326C326C326C326D326C326C3204
S31508026A906C326C326D328D326C326C326C328D32B3
S31508026AA08C326C328C326C326C328D32A821A8212F
S31508026AB08821A921A821A921A821C921A821A8217B
S31508026AC0C921C921C921A921C921C921C921C9297E
S31508026AD0C929C921C921E921CA21E921C929EA29DC
S31508026AE0EA21C921C929EA21E929EA29EA21EA2169
S31508026AF0EA21EA210A2AEA29EA21EA290A2AEA21CC
S31508026B000B2A0A2A0A220A220B2A0B2A0A2A0A2AE2
S31508026B100A2A0B2A2B2A2B2A0B2A2B2A2A2A2B2A1F
S31508026B202B2A2B2A2B2A2B322B322B2A2B2A2B2A9D
S31508026B302B2A2B2A4C322B2A4B322B2A2B2A2B3244
S31508026B402B2A4B2A4B2A2B2A0B2A0B2A0A2A2B2AAE
S31508026B502B2A0B2A2B2A2B2A2B2A2B2A2B2A2B3295
S31508026B602B2A2B2A2B2A2B2A2B2A2B322B2A2B2A65
S31508026B702B322B2A4C322B2A4B2A2B2A2C324B2AE3
S31508026B804C2A4B324C324C322B2A4B2A4C324B2A49
S31508026B904C2A4B2A4C2A4C324C324C2A4B324B2A20
S31508026BA04C324C324B2A4C2A4C324C2A6C324C32DE
S31508026BB04C2A6C326C326C326C326C2A4C326C3225
S31508026BC06C326C326C326C326D326C326C326C32C4
S31508026BD06C328D326C326D328C326C328C328D3232
S31508026BE06C326C328D326D326D326C326D328D3260
S31508026BF08D32A821A821A821A921A921A921A92143
S31508026C00C921C921A921C921C821A921C929C9215D
S31508026C10C921C921C921C929CA21C921C921CA210A
S31508026C20C921EA21EA29E929EA29EA21E929EA29F7
S31508026C30EA29EA29E929E929EA210A2AEA21EA299D
S31508026C400A2A0B2A0A2A0A2A0A2A0B2A0A220A2A9A
S31508026C500B2A0B2A0B2A0A2A0A2A0A2A2B2A2B2A3F
S31508026C602B2A2B2A2B2A2B2A2B2A2B2A2B2A2B2A6C
S31508026C702B2A2B322C322B2A2B2A2B2A2B2A4C2A2A
S31508026C802C2A4C324B324C2A2B2A2B2A0B2A2B2AF9
S31508026C902B2A2B2A0B2A0A2A2B2A2B2A0A2A2B2A9E
S31508026CA02B2A2B2A2B322B2A2B322B2A2B322C2A13
S31508026CB02C2A2B2A2C2A2B2A2B2A4C322B2A2B2AF1
S31508026CC02C322B322B2A4C322B2A2B2A4C324C3280
S31508026CD04B2A4C324C324C322B2A4B2A4C324C2AF7
S31508026CE04C324C2A4C324B2A4C2A4B2A4C326C32A6
S31508026CF06C2A4C324C326C324C2A6D326C326C2A0B
S31508026D006D324C326C2A6C324C326C2A6C2A6C32DA
S31508026D106D328C2A6C2A6D326C326D326C326C2A68
S31508026D206C326C326D326D328C326C326C326C3241
S31508026D308D326C326C328C32A921A921A821A82164
S31508026D40A921A821A821A921A821C921C929A9219E
S31508026D50C921A921C921C929C921C921C921C929E3
S31508026D60E921C929EA29E921C921CA21C921C92151
S31508026D70EA21EA21C921EA21EA29EA29EA21EA29B4
S31508026D80EA210A2A0A2A0A220A2A0B2A0A220B2A8A
S31508026D900A2A0B2A0A2A0A2A0B2A0B222B2A2B2A06
S31508026DA00B2A0A2A2B2A0B2A0A2A0B2A2B2A0B2AED
S31508026DB02B2A0B2A0B2A2B2A2B2A2B2A2B2A2B2A5B
S31508026DC02B2A2B2A2B2A2B2A4B324C2A2B2A2B2AC2
S31508026DD00B2A2B2A0B2A2A2A0A2A2B2A0B2A0A2A9E
S31508026DE00B2A2B2A0A2A0B2A2B2A2B2A2B2A2B2A4C
S31508026DF02B2A2B2A2B2A2B322B2A2B2A2B2A4B32AB
S31508026E004C324B2A2B2A2B2A2B2A4B2A4C2A2B2A40
S31508026E102B2A4C2A4B324C2A4C2A4B322B2A4C2AE6
S31508026E204B324B324B2A4B2A4C324C2A4B324C2A87
S31508026E304C324C326C2A4C326C326C326C326C32BA
S31508026E406C2A4C324C2A4C326C326C2A6C2A6D32C1
S31508026E506C326C326C326C326C326C2A6C326C2A42
S31508026E606C2A6C326D326C326C326C328D328D32E7
S31508026E706D328C326C326C326C326C328D32A821A5
S31508026E80A921A821A821C921A921A821A821A92186
S31508026E90A821A921C921C921A921C921C921C929EB
S31508026EA0C921C921C921CA21C921C921C929C92179
S31508026EB0CA21EA29C921EA29EA21E929EA29EA218C
S31508026EC0EA21EA29EA21EA29EA29EA210A2A0B2AEF
S31508026ED00A2A0A2A0A2A0B2A0A2A0A220A2A0B2A08
S31508026EE00A2A0A220B2A2B2A0A2A0B2A2B2A0B2AB5
S31508026EF00A2A0B2A0B2A2B2A2B2A2B2A2B2A2B2A3B
S31508026F002B2A2B2A2B2A2C2A2B2A2B2A4C322B2A9F
S31508026F102B2A2B2A2B2A2B2A0B2A2B2A0A2A0B2A1A
S31508026F202B2A2B2A2B2A0B2A2B2A2B322B2A2B2AC1
S31508026F302B322B2A2B2A2B2A2B2A2B2A2B2A2B2A91
S31508026F404B322B2A4B2A2B2A2B322B2A4C2A4C32EF
S31508026F502B2A4B2A4C324B2A4B2A2C324C324B2A9E
S31508026F604B2A4C2A4C324C322C2A4B2A4C324C3263
S31508026F704C2A4C324B324C2A4B2A4B2A4C324C3234
S31508026F806C2A6C326C324C2A4C326C326C324C2A79
S31508026F904C326C326C324C326C324C2A6C326D3258
S31508026FA06C326C326D326C326C326D326D326C32DE
S31508026FB06C328C326C328D326D326C326D328D326D
S31508026FC08D326C328821A821A921A821A921A921BB
S31508026FD0A921C921C921A921C921C921A921A921D1
S31508026FE0C929C921C921C921CA21C921C929CA212F
S31508026FF0C921C921C921E929EA29EA29C921C921B7
S31508027000EA29E929EA21EA29E929EA21EA29EA21F2
S315080270100A2AEA210A2A0A2AEA210B2A0B2A0A2218
S315080270200B2A0B2A0B2A0A2A0A2A2B2A0B2A0A2A8B
S315080270300B2A2B2A2B2A2B2A2B2A0B2A2B2A2B2AD8
S315080270400B2A2B2A2B2A2B2A2B2A2B322B2A2B2AA0
S315080270502B324C2A2B2A2B2A2B2A0B2A0A2A2B2A90
S315080270600A2A0B2A0B2A0A2A2B2A2B2A0A2A2B2A0B
S315080270702B2A2B2A0B2A2B2A2B2A2B2A2B322B2A70
S315080270802B2A2B322B2A2C2A2B2A2B2A2B2A2B2A3F
S315080270902B2A2B2A2B324B322C2A4B324B2A2B2ABF
S315080270A04C2A4B322B2A2B2A4C324B2A4C2A4B2A55
S315080270B04C2A4B324C2A4C2A4B324C324C2A4C32F2
S315080270C04C324C2A6C324C2A4C2A6C326C326C3258
S315080270D06C326C324C2A4C326C326C2A6C324C3220
S315080270E06C2A6C326D326C326C326D326C326C32A6
S315080270F06C328D326C326D328D326C326C328D322C
S315080271008C326C326D328C326D3288218821A821FC
S31508027110A821A921A821A821A921A821A921C921F3
S31508027120C921C921C929A921C921C921C921C92117
S31508027130C929C921C921C921EA29C921C921EA219D
S31508027140C929C921EA21EA21EA29EA29E921E92103
S31508027150EA29EA21EA210A2A0A2A0A2A0B2AEA211A
S315080271600A2A0B2A0A2A0A2A0B2A0A2A0B220B2A73
S315080271700A2A2B2A0B2A0A2A0A2A2B2A0B2A2A2AFB
S315080271800B2A0B2A2B2A2B2A2B2A2B2A2B2A2B2A87
S315080271902B2A4C322B2A2B2A2B2A2B2A2B2A0B2A2E
S315080271A00A2A0A2A0B2A0B2A0A2A0B2A0A2A2A2A0C
S315080271B02B322B2A0A2A0B2A0A2A2B2A2B2A2B2A71
S315080271C00B2A2B2A2B2A2B322B2A2B2A2B2A2C3216
S315080271D02B2A2C324B2A4B322B2A2B2A4C2A2B2A85
S315080271E04C322B2A2C2A2B2A4C322B2A2C2A2B328B
S315080271F04B2A2B322B2A4C324B2A4B2A4C2A4B32FD
S315080272004C2A4B2A4C324C324C324C2A4C324C2A9F
S315080272106C324C2A6C324C2A6C2A6C326C326D32C5
S315080272206C2A6C326D326C326C326C326C2A6C326D
S315080272306C326C326C2A6D326C326C326C326D3254
S315080272406C2A6C326C326C326D328C326C326C3225
S3150802725088218819A821A821A919A821A921A82124
S31508027260A921C921C921A821A921C921C921C9211F
S31508027270C921C929C921C921CA29C921E921C9217D
S31508027280CA21C921E921CA21E929CA21EA21EA2909
S31508027290EA21EA21EA290A2A0A2A0A2A0A2A0A22B9
S315080272A0EB290A2A0A2A0B2A0A2A0A220B2A0A2A54
S315080272B00B2A2B2A0A2A0A2A0B2A0B2A0A2A0B2AF9
S315080272C02B2A0A2A2B2A2B2A0A2A2B2A2B2A2B2A48
S315080272D02B2A2B322B2A2B2A2B2A2B2A2B2A2B2AEE
S315080272E02B2A0B2A0A2A0B2A0B2A0A2A2B2A2B2A88
S315080272F00B2A2B2A2B2A2B2A0B2A0B2A2B2A2B2A36
S315080273002B2A2B2A2B2A2B2A2B322B2A2B2A2B2ABD
S315080273102B2A2B2A2B2A2B2A2B2A4C322B2A2B2A8C
S315080273202C2A4B322B2A2B2A4C324B2A2B2A4C320A
S315080273304B2A2B2A4C324C2A4C2A2B2A2C2A4C32E0
S315080273404C324C2A4C2A4B324C2A4B2A6C324B2A48
S315080273504B2A4C324C324C2A6C324C324C2A6C3206
S315080273604C326C326C324C326C2A6C2A4C326C328D
S315080273706D326C2A6D326D328C326C326D326C32F1
S315080273806C326C326C326C326D328C326D326C32DB
S315080273906D326C328D32A82188218819882188217C
S315080273A0A821A821A921C921C921C921A821C92100
S315080273B0C921C929C921C921C921CA21C921C9295C
S315080273C0CA21C921C929EA29E929CA21E929EA29B1
S315080273D0E929EA21E929E921EA29EA21EA21EA2928
S315080273E00A2A0A2AEA210A2A0A220A2A0A2A0B2A1D
S315080273F00A2A0A2A0A220B2A0B2A0A2A0A2A0B2AE2
S315080274002B2A0A220B2A2B2A0B2A0B2A2B2A2B2A4D
S315080274102B2A2B2A2B2A2B2A2B2A2B2A2B2A2B2AB4
S315080274202B2A2B2A2B2A0B2A0B2A0A2A0B2A0B2A45
S315080274300A2A0A2A0A2A2B2A0B2A0B2A0A2A0A2A79
S315080274402B2A2B2A2B2A0B2A2B2A2B2A2B2A2B2AA4
S315080274502B2A2B2A2B2A2B322B2A2B2A2B2A2B2A6C
S315080274604B324B2A2B2A2B322B2A4C2A2B2A2B32EB
S315080274702B2A4C2A4C322B2A2B324C324B324C2A90
S315080274804B324C324C324B2A4C324C2A4C324B2A17
S315080274904C324C2A4C324C2A4C324C324C2A6C32E4
S315080274A04C2A6C326C324C2A4C2A6C326C2A4C327C
S315080274B06C326C324C2A6C326C326C326C326C2AFC
S315080274C06C326C326C326D2A6C328C326D326C32A2
S315080274D06D328D328D326C328D326C328821882132
S315080274E088198819A8218821A821A921A821A921B2
S315080274F0A921C921C921C929C921A921C929C9215C
S31508027500C921C921C921E929C921C921EA29CA21C9
S31508027510C921C921EA21E929EA21CA21E929EA2157
S31508027520EA29EA29EA210A2A0B2AEA29EA210B2A5E
S315080275300A2A0B2A0A2A0A2AEA210B2A0A2A0A2AC2
S315080275400B2A0B2A0A2A2B2A0B2A0A2A0A2A2B2A46
S315080275502B2A2B2A2B2A0B2A2B322B2A0B2A2B2AAB
S315080275602B2A2B2A2B2A2B2A2B2A0B2A0A2A0A2AC5
S315080275700B2A2A2A0A2A2B2A2B2A2B2A0A2A2B2AB6
S315080275802B2A0A2A0A2A2B2A2B2A2B2A2A2A0B2AA6
S315080275902B2A2B2A2B2A0B2A2B322B2A2B2A2B2A4B
S315080275A04B322B2A2C2A2B2A2B2A2B2A2B2A2B2AFA
S315080275B02B2A4C324B2A2B2A2B2A4C324C2A4B2A60
S315080275C04B322C2A4B2A4B2A4C2A4B2A4B2A4C3210
S315080275D04C324C2A4C324B2A4C324C324B2A4C32C5
S315080275E04C324C2A4C2A4C324C2A4C2A6C326C327B
S315080275F04D2A4C326C326C326C326D326C326C2AD9
S315080276006C326C326D2A6C328D326C326C326D325F
S315080276106C326C326C326C326C326C326C328D3249
S315080276206C328821A821A8218821A82188198821B5
S31508027630A821A821A821A821C921A921C921C9218E
S31508027640C921C929C921C921C921C921CA29E921A9
S31508027650C921EA21C921C921EA21C921CA21E9295F
S31508027660EA29EA29EA21EA290A2AEA290A22EA2940
S315080276700A220B2AEA29EA210A220B2A0B2A0A2AB1
S315080276800B2A0B2A0A2A2B220A2A0B2A0A2A2B2A0D
S315080276900A220B2A2B2A0A2A0B2A0B2A2B2A2B2ADC
S315080276A02B2A2B2A2B2A2B2A2B322B2A2B2A0B2A3A
S315080276B00A2A0B2A0A2A0A2A0B2A0B2A2B2A0A2AF6
S315080276C00B2A2A2A0B2A2B2A2B2A0B2A2B2A2B325B
S315080276D02B2A2B2A2B2A2B322B2A2B2A2B2A2B2AEA
S315080276E02B322B2A2B2A2B2A2B2A2B2A2C322B2AD1
S315080276F02B2A2B322C2A2B2A2B2A2B2A4C324B2A80
S315080277002B2A4B2A2C2A4C324B322C2A4C324C32FC
S315080277104C2A4B2A4C324B2A4B2A4C2A4B324C3295
S315080277204C2A6C324B2A4C2A6C324C324C324C2A3A
S315080277304C2A6C326C324C326C326C2A6C326D3298
S315080277406C326C324C326C326C326C326C2A6C3261
S315080277506C326C2A6C326D328D328C326D328C32CE
S315080277606C328D326C326C32A821A8218821A8216C
S315080277708821882188198821A821A821A821A92138
S31508027780C921A921A921A921C921C921C921C921F9
S31508027790C921C921C921C929CA21C921C929EA294F
S315080277A0EA29E921E921EA29EA21EA210A2AEA2932
S315080277B0EA21EA290A2AEA210A2A0A2A0A2A0A2A8C
S315080277C00A220A2A0A220B2A0A2A0A220A2A0B2A1F
S315080277D00A2A2B2A0A2A0B2A0B2A2B2A2A2A2B2A74
S315080277E00B2A2B2A2B2A0B2A2B2A2B2A2B2A2B2A21
S315080277F02B2A0B2AEA290A2A0B2A0A2A0A2A0B2AD6
S315080278000B2A0A2A2B2A0A2A0B2A2B2A0A2A0A2A84
S315080278102B2A2B2A0B2A2B2A0B2A2B2A2B2A2B2AF0
S315080278200B2A2B2A2B2A2B322B2A2B2A2B322B2AB0
S315080278302B2A2B2A2B2A4B2A2B2A4B324C322B2A1F
S315080278404C322B2A4B2A2B322C2A4B2A2B2A4C32E5
S315080278504B2A4B324B324C324B2A4C324B2A4B2A4E
S315080278604C324C2A4B2A6C326C324B2A4C324C32F2
S315080278706B2A6C324C324C2A4C326C2A4C324C2AC9
S315080278806C326C326C2A6C326C2A6C326D326C3207
S315080278906C326C326C2A6D326C326C326C326C32EF
S315080278A06C2A6C328D326D326C328D328D32882171
S315080278B08821A8198821A921A8218819882188211F
S315080278C088218821A821A821A821A921C921C9215D
S315080278D0C929C921C929C921CA21C929C921C9212F
S315080278E0CA21C921E929CA21EA29EA29EA21EA2972
S315080278F00A2A0A2AEA290A22EA29EA290A2A0B2A42
S315080279000A220A2AEB29EA290A2A0B2A0A220B2A16
S315080279100B2A0A2A0B2A0B220A2A0A2A0B2A0A2ABB
S315080279200B2A2B2A2B2A0A2A0B2A2B2A0B2A2B2A20
S315080279302B2A2B2A2B2A0B2A0A2A0A2A0B2A0A2A32
S315080279400A2A0A2A0B2A0A2A0B2A0A2A0A2A2B2A64
S315080279502B2A0B2A0B2A2A2A0A2A0B2A0A2A0A2A33
S315080279600B2A2B2A2B2A2A2A2B2A2B322B2A2B2A78
S315080279702B2A2B2A2B2A2B2A4B322C2A2B2A2B2A26
S315080279804B2A2B2A4C322B2A4B2A2B2A4C324B2A8D
S315080279902B2A2B324C2A4C2A2B2A4C2A2B2A4C2AA3
S315080279A04C324B2A4C324C324C2A4B2A4C324C32F1
S315080279B04C324C2A4C2A4C324B2A6C326C324C2AA8
S315080279C04C2A4C326C326C324C326C2A4C326C3247
S315080279D06C326D324C2A6C326C326D326C2A6C32D5
S315080279E06D326C2A6C326D326C326C326C2A6C32A5
S315080279F08D326C328821A821A9218819A821A821AB
S31508027A0088198819A821A8218821A8218821A821AE
S31508027A10A921A921C921C921C921C929C921C9213E
S31508027A20CA21E929E929EA21EA21C921C921EA293A
S31508027A30EA21EA21EA290A2AEA210A2A0A2AEA215B
S31508027A400A2AEA21EA21EA290A2A0B220A2A0B2AFF
S31508027A500A2A0A2A0A2A0A2A0B220A2A0B2A0A2A7C
S31508027A600A222B2A0B2A2A2A0B2A0B2A2A2A2B2AE9
S31508027A702B2A2B2A2B322B2A2B2A2B2A0A2A0A2A88
S31508027A800B2A0B2A0B2A0A220A2A0B2A0B2A2B2A28
S31508027A900A2A2B2A0A2A0A2A2B2A0B2A2B2A2B2AB1
S31508027AA02B2A0A2A0B2A2B2A2B2A2B2A2B2A2B2A5F
S31508027AB02B2A2B2A2B2A2B2A2B2A2B322B2A2B2A06
S31508027AC02B2A2B2A2B2A2B2A2B2A2B2A2B2A4C32D5
S31508027AD02C322B2A4C2A2B2A4C2A2B2A2B324C2A7A
S31508027AE04B324B2A2C2A4B322C2A4C324B2A4C2A02
S31508027AF04C324B2A4C2A4C324C324C324C2A4C2AA7
S31508027B004C324C2A4C324C324C2A4C2A6C326C324D
S31508027B106C326D324C326C2A6C326D326C2A6C3293
S31508027B206C326C326C326D326C326C326D326C3253
S31508027B306D326C326C326C326C3288218821A82103
S31508027B40A8218821A921A821882188198821A92163
S31508027B50A921A821A821A921A821A921A921C921A8
S31508027B60C921C921C921C921C921C921C929C921AD
S31508027B70E921EA29EA29E921EA21EA29EA21EA297F
S31508027B80EA21EA21EA29EA290A2A0A22EA290A2A02
S31508027B900B220A2A0A2AEA210A2A0A2A0B220A2A6C
S31508027BA00A2A0B2A0B220A2A0B2A0A220B2A2B2A10
S31508027BB02B2A2B2A0B2A0A2A0B2A2B2A2B2A0B2A8E
S31508027BC00A2A0A2A0A2A0A2A0A2A0B2A0B2A0A2A03
S31508027BD00A2A0B2A2B2A0B2A2B2A0B2A0A2A2B2A8F
S31508027BE00B2A0A2A2B2A2B2A2B2A2B2A0A2A2B2A3F
S31508027BF02B2A2B2A0B2A2B2A2B2A2B2A2B2A2B2AED
S31508027C002C322B2A2B2A2B2A2B322B2A2B322B329B
S31508027C102B2A2B2A4C324B2A2B2A2B324C324C2A11
S31508027C204B324C2A2B322B324C2A4B324B2A4C2AB9
S31508027C304B2A4B324C324C324C2A4B2A4B324C3260
S31508027C404B2A6B324C324C324B2A6C2A6C326C32CF
S31508027C504C2A4C326C326C2A6C326C324C2A6C329C
S31508027C606C326D326D326C326C2A6D326C326C3219
S31508027C706C2A6C326D328C328C326D328D328D3288
S31508027C8088218819A821A921A8218819A921A92109
S31508027C90A821A8198819A821A921A921A821A821BA
S31508027CA0A821A921C921C921C921C929CA29C921A4
S31508027CB0C921CA21E929EA29EA21C929EA29EA219F
S31508027CC0EA29EA29EA29EA29EA21EA29EA290A22FB
S31508027CD00A2AEA290B2A0A2AEA290A2A0B2A0B2A33
S31508027CE00B220A2A0B2A0B2A0A2A0A2A2B2A0B2AC7
S31508027CF00A2A0B2A2B2A0A2A0B2A2B2A2B2A0A2A6F
S31508027D000B2A0B2A0A2A0A2A0A2A0B2A0A2A0A2AC0
S31508027D100B2A0A2A0A220A2A0A2A2B2A0A2A0A2A99
S31508027D202B2A0B2A0A2A0B2A2B2A0A2A0B2A2B2A3D
S31508027D302A2A0B2A2B2A2B320B2A2B2A2B2A2B2AC4
S31508027D402B2A2B2A2B322B2A2B322B2A2B2A2B2A6B
S31508027D502C2A2B2A4B2A2B2A2C2A4B322B2A4C2A00
S31508027D604B322B2A2B2A4B2A4C2A2B2A2B2A4C2AD1
S31508027D704C322B2A4C2A4B324C2A4C2A4B2A4C324E
S31508027D804C2A4B2A6C324C2A4C2A4C324C2A6B32DD
S31508027D904C2A6C324C324C2A4C2A4C326C326C2AA3
S31508027DA06C326D326C326C326C326D326C326C32D1
S31508027DB06C2A6C326D326C326C326C326D326C32C9
S31508027DC08C326C326D328821A82188218819A92122
S31508027DD0A8218821A821A821A8218821A821A8218B
S31508027DE0A921A821A821A921A821A921A921A92136
S31508027DF0C921C929C921EA29E921EA29CA21EA2187
S31508027E00E921EA29EA29EA210A2AEA21EA21EA29CA
S31508027E10EA21EA29EA21EA290A2AEA210A2AEA2198
S31508027E20EA210A2A0B2A0A2A0A2A0A2A0B2A0A22D1
S31508027E300A2A0B2A2B2A0A220A2A2B2A0B2A2A2A36
S31508027E402B2A0B2A2B2A2B2A0A2A0A2AEA290B2A3E
S31508027E500A2A0B2A0A2A0B2A0A220B2A0B2A0A2A76
S31508027E600B2A0B2A0A2A2B2A2B2A2B2A2B2A0B2ADB
S31508027E700A2A0A2A2B2A2B2A0B2A0A2A2B2A2B2ACD
S31508027E802A2A0B2A2B2A0B2A2B2A2B2A2B2A2B2A7B
S31508027E902B2A2B2A2B2A2B2A2B2A2B2A2C2A2B2A29
S31508027EA02B2A2B2A2B2A4B2A2C324B2A2C2A2B32C8
S31508027EB04C324C324B2A4C322C2A2B324C2A4B2A25
S31508027EC04B324C324C2A4C324B324C324C2A4B32C5
S31508027ED04C2A4B2A4C2A4C324B2A4C2A6C324C32AC
S31508027EE06C2A4C326C326C326C326C2A6C326C32C2
S31508027EF06C2A6C326C326C326D326D328C326D3267
S31508027F008C326C326D326C326C326C328821A8211A
S31508027F108821A821A821A921A8218821A921A92146
S31508027F20A821A819A821A921A821A921A821A821FF
S31508027F30A921C921A921C921C921C921C921C92919
S31508027F40E921EA29EA29EA21EA21EA29EA29EA21AA
S31508027F50EA210A2AEA21EA290A2AEA21EA290A2A2E
S31508027F600A22EA290A2AEA21EA210A2A0A2AEA2105
S31508027F700A2A0B2A0B2A0A2A0A2A0B2A0B2A0B2A4C
S31508027F802B2A0B2A0B2A2A2A0B2A2B2A0A2AEA29FD
S31508027F90EA21EA210A2A0A220B2A0A220A2A0B2A91
S31508027FA00A2A0A220A2A0A2A0B2A0A2A0A2A0A2A28
S31508027FB00A2A2B2A0A2A0B2A2B2A0B2A0B2A2A2AAC
S31508027FC00B2A2B2A2B2A2B2A2B2A2B322B2A0B2A31
S31508027FD02B2A2B322B2A2B2A2B2A2B322B322B2AD1
S31508027FE02B2A2B324B322C2A2B2A2B2A2C2A4B327F
S31508027FF04C2A4C322B2A4B2A4C324C324B2A4B2ACD
S315080280002B324C2A4B2A4C324C2A4B2A4C324C2ABB
S315080280104C2A4C324B324C324C2A4C324C324C3271
S315080280204C324C2A4C2A4C324C2A4C326C324C2A50
S315080280306C324C326C326C324C2A6D326C326C3287
S315080280406C326C2A6D326C328C326D328D326C32F5
S315080280506D32A8218821A821892188218819A81981
S31508028060A821A821A921A921A821A9218821A821D5
S31508028070A921A821A921A921C921A821C921C92142
S31508028080C921C921C921EA29E921E929EA29E921D6
S31508028090E921EA29EA29EA29EA29EA21EA210A2A30
S315080280A0EA21EA29EA210B2AEA290B2A0B2A0A2AB1
S315080280B00A2A0B2A0A220A2A0B2A0A220B2A0A2A1D
S315080280C00A2A0B2A0A2A0A2A0B2A2B2A0B2A2B2ABB
S315080280D00A2A0A2A0A2AEA290A220A2AEA290A2A3A
S315080280E00B2A0A220A2A0B2A0A2A0A220B2A0A2AED
S315080280F02B2A0B2A0A2A0B2A2B2A0A2A0A2A2B2A6B
S315080281002B2A2A2A0B2A2B2A2B320A2A0B2A2B2A11
S315080281102B2A2B2A2B2A2B2A2B2A2B322B2A2B2A9F
S315080281202C2A2C2A2B2A2B2A2B2A4C322B2A2B3264
S315080281304C2A2B2A2B2A4B2A2B2A4C2A4B2A4B32DD
S315080281402C2A4B2A2C324C2A4B322C2A4B2A4B32BB
S315080281504B2A4C2A4C324B2A6C2A4C324B2A4C322A
S315080281606C2A4B2A4C326C2A4C324B326C2A4C2AD9
S315080281704C326C326C326D326C2A4C326C326C3246
S315080281806C2A6C326C2A6C326C326C326D326C32FE
S315080281906C328D326C326C328821A821A819881962
S315080281A0A921A821A921A921A8218821A921A92192
S315080281B0A821A8218819A921A921A821A821A9218C
S315080281C0A921A921A921C921C921C921C921EA2986
S315080281D0CA21EA21EA29E921EA21EA290A22EA2127
S315080281E0EA29EA29EA21EA29EA290A2AEA210A22BD
S315080281F0EA210A2AEA210A2A0A2AEB210A2A0A2A49
S315080282000A220B2A0B220A220B2A0A2A2B2A0A2AB2
S315080282100A2A2B2A0A2A0A2AEA210A2AEA290B2AD6
S315080282200A2A0A2AEA290B2A0A2A0A220B2A0A2AC5
S315080282300B2A0B2A2B2A0A2A0A220A2A0B2A0A2A72
S315080282402B2A2B2A0A2A0A2A2B2A2B2A0A2A2B2AD9
S315080282502B2A2B2A0B2A0A2A2B2A2B2A2B2A2B2AA7
S315080282602B2A2B2A2B2A2B2A2B2A4B322B2A2B2A2E
S315080282704B2A2B2A2B2A4B324B2A2C322B324B2AAD
S315080282804C324C2A4B2A2B324C2A4B324C2A4B3232
S315080282904C322C2A4B324C324C2A4B2A4B324C2A21
S315080282A04C2A4B2A4C324C324C2A4B2A4C326C2AD8
S315080282B06C326C324C326C2A6C326C326C2A4C2A16
S315080282C06C326D326C326C326D326D326C2A6C32B3
S315080282D06C326D326C326C326D328C328D32882150
S315080282E08821A8218821A821A8218821A921A92194
S315080282F0A821A821A921A921A821A921A821A92122
S31508028300A821A921A821A921A921C921C929C921A7
S31508028310C921C921C929CA21C921EA29EA29EA2181
S31508028320EA29EA210A2AEA290A220A2A0A2AEA2139
S315080283300A2AEA210A2AEA29EA21EA29EA210A2A4A
S315080283400A2A0B2A0A2A0A2A0A2A0B2A0B2A0A2A7A
S315080283500B2A0B220B2A2B2A0A2A0A22EA290A2A7A
S31508028360EA210A220A2A0B2A0A220A220B2A0A2A9C
S31508028370EA210A2A0A2A0A2A0B2A0A2A0B2A0A2A74
S315080283800B2A0A2A0A2A2B2A0B2A0A2A0A2A0B2A19
S315080283902B2A0B2A2B2A2B2A2B2A2B322B2A2B2A3D
S315080283A00B2A2B2A0B2A2B2A2B2A2B2A2B2A2B324D
S315080283B02C2A2B2A2C322B2A4C322B2A2B2A2B2AD2
S315080283C02B2A4B2A2C322B2A2B2A2C2A4B2A2B32A3
S315080283D04C2A4B322B2A4C2A4C324C2A4B324C32E0
S315080283E04C2A4B324C324C2A4C324C324C2A4C32A6
S315080283F04C326C324C2A4C2A4C324C324C2A6C3255
S315080284006C324C2A4C326C326C2A4C326C326C32DC
S315080284106C326D326C2A6C326C326C328D326C3242
S315080284206C2A6C328821A81988218821A921A821B9
S31508028430A819A821A821A921A821A921A921A921E8
S31508028440A921A921A821A921A921C921A821A821AF
S31508028450C921C929C921C921C929CA21C921C921AB
S31508028460E921EA29EA21EA29E929EA29EA21EA2186
S315080284700A2AEA29EA21EA29EA290A2AEA210B2A00
S315080284800A2A0B2A0A2A0A2AEB210B2A0A2A0B2A61
S315080284900A2A0A2A0A2A2B2A0A220B2A2B2A0A22F9
S315080284A0EA290A2A0A2AEA21EA290A2A0A2A0B2A86
S315080284B00A2A0A2A0A2A0B2A0A2A0B2A0A220A2A12
S315080284C00B2A0B2A0B2A0A2A0B2A0B2A2A2A0B2AD6
S315080284D00B2A0A2A2B2A0A2A0B2A2B2A2B2A0A2A87
S315080284E00B2A2B2A2B2A2B2A2B2A2B320B2A2B2A0C
S315080284F02B2A2B2A2B2A2B2A4B2A2B2A2B2A2B2AA4
S315080285004C324B2A2B2A2C2A4B2A4B2A2B2A4C3200
S315080285104C324B2A2B2A4C2A4C324B2A4B2A4B2AB0
S315080285204C324B2A4C2A4C2A4B2A4B2A4C324C2A7E
S315080285304B324B2A4B2A4C326C324B2A4C2A4C323F
S315080285404C2A4C326C324C2A4C326C324C2A4C2A0B
S315080285506C326C2A6C326C326C326D326C326D3221
S315080285606C2A6C326D326C326C328819A821A821B9
S31508028570891988198821A821A8198921A821A82139
S31508028580A821A821A821A921A821A821A821A92191
S31508028590C921C921C921A921C921C921C921C9219B
S315080285A0C921CA29C921C921C921E929EA21EA21F8
S315080285B0EA29EA21EA29EA29EA21EA29EA29EA212B
S315080285C0EA290A2A0A2A0A2A0B220A2AEA210A2A4C
S315080285D00A2A0B2A0A220A220B2A0A2A0A2A0B2AF8
S315080285E00A2A0A2AEA29EA21EA210A2AEA290A2A6F
S315080285F00A22EA29EA210A2AEA290B220A2AEA2966
S315080286000B2A0B2A0A222A2A0A2A0A220B2A0A2AA7
S315080286100B222B2A0A2A0A2A0B2A2B2A2B2A0A2A4D
S315080286200B2A0A2A0B2A2B2A2B322A2A0B2A2B2A0C
S315080286302B2A2B2A2B2A2B322B2A2B2A2B2A2B2A7A
S315080286402B2A2B2A2B2A4B324C322B2A2B322C2A18
S315080286502B2A4B324B2A4C2A2B322B2A2C322B2AE8
S315080286604C324C322B2A4B2A4C324C324B2A4C2A4D
S315080286704C324C324B2A4C324C324C2A4C326C32EB
S315080286804C2A6C326C324C2A4C326C324C2A4C2AAA
S315080286906C324C324C326C2A4C326D326C326C2A49
S315080286A06C2A6C326C326D326C326C326D326C32D0
S315080286B088218821A821A8218821A921A921A821C0
S315080286C0A921A821A921A919A821A921A921A92154
S315080286D0C921A821A821C921A921A921C921C921BC
S315080286E0A929C921C921C929CA21C921CA29EA210F
S315080286F0C921E929EA21EA21EA29EA210A2A0A22DA
S31508028700EA290A22EA290A22EA210A2AEA210A2A5D
S315080287100A2A0B2A0A2A0A220B2A0A2A0B2A0B2AAD
S315080287200A220B2A0B2A0A22EA29EA290A2AEA290A
S315080287300A2AEB290A220A2AEA21EA290B2A0A2202
S31508028740EA290A2A0A2A0A220B2A0A2A0B2A0A2AA0
S315080287500B2A2A2A0A2A0A2A0B2A0A2A0A2A0B2A46
S315080287602B2A2B2A0A2A0B2A2B2A2A2A2B2A2B2A93
S315080287700B2A2B2A2B2A0B2A2B2A2B322B2A2B2A79
S315080287802B2A2B2A2B322B2A2C2A2B2A4B322B2A00
S315080287902C2A4B322B2A2C2A2B2A2B2A4C322B2ACE
S315080287A04B2A4B2A2B2A4C2A4C324C324C2A4C3214
S315080287B04B324B2A4C2A4C324B2A4C2A4C324C32DC
S315080287C04C2A4C324C2A4C2A4C324C324C2A4C32C9
S315080287D06C324C324C326C326C326C2A4C324C2A29
S315080287E04C2A6C326C326D326D326C2A8C326D3296
S315080287F06C326C326D32882188218819A821A82109
S31508028800A921A821A821A821A921A921A821A9210C
S31508028810A821A821A921C921A821A921C921A921BB
S31508028820A821C921C921C921C929CA21C921E921E0
S31508028830E929E929EA21CA21C929E921E929E929EE
S31508028840EA21EA29EA21EA21EA29EA290A2A0A2A56
S31508028850EB21EA29EA290A220A2A0A2A0A220A2AE2
S315080288600B2A0A2A0B2A0A2A0B2A0A2AEA21EA21A7
S31508028870EA29EA210A2AEA290A22EA290A2A0A2ADC
S315080288800B2A0A2AEA29EA210B2A0A2A0A2A0A2288
S315080288900B2A0A2A0B2A0B2A0B2A0A2A0B2A2B2A02
S315080288A00B2A2A2A0B2A0B2A2A2A0B2A0B2A2B2AB2
S315080288B02B2A2B322B2A0A2A2B2A2B2A2B2A2B2A19
S315080288C02B2A2B2A2B2A2B2A2B2A2B2A2B2A2B32E8
S315080288D04C2A4B2A2B2A2B2A4C324B322B2A2B2A4E
S315080288E02B2A4C2A2B324C2A4C322B2A2B2A4B2A3D
S315080288F04C324B2A4B2A2C2A4B324C324C2A4B32BC
S315080289004C2A4C2A6B324B2A4C2A4C324B324C326A
S315080289106B2A4C2A6C326C2A4C2A4C326C326C2AE0
S315080289204C326C326C326C324C2A6C326C326D328E
S315080289306C326C328D326C328C328D3288218819C7
S3150802894088218821A821A819A8198921A821A9213D
S31508028950A921A821A921A821A921A921C921A92199
S31508028960A921C921A821A921C921C921C921C92108
S31508028970C921C921C921CA29C921C921EA29C92165
S31508028980E921EA29C921E921EA29EA21EA29EA2982
S31508028990EA21EA290A2A0A220B2A0A2A0B2AEA21A0
S315080289A00B2A0B2A0A2A0B2A0A2A0A2A0B220A2A1B
S315080289B00A22EA21EA290A2AEA210A2A0A2AEA29A3
S315080289C00B2AEA21EA210A2AEA210A2A0A2AEA219A
S315080289D00A2A0A2A0B2A0A2A0A2A0B220A2A2A2ACD
S315080289E00B2A0A2A0B2A0A220A2A0B2A2B2A2A2A9B
S315080289F00B2A2A2A2B2A0B2A2B2A2B2A0B2A2B2A20
S31508028A002B2A2B322B2A2B2A0B2A2B2A2B322B2ABE
S31508028A102B2A2B2A2B2A2B322C2A2B2A2B2A4C2A74
S31508028A204C322B324B2A4B2A2B2A2C324C324C32C2
S31508028A302B2A4C324B2A4C324B2A4B2A4C324C2A82
S31508028A404C324C324B2A4C324C324B2A4B326C3219
S31508028A504C324C2A6C324C2A4B326C326C2A4C32CF
S31508028A604C2A6C2A4C324C326C2A6C326C326C327E
S31508028A704C2A6C2A6C326C326D326C326C326D3224
S31508028A806C32A82188218821A821A921A821882118
S31508028A90A821A921A821A821A921A819A921A92182
S31508028AA0A821A821A921A921A821C921C921C92109
S31508028AB0C929C921C921C921C921CA29C921C92145
S31508028AC0C921C921CA21C921CA29C921C921EA211B
S31508028AD0E929EA290A220A22EA29EA210A2A0A228B
S31508028AE00A2A0A2A0A2A0B2A0A2A0A2A0B2A0A22DC
S31508028AF00A2A0B2A0A22EA29EA29EA21EA29EA2182
S31508028B000A2A0A2AEA21EA290A2AEA210A2A0A2230
S31508028B100A2A0A2AEA29EA21EA290A2A0B2A0B2A0E
S31508028B200A222A2A0B2A0B2A0A2A0A2A0B2A0A2A7A
S31508028B300B2A0B2A0A2A0B2A0B2A0A2A0A2A0B2A80
S31508028B402B2A0A2A0B2A2B2A2A2A2B2A2B2A2B2AAF
S31508028B502B2A2B322B2A2B2A2B322B2A2B2A2B2A4D
S31508028B602B322B2A2B2A2B2A2B2A2C2A4C322B3213
S31508028B704B2A2B2A4B2A4C324C2A4B2A2C324C3261
S31508028B804B2A2C2A4B2A4B2A4B2A4C2A4C2A4B3242
S31508028B904C2A4C2A4C324C2A4C326B2A4C2A4C32DE
S31508028BA04C2A4C326C326C326C326C324C2A4C3255
S31508028BB06C326C326C324C2A6C326C326C2A6C2AED
S31508028BC06C326C326C326C32882188218819A82161
S31508028BD088218821A921A821A821A819A921A82183
S31508028BE0A921A921C821A921A821C921C921A921C7
S31508028BF0C921A921A921C921C921C929C921C9214D
S31508028C00C929C921CA21E929C921CA21EA29E92189
S31508028C10CA21CA29E921CA21EA29EA29EA29EA212D
S31508028C20EA29EA290A2AEA21EA290A2A0A22EA2949
S31508028C300B2A0A2A0A220B2A0A2AEA21EA29EA29F5
S31508028C40EA21EA29EA29EA210A2AEA29EA21EA2973
S31508028C500A2AEA290B2A0A22EA290B2A0A220B2AB3
S31508028C600A2A0A2A0B2A0A2A0B2A0A2A0B2A0A2259
S31508028C702B2A2B2A0B2A2A2A2B2A0B2A2A2A2B2A7E
S31508028C802B2A2B2A0B2A2A2A2B2A2B2A2B2A0B2A6D
S31508028C902B2A2B2A2B2A2B2A2B2A2B2A2B2A2B2A1C
S31508028CA04B2A2B2A2C2A4B2A2B2A2B2A2B322B2AC3
S31508028CB02B2A4B2A4B2A2B2A4C2A4B2A4B322B2A53
S31508028CC02B2A4C324C324B324C2A2B324C324B2A00
S31508028CD04C324C2A4B2A4C324C2A4B2A4B324C32B7
S31508028CE04C2A4C324C2A4B2A4C324C2A4C326C3285
S31508028CF06C326C326C2A6C326D326C2A4C2A6C32AB
S31508028D006C324C2A6C326C326D326C326D3288217E
S31508028D108821A819A92188218819A821A921A82169
S31508028D20A921A921A821A921A821A921C921A921C5
S31508028D30C921C921C921C921C921A921C921C921F3
S31508028D40C921C921C921CA29C921E921CA29C92191
S31508028D50E921E929CA21E929EA29EA21E921C921D8
S31508028D60EA21EA29EA21EA210A2A0B2AEA210B2A16
S31508028D700B2AEA210A2A0A2A0A220A2A0A2AEA219C
S31508028D80EA21EA29EA29EA210A2A0A2AEA21EA2911
S31508028D900A2A0A2AEA210A22EA29EA210A2AEA21C7
S31508028DA00A2A0B2A0A2A0A220A2A0A2A0B2A0A2221
S31508028DB00A2A2B2A0A2A0A2A0B2A0B2A2A2A2B2A9F
S31508028DC00B2A2A2A0B2A0B2A2B2A0A2A0B2A2B2A8D
S31508028DD02B2A0A2A2B2A2B2A0A2A0B322B2A2B2A35
S31508028DE02B2A2B2A2B322B2A2B2A2B322C2A2B2ABA
S31508028DF04B322C2A2C2A4B324C322B2A2B2A2C3237
S31508028E002C2A2C2A4B324C324B2A4C324B2A2B2AEE
S31508028E104C324C2A2B2A4C324C324B2A4C324C2A94
S31508028E204B2A4C324C2A4C326C326C324C2A4C2A23
S31508028E304C324C2A6C324C324C2A6C324C2A4C320A
S31508028E406C326C326C326C324C324C2A6C326C326A
S31508028E506C326C3288198821A82188218819A821A0
S31508028E60A821A921A821A821A921A821A821A921A7
S31508028E70A921A921C921C921C921C921C921C921D2
S31508028E80C921C921C929C921C921C929C921C92172
S31508028E90C921CA29C921C921CA21E921E921CA2127
S31508028EA0EA29E929EA21C921EA21EA29EA21EA2164
S31508028EB0EA210A2A0A2A0A2A0A2A0B2A0A2AEB294A
S31508028EC0EA21EA29EA29EA29EA21EA21EA21EA291A
S31508028ED0EA29EA21EA21EA290A2A0B2AEA210A2A9E
S31508028EE0EA21EA290A2A0A2A0B2A0A2A0A2A0B2A1A
S31508028EF00A220A2A0A2A0B2A0B2A0A2A0A2A0B2AC7
S31508028F000B2A2A2A0B2A0A2A0B2A2B2A0A2A0A2A6D
S31508028F102B2A0B2A2B2A2B320B2A0A2A2B2A2B2AF2
S31508028F202B2A2B2A2B2A2B2A2B2A2B2A2B2A2B3281
S31508028F304B2A2B2A4C324B2A2B2A2B2A4B322C2AE7
S31508028F402B2A4B322B2A2B2A4B2A4C2A2B2A2B2A00
S31508028F502B2A4C324B2A4C2A4B2A4B2A4C324C2A65
S31508028F604C324B2A4B324C324C324C2A4B2A4C321C
S31508028F704B2A4C326C324C324C2A6C326C324C2AAA
S31508028F804C324C324C324C2A6C324C2A4C326C32B1
S31508028F906C2A6C326C326C2A6C3288218821A821A0
S31508028FA0A8218821A921A8218819A921A821A821AF
S31508028FB0A821A821A921C921C821A921C921C921D4
S31508028FC0A921A921A921C921C921C929C921C92199
S31508028FD0CA21C921C921C921CA29C921EA21C929FE
S31508028FE0EA29C921E929EA29EA21EA29E921EA2914
S31508028FF0EA29EA29EA29EA21EA29EA21EA21EA21E9
S31508029000EA21EA290A2AEA21EA29EA29EA21E929B0
S31508029010EA29EA21EA29EA290A2AEA21EA29EA219F
S315080290200A2AEA29EA29EA210A2AEA21EA21EA296E
S315080290300A220A2A0A2A0A2A0B2A0A2A0B2A0B228D
S315080290400A2A0B2A0B2A0A2A0A2A2B2A2B2A0A2A2C
S315080290502B2A2B2A0B2A2B2A2A2A0B2A0B2A2B2AB9
S315080290602B2A2B2A2B2A2B2A0B2A2B2A0B2A2B2A88
S315080290702B2A2B2A2B2A2C2A2B2A2B2A2B2A2B2A37
S315080290802B322B2A2B2A2B2A4C322B2A4B2A4C32AE
S315080290902B2A4B2A2C324C322B2A2B324C322C2A94
S315080290A04C324B2A4B2A4C2A4C324C2A4C2A4C32EA
S315080290B04C326C324C2A4C324C324C326C2A4C2A88
S315080290C04B2A4C324C326C2A6C326C2A4C324C3259
S315080290D06C2A4C326C326C324C2A6D326C326C32DF
S315080290E08821A8218819A82189218819A8218821D7
S315080290F0A921A821A921A921A921A921A821A92112
S31508029100A921A821A921C921C921C921C921C92160
S31508029110C921C921CA29C921C921C921C921C921E6
S31508029120E921C921EA29CA21C921C921CA21EA2173
S31508029130E921CA29E921E921EA21EA29EA29EA21D2
S31508029140EA29EA290A2A0A2A0A22EA29EA21EA212C
S31508029150EA21EA29E921EA29EA29EA210A2AEA2167
S31508029160EA29EA29EA21EA210A2AEA290A2A0A2A04
S315080291700A22EA290A2AEA210B2A0B2A0A2A0A2A8F
S315080291800A220A2A2A2A0B2A2A2A0B2A0A2A0B2AF4
S315080291900A2A0B2A2B2A0B2A0B2A2B2A2B2A2B2A98
S315080291A00A2A0B2A2A2A0B2A0B2A0A2A2B2A2B2AAA
S315080291B02B322B2A2B322B2A2B2A2B2A2B2A2B2AE7
S315080291C02B2A2B2A2B2A2B2A2B2A2B2A4B322C2ABE
S315080291D02B2A4B2A4C324C322B2A4B2A4C2A2B2A24
S315080291E04B2A4C324B2A4C324B2A4C324B2A4C32A3
S315080291F04B2A4C2A4B2A4B324C2A4C324C2A6B2A83
S315080292004C324C324B2A4C324C2A6C324C326C2A37
S315080292106C324C2A6C326C324C2A6C326D324C2AC5
S315080292206C326C326C32882188198819A821A821D7
S315080292308821A819A821A821A921A921A921A921FA
S31508029240C821A921A921A921C821C921A921C92140
S31508029250C921A929C921C921C929C921C921C921BE
S31508029260C929CA21C921C929CA21C921C921EA2963
S31508029270EA29C921E929EA29EA21EA21EA29E92189
S31508029280EA21EA29EA29EA210A2A0A2AEA21EA290C
S31508029290EA21EA29EA29E921E929EA21EA29E92149
S315080292A0EA21EA21EA29EA210A2AEA29EA290A22F4
S315080292B0EA21EA290A2AEA210B2A0B2A0A2A0A2A6F
S315080292C0EA290A2A0A2A0B2A0A2A0B2A0A2A0B2A0C
S315080292D02A2A0B220A2A0A2A2B2A0A2A0A2A2A2A84
S315080292E00B2A2B2A0B2A2A2A2B2A2B2A0B2A0A2A48
S315080292F00B2A2B2A2B2A0B2A2B2A2B2A2B2A2B32EE
S315080293002B322B2A2B2A2B2A2B2A2B2A2B322B2A95
S315080293102B2A2B2A2B2A2B2A2B324C2A4C2A4B3223
S315080293202B2A4C324C2A4B2A4B2A2B324C324C2AA9
S315080293304C322C2A4C324C324C324C2A4C2A4C3265
S315080293404B2A4C324C326C2A4C326C324C2A4C2AFE
S315080293506C324C324C324C2A4C326C324C2A4C2AE5
S315080293606C326C324C2A6C326C326C2A8821882117
S3150802937088218819A8218821A921A921A821A81903
S31508029380A821A921A921A821A921C921A821C92140
S31508029390C921C921C921C929C921C921C921C92165
S315080293A0C921CA21C921C921C921C929C921EA292B
S315080293B0C921C921EA29EA29E921EA21EA29EA2968
S315080293C0E921EA29EA29E921EA21EA21EA21EA291F
S315080293D0EA21EA21EA21C921E921EA29EA29E92138
S315080293E0EA29EA21EA29EA29E921EA21EA29EA21F6
S315080293F0EA210A2A0A2AEA21EA290A2AEA210A2A59
S31508029400EA210A2A0A220B2AEA290B220A2A0B220B
S315080294100A220A2A0A2A0B2A0B2A0A2A0B2A0B2AA0
S315080294200A2A0B2A0B2A0A2A2B2A0A2A2B2A0B2A47
S315080294302B2A2B2A2B2A0A2A0B2A2B2A2B2A2B2AB5
S315080294400B2A2B2A2B2A2B2A2B322B2A0B2A0B2ABC
S315080294502B2A2B2A2B2A2B2A2B2A2B2A2C322B2A4B
S315080294602B2A2B2A4C2A4C322B2A2B324C324C2AA8
S315080294702B2A4B324B2A4C2A4B324B2A4C2A4C3239
S315080294804B324C2A4B324C2A6C324C324C2A4C32D6
S315080294906C324C2A4C324C2A4C324C326C326C327C
S315080294A04C2A6C326C326C326C326C324C2A6C320C
S315080294B06C32A8218819882188218819A821A8210F
S315080294C08819A921A821A821A921C921A921A92147
S315080294D0C821A921A921A921C921A921C921C921AD
S315080294E0C921C921C921C929C921C921C929C9210C
S315080294F0C921C921EA21E929E921EA21C921C92182
S31508029500EA21C921EA29E921C921EA21EA29E9291F
S31508029510EA29EA21EA29EA29EA21E929C929C921FE
S31508029520EA21EA29EA21EA29EA29EA29EA29EA21AB
S31508029530EA29EA21EA29EA290A2AEA29EA210A2A51
S31508029540EA29EA290A22EA29EA21EA29EA210A2A49
S315080295500A2A0A2A0A2A0A2A0B220B2A0A2A0A2A61
S315080295600B2A0B222A2A0A2A0B2A0A220A2A0B2A37
S315080295700B2A2A2A0A2A0A2A2B2A0B2A2B2A2B2AB6
S315080295802B2A2B2A2B2A2B322B2A2B2A2B2A2B2A1B
S315080295902B2A2B2A2B2A2B322B2A2B2A2B324C32DA
S315080295A02B2A2B2A4B2A2B324B2A2B2A2B2A2B2ABB
S315080295B04B2A2C324C324C2A2B2A4C2A4C324B2A16
S315080295C04B2A4C324B2A4C2A4C324B2A4C324C2AC6
S315080295D04B2A4B324C326C2A4C324C326C2A4C2A6D
S315080295E06C326C326C2A4C324C326C2A4C324C2A13
S315080295F04C324C324C2A6C328819882188218821AF
S315080296008821A81988218821A921A921A821A92167
S31508029610C921C821A821A921C921A921C921C9214C
S31508029620C921A921C921C921C921C921C921C929F2
S31508029630CA21CA29C921C921CA21E929C921C92197
S31508029640C921C929EA29C921EA29EA29EA21CA2115
S31508029650C921EA29EA29EA29EA21EA21E921E921AD
S31508029660CA29EA21C921C921E921E921EA29EA29DE
S31508029670EA21E921EA29EA21E929EA21EA210A2A4B
S315080296800A2AEA29EA210A2A0A220B2A0A2AEA299C
S315080296900A2A0A220B2A0A2A0B2A0A2A0A2A0B2A1F
S315080296A00A2A0A2A0A2A0A2A0B2A0A2A2B2A2B2AC7
S315080296B00B2A0B2A2B2A0B2A2B2A0B2A2B2A0B2A92
S315080296C02B2A0A2A2B2A2B2A2A2A0A2A2B2A2B2A25
S315080296D00B2A2B2A2B2A0B2A2B2A2B2A2B322B2A0A
S315080296E02B2A2B2A4B322B2A2B2A2B2A2C2A2B3291
S315080296F02B2A2C2A4C2A4B2A2B2A4B322B2A4C321F
S315080297004C324C324C324C324B2A4C2A4C324C2A72
S315080297104B324C324C2A4C2A4C324B2A4C2A6C324B
S315080297206C326C324C2A4C326C324C2A6C326C32A9
S315080297306C326C324C2A4C2A4C326C326C3288218E
S315080297408821A81988218821A821A921A821A82128
S31508029750A921A921A821A921A821A921C921A8218C
S31508029760C821C921C921C921C929C929A921C921AA
S31508029770C921CA21C921C929C921C921C921CA2977
S31508029780CA21C921CA21EA29EA21C921C921CA212C
S31508029790E921EA29EA21C921EA29EA21EA21EA296B
S315080297A0E921C921C929EA21EA21CA29C929EA29B5
S315080297B0E921C921EA21E929EA21EA29EA29EA2944
S315080297C00A2AEA210A220A2AEA21EA290A2AEA2985
S315080297D0EA210B2A0A2A0A2A0B2AEA210A2A0A2A29
S315080297E00A220A2A0B220B2A0A2A0B220A2A0A2ADE
S315080297F00B2A2B2A0A2A0A2A0B2A0A2A2B2A2B2A54
S315080298000B2A2A2A2B2A0B2A2A2A0B2A2B320B2A1A
S315080298100A2A0B2A2B2A2B2A2B322B2A0A2A0B2A0A
S315080298202B2A2B2A2B2A2B2A2B2A2B2A2B2A2B2A80
S315080298302B2A2B2A4C324B322B2A4B324C324C2AAD
S315080298404B324C2A2B2A4B324B2A4C2A4C324B2A65
S315080298504C2A4C324B2A4C2A4C324C326C326C32E1
S315080298604C2A4B2A6C324C324B2A4C324C2A4C32FA
S315080298704C326C326C324C326C326C2A6C324C2A58
S315080298806C326C3288218819A8218821A821881966
S31508029890A921A821A921A821A821A921A921A8216C
S315080298A0A921A921C921A921A821C921A921C921F9
S315080298B0C921C921C929C921C921C921C929C92138
S315080298C0C921C929E921E929C921C921C921EA29BF
S315080298D0EA29EA29E921EA29EA29E921EA21EA29FA
S315080298E0EA29E921E929C921C921CA29E921C9217E
S315080298F0C921CA21E929EA29EA21C921EA29E9214C
S31508029900E921EA21EA29EA29EA29EA29EA210A2AA7
S31508029910EA210A2AEA290A2AEA210A2A0B2A0A2211
S31508029920EA29EA210A2AEB290A220A2A0A2A0B2AF8
S315080299300A2A0B2A0A220B2A0B2A0A2A0B2A2A2A5B
S315080299400A2A0A2A0B2A2B2A0A2A0B2A2A2A0B2A23
S315080299500B2A2B2A0B2A2B2A0B2A0A2A2B2A0B2AF0
S315080299600A2A2B2A2B2A2B2A2B322B2A2B2A2B2A58
S315080299702B2A2C2A2B2A2B322C2A2B2A2B2A2B2A25
S315080299802B322B2A2B2A2B2A2C324B2A4C2A4C32A4
S315080299904B2A4C324B2A4C324C324B2A4C324B2AEB
S315080299A04B324C324C2A4C324C326C2A6C324C3288
S315080299B04C2A6C324B2A4C2A6C326C2A6C324C2A50
S315080299C06C326C324C2A4C2A6C3288218821A821A6
S315080299D08821A821A921A921A821A821A919A82154
S315080299E0A821A921A921A821A821A921C921A921FA
S315080299F0A921A921A921C921C921C929C921C9215F
S31508029A00C921CA21C921C921C921CA29C921C921EC
S31508029A10C921C921C921C921C921EA29EA21C9219C
S31508029A20EA29EA29E921EA21EA29C921C921C9211A
S31508029A30C921C929C921C921C921EA21E929C9296D
S31508029A40EA21C921C929EA21EA290A2AEA21EA21B7
S31508029A50EA29EA29EA21EA290A2A0A220A2AEA2113
S31508029A60EA21EA210A2AEA29EA210A2A0A2A0A2AE2
S31508029A700A2A0A220A2A0A2A0A222B2A0B2A0A2A24
S31508029A800B2A2B222B2A2B2A0A2A0B2A2B2A2B2A87
S31508029A900B2A2B2A2A2A0B2A2B2A0A2A2B2A2A2A71
S31508029AA00A2A0B2A2B2A0B2A2B2A2B2A2B2A2B2A5F
S31508029AB02B2A2B2A2B322B322B2A2B2A2B2A2B2ADE
S31508029AC02B2A2B2A2B2A2B2A4B324C2A2B2A4B326D
S31508029AD02C2A4B322B2A4C324C2A2B2A4B324C2A12
S31508029AE04C2A4B324C2A4C2A4C324B2A4B324C2AA1
S31508029AF04C324C2A4C2A4C326C326C324C326C3216
S31508029B004C2A4C326C324C326C326C324C2A6C32E5
S31508029B108819A821A8218819A821A821A82188215D
S31508029B20A921A921A821A821A921A921C821C92198
S31508029B30A921A921C821C921C921C921C929A9211E
S31508029B40C921C929CA29C921C921EA29C921C9217B
S31508029B50CA29C921CA21C929C921CA21C921C92192
S31508029B60EA29C921C921EA29EA21EA29EA21C921D8
S31508029B70C921CA29C929C921CA29E929CA29C9213A
S31508029B80C921CA21E929CA21EA21E929EA29EA21B8
S31508029B90E921EA29EA210A2AEA21EA29EA29EA211D
S31508029BA00A2A0A2A0A2AEA290A2A0B2A0A2A0A222D
S31508029BB0EA29EA290B220A2A0B2A0A220A2A0B2A44
S31508029BC00A2A0A2A0A2A0B2A0A2A0B2A2B2A0A2AC2
S31508029BD00B2A2B2A2B2A0B2A0A2A0B2A0A2A0A2A90
S31508029BE02B2A0B2A0B2A0A2A2B2A0A2A2B2A2B2A3F
S31508029BF02B2A2B2A2B2A2B322B2A2B2A2B2A2B2AA5
S31508029C002B2A2B322B2A4C2A2B2A2C2A4B324B2A2A
S31508029C102C2A2B2A4B2A4C324B2A4B324C2A4C32B0
S31508029C204B2A4B2A4C324C324B2A4C324C2A4C3257
S31508029C306C326C2A4B324C2A4B324B2A6C326C32BF
S31508029C404C2A4C2A6C324C326C2A6C324C2A6C32B4
S31508029C504C2A4C326C32882188218821881988211D
S31508029C60A921A921A821A8218821A921A821A921B8
S31508029C70C921C921A921C921A821C921A921A92105
S31508029C80C929C921C921C921C921C921C921C9216C
S31508029C90C921C929E921C921E921C929E921C921F4
S31508029CA0CA29C921CA21EA29E921EA29EA21E9298F
S31508029CB0EA29C921C921C921C921C921C921E921FB
S31508029CC0CA21C929EA21C921C929EA21C921E929B9
S31508029CD0EA21C921EA29EA29E921EA29EA29EA211E
S31508029CE00A2A0A2AEA29EA290A22EB29EA29EA2178
S31508029CF00A2AEA210B2A0A2AEA29EA210A2AEA2947
S31508029D000B2A0A2A0A220A2A0B2A0B2A2B2A0A2A87
S31508029D100B2A0A2A0A2A0A2A0B2A0A2A2B2A0B2A6F
S31508029D200B2A0A2A0A2A0B2A0B2A2B2A2B2A2B2A1D
S31508029D300B2A2B2A2B2A2B2A2B2A0B2A2B2A2B2AAB
S31508029D402B2A2B322B2A2B2A2B2A2B2A2B324B2A2B
S31508029D502B2A2B2A2B2A4B322C322B2A2B2A2B2A1A
S31508029D602C2A2B2A4B324C2A4C324C324B2A4C3256
S31508029D704B2A4B324C2A4B2A4C2A4C324C326C2AEE
S31508029D804C324C2A4C2A6C324C326C326C324C2A8B
S31508029D906C324C326C324C2A4C2A6C328819882125
S31508029DA08821A8218819A821A9218819A821A921C9
S31508029DB0A921A821A821A821A921A921A921A92146
S31508029DC0A821A921A921A821C921C921C929C921AD
S31508029DD0C921C921C921C921C921C921CA21C9291A
S31508029DE0EA21C921C921EA29E921EA29C921E92160
S31508029DF0CA29C921EA21C921C921C921C921C921D9
S31508029E00C929C921CA21C921C921EA29EA21C9219F
S31508029E10C929EA29CA21C921EA21EA21EA29E92125
S31508029E20E921EA21EA29EA21EA210A2AEA210A2A71
S31508029E30EA210A220A2AEA29EA210B2A0A2A0A2AEC
S31508029E400B2A0A2A0A220A2AEB290A220B2A0A2A90
S31508029E500A2A0A220B2A0A2A2B2A2B2A2B2A0A2AF6
S31508029E600A2A2B2A2B2A0A2A0B2A2B2A2A2A0A2ABE
S31508029E700B2A2B2A2A2A0B2A2A2A2B320B2A2B2A84
S31508029E802B2A2B2A2B2A2B2A2B2A2B2A2B2A2B2A1A
S31508029E902B2A2B322B2A2C2A2B322B2A2B2A4B32D1
S31508029EA04C2A2B2A4C324B2A4C2A4C324B2A2B2A26
S31508029EB04C2A4C2A4C324C2A4C324C324C2A4B32C3
S31508029EC04C324C2A4C2A4B326C326C324C2A4C326B
S31508029ED06C326C324C2A4C326C326C2A6C326C32D2
S31508029EE06C328821A8218819A821A921A821A8218C
S31508029EF08819A921A821A921A819A921A821A82137
S31508029F00A921C921C821A921C921C821C921C92133
S31508029F10C921C929C921C921C921C929CA21C921D0
S31508029F20C929C921CA21C921EA29E929C921EA2156
S31508029F30C921EA29EA29EA21E921CA29C921C92125
S31508029F40C929C921C921CA29C921E929E929C92150
S31508029F50C921C921C921CA21E929CA29E921C92947
S31508029F60C921EA29EA29EA21EA29E929EA29EA2183
S31508029F70EA21EA29EA290A2A0A2A0B2A0A2AEA21C4
S31508029F800A2AEA210A2A0B2A0A2A0A2A0A220B2A50
S31508029F900A2A0A2A0B2A0A220B2A0A2A0B2A0B2A15
S31508029FA02B2A0B2A0B2A0B2A0A2A0A2A0A2A0B2ADC
S31508029FB02B2A0A2A2B2A0A2A0A2A0B2A0B2A0B2AAC
S31508029FC00B2A0B2A2A2A2B2A0B2A2B322B2A2B2A32
S31508029FD02B2A0B2A2B2A2B2A2B2A4B2A2B324C3298
S31508029FE02B2A2B2A2B2A2B2A4C324B322B2A4C2A47
S31508029FF04B324C324B2A4C324B2A4C324B2A4C2A85
S3150802A0004B324C324C2A4C324C324C2A4B2A4C326A
S3150802A0104C2A4C2A4C324C2A6C2A6C324C326C2A08
S3150802A0206C324C324C2A4C32A821A821882188212C
S3150802A030A921A921A821A821A819A821A921A821CD
S3150802A040A921A921A821C921C921A921A921C92151
S3150802A050A921C921C929A921C921C921A921C921F8
S3150802A060C921C929CA21C921E929C921C921EA2936
S3150802A070C921C921CA29E921C921CA29EA29E92105
S3150802A080C921C921C929C921C921C921C921C92168
S3150802A090C921C921C921C921C929C921C921C92158
S3150802A0A0E921EA29EA29EA21E921EA29EA29EA2922
S3150802A0B0E921EA29EA29EA21EA21EA29EA21EA2919
S3150802A0C0EA210A2A0B2A0A2A0A2AEA210B2AEA2951
S3150802A0D00A2A0B2A0A2A0A2A0B2A0B2A2B2A0A2AAC
S3150802A0E00B2A0A2A0A2A0A2A0B2A0B2A0A2A0B2ABC
S3150802A0F00B2A0A2A0B2A0A2A0A2A0B2A0B2A0A2AAC
S3150802A1002B2A2B2A2A2A2B2A2B2A2B2A2B2A0B2AB8
S3150802A1102B2A2B322B2A2B2A0B2A2B322B2A2B2A97
S3150802A1204B324C2A4B2A2B2A2B2A4B322B2A2C2AE5
S3150802A1302B2A2B324B2A4C2A2B2A4C324B2A4B2AB5
S3150802A1404C324C324C2A4C2A4B324C2A4B2A4C3231
S3150802A1506C324C2A4C324B2A6C324C324C326C2AB8
S3150802A1604C324C326C2A6C324C2A4C2A6C3288217C
S3150802A170A821A921A821A821A821A819A921A9218C
S3150802A180A921A821A821A921A821A921A921A82173
S3150802A190A921C821A921A921C921C921A921C921E0
S3150802A1A0C929C921C921C921C921C921C921C92147
S3150802A1B0C921EA29E921C921EA29EA21C921E9218C
S3150802A1C0C921C921C929C921C921C921C921CA291E
S3150802A1D0C921C921C929C921CA21C921CA29EA29E4
S3150802A1E0EA21EA29CA21C921CA29EA21C921EA2179
S3150802A1F0E921E921EA21EA21E921EA29EA29EA21EA
S3150802A200EA29EA29EA21EA290A2AEA21EA210A2A7C
S3150802A2100A2A0B2A0A22EA290B2A0A220A2A0A22C5
S3150802A2200B2A0A2A0A2A0A2A0B2A0B2A0A220A2A83
S3150802A2302A2A0A2A0B2A0B2A0A2A0B2A0B2A0A2A4A
S3150802A2400B2A0B2A0A2A2B2A0B2A0A2A2B2A0B2A18
S3150802A2502B322B2A0A2A2B2A2B2A2B2A2B322B2A57
S3150802A2602B2A2C322B2A2B2A2B2A2B2A2B324C32FC
S3150802A2704C2A2B2A4B324C2A2B2A2B2A4C324C2A72
S3150802A2802B2A4C324C2A4B2A4B324C324B2A4C3212
S3150802A2904C324B2A4B2A4C324C2A4C326C326C2AA0
S3150802A2A04C2A4C326C324C2A4C324C324C326C327E
S3150802A2B06C326C328821882188198821A821A82124
S3150802A2C08821A821A821A921A821A921A821A82154
S3150802A2D0A921A921A821A821A921C921A921A92100
S3150802A2E0C921A921C921C921C929C921C929C9211E
S3150802A2F0C921C921C921CA21C929E921C921CA29CC
S3150802A300C921CA21CA29EA29C921C921C921C921BA
S3150802A310C921C929C921CA21E929C921C921C929A4
S3150802A320C929C921C921C921C921EA29E921C92974
S3150802A330E929CA21E929EA29C921EA29EA29EA29C8
S3150802A340E921E921EA29EA21EA21EA21EA21EA2997
S3150802A3500A2A0A2AEA21EA29EA210A2AEA290A2AE1
S3150802A3600A2A0A2A0B2A0A2A0A2A0B2A0A220A2A43
S3150802A3700B2A0A2A0B2A0B2A0A220A2A0A2A0B2A31
S3150802A3800A2A2B2A0B2A2A2A2B2A2B2A0B2A0A2A98
S3150802A3902B2A0A2A0B2A2B2A0A2A2B2A2B2A2B2A67
S3150802A3A02B2A2B2A2B2A2B2A2B324B2A2B2A2B2ACD
S3150802A3B02C2A2B2A2B2A2B2A2B2A2B2A2B2A2B2AE4
S3150802A3C04C322B2A2B322B2A2B322B2A4C2A4C2A5A
S3150802A3D04C324B2A4C2A4C324C324B2A4B2A4C2AA8
S3150802A3E04C326C324C2A4C2A4C326C324C2A6C2A2D
S3150802A3F06C324C326C2A4C324C32A821A82188196C
S3150802A400A8218821A921A9218821A921A821A92130
S3150802A410A921A821A921C921A821A921A921A921BE
S3150802A420C821A921A821C921C921C929A921C92126
S3150802A430C921A921C921C929CA29C921C921C929C3
S3150802A440C921CA21C921E929E921C921C921C92163
S3150802A450C921C921C921C921C921C921C921C9219C
S3150802A460C921C921C921C921C921EA21C921C9216B
S3150802A470C921CA21C921EA29E921EA29CA29C92100
S3150802A480EA21EA29EA21EA21EA29EA29EA21EA2944
S3150802A490EA29EA29EA210A2A0B2A0A2AEA21EA29C0
S3150802A4A00B2A0A22EA290B2A0A2A0B2A0B2A0B2A20
S3150802A4B02B2A0A220A2A0B2A0A220A2A0B2A0A22E1
S3150802A4C00A2A0B2A0A2A0A2A0B2A0A2A0A2A0A2ADA
S3150802A4D02B2A2A2A0B2A2B2A2A2A0A2A2B2A0B2A27
S3150802A4E00B2A2B2A2B2A2B2A0B2A2B2A2B2A2B2AF4
S3150802A4F02B322B2A2B2A2B2A2B2A2B2A2B322B2A94
S3150802A5002B2A2B322B2A4B2A4C2A4B2A4C324C32D8
S3150802A5104B2A4B322C2A4C2A4B324B2A4C2A4C3287
S3150802A5204C324B2A4C324C324B2A4C324C326C2A25
S3150802A5304C326C326C326C326C2A6C324C324C2A8B
S3150802A5408819A821A821A9218819A821A921A82101
S3150802A550A921A821A8218819A921A921A821A821C8
S3150802A560A921A921C921A921A821C921A921A9214C
S3150802A570C921A921A921C921C921C921C921CA21BA
S3150802A580C921C921CA21C921C921C921EA29C92141
S3150802A590C921C921A921A921C929C929A921C921AB
S3150802A5A0C921C929C921CA21CA29C921C921CA2930
S3150802A5B0C929EA29C921C921CA29EA21EA29C921B7
S3150802A5C0EA21C921E921C921EA21E921EA29EA2957
S3150802A5D0EA21EA21E929EA21EA29EA29EA21EA29F4
S3150802A5E00A2A0A22EA290A2A0A22EA290A220A221D
S3150802A5F00A2A0A220A2A0B2A0B2A0A2A0A2A0A22B9
S3150802A6000A2A0A2A0B2A0A220B2A0B2A0A2A0B2A9E
S3150802A6100B2A0B2A0A2A0A2A0B2A2B2A0B2A2B2A44
S3150802A6202B2A0B2A2B2A2A2A2B2A2B2A0B2A2B2AB3
S3150802A6302B2A2B322B2A2B2A2B2A2B2A2B2A2B2A5A
S3150802A6402B2A2B324B2A2C2A4C324B2A2B324C32AF
S3150802A6502B2A2B2A4C2A2B2A4C324B2A4B324C3287
S3150802A6604B2A4C2A4B2A4C324C324C2A4C324C2A14
S3150802A6704B2A6C326C324B2A4C2A4C2A6C324C329C
S3150802A6806C326C2A6C3288218821882188198821A3
S3150802A6908821A821A821A819A921A821A921A82188
S3150802A6A0A821A921C921A821A821C921A821A9210E
S3150802A6B0C921C921A921C921C921C921C929C92152
S3150802A6C0C921C921C921C929C921C921C929C9211A
S3150802A6D0C921CA29C921C921C921A921A921C92151
S3150802A6E0C921C921C921C929C921C921C921C92102
S3150802A6F0C921C921C921C921E921C921C929E921B2
S3150802A700EA21E929C921CA21EA29EA29CA21E92924
S3150802A710EA29CA21EA29E921EA29EA21E921EA21DB
S3150802A7200A2AEA21EA29EA21EA290A2AEA21EA2957
S3150802A7300A2AEA290B2A0A2A0A2A0A220A2A0A2A91
S3150802A7400B2A0A2AEA290A2A0A2A0A2A0A2A0A2281
S3150802A7500B2A0A2A2A2A0B2A2B2A0A220A2A2B2AED
S3150802A7600A2A0A2A0B2A0B2A2A2A0B2A2B2A2B2AD4
S3150802A7702B2A2B2A2B2A2B2A2B2A2B2A2B2A2B2A21
S3150802A7802B322B2A2B322B2A2B2A2B2A2B2A2B2A01
S3150802A7904C2A2B2A2B2A4C2A2B2A4C322B2A2B2A96
S3150802A7A04C324C2A4B2A4C324C324B2A4C2A4C32CB
S3150802A7B04C326C324C324C2A4C2A6C324C2A4C3271
S3150802A7C04C2A4C324C2A4C324C326C328821A82103
S3150802A7D0A8218819A82188218819A821A8218921B0
S3150802A7E0A921A921A821A921A921C921A921A921EA
S3150802A7F0C921C921A821A921C921C921C929C92132
S3150802A800C921C929C921A921C921C929C921C921F8
S3150802A810C921CA29E921EA21C921C921A921A921CE
S3150802A820C921C921C921C921C929C921C921C921C0
S3150802A830C921C921C921C921C929C921C921CA21AF
S3150802A840EA29E921C921C929EA29C921C921EA2905
S3150802A850EA29EA21E921EA21E929EA21EA29E92973
S3150802A860EA21EA29EA29EA21EA290A2A0A2AEA290E
S3150802A8700A22EA29EA290A22EA290B2A0B2A0A2A99
S3150802A8800A2A0A22EA210A2A0A2AEA210A220B2A79
S3150802A8900A2A0A2A0B2A0B2A0A2A0A2A0A2A0B2A05
S3150802A8A00A2A0B2A2B2A0B2A0A2A2B2A2A2A0B2A93
S3150802A8B00B2A0B2A0A2A2B320B2A2B2A0B2A0B2A99
S3150802A8C02B2A2B322B2A2B2A2B2A2B2A2C2A2B2AC7
S3150802A8D02B2A2B324B322C2A4B324B322C2A4B3216
S3150802A8E04C2A4C322B2A2B2A4C324B2A2C2A4C32F3
S3150802A8F04B324C2A4C324B2A4C2A6C324C324B2A5B
S3150802A9004C324C324C2A4C324C2A6C2A4C326C2A27
S3150802A9104C2A8821A819882188218821A8218819E2
S3150802A9208821A921A821A821A821A921A821A821ED
S3150802A930A821A821A921A821A921A821C921A9219B
S3150802A940A821A921A921C921C929C921C921C92100
S3150802A950C921C921CA21C929C921C921C929C92186
S3150802A960A921A921C921A821A921A921C921C92128
S3150802A970A921C921C929C921C921C929CA21C9297E
S3150802A980E929CA21C921E929EA21CA21C921C929EC
S3150802A990EA21C921E921EA29C921E921EA29C9299C
S3150802A9A0EA21EA29EA21EA29EA29EA29EA21EA2917
S3150802A9B0EA21EA210A2A0A2AEA210A2AEA29EA21AC
S3150802A9C0EA210A2A0A2A0B2AEA29EA210A2AEA296A
S3150802A9D00A2AEA210B2A0A2A0A220A2A0A220B2AFE
S3150802A9E00A2A2B2A0A2A0B2A0B2A2A2A2B2A0B2A52
S3150802A9F00B2A0A2A0B2A2A2A2B2A0B2A2B2A2B2A21
S3150802AA002A2A2B2A2B2A2B2A0B2A2B2A2B2A2B32A7
S3150802AA102B2A2B2A2B2A2C2A2B2A2B2A2B2A4C3254
S3150802AA202B2A2B2A4B2A2B2A4C324B2A2B2A2B32FD
S3150802AA304C2A4B2A4C324C2A4B2A4C324C2A4C3240
S3150802AA404C324C2A6B2A4C326C324C2A4C326C32BF
S3150802AA504C2A6C324C324C32882188198819882142
S3150802AA608821A9218821A821A821A921A821A821CC
S3150802AA70A921A819A921A921A821A921A921A92180
S3150802AA80C921C921A821C921A921A821A921C921E8
S3150802AA90A921C921C929C921C921CA29C921C92165
S3150802AAA0C921C921C921A921C921C821A921C92187
S3150802AAB0A921A921A921A921C921C921C921C921B6
S3150802AAC0C921C921CA21C929C921C921C921C92915
S3150802AAD0C921C921CA21E929C921EA29E929CA219B
S3150802AAE0EA21EA29EA21E929EA29EA21E921E921E9
S3150802AAF0EA290A22EA21EA29EA21EA29EA29EA21AD
S3150802AB000A2A0A2AEA210A2AEA29EA210A22EA2931
S3150802AB100A2A0B22EA290A2AEA290B2A0A2A0A2ACD
S3150802AB200B220A2A0B2A0B2A0A2A0B2A0A2A0A2A79
S3150802AB302B2A0A2A0B2A0A2A0B2A0B2A2A2A2B2A00
S3150802AB400B2A0A2A2B2A2B2A2B322B2A2B2A2B327E
S3150802AB502B2A2B2A2B2A2B2A2B2A2B322B2A2B2A35
S3150802AB604B2A2B2A2B2A4C324C2A2B2A2B2A4C329A
S3150802AB704C324C2A2B2A4B324C2A4B324B2A4C2A21
S3150802AB804B324C2A4B2A4C324C2A4C324C324B2AE8
S3150802AB906B2A4C324C2A4C2A6C324C326C2A88214B
S3150802ABA0A8218821A82188198821A921A821A821B4
S3150802ABB08819A921A921A821A821A921A921A82161
S3150802ABC0A921C821A821C921A921C921C921A921A7
S3150802ABD0A821C921A921A921A921C921C921C92196
S3150802ABE0C921C921CA29C921A921A921A921A9217C
S3150802ABF0A921A921C921C929C921C921A929C92145
S3150802AC00A921C921C921C921C929C921C921C921FC
S3150802AC10CA21CA29C929E921C921CA21EA29CA2177
S3150802AC20C929EA29E921EA29C929EA21E921EA29D8
S3150802AC30EA29EA21EA29EA29EA29EA21EA29E9297D
S3150802AC40EA21EA29EA290A2AEA210A2A0A2AEA2111
S3150802AC50EA29EA21EA290A2AEA290A22EA290A2AF9
S3150802AC600A2AEB210A2A0A2A0B2A0A2A0A2A0B2262
S3150802AC700A2A0B2A0B2A0B2A0B2A2A2A2B2A2B2ABE
S3150802AC800A2A2B2A0B2A2A2A0B2A2B2A2B2A0A2A8F
S3150802AC900B2A2B2A2B2A2B322B2A2B2A2B2A2B2A14
S3150802ACA02B2A4C322B2A2B2A2C2A2B2A2B2A4C3299
S3150802ACB02B2A4B324C2A4B2A4C322B2A4C2A4C3200
S3150802ACC02B2A4C2A4B324C324C2A4B324C324C2AC7
S3150802ACD04C324C2A4C324C326C2A6C324B2A6C322D
S3150802ACE04C324C2A88198821A821A8218819A8211A
S3150802ACF0A821A9218921A821A821A921A921A82118
S3150802AD00A821A921A921C921C921A821A921A921A5
S3150802AD10A821C921C921C921C921C921A921A92134
S3150802AD20C921C921C929C921C921C921A921A921FB
S3150802AD30A821A821A921A921A821C821A921C92177
S3150802AD40C921A921C921C921A929C921C921C921DB
S3150802AD50C921CA29C921C921CA29EA21C921C92160
S3150802AD60E929EA29E921C921EA21E921E929EA2188
S3150802AD70CA21EA29EA21EA29EA21EA29E921EA296C
S3150802AD80EA21EA21EA29EA21EA21EA290A2A0A2AF9
S3150802AD90EA29EA21EA21EA29EA29EA210A2AEA2902
S3150802ADA00A22EB21EA290A2A0A22EA290A220B2A74
S3150802ADB00A2A0A2A0A220A2A0B2A2A2A0A2A0A2ACA
S3150802ADC00B2A0A2A0B2A2A2A0B2A2B2A2A2A2B2A4E
S3150802ADD02B2A2B2A0B2A2B2A2B2A2B2A2B2A2B32D3
S3150802ADE02B2A2B2A2B2A2B2A2B2A2B322B2A4B327B
S3150802ADF02B2A2B2A2B2A2B2A2C2A2B2A4B324C3249
S3150802AE004B324B2A4C2A4B324C2A4B2A4B2A4C2A77
S3150802AE104B2A4B324C326C2A4B2A4C324C326C320D
S3150802AE204C324C2A4C324C2A6C32881988198821A1
S3150802AE30881988218821A821A919A821A821882149
S3150802AE40A819A821A921A821A821A921A921A921AE
S3150802AE50A921C921A821A921A921C921A821A92154
S3150802AE60C929C921C929C921C929C921C921C92962
S3150802AE70C921A921A921A821A921C821A921A92134
S3150802AE80C921A821C921A821A921C921C921C921C4
S3150802AE90C921C921C921C929C921C921C921C92942
S3150802AEA0C921CA21CA21C921E921C921C921CA2917
S3150802AEB0CA21E921EA21E929EA21E921E929EA213E
S3150802AEC0EA21E9290A2AEA290A22EA290A2A0A2A67
S3150802AED0EA21EA210A2AEA29EA29EA29EA210A2AA0
S3150802AEE0EA21EA290A2AEA290A2A0A2A0A2AEA293E
S3150802AEF00B2A0A2A0A2A0B2A0B2A0A2A0A2A0B2A9E
S3150802AF000B2A0A2A0B2A0B2A2B2A2A2A2B2A0B2A2B
S3150802AF100A2A0B2A2B2A2B320B2A2B2A2B2A2B2AD2
S3150802AF202B322B2A2B2A2B2A2B2A2B322B2A2B2A59
S3150802AF302B2A2B2A2B2A4C324B324B324C322B2AB7
S3150802AF404B2A4C2A2C324B2A2B2A2C324C2A4C328C
S3150802AF502B324C2A4C324B2A4C2A4C324C324B2A34
S3150802AF606C324C2A4C2A4B2A4C324C2A4C2A6C32CA
S3150802AF708821A821A82188198821A821A821881909
S3150802AF80A821A9218819A821A921A921A919A82195
S3150802AF90A821A821A821A921C921C921A821A92115
S3150802AFA0A921C921A921A921C921A921A921C921E1
S3150802AFB0C921A921A921A921A921A821A921A92112
S3150802AFC0A821A921A921A921C921C929A921C921BA
S3150802AFD0A929A921C921C921A921C921C921CA2168
S3150802AFE0C921C921C921C929E921EA29C929C921A8
S3150802AFF0EA29E929CA21C929CA21C921EA29EA2944
S3150802B000E921EA21EA29EA21EA21EA29EA290A2A98
S3150802B010EA21EA290A2A0A2AEA21EA21EA21EA216E
S3150802B020EA29EA21EA29EA29EA21EA210A2AEA2177
S3150802B030EA210A2A0B2A0A2A0A2A0A2AEA210A2AB1
S3150802B0400A2A0B2A0B2A0A220A2A0B2A2B2A0A2A34
S3150802B0500B2A2B2A0A2A0B2A2B2A2A2A0B2A2B2ABA
S3150802B0602A2A0B2A0B2A2B2A2B2A2B322B2A2B2A61
S3150802B0702B322B2A2B2A2B2A2B2A2B2A2B2A4C2AEF
S3150802B0802B2A2B324C2A4B322B2A2B2A2B2A2B2AB7
S3150802B0902B324C2A4B324B2A2C2A4C324C324B2A14
S3150802B0A04C324B2A4C324C324C2A4B2A6C326C327A
S3150802B0B06C326C324C328821A8218821A821881941
S3150802B0C08821A921A8218921A921A821A821882185
S3150802B0D0A821A921A821A921A921A921A821A82114
S3150802B0E0C921A921A821A921A921C921C921C92181
S3150802B0F0A921C921C929C921A921A921A821A8218A
S3150802B100A821A921A921C821A921A821C921C92182
S3150802B110C921C921A921C929A921C921C929C921FF
S3150802B120C921C921C929C929E921C921C921C9218F
S3150802B130E929EA21CA21EA29E921E929EA21E929AB
S3150802B140E929EA21EA29CA21E921EA29E929EA219A
S3150802B150E921EA290A220A2AEA21EA29EA29EA2126
S3150802B160EA29EA29EA21EA21EA29EA29EA21EA2157
S3150802B170EA29EA29EA29EA21EA21EA210A2A0A2AFD
S3150802B1800B2A0A220A2A0A220A2A0A2A0A220A2A26
S3150802B1900B2A0A2A0A2A0B2A0A2A0B2A2B2A2B2ABA
S3150802B1A00B2A2A2A0B2A0B2A2A2A2B2A2B2A2B2A49
S3150802B1B02B322B2A2B2A2B2A2B2A2B2A2B322B2AC7
S3150802B1C02B2A2B2A4B322B2A2B2A4C2A2B324C2A55
S3150802B1D04C2A4B322B2A4C2A4B2A4C324C324B2ABB
S3150802B1E04C324B2A4C324C2A4B2A4C324C2A4C3281
S3150802B1F04C324B2A4C326C324C2A6C2A88218819DA
S3150802B2008821A82188218821A81988218821A8218E
S3150802B210A819A921A821A821A921A921A821A921DA
S3150802B220A921C921A921A921C921C929A821A92157
S3150802B230C821C921C921A921A921C921A921A9212F
S3150802B240A921C921A921A821A821A921C921A82161
S3150802B250A921C821C921C921A921C821C921A921F0
S3150802B260A921A921A921C921C921C921C921CA29D5
S3150802B270CA21C921C929EA21C921C921EA29EA21FA
S3150802B280CA21EA21EA29EA29C921EA29E929EA2178
S3150802B290EA29EA29EA29EA21EA29EA29EA21EA2916
S3150802B2A0EA21E921EA29EA29EA29EA21EA29EA2117
S3150802B2B0EA21EA29EA290A2AEA21EA290A2AEA29B4
S3150802B2C0EA290A220B2A0A2AEA290B2A0B2A0A2A15
S3150802B2D00A2A0B2A0B2A0A2A0B2A0A2A0A2A0B2ABA
S3150802B2E00A2A2B2A0B2A0A2A2B2A2B2A0B2A0B2A48
S3150802B2F02B2A2B2A2B2A2B2A2B2A2B2A2B2A2B2A96
S3150802B3002B2A2B2A2C322B2A2B2A2C2A2B2A2B2A7B
S3150802B3104B322B2A2B2A2B2A4C324C2A4B2A4C32BA
S3150802B3202B2A4C2A4B2A4B2A4C2A4B324C324C2A71
S3150802B3304B2A4C324C2A4B2A4C2A4C2A4B2A4C3240
S3150802B3406C328821882188198819A821A821882180
S3150802B350A819A821A821A9218921A921A821A821BA
S3150802B360A919A821A821A921A921A921A821A82189
S3150802B370A921A921C921A921C921C929A821C921E6
S3150802B380C921A821A821A921A921A921C821A92120
S3150802B390A821A921A921A821C921C921A929A82108
S3150802B3A0C921C921C929C921C921C921C921C9292D
S3150802B3B0CA21C921C921C921C921C921C921CA212B
S3150802B3C0C921C929EA29C921C921C921C921CA21EB
S3150802B3D0EA21E921EA29EA29EA21EA29EA29EA21E6
S3150802B3E0EA21E921E921EA29E921EA21E921EA29E9
S3150802B3F0EA29EA21E9290A2AEA21EA21EA21EA29A5
S3150802B400EA210A2A0A2AEA21EA290A2A0A220A2A07
S3150802B410EA290A220B2A0B2A0A220A2A0B2A2B2A89
S3150802B4200B2A2A222B2A2B2A0A2A0B2A0A2A0B2A0F
S3150802B4302A2A2B322B2A2B2A0B322B2A2B2A2B325D
S3150802B4400B2A2B322B2A2B2A2B2A2B2A2B2A2B2A5C
S3150802B4502B322B2A4C324C2A2B2A2B2A2B2A4B32BA
S3150802B4604B2A2C322B2A2B2A4C322B322B2A2B2ACA
S3150802B4704C2A4B324C324B2A4B2A4C324C324B32E8
S3150802B4804C326C324C2A4C328821882188218821F8
S3150802B490A8218919A921A8218821A919A821A821A1
S3150802B4A0A821A821A821A921A921A821C921A82121
S3150802B4B0A821C921A921A821C921A921A821A921EF
S3150802B4C0C921A921C921A821A821A921A821A821E0
S3150802B4D0A921A921A821A821A921A921A821A9210F
S3150802B4E0A921C921C921C921A921C921A921A9217C
S3150802B4F0C929C921C921C921C929C921C929C921D4
S3150802B500C929C921C921CA21E929C921E929EA2959
S3150802B510E921C921EA29EA21E921CA21EA21E921FF
S3150802B520E921EA29E921EA29EA21C929EA21EA29B6
S3150802B530C929EA21EA29EA29EA21EA29EA29EA2994
S3150802B540EA21EA29EA29EA210A2A0A2AEA29EA2129
S3150802B5500A2AEA210B2A0A2A0A220A2A0A2A0A2A6B
S3150802B5600A2A0B220A2A0A2A0B2A0A2A2B2A2B2AEF
S3150802B5700A2A0B2A0B2A0A2A2B2A0A2A0A2A0B2AF7
S3150802B5802B2A2B2A0B2A2B2A2B2A2B2A2B2A2B2A23
S3150802B5902B2A2B2A4B322B2A2B2A4B322C2A4B327A
S3150802B5A02B2A4C2A2B322B2A4C2A4B324B2A2C2A50
S3150802B5B04C324C324B2A4C324C2A4C324B2A4C2AAD
S3150802B5C04C324C324B2A4C2A4C324C324C2AA82149
S3150802B5D08819882188218821A821A821A821A8219B
S3150802B5E08921A821A8218921A921A821A821A82140
S3150802B5F0A921A921A921A821A921A921C921C821AD
S3150802B600C921A921A821C921A921A821A921A8219D
S3150802B610A821A821A921C821A821A921C921A8218F
S3150802B620A821A921A921A821C921C921A921A9217C
S3150802B630C921A921A921C921C929C921C921C921E2
S3150802B640C921EA29C921C921C929C921EA21EA2127
S3150802B650CA21CA29EA29EA29C921C929E929EA21DD
S3150802B660E929C929EA21EA29EA21EA29E929EA216D
S3150802B670EA21E921EA29EA29EA21E929E921EA214D
S3150802B680EA21E9290A2AEA29EA290A22EA29EA21E9
S3150802B690EA290A2AEA210A2A0A2AEA290B2A0A2A64
S3150802B6A00B2A0B2A0A220A2A0B2A0A2A0B2A0B2AED
S3150802B6B00A2A0A2A0B2A0B2A2B2A0A2A0B2A0B2AB5
S3150802B6C02B2A2B2A0B2A2B2A0A2A2B2A2B2A2B2A03
S3150802B6D02B322B322B2A2B322B2A2C2A2B2A2B2A99
S3150802B6E02B2A4C322B2A2B2A2C2A4B2A2C2A4B322F
S3150802B6F02B2A2B2A4B2A4C324B2A4C2A4B324C2ABF
S3150802B7004C2A4B324C2A4C2A4C324B2A4C2A4C3263
S3150802B7106C324B2A882188198819A8218819881910
S3150802B72088218821A8218819A821A921A92188194F
S3150802B730A821A821A821A819A921A921A821A921B6
S3150802B740A821A921A821C921A921A921A921A8217C
S3150802B750A821A921A921A821A821A921C921A8216D
S3150802B760A921A921A921C821A921A921C821C9211B
S3150802B770C929C921C921C929C921C921C921C92159
S3150802B780C921C921C921C921CA21C921C921CA294F
S3150802B790C921C921E929C921C921E921C921EA29D8
S3150802B7A0EA21EA21C921EA29CA21E929EA29EA215B
S3150802B7B0E921C921C921EA29C921EA21EA21E92976
S3150802B7C0EA29EA21EA29EA21E921EA29EA21EA21FA
S3150802B7D0EA290A2AEA21EA21EA29EA290B2AEA2196
S3150802B7E0EA290A2A0A220A2A0B2A0A2A0A2A0B2AD0
S3150802B7F00A2A0A220A2A0B2A0B2A0A2A0B2A2A2A7E
S3150802B8002B2A2B2A2B2A0B2A2A2A2B2A0B2A2B2AC1
S3150802B8102B2A2B2A2B2A2B2A2B2A2B2A2B2A2B2A70
S3150802B8202B2A2B2A2B2A2B2A2B2A2B2A4C324B320F
S3150802B8304B2A4C324B2A2B2A2C324B2A2B2A2C32B5
S3150802B8404B2A4B2A2B324C2A4C324B324B2A4C323D
S3150802B8504C2A4B2A4B2A4C324C3288218821882181
S3150802B8608821A82188198821A82188198821882150
S3150802B870A821A821A921A921A921A821A821A9216C
S3150802B880A821A921A921C921C921A921C929A821F2
S3150802B890A821A921A821A8218821A821A821A9216E
S3150802B8A0A921A921A821A921A821A921A921A8213B
S3150802B8B0A821A921A921A921A821A821C929A92103
S3150802B8C0A921C921C929C921C921C929C921C92128
S3150802B8D0C929C921C921CA29C921C929C921C921EF
S3150802B8E0E921CA21E929C921CA21E929CA21E92165
S3150802B8F0EA21EA29E929C921CA21EA29C929C92144
S3150802B900EA21E921EA21EA29E929EA21EA29EA29B1
S3150802B910EA210A2AE921EA21EA290A2AEA290A2A35
S3150802B9200A220A2AEA290A220B2AEA290A220A2AC0
S3150802B930EA290A220A2A0B2A0A2A0A2A0B2A0A2A7E
S3150802B9400A2A2B2A2B2A0A2A0B2A2B2A0A2A0A2AE3
S3150802B9502B2A2B2A2B2A2B2A2B2A2B2A2B2A2B2A2F
S3150802B9602B2A2B322B2A2B2A2B2A2C322B2A2B2A0E
S3150802B9702B2A4C322B2A2B2A2B2A4C2A4C2A4C327B
S3150802B9804C2A2B2A2B2A2C324C2A4B2A4C324C3242
S3150802B9904B2A4C2A4C324C324B324C2A4C2A6C32A9
S3150802B9A0882188218821A821A821A8218821A821BF
S3150802B9B0A921A821A9218819A821A821A821892174
S3150802B9C0A921A821A921A921C921A821A821A921FA
S3150802B9D0C921A921A821A821A921A821A921A821EB
S3150802B9E0A821A921A821A821A821A921A821A821FD
S3150802B9F0A921C921A821A821A921C921C921A92189
S3150802BA00A821C921A921C921C921C921A921C92137
S3150802BA10C921C921C929C921CA21C921E929C92195
S3150802BA20CA21C921C929CA21EA29C921CA21E9295A
S3150802BA30E921EA21EA21EA29C921C921CA29EA29E9
S3150802BA40E921EA21EA29E929CA21EA29EA21E92199
S3150802BA50E929EA21EA29EA29EA29EA21EA29EA294F
S3150802BA60EA210A2A0A2AEA210A2A0B2AEA21EA29C1
S3150802BA700A2A0A2A0B2A0B2A0A2A0B2A0B2A0A2A12
S3150802BA800A2A0B2A0B220A2A2B2A0B2A0A2A0A2AEA
S3150802BA900A2A2B2A0B2A0B2A2B2A2B2A2B2A0B2A6F
S3150802BAA02B2A2B2A2B322B2A2B2A2B2A2B2A2B32CE
S3150802BAB02B2A4B2A4C322B2A2B2A4C322B2A2B3254
S3150802BAC04B322B2A4B324C324C2A4B322B324C2AD3
S3150802BAD04C2A4B324C324C2A4B2A4B2A4C2A4C3291
S3150802BAE04C324B324C2AA821A81988198819882160
S3150802BAF088198821881988198821A8218819A921CD
S3150802BB00A819A821A921A821A821A821A821A821E4
S3150802BB10A921A921C821A921C921A921A821A82188
S3150802BB20A8218821A921A9218821A921A821A921F9
S3150802BB30A921A921A821C921A821A921A921A82188
S3150802BB40C921A821A821A921C921C921A921C92117
S3150802BB50C921C921A921C921C921C921CA21C921A4
S3150802BB60C929C921CA29C921C921C921EA29E9211B
S3150802BB70EA29C921EA29C921EA29C929C921E921C2
S3150802BB80CA21C921E929C921CA21E929C921CA2102
S3150802BB90E929EA21C921EA29EA29EA210A2AEA211E
S3150802BBA0EA290A2AEA21EA29EA210A2A0A2A0B2A78
S3150802BBB0EA210A2AEA21EA210A2A0A2A0A2A0A2258
S3150802BBC00A2A0A2A0B220A2A0B2A0A2A0A220A2AD3
S3150802BBD00B2A0B2A0A2A0B2A0B2A2B2A2A2A2B2A4F
S3150802BBE00A2A2B2A2B2A0B2A2B2A2B2A2B2A2B2ADE
S3150802BBF02B2A2B2A2B2A2B2A2B2A2C2A2B2A2B2A8C
S3150802BC004C324C2A2B2A4C324C2A4B2A4B2A4C2A87
S3150802BC102B2A4B2A4C324B2A4C324C2A4B2A4B3271
S3150802BC204C2A4B2A4C324B2A4C2A4C328821A821C0
S3150802BC308821882188198821882188198821A8219C
S3150802BC408821A821A921A821A819A921A921A821C1
S3150802BC50A921A921A821A921A921A821A921C92166
S3150802BC60A821A82188218821A921A821A821A821BB
S3150802BC70A921A821A921A821A821A921A921A82168
S3150802BC80C921A921C921A821A921A921A821A92116
S3150802BC90A821C921C929C921C929C929C921C9214D
S3150802BCA0C929C921C929E921CA21C921C921C92103
S3150802BCB0C921C921C921EA29E929CA21EA21C921B1
S3150802BCC0C929C921C921EA29C921C921EA29CA21B9
S3150802BCD0C921EA21C929EA21EA29EA29EA29EA211E
S3150802BCE0EA29E921EA29EA21E9210A2A0A2AEA2984
S3150802BCF0EA29EA21EA290A2A0A2A0A2AEA29EA2941
S3150802BD000B2A0B2A0A2A0A2A0B2A0A220A2A0B2A87
S3150802BD100A2A0A2A0B2A2A2A0B2A0B2A2A2A2B2A0F
S3150802BD200B2A0B2A2B2A2B2A2B322B2A2B2A2B2A93
S3150802BD302B2A2B2A2B2A2B2A2B2A2B322B2A2B2A43
S3150802BD402B2A2B2A2B324B324B2A2B2A2B2A2B2AEB
S3150802BD504C324C322B2A2B2A4C324C2A2B2A4C3266
S3150802BD604B2A4B2A4C324C324C324B2A4C2A4C32F6
S3150802BD704B2A88218821A821882188218821881987
S3150802BD808821882188218819A821A821A921882102
S3150802BD90A821A821A921A921A821A921A821A82148
S3150802BDA0A921A921A821A821A82189218819A82180
S3150802BDB0A921A819A821A821A921A821A921C82110
S3150802BDC0A821A921A821A921A921C921C921C921B5
S3150802BDD0C929A921C921A921A921A921C921C9217B
S3150802BDE0C921C921C921C921C921C921C921C929EB
S3150802BDF0C921C921CA21C929C921CA21E929C921B1
S3150802BE00EA21E929C921C921C921EA29C921C92160
S3150802BE10C921EA29E929EA21CA29E921EA29E921DE
S3150802BE20E921EA29EA21E921EA290A2AEA29EA216B
S3150802BE30EA29EA210A2A0A2AEA210A2AEA21EA2117
S3150802BE400B2A0A2A0A2A0B2A0A220B2A0A2A0A224F
S3150802BE500A2A0B2A0A2A0B220B2A0A2A0A2A0B2A36
S3150802BE600B2A2A2A0A2A0B2A2B2A0A2A0B2A2B2ABD
S3150802BE702B2A2B2A2B322B320B2A2B2A2B2A2B2A1A
S3150802BE802C322B2A2B2A2B2A4B2A4C322B2A2C2AA7
S3150802BE904C322B2A2B2A2B2A4C324C2A2B2A4C324E
S3150802BEA02B2A2B2A4C324C322B2A4C2A4B2A4C321E
S3150802BEB04C2A4B2A4C324C2A88218819A819A821BF
S3150802BEC08821881988218821A821A81988218821EA
S3150802BED0A821A8198821A921A821A821A821A92130
S3150802BEE0A821A821A821A921C921A821A821A821D8
S3150802BEF0A821A8218821A921A92188218819A82150
S3150802BF00A921A921A921A821A921A921A821C921B3
S3150802BF10A821A921C921A821A921C921C821C92144
S3150802BF20A921A921C921C921C929C921CA21C921E8
S3150802BF30C921C921C921C929CA29C921C921C92190
S3150802BF40C921EA21C921C921C921C929C921CA2167
S3150802BF50C929C921C921EA29C921E929CA21C92127
S3150802BF60C921EA21CA21E921EA29EA29EA29EA2193
S3150802BF70EA29EA290A2AEA21EA29EA21EA29EA2908
S3150802BF80EA210A2A0A2A0A2AEA210B2A0A2A0A225A
S3150802BF90EA210A2A0B2A0A2A0A2A0A2A0A2A0B2A18
S3150802BFA00A2A0A2A0B2A2B2A2B2A0B2A2B2A2A2A5C
S3150802BFB00B2A2B2A2B2A0B2A2B2A0A2A2B2A2B2A2A
S3150802BFC00B2A0B2A2B2A2B2A2B2A2B2A2B2A2B32F1
S3150802BFD02B2A2B2A4B324C2A2B2A2B2A2B2A4B2A40
S3150802BFE04B322B2A4B2A4B2A2B324B2A4C2A4C32BF
S3150802BFF04B324C2A4B2A4C324B2A4C2A4C32882139
S3150802C0008821A821A82188218821A8198819A82168
S3150802C010A821A92188218821A821A921A821A92105
S3150802C020A821A921A921A821A821A921A821A821B5
S3150802C030A821882189218821A8218819A821A8212F
S3150802C040A821A9218821A821A821A921A821A821B6
S3150802C050A921A821A821A921A821A821C921A82165
S3150802C060A921C921C821C921C929C921A921C921A9
S3150802C070C929C921C921C921C929C921C921C92150
S3150802C080EA29C921EA29E929CA21C921C921C921D5
S3150802C090C921C921C929C921EA21C921EA29CA21ED
S3150802C0A0E921EA29E929EA29E921C921EA29EA212C
S3150802C0B0E921EA29EA29EA210A22EA21EA29EA29D8
S3150802C0C00A220A2AEA29EA290A2AEA290A2A0A2233
S3150802C0D00A2A0B2AEA290A2A0A2A0B2AEA210B2AF7
S3150802C0E00A2A0B2A0B2A0A220B2A0A2A0A2A0B2AA4
S3150802C0F00B2A2B2A2B2A2B2A2B2A2A2A2B2A0B2AC9
S3150802C1000B2A2B2A2B2A2B2A2B2A2B322B2A2B2A8F
S3150802C1104B322B2A2C2A2B2A2B2A2B2A2B2A2B2A3E
S3150802C1202B2A2C322B2A4C2A2C2A4B2A2C322C2A02
S3150802C1304B2A4B2A4C324C322B2A4B2A4C324C3243
S3150802C1404C2A4B3288198819881988218821881916
S3150802C150A821A82188218821A819A821A921A921CD
S3150802C160A8218819A821A921A821A921A921A8219C
S3150802C170A921A8218821A8218821A821A8198821CE
S3150802C180A921A9218821A921A819A821A821A9217B
S3150802C190A921A821A921A821A921A921C921C92101
S3150802C1A0A921A921C921A921A921A921A921C929E7
S3150802C1B0C921C921C921C921C921C921C921CA211E
S3150802C1C0CA21C921C929C921C921CA21C921C929FD
S3150802C1D0C921C929C921CA21C929E921C921C921CE
S3150802C1E0C921C921C921C921C921EA29EA29EA2974
S3150802C1F0EA21EA29EA29EA21EA29EA29E921E929B1
S3150802C200EA21EA290A2AEA21EA290A2A0A22EA293B
S3150802C2100A220A2A0A2A0A2A0A2A0A2A0A2AEA2997
S3150802C2200A2A0B2A0A2A0A2A0B2A0A2A0A222B2A43
S3150802C2300B2A0A2A2A2A2B2A0A2A0A2A2B2A0B2AEA
S3150802C2400B2A2B2A2B2A2B2A0B2A2B2A2B2A2B2A76
S3150802C2502B2A2B2A2B2A2B2A2B322B2A2B2A2B2A1E
S3150802C2602B2A2B322B2A2B2A2B322B2A4B2A2C32DD
S3150802C2704B2A4B324C2A4C322B2A4B2A4C2A4C320A
S3150802C2804C324B2A4C2A4B2A4C2A88218821881957
S3150802C290A821A8218821A821A819882188218819D6
S3150802C2A08821A8218821A821A82188198821A821BE
S3150802C2B0A819A821A821A919A82188218821A92174
S3150802C2C0A82188218819A8218819A921A821A82185
S3150802C2D0A821A921A921A821A921C921A821A821E2
S3150802C2E0A921A821C921A821A821C929C921A8218A
S3150802C2F0A821C921C921A921A921C929C921A92157
S3150802C300C921C929C921C921C921C929C921CA21BC
S3150802C310C929C921C921C921C921C921C929C921AD
S3150802C320C921CA29C929C921C921EA29C921C92173
S3150802C330EA21E921C921E921E921C921EA29EA29CA
S3150802C340E921EA29EA29EA21EA21EA29EA21EA216E
S3150802C3500A2AEA29EA210A2AEA210B2AEA29EA21E9
S3150802C3600A2A0B2AEA21EA290A2A0B2A0A220A2A6D
S3150802C3700B2A0B2A2B2A2B2A0B2A0A2A0A2A0B2AC7
S3150802C3800B2A0B2A0A2A0B2A2A2A2B2A2B2A0A2A98
S3150802C3902B2A2B322B2A2B2A2B320B2A2B2A2B2AF5
S3150802C3A02B2A2B2A2C2A2B322B2A4B2A2C2A2B2AAB
S3150802C3B02B2A4C322B2A2B2A4B2A4C322C2A4B322A
S3150802C3C02B2A4B2A4C2A4C324B2A4C324C324C32B0
S3150802C3D0882188218821A821A82188218821A821A5
S3150802C3E08819A82188198821A821A9218921A82183
S3150802C3F0A8218821A921A821A819A8218821A81934
S3150802C4008819A821A8218821A821A921A82188213B
S3150802C410A82188198821A921A819A821A821A82113
S3150802C420A919A921A821A821A921A921A821A921B7
S3150802C430C921A821A921A921C921A921A921A9215D
S3150802C440C921C929C921C921CA29C921C921CA2972
S3150802C450C921C921C921C921C921C921A921C9219C
S3150802C460C921C921C921C921CA29EA21E929C9211A
S3150802C470EA29EA29E921CA29C921CA29EA29EA2986
S3150802C480EA21EA21E929EA21EA21EA29EA29EA2925
S3150802C490E921EA290A2AEA21EA29EA21EA29EA29EC
S3150802C4A00A220A2AEA210B2AEA290A220A2AEA215E
S3150802C4B00A2A0B2A0A2A0A220A2A0A2A0B2A2B2AB1
S3150802C4C02B2A0A2A0B2A0A2A0A2A0B2A2A2A0B2A78
S3150802C4D00B2A2B2A2B2A0A2A2B2A2B2A2B2A2B2AE5
S3150802C4E02B2A2B2A2B2A2B2A2B2A2B2A2C2A2B2A93
S3150802C4F02B324B2A2C2A2B324B2A4C2A2B2A2B2A12
S3150802C5002B2A4C324C322B2A4C322B2A2B2A4B32D0
S3150802C5104C2A4B2A4C32882188198819882188196D
S3150802C5208821A92189218819A82188218821A82159
S3150802C530A821A821A921A821A821A9218921A821C0
S3150802C5408821882188218819A8218821A819882163
S3150802C550A821A8218821A819A921A821A9218821C9
S3150802C560A821A921A921A921A921A921A821A9216D
S3150802C570A821A921C921A921A821A921A821A8213F
S3150802C580C921C921A921A921C921C921C921C9218B
S3150802C590C921C921C921C921C921C921C921A9215B
S3150802C5A0C929C921C921C921C921C921C921C92123
S3150802C5B0C921EA21C921C921C921C921E929CA21D1
S3150802C5C0E921E921CA29EA29EA21E929EA21EA210E
S3150802C5D0E921E9290A2AEA21EA21EA29EA29EA21B4
S3150802C5E00A2AEA210A2AEA21EA210A2AEA290A2A37
S3150802C5F00B2A0A2A0A2A0A220B2A0A2A0A2A0B2A90
S3150802C6000A220A2A0B2A0A2A0B2A0A2A2B2A0B2A5E
S3150802C6100B2A2A2A2B2A2B2A0A2A2B2A2B2A2B2AA4
S3150802C6202B2A0B2A2B2A2B322B2A2B2A2B322B2A62
S3150802C6302B2A2B2A4B322B2A2B2A4B324B2A2B2AD2
S3150802C6404B324C322C2A4B2A4B2A2B2A4C324C324E
S3150802C6504B2A4C2A4C324C324B2A4C2A88218821A6
S3150802C66088218821881988198821A821A821882142
S3150802C6708819881988218821A82188198819882162
S3150802C680A82188198821881988218821882188194A
S3150802C6908821A92188198819A821A921A921A821AF
S3150802C6A08821A821A921A821A821A821A821A92150
S3150802C6B0A921C921A821A821A921C921C921A821BD
S3150802C6C0A921C921C921A921C921C921A921A9218A
S3150802C6D0C921C921C929C921C921C929C921C921EA
S3150802C6E0C921A921C921C921C929C921C929C921FA
S3150802C6F0C929C921C929C929C921C921EA29C92199
S3150802C700C921C921CA29EA21E921E929EA21E9290E
S3150802C710EA21E929EA29EA21EA29EA29EA21EA2192
S3150802C720EA290A2A0A2AEA210A2AEA29EA29EA210E
S3150802C7300A2A0A2AEA21EA290B2A0A2A0A2A0A2A92
S3150802C7400A220B2A0A2A0B2A0A2A0A2A0B2A0A2246
S3150802C7502B2A0B2A0A2A0B2A2B2A2B2A2B2A0A2AA3
S3150802C7600B2A0B2A2B2A2B2A2B2A0B2A2B322B2A69
S3150802C7702B2A2B2A2B2A2B2A2B2A2B2A2B2A2B2A01
S3150802C7802B2A4C322C2A2B2A4B2A2C324C324B2A55
S3150802C7902B2A2B2A4C2A4B324B2A4C2A4C324B3206
S3150802C7A04C2A881988218821A82188218819882154
S3150802C7B0881988218821A921A821A8218921A821A7
S3150802C7C088218819A821A9218821881988218819E8
S3150802C7D08819882188218819A821A92188218821D0
S3150802C7E0A821A8218819A821A921A921A821A9191E
S3150802C7F0A921A821A821A921A921C921A821A821BD
S3150802C800A921C921A821A921C921A821A921A8218B
S3150802C810C921C929A921C921C921C921C921CA21CF
S3150802C820C921C921A921A921C921A921C921C92108
S3150802C830C921C921A921C921CA21C921CA29C929A6
S3150802C840C921EA29EA29C921C921C929CA29EA29FC
S3150802C850C921C921CA21E921EA29C929EA21EA29DC
S3150802C860EA29EA29EA29EA21EA290A22EA29EA290F
S3150802C870EA21EA290A2A0B2AEA210A2A0B2A0A2A79
S3150802C8800A22EB290A2A0A2A0A220B2A0B2A0A222E
S3150802C8900A2A0B2A0A2A0B2A2A2A0B2A0A2A0B2AC4
S3150802C8A00B2A0A2A2B2A2B2A2B322B2A0B2A2B2A29
S3150802C8B02B2A2B2A2B2A2B2A2B2A2B322B2A2B2AB8
S3150802C8C02C2A4B2A4C322B2A2B2A4C322B2A4B2A1D
S3150802C8D02B2A2B2A4C2A2B324C2A4C324C322B2A04
S3150802C8E04B2A2B2A4C324B2A88218819A821A8219F
S3150802C8F088218821A82188218819A821A921882187
S3150802C900A819A8218821A8218821A821882188195F
S3150802C91088218821882188198821882188198821CF
S3150802C920A821A82188198821882189198821A8215E
S3150802C930A821A921A821A821A921A821A821C9217C
S3150802C940C921A821A921A921A821A821A921A8216B
S3150802C950A921A921C921C921A921C921C921A929EF
S3150802C960C921C921C921A921A921A921C921C929BF
S3150802C970A921C921C921C929C921C921C921C9216F
S3150802C980C929C921EA21C921C921E921CA21CA21FC
S3150802C990C921E921CA21EA29C921CA29CA21EA21C2
S3150802C9A0EA29E921EA21E921E9210A2AEA29EA21E9
S3150802C9B0EA29EA29EA21EA29EA21EA290A2AEA21C6
S3150802C9C00A2A0A2AEA210A2A0A22EB290A2A0A2A08
S3150802C9D00A2A0A2A0B220A2A0A2A0B220A2A0A2AB5
S3150802C9E02B2A0B2A0A2A2B2A2B2A2B2A2B2A2B2AD0
S3150802C9F02B2A2A2A0A2A2B2A2B2A2B2A2B2A2B2AA1
S3150802CA002B322B2A2B2A2B322B2A2B2A2B322B2A56
S3150802CA102B2A4B324B2A2B324C2A4C324B2A4B2A84
S3150802CA204C2A4C322B2A4C324C2A4B2A4C3288211D
S3150802CA3088218819A821881988218821881988199E
S3150802CA40A821A82188218821A8198821A819A921FD
S3150802CA508821881988198821882188198821882196
S3150802CA6088198821882188218819A821A921A8211D
S3150802CA70A82189218819A821A921A8218821A921C3
S3150802CA80A921A821A921A921A821A821A921A92149
S3150802CA90A921A921C921A821C921A921C921A821D8
S3150802CAA0A921C921C921C929C921A921A921A8219F
S3150802CAB0A921C921A921A921A921C929C921C9218E
S3150802CAC0C921C921C929C921C921C929C921C921F6
S3150802CAD0C929E929CA21C929C921EA21EA29E9294B
S3150802CAE0E921E929EA29EA29EA29EA29EA29EA21B0
S3150802CAF0EA29EA29EA210A2AEA210A2AEA29EA2164
S3150802CB00EA210A2AEA290A22EA210A2A0B2A0A2AEF
S3150802CB100A2A0B2A0A220A2A0B2A0A2A0A2A0B2A6A
S3150802CB200A2A0A220B2A0A2A0B2A2B2A2A2A0B2A19
S3150802CB300B2A0A2A0A2A0B2A0B2A0B2A0B2A2B2A1F
S3150802CB402B2A2B322B2A2B2A2B2A2B2A2B322B2A1D
S3150802CB502B2A4B2A2B2A2B2A4C322B2A2B2A4C32AB
S3150802CB604B2A4C322B2A2B2A2B322B2A2C324C2A92
S3150802CB704B2A4C32882188218819882188218819CC
S3150802CB80A821882188218819A8218821A8218921F4
S3150802CB9088218819A821881988198821882188193D
S3150802CBA0882188218819882188198819A821882125
S3150802CBB088198819A821A821A8218819A921A92193
S3150802CBC0A821A821A921A821A821A921A921A92109
S3150802CBD0A821A821A821A921C921C921A921C82199
S3150802CBE0A921C929C921A921A921C921A921A9217D
S3150802CBF0C921C929A821C921C921A821C921A9212F
S3150802CC00C921C921A921C929C921C921C921C921DC
S3150802CC10CA29E921C921CA21C921E921EA29EA2918
S3150802CC20C921C921CA21E921E921EA21E921EA2101
S3150802CC30EA29EA29EA21E921EA29EA21EA21EA2175
S3150802CC40EA290A2AEA21EA290A2A0B2A0B2A0A2A9D
S3150802CC500A2A0B2A0A2A0A220A2AEA21EA290A2A75
S3150802CC600B220A2A0B2A0A2A2B2A0B2A0A2A2B2AD7
S3150802CC702B2A0B2A0A2A2B2A2B2A0B2A2B2A2B2A5D
S3150802CC802B2A2B2A2B2A0B2A2B322B2A2B2A2B2A04
S3150802CC902B2A4B2A2C2A2B2A2B324C324C322B2A61
S3150802CCA02B2A2B2A2B2A4C2A2B322B2A4C2A4B2A62
S3150802CCB04B324C324B322B2A4C2A88218821A82106
S3150802CCC0882188198821881988218821881988192C
S3150802CCD0A821A821882188218819882188218821C4
S3150802CCE088218719882188218819882187218821FE
S3150802CCF088218821A8218821881988218821A921A3
S3150802CD00A821A821A8218921A819A821A921A821F1
S3150802CD10A819A921A821A921A921A921A821C9219E
S3150802CD20A821A821C921A921C921C821A921C92126
S3150802CD30A821A921A821C921A921C921A821A92156
S3150802CD40A921A821C921C921C921C921A921C921E4
S3150802CD50C921C921C921C921C929C921C921C9216B
S3150802CD60C921E921EA29EA29C921C921CA21EA29C7
S3150802CD70EA29E921E921EA21E929E921EA21EA2937
S3150802CD80EA29EA21EA29EA29EA21EA29EA290A2AEA
S3150802CD900A220A2A0A2AEA210A2AEA21EA290B2A5D
S3150802CDA0EA290A220A2A0A2A0B220B2A0A2A0A2A02
S3150802CDB00B2A0A2A0A2A2B2A2A2A0B2A2A2A2B2A3F
S3150802CDC02B2A2B322B2A2B2A2A2A2B2A2B2A2B2AA4
S3150802CDD02B2A2B2A2B2A2B322B2A2B2A2C2A2B2A92
S3150802CDE04B2A4C322B2A2B2A4C324B2A2C2A2B2AF8
S3150802CDF04B2A4C324C2A4C2A4B324C2A4B2A4B325F
S3150802CE008819882188218821881988218821A819C2
S3150802CE108821882188218821A819A819A921882169
S3150802CE2088198821882188198821882188218819C2
S3150802CE3088198821881988198821881988218821BA
S3150802CE40881988218821A821A8198821A821A92119
S3150802CE508821A821A921A821A821A921A821A92197
S3150802CE60A921A821A921A921A921C921A921A92143
S3150802CE70C921C921A821A821A921A921A821A92115
S3150802CE80C921A921A821A921C921C921A921C929BB
S3150802CE90C921C921A921C929C921C921C921C9214A
S3150802CEA0C929C921C921CA29C921C921EA29EA29BF
S3150802CEB0C921C921C929EA29EA29EA29EA21E9214E
S3150802CEC0EA29EA29EA21E9290A2A0A2AEA21EA2989
S3150802CED00A22EA21EA29EA29EA290A2A0B2AEA215E
S3150802CEE0EA290A2A0A2A0B2A0A2AEA210A2A0A2ADB
S3150802CEF00B2A0A2A0A220A2A0B2A0A220A2A2B2A6F
S3150802CF000B2A0A2A0A2A2B2A2B2A0A2A2B2A2B32E4
S3150802CF100B2A2B2A2B2A2B2A0B2A2B2A2B2A2B2A99
S3150802CF202B2A2B322B2A2B2A2B2A4B2A4B322B2AF9
S3150802CF304C322B324B2A2C2A2B322B2A2B2A2B2ADF
S3150802CF404C2A4C322B2A88218819A821882188192B
S3150802CF50882188218821A821882188198821882161
S3150802CF60A821882188218819872188198719882163
S3150802CF708821A7198821882188218819882188214A
S3150802CF8088198821A821A8198821A82189218821F8
S3150802CF908819A821A9218821A921A819A821A92186
S3150802CFA0A921A821A821A821A921C921A821A92105
S3150802CFB0C921C921A821A921A921A821A821A921D4
S3150802CFC0A921A821A821A921A821C921C921C921A4
S3150802CFD0C921A921C921C929C921C921C929C92101
S3150802CFE0CA21C929C921CA21C921C929C921C921CF
S3150802CFF0C921C921EA21EA29C921C921C921EA2166
S3150802D000EA21EA29E929EA21EA29EA29EA21EA2199
S3150802D010EA29EA21EA29EA29EA21EA29EA210A2267
S3150802D020EA290A2A0B2AEA210A220A2A0A2A0B22A8
S3150802D0300A2A0A220A2A0B2A0B2A0B2A2B2A0B2A23
S3150802D0400B2A0A2A0B2A2B2A0A2A0B2A0B2A2B2AEA
S3150802D0502B2A0B2A0B2A0A2A0B2A2B2A2B2A2B2A99
S3150802D0602B2A2B2A2B2A2B2A2B324C2A2B2A2B2ADF
S3150802D0704C322B2A2B2A2C2A4C324B2A4B322B2A5D
S3150802D0804C2A2B324C324C322B2A4C32882188219C
S3150802D09088198721A8218819881988218821881939
S3150802D0A088198821A821A8218821882188198821F8
S3150802D0B08821882188198821882188198821872129
S3150802D0C088218821A8218819882188198821A821D8
S3150802D0D0A8218819A821A82188198821A921A82167
S3150802D0E08819A921A821A921A921A819A921A92113
S3150802D0F0C921C821A921A921C829A921A821A8216C
S3150802D100A921A821A821C921A821A921C921C92162
S3150802D110C921C929C929A821A821C921C921C921E1
S3150802D120C921C929C921C921C921CA29C921C9218E
S3150802D130C929CA21CA21C929C921E921CA29C92154
S3150802D140EA21EA29E921E921CA29E921EA21EA218A
S3150802D150E929EA29EA21EA290A2AEA21EA290A2AF6
S3150802D160EA29EA210A2AEA21EA290A220A2AEA29CC
S3150802D170EA290A2AEB290A2A0A220A2A0A220A2A50
S3150802D1800A2A0A2A0A2A2B2A0A2A0A2A0B2A0A2ACD
S3150802D1900B2A2B2A2A2A2B2A0B2A2A2A2B2A2B2A19
S3150802D1A02B2A2B2A0B2A2B322B2A2B2A2B322B2AD7
S3150802D1B02B2A2C322B2A2B2A2B2A4B322B2A2B2A86
S3150802D1C04C322B2A4B2A4C2A2B2A2C2A4B2A4B2AFC
S3150802D1D04C2A881987218819882188218819882143
S3150802D1E088218819A82188218821A81988198819C7
S3150802D1F088218819881987218821881988218721F1
S3150802D20088198819A82188218719881988218821C7
S3150802D21088218819A821882188218821A82188217E
S3150802D220A819A921A821A821A921A821A821A921AB
S3150802D230A921A821A821A921A921A821A921A92191
S3150802D240A821A921A921A821A921A921A921A82181
S3150802D250A821A921A821A921A921C921A921C92130
S3150802D260A921A921C921C921C921C921C921A921BE
S3150802D270C921C929C921C921C921C929E921C9211E
S3150802D280EA29E921C929EA29EA29E929EA21C92152
S3150802D290E929EA29EA29E921EA29EA29EA21EA2100
S3150802D2A0EA29EA210A2AEA29EA29EA210A2A0A2A83
S3150802D2B0EA210B2AEA29EA210B2A0A2AEA290B2A4F
S3150802D2C00A2A0B2A0A220A220A2A0A2A0B220B2AC3
S3150802D2D00A2A0B2A0A2A0B2A2A2A0B2A2B2A0A2A5A
S3150802D2E02B2A0B2A0A2A2B2A2B2A0B2A2B2A2B2AE7
S3150802D2F02B2A2B2A2B2A2B2A4B322B2A2B2A2C2A4D
S3150802D3004B2A2B2A2B2A4C322B2A2C2A4B322B2AF3
S3150802D3104C324B322B2A4C32882188218819872194
S3150802D3208821871988218821882188218821A8218E
S3150802D33088198819882188218719882188218719B7
S3150802D3408821882187218821881988218821881996
S3150802D3508821881988218819A821A8218819A8212D
S3150802D36088218819A92188218821A821A921A921EA
S3150802D370A821A821A921A921A821A821A821A82153
S3150802D380A921A921A821A821A821A921A821A92141
S3150802D390A921A821A921A921A821A921C921C821F0
S3150802D3A0C921A821C921A921A921C921C929A92196
S3150802D3B0C921C921A921C921C921C921C921EA2904
S3150802D3C0C921C921EA29CA21C921E921CA21C921B2
S3150802D3D0E929CA21CA21E921EA29EA21EA21EA2117
S3150802D3E0E9290A2AE921EA29EA21EA21EA290A2275
S3150802D3F0EA290A2AEA290B2A0A2A0A22EA210A2AEF
S3150802D4000A2A0A2A0B2A0A2A0B2A0B2A0B2A0B2A67
S3150802D4100B2A0A2A2A2A0B2A2B2A0B2A0A2A2B2AF7
S3150802D4200B2A2B2A2B2A0B2A2B2A0B2A0A2A2B2AC5
S3150802D4302B2A2B2A0B2A2B2A2B322B2A2B2A2B2A4C
S3150802D4404C2A2B322B324C2A2B2A2B322B2A4C2AA9
S3150802D4502B324C2A4C2A4B324C322B2A4C328821FC
S3150802D460881988218821871988218819A82188215D
S3150802D470881988198821882188218719882188216D
S3150802D4806819882188218819881988218721881985
S3150802D490882187218819882188218819881988214D
S3150802D4A0A8218821A81988218821A821A8218819B4
S3150802D4B0A821A921A8218819A821A921A921A82139
S3150802D4C0A921A921A821A821A821A821A921A82101
S3150802D4D0A821A821A921A821A821A921A821A921F1
S3150802D4E0C921C921A921A821A821A921C921C8215F
S3150802D4F0C921C921A921C921A921C921C921C9210C
S3150802D500C921C929CA21C921C921C929C921C921AA
S3150802D510EA29E921C921EA21E929EA29EA21EA29A6
S3150802D520E929EA21E929EA29EA21EA29E921EA296E
S3150802D530EA290A2AEA21EA290A22EA21EA290A2AF8
S3150802D5400A2AEA21EA290A2A0A220A220A2A0A2A85
S3150802D5500A220A2A0A2A0B2A2B2A0A2A0A2A0A2A01
S3150802D5600A2A0B2A2B2A0A2A0A2A2B2A2B2A0A2AA7
S3150802D5702B2A2B2A2B2A2B320B2A2B2A0B2A2B2A2B
S3150802D5802B2A2B2A2B2A2B2A2B2A2B2A4B322B2ABB
S3150802D5902B2A2B2A2B2A2B2A4B2A2B2A4B2A2C2A92
S3150802D5A02C2A4B2A881988218719882188218719C4
S3150802D5B088218821A82188198821882188218821FB
S3150802D5C0871988218821871987218821871988211F
S3150802D5D0882188198821882188198719882188210C
S3150802D5E0882188198821882188218821A821A821AB
S3150802D5F0A9218819A8218821A821A8198821A82142
S3150802D600A921A821A819A921A921A821A821A821C7
S3150802D610A821A921A921A821A821A921A821A921AE
S3150802D620A921A821A921A921C821A921A821A9217D
S3150802D630C921C921C921C921C929A921A921C921C2
S3150802D640C929C929C921C921CA29C929C921E92139
S3150802D650CA21C921E929CA21CA29E921CA21C9290E
S3150802D660E921EA21EA29E921EA29EA21EA29EA2934
S3150802D670EA21EA29EA21EA210A2AEA290A22EA29E0
S3150802D680EA290A2AEA29EA21EA290B2A0A2AEA2996
S3150802D690EA290B2A0A220A2A0A2A0A220A2A0B2A09
S3150802D6A00B2A0A220A2A0B2A0B2A0A2A0B2A0B2ACD
S3150802D6B02A2A0B2A0B2A2B2A0B2A0A2A0B2A2B2A54
S3150802D6C02B2A2B2A2B2A2B322B2A2B2A2B2A2B2A9A
S3150802D6D02B2A2C2A4B324C322B2A2B322C2A4B320F
S3150802D6E02B2A4C324B2A4B324C2A88198721881905
S3150802D6F088218821881987198821881988218719F4
S3150802D700881967198819881987198819882187191C
S3150802D71088218821881988218821881988218821C1
S3150802D72088218719882188218819881988198819CA
S3150802D7308821A82188218821A82188218921881958
S3150802D740A821A921A821A819A821A821A921A82187
S3150802D750A821A921A9218821A821A9218821A921AD
S3150802D760A821A921A921A821A921A821A821A9215D
S3150802D770A921A821A921C921A821A921C921C929E3
S3150802D780A921C921C929C921C921C921C921C92151
S3150802D790C921C921EA29C921C929CA21C921C921F7
S3150802D7A0C921EA29C921C921EA29E921EA29EA215D
S3150802D7B0E921E929EA29EA21E929EA21EA21EA29E4
S3150802D7C00A2AEA29EA210A2A0A2AEA210A220A2A24
S3150802D7D00A2AEA21EA290A2A0A22EA290B2A0A2A0B
S3150802D7E00A220B2A0A2A0A2A0B2A0A2A0B2A0A2A8E
S3150802D7F02B2A0B2A0A2A0B2A2B2A2A2A2B2A0B2AF3
S3150802D8002A2A2B2A2B2A2B2A2B322B2A2B2A2B2A59
S3150802D8102B2A2B322B2A2C2A2B2A4B324B2A4C2ADE
S3150802D8202B2A2B2A2C2A4B322C2A4B2A2B2A4C32CD
S3150802D83088218821881988218821882187198821A1
S3150802D84088218821871988216721882188218821AA
S3150802D85067198821881988218821881987218721AB
S3150802D86088198821882188198821A8218819872159
S3150802D870A82188218821A821881988198821A82100
S3150802D8808819A821A8218921A821A921A921A82185
S3150802D890A8218821A819A821A821A919A821A8215F
S3150802D8A08821A821A821A821A921A821A821A9213E
S3150802D8B0C921A921A921A821A921C921A921A921C9
S3150802D8C0C921C921C921A921C921C921C921C92118
S3150802D8D0C921C921C921C921C921EA29E921E9217F
S3150802D8E0EA29E921C921CA29C929EA21EA29E92114
S3150802D8F0CA21EA29EA29E921EA21E929EA21EA21CA
S3150802D900E929EA29EA210A2AEA29EA210A2A0A2A1D
S3150802D910EA21EA290A2AEA210B220A2AEA290A2AF2
S3150802D9200B2AEA290B2A0A2A0B2A0A220A2A0B2A6C
S3150802D9300B2A0A220A2A2B2A0A2A0B2A2B2A0A2AFB
S3150802D9402A2A2B2A0B2A2B2A0A2A2B2A2B2A2B2A61
S3150802D9502B322B2A2B2A2B2A2B322B2A2B2A2B2AFF
S3150802D9602B2A2B2A4B322B2A4C324B2A2B2A4C2A6D
S3150802D9702B2A4C324C32882187198821871988210B
S3150802D98088198821882187198719682188216819A1
S3150802D9908721882187198821871988218819871953
S3150802D9A08821882188218821881987218819882130
S3150802D9B08821881988218821A8218821A8218821D7
S3150802D9C088218821A8198821882188198821A819D7
S3150802D9D0A821A821A921A81988218821A821892155
S3150802D9E0A819A821A921A819A921A921A821A821EC
S3150802D9F0A821A821A921A821A921A821C921A821AC
S3150802DA00A821A921C921C921C921C929C921C921EF
S3150802DA10C921C921C921C921C929C921C921C92996
S3150802DA20C921C921C921CA29E921C921EA29E92124
S3150802DA30C921EA29E929EA29E921EA21CA29EA2999
S3150802DA40E921EA29EA21EA29E921EA210A2AEA2137
S3150802DA50EA210A2AEA29EA290B2AEA29EA210A2ACA
S3150802DA60EA29EA210B2A0A2A0A220A2A0A2A0B2A56
S3150802DA700A220A2A0A2A0A2A0B2A0B2A0A2A0A2204
S3150802DA800B2A0B2A0B2A0B2A2B2A0B2A0B2A2B2A9E
S3150802DA902B2A0B2A2B2A2B2A2B2A2B2A2B322B2AE6
S3150802DAA02B2A2B2A4B322C2A2C2A4B322C322B2A63
S3150802DAB04B322C2A4C324C324C326C2A8819882129
S3150802DAC08719882188218819882188216719671961
S3150802DAD08821681987198819671988218819672179
S3150802DAE088218719882188218819881987218821F8
S3150802DAF088198821882188198821882188198819EE
S3150802DB00881988218821A821A8218921A821A82144
S3150802DB108821A821A8218819A82188218821882155
S3150802DB20A821881988218821A821A821882188194D
S3150802DB30A921A921A921A821A921A821A821A82189
S3150802DB40A921A921C921A821C921C821C921A921F7
S3150802DB50C921C921C921C929A921C921C929A92195
S3150802DB60C921C921C921C921CA29C921C921EA212B
S3150802DB70C921C921C921C921C921C921E929C9211D
S3150802DB80E921EA29EA21E921EA29EA29E921EA2910
S3150802DB90EA29EA21EA29EA29EA210A2A0A220A2A92
S3150802DBA00A2AEA290A2A0B2AEA210A2A0A2A0A2216
S3150802DBB00B2AEA290A2A0B2A0B220A2A0A2A0B2ADA
S3150802DBC00B2A0A2A0A2A2A2A0B2A0A2A0A2A0A2A83
S3150802DBD02B2A0A2A2B2A0B2A0A2A2B2A2B2A0B2A0F
S3150802DBE02B2A2B2A2B2A2B2A2B322B2A2B2A2B2A75
S3150802DBF04B2A4B2A2B2A2B2A4C326C326C2A6C3231
S3150802DC004C328721882188198719882188218821F9
S3150802DC108721881967218721882168198719672129
S3150802DC208819671988216719681988218721881927
S3150802DC30882187218821882188218819871987219F
S3150802DC408821A8218821881988198819A821A82134
S3150802DC5088198821A9218819A821A921A9218821F9
S3150802DC60882188198819A821A82188218821881934
S3150802DC70A921A821A821A821A821A921A921A82149
S3150802DC80A821A921A921A921C921A821A921A92116
S3150802DC90A821A929A821A821A921C921C929C921B7
S3150802DCA0C921C921C921C929CA21C921C929CA2102
S3150802DCB0C929C921EA29E929C921CA21C929CA21A1
S3150802DCC0CA21E921CA21EA29E921CA21EA29C9215F
S3150802DCD0EA21EA21EA29EA21EA210A2AEA210A2A82
S3150802DCE0EA29EA290A22EA21EA290A220A2A0A2A20
S3150802DCF00A2AEB290A2A0A220A2A0B2A0A220A2AA3
S3150802DD000B2A0B2A0A220A2A0B220B2A0A2A2B2A4E
S3150802DD100B2A0B2A2B2A2B2A0A2A2B2A0B2A2A2ACD
S3150802DD202B2A0B2A2B2A2B2A0B2A2B2A2B2A2B2A7B
S3150802DD302B2A2B2A2B2A2C324C2A4C2A4C326C326E
S3150802DD404C2A6C2A6C326C32882188218821671900
S3150802DD5088218719671988198821882167198821CE
S3150802DD608821672188218819882188218819871995
S3150802DD708821882187198821882188198821A8213C
S3150802DD8088198821882188198821A821882188212B
S3150802DD90882188218821A82188198821A9218819FA
S3150802DDA0882188218819881988218821A821881913
S3150802DDB0882188218819A821A92188218821A819BA
S3150802DDC0A821A821A821A921A921A821C821A921D8
S3150802DDD0A821A921A921C921A821C921C921A92185
S3150802DDE0C921A921C921C929C921C921C921C921EB
S3150802DDF0C921C921C921C921C921C921EA29C9219A
S3150802DE00C921E921CA29E929EA29EA29C921EA29E6
S3150802DE10E929EA21EA29C929E921EA29EA29E92196
S3150802DE20EA29EA29EA210A2AEA290A2AEA29EA2118
S3150802DE300A2AEA210A2A0B22EA290A2A0A2A0B2A82
S3150802DE400B2A0A2A0A2A0A2A0B2A0A2A2A2A0A2A00
S3150802DE500A2A0B2A2B2A2B2A2A2A2B2A2B2A0B2A6C
S3150802DE600B2A2B2A0B2A0B2A2B2A2B2A2B2A2B2A5A
S3150802DE702B2A2B322B2A2B2A2B2A2B324C324C3288
S3150802DE804C324C326C2A4C324C326C2A6C3288191F
S3150802DE90882188218819882188216719672188217C
S3150802DEA088196719671987196821882188198821A5
S3150802DEB0882187198821882188198719881988212C
S3150802DEC08821881987218821882188198819882113
S3150802DED0882188198819A8218821A8198821A821A2
S3150802DEE08821A821A821882188218821A821881982
S3150802DEF08821882188218819A821A8218821882192
S3150802DF008821A92188198821A821A921A821A8211F
S3150802DF10A921A821A921A821C921A821A921A82185
S3150802DF20A921C921A921A921C921C921C921C929E9
S3150802DF30C921C921C921C929C921CA29C921C92170
S3150802DF40CA29E921C921C921C921E921C921CA2127
S3150802DF50EA29C921C921EA29EA21E929EA21EA297C
S3150802DF60EA29E921EA29EA21EA29EA29EA210A2A01
S3150802DF700A2AEA21EA290A2AEA290B2AEA29EA21A5
S3150802DF800A2A0A2AEA210A2A0A2A0B220A220A2A19
S3150802DF900B2A0B2A0B2A0A2A0A2A0A2A0B2A0A2ACD
S3150802DFA00A2A2B2A2A2A0A2A2B2A2B2A0A2A2B2A1D
S3150802DFB02B322B2A2B2A2B322B2A4C324C322B2A47
S3150802DFC04C2A4C324C2A6C324B2A4C2A6C324C2A3A
S3150802DFD04C2A4C320000000000000000000000003D
S3150802DFE00000000000000000000000000000000021
S3150802DFF00000000000000000000000000000000011
S3150802E0000000000000000000000000000000000000
S3150802E01000000000000000000000000000000000F0
S3150802E02000000000000000000000000000000000E0
S3150802E03000000008080408510000085D00000814E2
S3150802E04000000000000000000000000000000000C0
S3150802E05000000000000000000000000000000000B0
S3150802E06000000000000000000000000000000000A0
S3150802E0700000000000000000000000000000000090
S3150802E0800000000000000000000000000000000080
S3150802E0900000000000000000000000000000000070
S3150802E0A00000000000000000000000000000000060
S3150802E0B00000000000000000000000000000000050
S3150802E0C00000000000000000000000000000000040
S3150802E0D00000000000000000000000000000000030
S3150802E0E00000000000000000000000000000000020
S3150802E0F00000000010101010000400CF000000FFFE
S3150802E100000000FF000000EB0804083400000000CD
S3150802E11000000000000000000000000000000000EF
S3150802E12000000000000000000000000000000000DF
S3150802E13000000000000000000000000000000000CF
S3150802E14000000000000000000000000000000000BF
S3150802E15000000000000000000000000000000000AF
S3150802E160000000000000000000000000000000009F
S3150802E170000000000000000000000000000000008F
S3150802E180000000000000000000000000000000007F
S3150802E190000000000000000000000000000000006F
S3150802E1A0000000000000000000000000000000005F
S3150802E1B00000000000000000000000000004009AB1
S3150802E1C0000000FF000000FF000000FF000000FF43
S3150802E1D0000408B60000000000000000000000006D
S3150802E1E0000000000000000000000000000000001F
S3150802E1F0000000000000000000000000000000000F
S3150802E20000000000000000000000000000000000FE
S3150802E21000000000000000000000000000000000EE
S3150802E22000000000000000000000000000000000DE
S3150802E23000000000000000000000000000000000CE
S3150802E24000000000000000000000000000000000BE
S3150802E25000000000000000000000000000000008A6
S3150802E260080408550004006D080408280000000088
S3150802E270000000000000000000000000000000008E
S3150802E28008040830000000FB000000FF000000FF41
S3150802E290000000FF000000FF000000CB00000000A5
S3150802E2A0000000000000000000000000000000005E
S3150802E2B00000000000001014080408610804006544
S3150802E2C0080C101400000000000000000000000006
S3150802E2D0000000000000000000000000000000002E
S3150802E2E0000000000000000000000000000000001E
S3150802E2F0000000000000000000000000000000000E
S3150802E30000000000000000000000000000000000FD
S3150802E31000000000000000000000000000000000ED
S3150802E32000001808000400CB000000FF000000FFF0
S3150802E330000400F708080841000000000000000079
S3150802E3400000000000000000000400BE000000FFFC
S3150802E350000000FF000000FF000000FF000000FFB1
S3150802E360000000920000000000000000000000000B
S3150802E370000000000000000408040875000400EF0D
S3150802E380000000FF000000FF000400E70808082458
S3150802E390000000000000000000000000000000006D
S3150802E3A0000000000000000000000000000000005D
S3150802E3B0000000000000000000000000000000004D
S3150802E3C0000000000000000000000000000000003D
S3150802E3D0000000000000000000000000000000002D
S3150802E3E0000000000000000000000869000000FFAD
S3150802E3F0000000FF000000FF000000FF000000BE52
S3150802E400000000000000000000000000000408519F
S3150802E410000000FF000000FF000000FF000000FFF0
S3150802E420000000FF000000FF000400750000000065
S3150802E43000000000000000000808083C000000D3A5
S3150802E440000000FF000000FF000000FF000000FFC0
S3150802E450000000FF0004009A00000000000000000F
S3150802E460000000000000000000000000000000009C
S3150802E470000000000000000000000000000000008C
S3150802E480000000000000000000000000000000007C
S3150802E490000000000000000000000000000000006C
S3150802E4A0000000000000000000000000000000005C
S3150802E4B000000092000000FF000000FF000000FFBD
S3150802E4C0000000FF000000F700000018000000002E
S3150802E4D00000000C000000DF000000FF000000FF43
S3150802E4E0000000FF000000FF000000FF000000FF20
S3150802E4F0000000E70804084908040830000400A6DA
S3150802E500000000FF000000FF000000FF000000FFFF
S3150802E510000000FF000000FF000000FF000000B638
S3150802E52000000000000000000000000000000000DB
S3150802E53000000000000000000000000000000000CB
S3150802E54000000000000000000000000000000000BB
S3150802E55000000000000000000000000000000000AB
S3150802E560000000000000000000000000000000009B
S3150802E570000000000000000000000096000000FFF6
S3150802E580000000FF000000FF000000FF000000FF7F
S3150802E590000400CF00000071080400C3000000FF59
S3150802E5A0000000FF000000FF000000FF000000FF5F
S3150802E5B0000000FF000000FF000000FF000000FF4F
S3150802E5C0000000FF000000FF000000FF000000FF3F
S3150802E5D0000000FF000000FF000000FF000000FF2F
S3150802E5E0000000FF0000006D0000000000000000AF
S3150802E5F0000000000000000000000000000000000B
S3150802E60000000000000000000000000000000000FA
S3150802E61000000000000000000000000000000000EA
S3150802E62000000000000000000000000000000000DA
S3150802E63000000000000000000000000000000000CA
S3150802E64000000096000000FF000000FF000000FF27
S3150802E650000000FF000000FF000000FF000000FFAE
S3150802E660000000FF000000FF000000FF000000FF9E
S3150802E670000000FF000000FF000000FF000000FF8E
S3150802E680000000FF000000FF000000FF000000FF7E
S3150802E690000000FF000000FF000000FF000000FF6E
S3150802E6A0000000FF000000FF0804089200000004B2
S3150802E6B0000000000000000000000000000000004A
S3150802E6C0000000000000000000000000000000003A
S3150802E6D0000000000000000000000000000000002A
S3150802E6E0000000000000000000000000000000001A
S3150802E6F0000000000000000000000000000000000A
S3150802E70000000000000000000000009A000000FF60
S3150802E710000000FF000000FF000000FF000000FFED
S3150802E720000000FF000000FF000000FF000000FFDD
S3150802E730000000FF000000FF000000FF000000FFCD
S3150802E740000000FF000000FF000000FF000000FFBD
S3150802E750000000FF000000FF000000FF000000FFAD
S3150802E760000000FF000000FF000000FF000000EBB1
S3150802E7700000000400000000000000000000000085
S3150802E7800000000000000000000000000000000079
S3150802E7900000000000000000000000000000000069
S3150802E7A00000000000000000000000000000000059
S3150802E7B00000000000000000000000000000000049
S3150802E7C00000000000000000000000000000000039
S3150802E7D000000096000000FF000000FF000000FF96
S3150802E7E0000000FF000000FF000000FF000000FF1D
S3150802E7F0000000FF000000FF000000FF000000FF0D
S3150802E800000000FF000000FF000000FF000000FFFC
S3150802E810000000FF000000FF000000FF000000FFEC
S3150802E820000000FF000000FF000000FF000000FFDC
S3150802E830000000FF000000EF0000000C00000000CE
S3150802E84000000000000000000000000000000000B8
S3150802E85000000000000000000000000000000000A8
S3150802E8600000000000000000000000000000000098
S3150802E8700000000000000000000000000800081C5C
S3150802E8800804006D0004087108040824000000004A
S3150802E890000000000000000000000096000000FFD3
S3150802E8A0000000FF000000FF000000FF000000FF5C
S3150802E8B0000000FF000000FF000000FF000000FF4C
S3150802E8C0000000FF000000FF080808D71010109289
S3150802E8D010101092100C10BE000000FF000000FF7E
S3150802E8E0000000FF000000FF000000FF000000FF1C
S3150802E8F0000000FF000000FF000000FF000000FF0C
S3150802E900000400D700040082080000750804007598
S3150802E910000000790800007D0004007D08040865EF
S3150802E92000000018000000000000000000000000BF
S3150802E93000000000000000000000000000000000C7
S3150802E940080C0814000408E3000000FF000000FF9A
S3150802E950000000F70808084D000000000000000447
S3150802E960000400C7000000FF000000FF000000FFCF
S3150802E970000000FF000000FF000000FF000000FF8B
S3150802E980000000FF000000FF000000FF000000FF7B
S3150802E990181418750000000000000000181C18382A
S3150802E9A0000000FF000000FF000000FF000000FF5B
S3150802E9B0000000FF000000FF000000FF000000FF4B
S3150802E9C0000000FF000000FF000000FF000000FF3B
S3150802E9D0000000FF000000FF000000FF000000FF2B
S3150802E9E0000000FF000000FF000000EF0804082CEA
S3150802E9F00000000000000000000000000000000007
S3150802EA00000000000000000008040879000000FF6A
S3150802EA10000000FF000000FF000000FF000400F7EE
S3150802EA20080400A2000000C3000000FF000000FF67
S3150802EA30000000FF000000FF000000FF000000FFCA
S3150802EA40000000FF000000FF000000FF000000FFBA
S3150802EA50000000FF000000FF1010108E00000000EA
S3150802EA6000000000201C2051000000FF000000FFEB
S3150802EA70000000FF000000FF000000FF000000FF8A
S3150802EA80000000FF000000FF000000FF000000FF7A
S3150802EA90000000FF000000FF000000FF000000FF6A
S3150802EAA0000000FF000000FF000000FF000000FF5A
S3150802EAB0000000FF000400A600000000000000009D
S3150802EAC00000000000000000000000000000000036
S3150802EAD000040086000000FF000000FF000000FF9F
S3150802EAE0000000FF000000FF000000FF000000FF1A
S3150802EAF0000000FF000000FF000000FF000000FF0A
S3150802EB00000000FF100C10D7000400FB000000FFF5
S3150802EB10000000FF000000FF100C10DB100C109222
S3150802EB202020203800000000000000003030301C91
S3150802EB3010101086100C10CF000000FF000000FF16
S3150802EB40000000FF000000FF100C10D3000400FFB5
S3150802EB50000000FF000000FF000000FF000000FFA9
S3150802EB60000000FF000000FF000000FF000000FF99
S3150802EB70000000FF000000FF000000FF000408BAC2
S3150802EB800000000000000000000000000000000075
S3150802EB90000000000000000008040834000000FF1E
S3150802EBA0000000FF000000FF000000FF000000FF59
S3150802EBB0000000FF000000FF000000FF000000FF49
S3150802EBC0000000FF000400FF1818188280808000E9
S3150802EBD0201C2065000000FF080C08D728242849B5
S3150802EBE0F8FCF80000000000000000000000000029
S3150802EBF0000000003030302C302C306D3028306167
S3150802EC0018181871101010B2000000FF181018A278
S3150802EC10F8FCF8002020204D080408F3000000FF45
S3150802EC20000000FF000000FF000000FF000000FFD8
S3150802EC30000000FF000000FF000000FF000000FFC8
S3150802EC40000000FF08040871000000000000000030
S3150802EC5000000000000000000000000000000000A4
S3150802EC6000000000000400A2000000FF000000FFF0
S3150802EC70000000FF000000FF000000FF000000FF88
S3150802EC80000000FF000000FF000000FF100C10AE9D
S3150802EC9000000000000000000000000028282841AB
S3150802ECA0302C3061303030240000000000000000B3
S3150802ECB0606060186060684548444810282C305DDA
S3150802ECC00000000000000000000000000000000034
S3150802ECD0282C283C60606008000000000000000044
S3150802ECE018141879000000FF000000FF000000FF5A
S3150802ECF0000000FF000000FF000000FF000000FF08
S3150802ED00000000FF000000E70804088A000000046B
S3150802ED1000000000000000000000000000000000E3
S3150802ED2000000000000000000000000000000020B3
S3150802ED30000000F3000000FF000000FF000000FFD3
S3150802ED40000000FF000000FF000000FF000000FFB7
S3150802ED50000000FF080408EB2824284100000000F0
S3150802ED60000000000000000000000000302C305DAA
S3150802ED703030302400000000F8FCF80030303069EA
S3150802ED80403C38202824283C00000000808080046B
S3150802ED90383838243830382440444030585C5818BB
S3150802EDA00000000038383820080808CF000000FFA5
S3150802EDB0000000FF000000FF000000FF000000FF47
S3150802EDC0000000FF000000F70004084900000000E8
S3150802EDD00000000000000000000000000000000023
S3150802EDE00000000000000000000000000000000013
S3150802EDF0000000000000000000000082000000FF82
S3150802EE00000000FF000000FF000000FF000000FFF6
S3150802EE10000000FF000000FF000000FF000000FFE6
S3150802EE20000400FB3834382C000000000000000003
S3150802EE3000000000000000003030305D3034302021
S3150802EE4000000000302C3061404040202828283C31
S3150802EE5050545004302C286920202038181C20349D
S3150802EE60383838386060601CC0C0C004080808E733
S3150802EE70000000FF000000FF000000FF000000FF86
S3150802EE80000000FF000000FF000000FF000000C3B2
S3150802EE900000000000000000000000000000000062
S3150802EEA00000000000000000000000000000000052
S3150802EEB00000000000000000000000000000000042
S3150802EEC00000000C000000E3000000FF000000FF45
S3150802EED0000000FF000000FF000000FF000000FF26
S3150802EEE0000000FF000000FF080C08DF3034383449
S3150802EEF00000000000000000000000000000000002
S3150802EF000000000030303069000000003030305D0B
S3150802EF105050501C2828283C282828554848481468
S3150802EF2000000000000000000000000000000000D1
S3150802EF30000000001814189A000000FF000000FFE5
S3150802EF40000000FF000000FF000000FF000000FFB5
S3150802EF50000000FF000408EF08080820000000006F
S3150802EF600000000000000000000000000000000091
S3150802EF700000000000000000000000000000000081
S3150802EF8000000000000000000000000008040865F8
S3150802EF90000000FF000000FF000000FF000000FF65
S3150802EFA0000000FF000000FF000000FF000000FF55
S3150802EFB020242041302C3059302C302C00000000FF
S3150802EFC0000000000000000000000000302C306144
S3150802EFD00000000038303859484C4820282828387C
S3150802EFE02824285DA8ACA804000000000000000040
S3150802EFF0000000000000000030343020302C307150
S3150802F000080408F7000000FF000000FF000000FFE8
S3150802F010000000FF000000FF000000FF000000FFE4
S3150802F020000400EB0000006500000000000000007C
S3150802F03000000000000000000000000000000000C0
S3150802F04000000000000000000000000000000000B0
S3150802F050000000000800003C000000FF000000FF5E
S3150802F060000000FF000000FF000000FF000000FF94
S3150802F070000000FF080808D7F8FCF80000000000A6
S3150802F080302C3059303030280000000000000000D3
S3150802F09020202082101010CF101010B2101010CF9E
S3150802F0A0181418B6101010C3100C10CF1818189E82
S3150802F0B0000000000000000000000000403C401C68
S3150802F0C03034306100000000101010BA000000FF52
S3150802F0D0000000FF000000FF000000FF000000FF24
S3150802F0E0000000FF000000FF000000FF000000FF14
S3150802F0F0080400CB080408340000000000000000E1
S3150802F10000000000000000000000000C000408696E
S3150802F1100804007D0004084108040834080400C3F2
S3150802F120000000FF000000FF000000FF000000FFD3
S3150802F130000000FF000000FF000000FF1010108E04
S3150802F14000000000000000000000000038343849C2
S3150802F1503838385138343855101010D3080408FF97
S3150802F160080808EB20202051201C208A1014188E2B
S3150802F170101010C3080C08EF38303859383C385587
S3150802F180403C405138383849000000003830385978
S3150802F19020202079000000FF000000FF000000FF89
S3150802F1A0000000FF000000FF000000FF000000FF53
S3150802F1B0000000FF000000FF000000FF000400FB43
S3150802F1C0000408A20808081C000000000000000449
S3150802F1D0000400CF000000FF000000FF000000FF4F
S3150802F1E0000000FF000000FF000000FF000000FF13
S3150802F1F0000000FF000000FF080808D31010108264
S3150802F200101010A228242834000000005854580868
S3150802F210585C581C000000000000000000000000B6
S3150802F220101010BA080408FF101010A200000000FF
S3150802F2302824288E00000000101010A2080C10E3E3
S3150802F24000000000000000000000000000000000AE
S3150802F2503834385538303824585458101010109EFF
S3150802F26010101082100C10B2000000FF000000FF00
S3150802F270000000FF000000FF000000FF000000FF82
S3150802F280000000FF000000FF000000FF000000EF82
S3150802F290080808240004084D000000FF000000FFCB
S3150802F2A0000000FF000000FF000000FF000000FF52
S3150802F2B0000000FF000000FF000000FF000000FF42
S3150802F2C01014107900000000000000000000000081
S3150802F2D0000000005050501C4840484D303030590C
S3150802F2E038383851403C4051101010CF000400FF06
S3150802F2F02020205D000000004040405180808000B0
S3150802F300100C08E3080C08EB403C405148444849B5
S3150802F3104844484540404049383C382000000000EF
S3150802F3200000000000000000000000002824284118
S3150802F330000000FF000000FF000000FF000000FFC1
S3150802F340000000FF000000FF000000FF000000FFB1
S3150802F350000000FF000000FF0000008E00000065AC
S3150802F360000000FF000000FF000000FF000000FF91
S3150802F370000000FF000000FF000000FF000000FF81
S3150802F380000000FF000000FF1010107500000000CA
S3150802F3900000000000000000585058243030303C6D
S3150802F3A02020203428282830282C2830302C3030A9
S3150802F3B0101010C7080408FB4040401C403440188F
S3150802F3C0686868283834382C080408FF080C10E7DF
S3150802F3D0383838283834382C3030302C3030382CFD
S3150802F3E0302C382C48484834605460140000000019
S3150802F3F0000000002824283C000000FF000000FF4F
S3150802F400000000FF000000FF000000FF000000FFF0
S3150802F410000000FF000000FF000000FF000000FFE0
S3150802F4200000009200000020000000F7000000FF24
S3150802F430000000FF000000FF000000FF000000FFC0
S3150802F440000000FF000000FF000000FF000000FFB0
S3150802F450101010B220202041201C185530303018C8
S3150802F46058585820403C4038302C303038383828E4
S3150802F4703838382838383828101010C7101010D7DE
S3150802F48000000000201C208A989898041818187101
S3150802F490080408FF080C08EB3834382838383828A6
S3150802F4A03838382C383438283834382C50484834C8
S3150802F4B06064601820202055201C203C1010108EF5
S3150802F4C0000000FF000000FF000000FF000000FF30
S3150802F4D0000000FF000000FF000000FF000000FF20
S3150802F4E0000000FF000400FF0804084100000000B5
S3150802F4F008040041000400DF000000FF000000FFCE
S3150802F500000000FF000000FF000000FF000000FFEF
S3150802F510000000FF000000FF000000FF000000FFDF
S3150802F520000000FF18141079000000000000000017
S3150802F5300000000038343830302C305D3030305915
S3150802F540101010D3101010BA28242849202020960B
S3150802F55058545010101010BE000408FF080C08EF8B
S3150802F5603034305530303055302C3059302C285DF7
S3150802F570302C283C000000002824283C000000FF0C
S3150802F580000000FF000000FF000000FF000000FF6F
S3150802F590000000FF000000FF000000FB00000096CC
S3150802F5A00000007D080408AA080408B608080851DD
S3150802F5B00000000000000000000000000000000833
S3150802F5C008040879000000EF000000FF000000FFB1
S3150802F5D0000000FF000000FF000000FF000000FF1F
S3150802F5E0000000FF000000FF000000FF080C10BA30
S3150802F5F0000000000000000030303038303030495A
S3150802F6000000000000000000181818B2080808F7E1
S3150802F610100C08F7101010DB101010E7080C08F38E
S3150802F620080808F7181418D70000000000000000A0
S3150802F63000000000000000003030303C3030304519
S3150802F6401014187D000000FF000000FF000000FFF4
S3150802F650000000FF000000FF000000FF000000FF9E
S3150802F6600000008200000000000000000000000008
S3150802F670000000000000000000000000000000007A
S3150802F6800000000000000000000000000000001852
S3150802F69000000096000000FB000000FF000000FFCB
S3150802F6A0000000FF000000FF000000FF000000FF4E
S3150802F6B0000000FF000408FB3834382030303038A8
S3150802F6C0302C304900000000000000000000000055
S3150802F6D00000000030343861000000003834385D1C
S3150802F6E05050501C302830382828285DF8FCF8007D
S3150802F6F000000000000000000000000000000000FA
S3150802F700000000003838383C080808EB000000FF03
S3150802F710000000FF000000FF000000FF000000FFDD
S3150802F720000000FF000000FF00040079000000004E
S3150802F73000000000000000000000000000000000B9
S3150802F74000000000000000000000000000000000A9
S3150802F7500000000000000000000000000804083055
S3150802F760000400E7000000FF000000FF000000FFA1
S3150802F770000000FF000000FF000000FF000000FF7D
S3150802F780101010BA303030490000000000000000A6
S3150802F7900000000000000000000000003030306168
S3150802F7A0000000003030385D4844501C2824283CAC
S3150802F7B02828285DF8FCF800000000000000000078
S3150802F7C0000000000000000000000000181C186578
S3150802F7D0000000FF000000FF000000FF000000FF1D
S3150802F7E0000000FF000000FF000000FF000000FF0D
S3150802F7F0000000E70000000C000000000000000006
S3150802F80000000000000000000000000000000000E8
S3150802F81000000000000000000000000000000000D8
S3150802F82000000000000000000000008A000000FF3F
S3150802F830000000FF000000FF000000FF000000FFBC
S3150802F840000000FF000000FF000400FF3838382CD3
S3150802F8500000000000000000000000000000000098
S3150802F86000000000302C306100000000302C305DB2
S3150802F870404040202824283C302830453838382C47
S3150802F8800000000000000000000000000000000068
S3150802F890F8FCF804080808EB000000FF000000FF67
S3150802F8A0000000FF000000FF000000FF000000FF4C
S3150802F8B0000000FF000000FF000000FF00040086B1
S3150802F8C00000000000000000000000000000000028
S3150802F8D00000000000000000000000000000000018
S3150802F8E00000000000000000000000000000000404
S3150802F8F0000400BA000000FF000000FF000000FF3D
S3150802F900000000FF000000FF000000FF000000FBEF
S3150802F9101818188658545804000000000000000001
S3150802F920000000000000000000000000302C2861E2
S3150802F930000000003030306D808080042828286D51
S3150802F940504C500C303430513034302C000000000A
S3150802F95000000000000000000000000020202055E2
S3150802F960080808EF000000FF000000FF000000FF83
S3150802F970000000FF000000FF000000FF000000FF7B
S3150802F980000000FF000400F7080808240000000031
S3150802F9900000000000000000000000000000000057
S3150802F9A00000000000000000000000000808081C13
S3150802F9B000000082080408D3000000FF000000FFD0
S3150802F9C0000000FF000000FF000000FF000000FF2B
S3150802F9D0000000FF101010AA00000000000000003E
S3150802F9E000000000A8ACA804000000000000000007
S3150802F9F05854580430303069000000003034301C46
S3150802FA00302C306168686804282C286D48484810EC
S3150802FA103834384D38343828F8FCF800000000002D
S3150802FA20000000000000000018181875000000FF0A
S3150802FA30000000FF000000FF000000FF000000FFBA
S3150802FA40000000FF000000FF000000FF000000FFAA
S3150802FA50080408AE000000000000000000000000D4
S3150802FA600000000000000000000000000000000086
S3150802FA70100C1014000400EB000000FF000000FF49
S3150802FA80000000FF000000FF000000FF000000FF6A
S3150802FA90000000FF000000FF000000FF080408F352
S3150802FAA02024203C000000002828282C080C08E7FF
S3150802FAB01814187D6064600C303030654040401080
S3150802FAC000000000000000003834381C3030306175
S3150802FAD06864680430303065585C581020202096D7
S3150802FAE0080C08E32020205500000000403C401482
S3150802FAF0080808D3000000FF000000FF000000FF0E
S3150802FB00000000FF000000FF000000FF000000FFE9
S3150802FB10000000FF000000FF000000FF000400458F
S3150802FB2000000000000000000000000000000000C5
S3150802FB30000000000000000008040865000000FF3D
S3150802FB40000000FF000000FF000000FF000000FFA9
S3150802FB50000000FF000000FF000000FF000000FF99
S3150802FB60000000FF000000FF080408F318181879BF
S3150802FB70080808DB000000FF000000FF080808F379
S3150802FB801814189A2824283C6060600800000000AF
S3150802FB9000000000383838202824287D18181879DB
S3150802FBA0080C08EF000000FF000000FF080408F335
S3150802FBB018181871080808D7000000FF000000FF8F
S3150802FBC0000000FF000000FF000000FF000000FF29
S3150802FBD0000000FF000000FF000000FF000000FF19
S3150802FBE0000000FF000408AE00000000000000004C
S3150802FBF000000000000000000000000000000000F5
S3150802FC0000000071000000FF000000FF000000FF76
S3150802FC10000000FF000000FF000000FF000000FFD8
S3150802FC20000000FF000000FF000000FF000000FFC8
S3150802FC30000000FF000000FF000000FF000000FFB8
S3150802FC40000000FF000000FF000000FF000000FFA8
S3150802FC501010108200000000000000002020204939
S3150802FC60000400FF000000FF000000FF000000FF84
S3150802FC70000000FF000000FF000000FF000000FF78
S3150802FC80000000FF000000FF000000FF000000FF68
S3150802FC90000000FB000000EB000000FF000000FF70
S3150802FCA0000000FF000000FF000000FF000008B689
S3150802FCB00000000000000000000000000000000034
S3150802FCC000000000000000000804082C000400F7E9
S3150802FCD0000000FF000000FF000000FF000000FF18
S3150802FCE0000000FF000000FF000000FF000000FF08
S3150802FCF0000000FF000000FF000000FF000000FFF8
S3150802FD00000000FF000000FF000000FF000000FFE7
S3150802FD10000000FF000000FF101410710000000030
S3150802FD200000000020202038000000FF000000FF2D
S3150802FD30000000FF000000FF000000FF000000FFB7
S3150802FD40000000FF000000FF000000FF000000FFA7
S3150802FD50000000FF000000FB08040838000000004D
S3150802FD6000040069000000FF000000FF000000FF19
S3150802FD70000400FF0800085500000000000000000B
S3150802FD800000000000000000000000000000000063
S3150802FD90000000000004083C000400B6000000CB86
S3150802FDA0000000CB000000CB000000C3000000C327
S3150802FDB0000000CB000400F7000000FF000000FF6F
S3150802FDC0000000FF000000FF000000FF000000FF27
S3150802FDD0000000FF000000FF000000FF000000FF17
S3150802FDE0101010A220242041282428411818187916
S3150802FDF0000000FF000000FF000000FF000000FFF7
S3150802FE00000000FF000000FF000000FF000000FFE6
S3150802FE10000000FF000000FF000000FF000000CF06
S3150802FE20000000000000000000000000000400516D
S3150802FE30000400B2000000BA0804085D00000000D1
S3150802FE4000000000000000000000000000000000A2
S3150802FE500000000000000000000000000000000092
S3150802FE600000000000000000000000000000000082
S3150802FE700000000000000000000000000000001C56
S3150802FE80000000E3000000FF000000FF000000FF82
S3150802FE90000000FF000000FF000000FF000000FF56
S3150802FEA0000000FF000000FF000000FF000000FF46
S3150802FEB0000000FF000000FF000000FF000000FF36
S3150802FEC0000000FF000000FF000000FF000000FF26
S3150802FED0000000FF000000FF000000FF000000FF16
S3150802FEE0000000FF000000CB000000000000000038
S3150802FEF000000000000000000000000000000000F2
S3150802FF0000000000000000000000000000000000E1
S3150802FF1000000000000000000000000000000000D1
S3150802FF2000000000000000000000000000000000C1
S3150802FF3000000000000000000000000000000000B1
S3150802FF400000000000000000080000AA000000FFF0
S3150802FF50000000FF000000FF000000FF000000FF95
S3150802FF60000000FF000000FF000000FF000000FF85
S3150802FF70000000FF000000FF000000FF000000FF75
S3150802FF80000000FF000000FF000000FF000000FF65
S3150802FF90000000FF000000FF000000FF000000FF55
S3150802FFA0000000FF000000FF000000FF000000CB79
S3150802FFB00000000000000000000000000000000031
S3150802FFC00000000000000000000000000000000021
S3150802FFD00000000000000000000000000000000011
S3150802FFE00000000000000000000000000000000001
S3150802FFF000000000000000000000000000000000F1
S3150803000000000000000000000000000008080824A3
S31508030010000000EF000000FF000000FF000000FFE3
S31508030020000000FF000000FF000000FF000000FFC3
S31508030030000000FF000000FF000000FF000000FFB3
S31508030040000000FF000000FF000000FF000000FFA3
S31508030050000000FF000000FF000000FF000000FF93
S31508030060000000FF000000FF000000FF000000FF83
S31508030070000000FF000000CB0000000000000000A5
S31508030080000000000000000000000000000000005F
S31508030090000000000000000000000000000000004F
S315080300A0000000000000000000000000000000003F
S315080300B0000000000000000000000000000000002F
S315080300C0000000000000000000000000000000001F
S315080300D000000018000400EB000000FF000000FF0A
S315080300E0000000FF000000FF000000FF000000FF03
S315080300F0000000FF000000FF000000FF000000FFF3
S31508030100000000FF000000FF000000FF000000FFE2
S31508030110000000FF000000FF000000FF000000FBD6
S31508030120000000D3000400F3000000FF000000FFF6
S31508030130000000FF000000FF000000FF000000CBE6
S31508030140000000000000000000000000000000009E
S31508030150000000000000000000000000000000008E
S31508030160000000000000000000000000000000007E
S31508030170000000000000000000000000000000006E
S31508030180000000000000000000000000000000005E
S31508030190000000000000000008040875000000FFC6
S315080301A0000000FF000000FF000000FF000000FF42
S315080301B0000000FF000000FF000000F70004009E97
S315080301C000000092000000F3000000FF000000FF9B
S315080301D0000000FF000000FF000000FF000000FF12
S315080301E0000000FF0804086D000000000000001C62
S315080301F0000000EF000000FF000000FF000000FF02
S31508030200000000FF000000CB000000000000000013
S3150803021000000000000000000000000000000000CD
S3150803022000000000000000000000000000000000BD
S3150803023000000000000000000000000000000000AD
S31508030240000000000000000000000000000000009D
S31508030250000000000000000000000000000000008D
S315080302600804087D000000FF000000FF000000FFEF
S31508030270000000FF000000FF000000FF000400BAB2
S3150803028008040828000000000000000000040855C0
S31508030290000000FF000000FF000000FF000000FF51
S315080302A0000000FF000000FF000000C3000000007C
S315080302B00000000000000000000000A2000000FF8C
S315080302C0000000FF000000FF000000FF000400B666
S315080302D0000000000000000000000000000000000D
S315080302E000000000000000000000000000000000FD
S315080302F000000000000000000000000000000000ED
S3150803030000000000000000000000000000000000DC
S3150803031000000000000000000000000000000000CC
S31508030320000000000000000008080824000000F789
S31508030330000000FF000000FF000000FF000400DBD0
S31508030340080808550000000000000000000000002F
S315080303500000000008080845000000FF000000FF31
S31508030360000000FF000000FF000000FF000000FB84
S315080303700804082C0000000000000000000000002C
S3150803038000040845000400FB000000FF000000FF0E
S31508030390000400FF0804084D0000000000000000E8
S315080303A0000000000000000000000000000000003C
S315080303B0000000000000000000000000000000002C
S315080303C0000000000000000000000000000000001C
S315080303D0000000000000000000000000000000000C
S315080303E000000000000000000000000000000000FC
S315080303F00000000000040041000000AE080408BA2B
S315080304000804086D00000008000000000000000052
S315080304100000000000000000000000000000008A41
S31508030420000000FF000000FF000000FF000000FFBF
S31508030430000000FF0004089600000000000000000A
S31508030440000000000000000000000000080408493E
S31508030450080408AE080408B20804084D00000000A2
S31508030460000000000000000000000000000000007B
S31508030470000000000000000000000000000000006B
S31508030480000000000000000000000000000000005B
S31508030490000000000000000000000000000000004B
S315080304A0000000000000000000000000000000003B
S315080304B0000000000000000000000000000000002B
S315080304C0000000000000000000000000000000001B
S315080304D0000000000000000000000000000000000B
S315080304E0000000000000088E000000FF000000FF67
S315080304F0000000FF000000FF080400EF080C1014BA
S3150803050000000000000000000000000000000000DA
S3150803051000000000000000000000000000000000CA
S3150803052000000000000000000000000000000000BA
S3150803053000000000000000000000000000000000AA
S31508030540000000000000000000000000000000009A
S31508030550000000000000000000000000000000008A
S31508030560000000000000000000000000000000007A
S31508030570000000000000000000000000000000006A
S31508030580000000000000000000000000000000005A
S31508030590000000000000000000000000000000004A
S315080305A00000000000000000000000000804083CEA
S315080305B0000400FB000000FF000000FF000000FF2E
S315080305C008040865000000000000000000000000A1
S315080305D0000000000000000000000000000000000A
S315080305E000000000000000000000000000000000FA
S315080305F000000000000000000000000000000000EA
S3150803060000000000000000000000000000000000D9
S3150803061000000000000000000000000000000000C9
S3150803062000000000000000000000000000000000B9
S3150803063000000000000000000000000000000000A9
S315080306400000000000000000000000000000000099
S315080306500000000000000000000000000000000089
S315080306600000000000000000000000000000000079
S31508030670000000000000000008040838000000A27B
S31508030680080408A608080851000000000000000036
S315080306900000000000000000000000000000000049
S315080306A00000000000000000000000000000000039
S315080306B00000000000000000000000000000000029
S315080306C00000000000000000000000000000000019
S315080306D00000000000000000000000000000000009
S315080306E000000000D2CE0321500C00300C00C105D7
S315080306F0004D00000C00000200000F0093ECDE29F9
S3150803070000F7ADDAEF02330000F90A000000F30C34
S31508030710000000F50A000010FD030000D56F000075
S31508030720B0CF030000E00C000000E00C000000401E
S31508030730030000000000000000F00E000000F00EA9
S315080307400000000000105377570200000083FCFFE7
S31508030750FFFFDF170000FDFFFFFFFFFFDF0200FDBE
S31508030760FFFFEFFFFFFF2E00FD9E150041FAFFBFB7
S31508030770006B0000000060FFFF020000000000009D
S31508030780FBFF07000000000000F7FF080000000059
S315080307900000F6FF09000000000000F7FF0700004D
S315080307A000000000FBFF04000000000030FFEF001C
S315080307B00000000000C1FF7F000000000010FCFFDE
S315080307C00C0000000000D3FFDF020000000081FFD9
S315080307D0FF2C0000000060FEFF9F0000000000D011
S315080307E0FFDF040000000000D0FF0B00000000003C
S315080307F000D0FF09000000000000D0FF0900000038
S31508030800000000D0FF09000000000000D0FF090027
S3150803081000000000000000000000000000000000C7
S3150803082000000000000000000000000000000000B7
S31508030830404403000000000000F1FF0E0000000022
S315080308400000F1FF0E000000000000F1FF0E00009B
S3150803085000000000F1FF0E0000000000FFFF01FE8C
S31508030860FF00FEEF00FDEF00FCDF00FCCF00FBCF2F
S3150803087000FABF00FAAF00F9AF001111008788002C
S31508030880FEFF00FEFF000000FCEF020080FF3E00B3
S3150803089000F3FF040000FBAF000030FF3F000080B9
S315080308A0FF0C0000C0FF070000E0FF040000F0FF94
S315080308B0020000F1FF020000F0FF020000E0FF045F
S315080308C00000C0FF07000080FF0C000030FF3F0058
S315080308D00000FBBF000000F3FF05000080FF3E0099
S315080308E00000FCEF02E3FF0A0040FF6F0000F7FF7A
S315080308F00200C0FF090050FF1F0000FE6F0000F949
S31508030900AF0000F6CF0000F4DF0000F4EF0000F4B8
S31508030910DF0000F6CF0000F9AF0000FE6F0050FFBE
S315080309201F00C0FF0900F7FF0240FF6F00E3FF0A3D
S31508030930000000FE0100007200FE014400FB2CFECD
S31508030940A2DF01B2FFFFFE4C0000D4FF6E000010C9
S31508030950F9FFBF0200E7CFFEFA9F01F807FE51BE73
S31508030960002000FE0121000000BA0100000000601B
S31508030970990000000000A0FF0000000000A0FF008F
S3150803098000000000A0FF0000000000A0FF00000018
S315080309908788D8FF888828FDFFFFFFFFFF3FFDFFF5
S315080309A0FFFFFFFF3F0000A0FF0000000000A0FFBD
S315080309B00000000000A0FF0000000000A0FF0000E8
S315080309C0000000A0FF000000BABBBB6BFEFFFF8F51
S315080309D0FEFFFF8F0092EDDF3A000040FEFFFFFFA8
S315080309E00700E1FFBFFBFF3F00F6FF0850FF9F002C
S315080309F0FAFF0200FDDF00FCEF0000FBFF01FDDF4D
S31508030A000000FAFF01FDDF0000FAFF01FCEF00001A
S31508030A10FBFF01FAFF0200FEDF00F6FF0850FFAFF7
S31508030A2000E1FFBFFAFF3F0040FEFFFFFF0700009C
S31508030A3092EDDF4A00000020FF5F000052D8FF5FF7
S31508030A400000F6FFFF5F0000F6FFFF5F000000509F
S31508030A50FF5F00000050FF5F00000050FF5F0000CB
S31508030A600050FF5F00000050FF5F00000050FF5F6B
S31508030A7000000050FF5F000073A7FFAF7702F6FF81
S31508030A80FFFFFF05F6FFFFFFFF0530B8FEDF4A004D
S31508030A9000C0FFFFFFFF0800C0FFCCFEFF3F00B00A
S31508030AA01700B1FF7F0000000050FF7F0000000021
S31508030AB070FF5F00000000E1FF0D00000010FCFF5F
S31508030AC003000000C2FF4F00000040FEDF030000E2
S31508030AD000F8FF1B000000C1FFFFBBBBBB02F3FF0F
S31508030AE0FFFFFFFF03F3FFFFFFFFFF0350C9FEDF0F
S31508030AF06A00F3FFFFFFFF0CF3FFCDFDFF5F8203E1
S31508030B000060FF6F00000092FF1E0040FFFFCF0347
S31508030B100040FFFF9E02002088EAFF3E00000020F7
S31508030B20FFBF00000000FFCFA9040081FFAFF9EF64
S31508030B30CCFEFF4FF9FFFFFFFF0772DBFEDE39002E
S31508030B40000000C0FF7F00000000FAFF7F000000DE
S31508030B5080FFFF7F000000F6AFFF7F000040FF2AFB
S31508030B60FF7F0000E2BF20FF7F0010FD1D20FF7FEF
S31508030B7000C0EF0220FF7F00F3FFFFFFFFFF6FF3C5
S31508030B80FFFFFFFFFF6F929999A9FFCF4900000066
S31508030B9020FF7F0000000020FF7F0000000020FFE9
S31508030BA07F00D0FFFFFFFF7FD0FFFFFFFF7FD0FF50
S31508030BB0BEBBBB5BD0FF0A000000D0FF8D780400E4
S31508030BC0D0FFFFFFEF05D0FFFFFFFF4F502410B400
S31508030BD0FFAF00000010FFDF00000000FEDFC605C0
S31508030BE00080FF9FF6EFDCFEFF3FF6FFFFFFEF05F2
S31508030BF071DBFECE28000000A5EDEF0C0000D3FF45
S31508030C00FFFF0F0020FEFFADB90D00B0FF6F000018
S31508030C100000F3FF0821010000F7FFD9FFCF050005
S31508030C20F9FFFFFFFF6F00FAFF2582FFEF00F9FFC9
S31508030C300100FBFF02F8FF0300F9FF02F4FF0800B7
S31508030C40FDEF00C0FF9FC7FF8F0020FDFFFFFF0AD0
S31508030C50000071ECEF5B0000F7FFFFFFFFEFF7FF04
S31508030C60FFFFFFEFB5BBBBBBFFEF00000070FF8FB5
S31508030C70000000E2FF1D000000FAFF05000040FF28
S31508030C80BF000000D1FF3F000000F8FF0900002065
S31508030C90FFEF010000B0FF6F000000F5FF0C000036
S31508030CA010FDFF03000080FFAF00000000A4FDEF66
S31508030CB07B010090FFFFFFFF2D00F6FF7DC7FFAF07
S31508030CC000F9FF0300FDCF00F7FF1800FE9F00E1C0
S31508030CD0FFEF99FF1A0020FBFFFFAF010060FDED50
S31508030CE0FFFF3E00F7EF02A4FFDF00FEBF0000F997
S31508030CF0FF03FFEF0100FAFF03FAFF8DB7FFDF00DB
S31508030D00D2FFFFFFFF2D0000B6FDEF6B0100009336
S31508030D10FDDE290070FFFFFFEF04F5FF7DE8FF1EE8
S31508030D20FCFF0250FF7FFEDF0000FEBFFEEF000060
S31508030D30FDDFFAFF3A42FEDFF3FFFFFFFFCF30FB8B
S31508030D40FF9EFFAF00102250FF6F000000E4FF0E66
S31508030D50C09BCAFFFF04C0FFFFFF4E00A0FEDE6A6A
S31508030D600100FCDFFCDFFCDFB99B0000000000008C
S31508030D70B99BFCDFFCDFFCDF82DBEF9C0200F8FF9C
S31508030D80FFFF5F00F8BEEBFFEF01550000FCFF0312
S31508030D90000000F9FF02000020FECF000000D6FF86
S31508030DA02E0000E3FF9F010000F4FF04000000F497
S31508030DB0FF0300000041440100000084880400008A
S31508030DC000F7FF07000000F7FF070000000090FF89
S31508030DD0FF0200000000E0FFFF0700000000F5FF28
S31508030DE0FF0D00000000FBEFFF4F00000020FF5F30
S31508030DF0FEAF00000080FF1EF8FF010000D0FF09C8
S31508030E00F3FF060000F4FF04C0FF0C0000FAFF9985
S31508030E10C9FF3F0010FFFFFFFFFF9F0060FFFFFFB3
S31508030E20FFFFEF00C0FF0D0000F6FF05F3FF080004
S31508030E3000F1FF0BF9FF030000B0FF2FF2FFFFFFDE
S31508030E40CE0700F2FFFFFFFFBF00F2FF9DB9FFFFCA
S31508030E5003F2FF0900FAFF04F2FF0900F9EF01F2B2
S31508030E60FF7C97FF5F00F2FFFFFFFF3A00F2FFFFE9
S31508030E70FFFFFF06F2FF0900E4FF1EF2FF0900A0C9
S31508030E80FF4FF2FF0900D0FF3FF2FF9DA9FEFF0DBA
S31508030E90F2FFFFFFFFEF03F2FFFFFFCE170000206D
S31508030EA0C8FECE490000F7FFFFFFFF0870FFFFCE1D
S31508030EB0ECFF09F2FF7F0110E609F9FF08000010AD
S31508030EC004FDFF0200000000FEEF0000000000FE24
S31508030ED0EF0000000000FDFF0200000000F9FF0814
S31508030EE000001004F3FF7F0100D60980FFFFCEEC54
S31508030EF0FF0900F8FFFFFFFF080020C8FECE4800E1
S31508030F00F2FFFFEF9C040000F2FFFFFFFFCF020092
S31508030F10F2FFADCAFFFF1D00F2FF0900C2FFAF00D3
S31508030F20F2FF090010FDFF02F2FF090000F8FF06B1
S31508030F30F2FF090000F5FF08F2FF090000F5FF08B4
S31508030F40F2FF090000F7FF06F2FF090010FDFF0292
S31508030F50F2FF0900B2FF9F00F2FFADCAFFFF1D00B3
S31508030F60F2FFFFFFFFBF0100F2FFFFEF9C04000043
S31508030F70F2FFFFFFFF6FF2FFFFFFFF6FF2FFBDBB3D
S31508030F80BB4BF2FF09000000F2FF09000000F2FF65
S31508030F90FFFFFF0DF2FFFFFFFF0DF2FFBDBBBB0A0D
S31508030FA0F2FF09000000F2FF09000000F2FF090042
S31508030FB00000F2FFBDBBBB4BF2FFFFFFFF6FF2FF63
S31508030FC0FFFFFF6FF2FFFFFFFF4FF2FFFFFFFF4F2A
S31508030FD0F2FFBDBBBB3BF2FF09000000F2FF0900AD
S31508030FE00000F2FFBDBBBB09F2FFFFFFFF0CF2FFD8
S31508030FF0FFFFFF0CF2FF09000000F2FF09000000E3
S31508031000F2FF09000000F2FF09000000F2FF0900E1
S315080310100000F2FF090000000010B7EDEF8C030093
S31508031020E5FFFFFFFF9F60FFFFBEBAFEAFF2FF8F2C
S31508031030010050ACF9FF0900000020FDFF02000083
S315080310400000FEEF00F0FFFFBFFEEF00F0FFFFBF5B
S31508031050FDFF02A0AAFFBFF9FF090010FFBFF3FFB8
S315080310608F0110FFBF70FFFFBEAAFFBF00F6FFFF89
S31508031070FFFFBF0010B7FEEF8B04F2FF090000FD68
S31508031080DFF2FF090000FDDFF2FF090000FDDFF2D2
S31508031090FF090000FDDFF2FF090000FDDFF2FFFF95
S315080310A0FFFFFFDFF2FFFFFFFFFFDFF2FFBDBBBB63
S315080310B0FEDFF2FF090000FDDFF2FF090000FDDF96
S315080310C0F2FF090000FDDFF2FF090000FDDFF2FF72
S315080310D0090000FDDFF2FF090000FDDFFCFFFFFF4B
S315080310E00BFCFFFFFF0B86FBFF8A0600F6FF0500D6
S315080310F000F6FF050000F6FF050000F6FF050000F1
S31508031100F6FF050000F6FF050000F6FF050000F6EA
S31508031110FF050086FBFF8A05FCFFFFFF0BFCFFFFAD
S31508031120FF0B00FAFFFF7F00FAFFFF7F0096B9FF68
S315080311307F000050FF7F000050FF7F000050FF7FB5
S31508031140000050FF7F000050FF7F000050FF7F0024
S315080311500060FF7F0100B0FF5FD9BBFDFF1EF9FFEB
S31508031160FFFF05D7FEDF3900F2FF090090FFAF0046
S31508031170F2FF0900F6FF1C00F2FF0940FFDF01003A
S31508031180F2FF09E2FF2E0000F2FF19FCFF0400003C
S31508031190F2FFA9FF5F000000F2FFFEFF0A0000004E
S315080311A0F2FFFFFF4F000000F2FFBFFFEF02000050
S315080311B0F2FF0AFAFF1C0000F2FF09D1FFAF000095
S315080311C0F2FF0920FEFF0700F2FF0900F5FF4F00B3
S315080311D0F2FF090080FFEF02F2FF09000000F2FFA9
S315080311E009000000F2FF09000000F2FF09000000F1
S315080311F0F2FF09000000F2FF09000000F2FF0900F0
S315080312000000F2FF09000000F2FF09000000F2FFE8
S3150803121009000000F2FF09000000F2FFBDBBBB4B4B
S31508031220F2FFFFFFFF5FF2FFFFFFFF5FF2FF7F00A3
S315080312300070FFFF01F2FFDF0000E1FFFF01F2FF8D
S31508031240FF0600F6FFFF01F2FFFF0D00FDFFFF019A
S31508031250F2FFFF5F50FFFFFF01F2FFF9CFC0EFFA7E
S31508031260FF01F2FFC6FFF88FF9FF01F2FF56FFFFF2
S315080312702FF9FF01F2FF06FDFF0AF9FF01F2FF0648
S31508031280F7FF03F9FF01F2FF06A19B00F9FF01F23D
S31508031290FF06000000F9FF01F2FF06000000F9FF50
S315080312A001F2FF06000000F9FF01F2FFAF0000F5A7
S315080312B0FF01F2FFFF0500F5FF01F2FFFF1E00F530
S315080312C0FF01F2FFFFAF00F5FF01F2FFFDFF05F592
S315080312D0FF01F2FFE6FF1EF5FF01F2FF54FFAFF52C
S315080312E0FF01F2FF04FBFFFAFF01F2FF04E2FFFF2F
S315080312F0FF01F2FF0460FFFFFF01F2FF0400FCFF9A
S31508031300FF01F2FF0400F2FFFF01F2FF040070FF82
S31508031310FF01F2FF040000FCFF010020C8FECE28EF
S31508031320000000F7FFFFFFFF070080FFFFBDFDFF7B
S315080313308F00F3FF4E0040FEFF03F9FF070000F797
S31508031340FF09FDFF010000F1FF0DFEEF000000E0BD
S31508031350FF0EFEEF000000E0FF0EFDFF010000F1A7
S31508031360FF0DF9FF070000F7FF09F3FF4E0040FEE4
S31508031370FF0380FFFFBDFDFF8F0000F8FFFFFFFFA0
S3150803138007000020C8FECE280000F2FFFFFFAE04C8
S3150803139000F2FFFFFFFFAF00F2FFADDAFFFF06F231
S315080313A0FF0900F7FF0BF2FF0900F1FF0DF2FF0932
S315080313B000F3FF0BF2FF0941FCFF07F2FFFFFFFFF4
S315080313C0DF01F2FFFFFFFF1B00F2FFAD9A480000A3
S315080313D0F2FF0900000000F2FF0900000000F2FF17
S315080313E00900000000F2FF09000000000020C8FE03
S315080313F0CE28000000F7FFFFFFFF070080FFFFBDB1
S31508031400FDFF8F00F3FF4E0040FEFF03F9FF0700C1
S3150803141000F7FF09FDFF010000F1FF0DFEEF0000D5
S3150803142000E0FF0EFFEF000000E0FF0FFDFF0100E5
S3150803143000F1FF0DFAFF060000F6FF09F4FF3E0070
S3150803144030FEFF03A0FFFF9BFBFF9F0010FAFFFF81
S31508031450FFFF09000040DAFFFF3B0000000000F031
S31508031460FF090000000000B0FFAF97090000003035
S31508031470FFFFFF0B00000000A3FEDF08F2FFFFFFDC
S31508031480CE180000F2FFFFFFFFDF0100F2FFADBA3F
S31508031490FEFF0900F2FF0900F4FF0D00F2FF090041
S315080314A0F1FF0C00F2FF0900F5FF0900F2FF8CB902
S315080314B0FFEF0200F2FFFFFFFF3C0000F2FFFFFF12
S315080314C0FF050000F2FF09F4FF3E0000F2FF097072
S315080314D0FFDF0100F2FF0900FAFF0B00F2FF090024
S315080314E0D1FF9F00F2FF090020FEFF070082ECEF01
S315080314F0BD370060FFFFFFFFEF00F5FFBFA9FCEF55
S3150803150000FBFF030020D800FCFF0500001000F9CC
S31508031510FFEF7A040000E2FFFFFFEF080020E9FF70
S31508031520FFFFCF00001074EAFFFF0504000000FA6E
S31508031530FF07BE040000F8FF05FEEFABCAFFDF0195
S31508031540FEFFFFFFFF2C0051DAFEDE5A0000F9FF0B
S31508031550FFFFFFFF4FF9FFFFFFFFFF4FB7BBFBFF80
S31508031560BEBB3B0000F1FF0A00000000F1FF0A00C2
S31508031570000000F1FF0A00000000F1FF0A00000066
S3150803158000F1FF0A00000000F1FF0A00000000F165
S31508031590FF0A00000000F1FF0A00000000F1FF0A3D
S315080315A000000000F1FF0A00000000F1FF0A000036
S315080315B0F5FF060030FF9FF5FF060030FF9FF5FF96
S315080315C0060030FF9FF5FF060030FF9FF5FF060074
S315080315D030FF9FF5FF060030FF9FF5FF060030FF3B
S315080315E09FF5FF060030FF9FF5FF070030FF9FF4C6
S315080315F0FF080050FF8FF1FF2E00C1FF5FA0FFFF1A
S31508031600BCFEFF0D10FBFFFFFFDF020050DAFFBE33
S315080316101700F9FF050000E0FF0DF3FF0B0000F5C7
S31508031620FF07C0FF1F0000FAFF0270FF6F0010FFDD
S31508031630BF0010FFCF0060FF5F0000FAFF02C0FF84
S315080316400E0000F5FF07F2FF090000E0FF0DF7FFA4
S3150803165003000080FF3FFDCF00000030FFBFFF7F80
S3150803166000000000FCFFFF1F00000000F6FFFF0A52
S3150803167000000000F1FFFF0500000000A0FFEF00D7
S315080316800000F3FF0A00A0FF5F0010FFCFE0FF0E84
S3150803169000E0FF9F0040FF8FA0FF2F00F3FFDF004E
S315080316A080FF3F60FF6F00F8FFFF02B0FF0E20FFC9
S315080316B09F00FCFFFF06E0FF0A00FCDF10FFAFFFF9
S315080316C00AF3FF0600F8FF51FF4CFF0EF7FF02006F
S315080316D0F4FF94FF18FF3FFBCF0000E0FFD8FF0499
S315080316E0FB7FFE8F0000B0FFFDEF00F6DFFF4F0024
S315080316F00060FFFFAF00F2FFFF0E000020FFFF6F41
S3150803170000D0FFFF0B000000FDFF2F0090FFFF0630
S31508031710000000F9FF0D0040FFFF0200F4FF1E0062
S3150803172000F8FF0990FFBF0040FFCF0000FCFF064B
S31508031730D1FF2E0000E2FF2EFAFF05000060FFEF3F
S31508031740FF9F00000000FAFFFF1C00000000D1FF06
S31508031750FF0200000000E1FFFF0600000000FBFF98
S31508031760FF2E00000070FFBFFFCF000000F3FF0C41
S31508031770FAFF080010FDEF02E1FF4F00A0FF6F001C
S3150803178050FFDF01F6FF0B0000FAFF0AF9FF090015
S3150803179000FBFF05E1FF3F0050FFBF0050FFCF00EE
S315080317A0D0FF2E0000FBFF06F7FF070000F2FF2E0F
S315080317B0FECF00000070FFEFFF3F00000000FDFFB3
S315080317C0FF0900000000F4FFDF0100000000A0FF8E
S315080317D06F000000000070FF4F000000000070FF5C
S315080317E04F000000000070FF4F000000000070FF6C
S315080317F04F000000000070FF4F000000C0FFFFFF0E
S31508031800FFFF0BC0FFFFFFFFFF0B80BBBBBBFFFF49
S315080318100A00000080FFEF02000000F5FF3F00000A
S315080318200030FFFF05000000E2FF7F00000010FC08
S31508031830FF0A000000B0FFCF00000000F9FF1D00FB
S31508031840000060FFEF03000000F1FFDFBBBBBB1B1B
S31508031850F2FFFFFFFFFF1FF2FFFFFFFFFF1FF2FF6E
S31508031860FFFFFFFFFF6FF2FFFFFFFFFFFF6F10C9C9
S31508031870EDEF8C0130FFFFFFFF2E30AE57B7FF9F0A
S3150803188000000000FCBF0061CAEDFFCF40FEFFFF6A
S31508031890FFCFD0FF6E13FBCFF2FF0700FBCFF1FF9D
S315080318A01B51FECF90FFFFFFFFCF00D7EF5BFBCFA8
S315080318B0F5FF0300000000F5FF0300000000F5FF35
S315080318C00300000000F5FF0300000000F5FF63FCBA
S315080318D0AE0200F5FFFDFFFF1D00F5FFAEDAFF9F21
S315080318E000F5FF0310FEEF00F5FF0300F9FF01F50E
S315080318F0FF0300F8FF01F5FF0300FAFF00F5FF03F6
S3150803190020FECF00F5FF79E8FF5F00F5FFFFFFFF35
S315080319100900F5FFC7EE5C00000020C8EEAD050020
S31508031920F7FFFFFF2F40FFEF79E92FC0FF3F0010B6
S3150803193019F1FF0A000000F2FF08000000F1FF0A90
S31508031940000000C0FF2E00001850FFEF79D92F00C2
S31508031950F7FFFFFF2F0030D9FEBD0600000000F396
S31508031960FF0500000000F3FF0500000000F3FF0574
S3150803197000000000F3FF050050EBCEF8FF0500F961
S31508031980FFFFFFFF0550FFEF8AFBFF05C0FF2F0090
S31508031990F3FF05F0FF0A00F3FF05F2FF0800F3FF64
S315080319A005F1FF0900F3FF05D0FF1E00F4FF0580CC
S315080319B0FFEFBAFFFF0510FDFFFFFEFF050091FECF
S315080319C08DF4FF050030D9FEAD030000F6FFFFFFD7
S315080319D05F0040FF7F43FBEF01C0FF0800F2FF05EE
S315080319E0F1FFFFFFFFFF07F2FFFFFFFFFF07F1FF0F
S315080319F00800000000C0FF2E0000600250FFEF79C8
S31508031A0097FD0400F7FFFFFFFF040020C8FEDE5A18
S31508031A10010060ECEF0A00F7FFFF0C00FEEF9A07E0
S31508031A2010FF6F0000F9FFFFFF00F9FFFFFF0063D8
S31508031A30FFAF550010FF7F000010FF7F000010FF67
S31508031A407F000010FF7F000010FF7F000010FF7F5C
S31508031A50000010FF7F000010FF7F00000060ECCE3F
S31508031A60FAFF0500FAFFFFFFFF0560FFEF8AFBFF9A
S31508031A7005D0FF2F00F3FF05F1FF0A00F3FF05F278
S31508031A80FF0800F3FF05F1FF0900F3FF05D0FF1E6A
S31508031A9000F4FF0590FFEFBAFFFF0510FDFFFFFFF8
S31508031AA0FF050091FDAEF5FF0400000000F8FF01F5
S31508031AB000CE79B8FFBF0000FEFFFFFF2D0000C967
S31508031AC0EEEF7C0100F5FF03000000F5FF030000BD
S31508031AD000F5FF03000000F5FF03000000F5FF53C0
S31508031AE0ECBE03F5FFFCFFFF1EF5FFEFFCFF7FF5DA
S31508031AF0FF0530FF9FF5FF0300FEAFF5FF0300FD6B
S31508031B00AFF5FF0300FDAFF5FF0300FDAFF5FF03D8
S31508031B1000FDAFF5FF0300FDAFF5FF0300FDAFF7CB
S31508031B20FF04F7FF04949902000000F5FF03F5FF8D
S31508031B3003F5FF03F5FF03F5FF03F5FF03F5FF03BE
S31508031B40F5FF03F5FF03F5FF03F5FF030050FF6FEA
S31508031B500050FF6F003099490000000030FFFF6F07
S31508031B6030FFFF6F1065FF6F0020FF6F0020FF6FC8
S31508031B700020FF6F0020FF6F0020FF6F0020FF6F1C
S31508031B800020FF6F0030FF6F0070FF6FB6FCFF3F4A
S31508031B90F8FFFF0AE7FF7D00F5FF0300000000F5E5
S31508031BA0FF0300000000F5FF0300000000F5FF0334
S31508031BB000000000F5FF0360FF9F00F5FF03F3FF36
S31508031BC00B00F5FF13FDDF0100F5FFB3FF2E000041
S31508031BD0F5FFFBFF050000F5FFFFFF090000F5FF12
S31508031BE0ADFF4F0000F5FF13FEDF0100F5FF03F617
S31508031BF0FF0900F5FF03B0FF4F00F5FF0320FFDFE2
S31508031C0001F5FF03F5FF03F5FF03F5FF03F5FF03EF
S31508031C10F5FF03F5FF03F5FF03F5FF03F5FF03F5EB
S31508031C20FF03F5FF03F5FF03F5FF03F5FF03F5FFD1
S31508031C3073FC9E01B5EE2B00F5FFFEFFFFBCFFFF0D
S31508031C40DF00F5FFAEE9FFFF9BFDFF06F5FF035037
S31508031C50FF6F00F2FF08F5FF0330FF6F00F0FF097F
S31508031C60F5FF0320FF6F00E0FF09F5FF0320FF6F71
S31508031C7000E0FF09F5FF0320FF6F00E0FF09F5FF0A
S31508031C800320FF6F00E0FF09F5FF0320FF6F00E065
S31508031C90FF09F5FF0320FF6F00E0FF09F5FF73FC5B
S31508031CA0BE03F5FFFEFFFF1EF5FFAED9FF7FF5FF67
S31508031CB00320FF9FF5FF0300FEAFF5FF0300FDAF0B
S31508031CC0F5FF0300FDAFF5FF0300FDAFF5FF0300C6
S31508031CD0FDAFF5FF0300FDAFF5FF0300FDAF0040C1
S31508031CE0DAEF9D020000F8FFFFFF4E0050FFCF8793
S31508031CF0FEEF02C0FF0D00F3FF08F1FF0900D0FF56
S31508031D000CF2FF0800C0FF0DF1FF0900D0FF0CC05D
S31508031D10FF1D00F3FF0850FFCF77FEEF0200F8FF21
S31508031D20FFFF5E000040DAEF9D0200F5FF73FDAE8C
S31508031D300200F5FFFEFFFF1D00F5FFAEDAFF8F0079
S31508031D40F5FF0310FEDF00F5FF0300F9FF01F5FFBA
S31508031D500300F8FF01F5FF0300FAFF00F5FF032070
S31508031D60FEBF00F5FF79E8FF5F00F5FFFFFFFF09F8
S31508031D7000F5FFC8FE6C0000F5FF0300000000F540
S31508031D80FF0300000000F5FF0300000000F5FF0352
S31508031D90000000000050EBCFFAFF0500F9FFFFFF34
S31508031DA0FF0550FFEF8AFBFF05C0FF2F00F3FF0572
S31508031DB0F0FF0A00F3FF05F2FF0800F3FF05F1FF42
S31508031DC00900F3FF05D0FF1E00F4FF0580FFEFBAF5
S31508031DD0FFFF0510FDFFFFFEFF050091FE7DF3FFE4
S31508031DE00500000000F3FF0500000000F3FF0500EF
S31508031DF0000000F3FF0500000000F3FF05F5FF539D
S31508031E00FC09F5FFFCFF09F5FFFFFF09F5FF584439
S31508031E1002F5FF030000F5FF030000F5FF030000CA
S31508031E20F5FF030000F5FF030000F5FF030000F5C7
S31508031E30FF0300000081ECEF9C0430FEFFFFFF0A5E
S31508031E40C0FF6E55E90AF0FF1C001004C0FFFFAD82
S31508031E50270030FEFFFFFF050061DAFFFF1E710052
S31508031E600091FF2FF19E46C5FF0EF1FFFFFFEF041A
S31508031E7050DAFECE280020FF6F000020FF6F000017
S31508031E8020FF6F0000F9FFFFFF0AF9FFFFFF0A6350
S31508031E90FF9F550320FF6F000020FF6F000020FF00
S31508031EA06F000020FF6F000020FF7F000010FFEF88
S31508031EB0660600FAFFFF0A0081FDEF08F6FF020037
S31508031EC0FE9FF6FF0200FE9FF6FF0200FE9FF6FF47
S31508031ED00200FE9FF6FF0200FE9FF6FF0200FE9F2A
S31508031EE0F6FF0200FE9FF5FF0720FE9FF3FFCFFDD7
S31508031EF0FF9FB0FFFFEFFF9F10E9DF18FE9FF8FF74
S31508031F000300F2FF08F2FF0800F7FF02B0FF0D0017
S31508031F10FCBF0060FF3F20FF5F0010FE8F70FF1EAF
S31508031F200000F9DFC0FF090000F3FFF4FF03000018
S31508031F30D0FFFDCF00000070FFFF7F00000010FFF9
S31508031F40FF1F00000000FAFF0A0000F6FF0400FC6A
S31508031F509F0090FF1EF2FF0720FFEF00D0FF0AC085
S31508031F60FF0B60FFFF03F1FF0670FF0EB0EFFF07DD
S31508031F70F5FF0130FF4FF18FFE0CF9BF0000FD7F1F
S31508031F80F53FFA1FFC7F0000F9BFFA0EF56FFF2F26
S31508031F900000F4EFFE09F1EFFF0D0000E0FFFF0577
S31508031FA0B0FFFF080000A0FFFF0170FFFF0300005A
S31508031FB050FFBF0020FFEF0000F4FF0B00F5FF0AF8
S31508031FC080FF7F20FEDF0100FBFFB3FF2E0000D159
S31508031FD0FFFEFF05000030FFFF8F00000000F9FF3A
S31508031FE01E00000030FFFFAF000000E1FFFEFF0602
S31508031FF00000FBEFB2FF3F0090FF6F20FEDF01F505
S31508032000FF0A00F5FF0BF8FF0300F1FF08F2FF08CC
S3150803201000F7FF02B0FF0E00FCBF0050FF5F20FF72
S315080320204F0000FEAF80FF0D0000F8FFD2FF070048
S3150803203000F2FFFBFF010000C0FFFFAF00000060D6
S31508032040FFFF4F00000010FEFF0D00000000F9FF20
S315080320500700000000FAFF0100000020FFAF0000A0
S31508032060000080FF3F00000000E0FF0C000000E0D6
S31508032070FFFFFFFF0FE0FFFFFFFF0F707777FCFF00
S315080320800A000050FFBF000000F4FF1C000030FEEA
S31508032090DF020000E2FF2E000010FDEF030000C17F
S315080320A0FFCF888818F3FFFFFFFF2FF3FFFFFFFF1C
S315080320B02F0000000091EE2B0010CC55CD00801D9B
S315080320C000F601E10700F503F50200F602D9000060
S315080320D0E800AC0000BB008E00007E007F00402FA6
S315080320E0009E00C00A00EA56EB0200A1EE2A000091
S315080320F00000E1030030FB0000FCCF0000009C0059
S3150803210000006E0000303F0000600E0000A00B00C8
S3150803211000D0080000F1050021F62401FBFFFF02A9
S315080321200092EC9E0100C857F809000200B00D00A2
S315080321300000C00B000000F306000010CC000000EE
S31508032140B12D000010DC020000D31B0000609E00C6
S315080321500000F64A444400FAFFFFBF000071ECBED4
S315080321600300D458D61E000100602F000000800D1E
S31508032170000020E7040000FE2C00000053CD0000F9
S315080321800000F503000000F503110000DC00E65823
S31508032190C73E0093FDAE0200000000E30A000030CC
S315080321A0FE070000E3F70400404EF60100E404C905
S315080321B000504E009D00E303105F00F7FFFFFF0B7F
S315080321C03233933E020000A00B000000D008000043
S315080321D000F1050000B0FFFFCF00E059553500F2C6
S315080321E004000000F501000000E800000000FBEF12
S315080321F04C00004554FC03000000F306000000F3FE
S3150803220005100000EA01D358B65F0092FDAE03003D
S315080322100020D9CF00F66A55504E0000E1060000AB
S31508032220E6D8DF06EB48A44F8D00009E7F0000BD6D
S315080322308E00008EBC00603FF649F70870FD6C00FF
S3150803224070FFFFFF1F305555C50C000000F404004E
S3150803225000109E000000A01D000000F604000020E8
S315080322608E000000B00C000000F7030000307F006A
S315080322700000C00C000000E8020000000030EBBEBE
S315080322800300F428C31E00AD00403F009F00601EF4
S3150803229000FB06D20600E2EF5E00306E72DE01D066
S315080322A00900F307F30400F108F40500F503D14D1B
S315080322B0638E0020EACF050000C6EF0800807F740E
S315080322C08F00F30600E800F80000F501F80000F5B2
S315080322D001F51841FB0080FFCFCD000031117F00C7
S315080322E00000902E000000F6060055A57F0000FBAF
S315080322F0AD03000000FA0200ED0000330000000001
S31508032300000000000000300300F10A00F50700B4DE
S31508032310FD5D009956FC020000F4050000F5030074
S3150803232010AD0000D41C00907E0000F0050000D21A
S3150803233001000000000000770000009E0000000076
S315080323400000F60D00000010DE0E000000705D1F91
S31508032350000000E1353F000000C9105F0000203F80
S31508032360007E0000A01A118D0000F3FFFFAF0000E6
S315080323709B4444CA00402F0000E700C0090000F64A
S3150803238001F5020000F40300F12F0000F90A00F436
S315080323905E0030FF0700D79A00C0FA0400ABC700F7
S315080323A0C7F701007EF4213ECA00204FF1B4089D09
S315080323B000501FD0DC116F00800C904F403F00B0D7
S315080323C0095007700E00E0060000A00B00F3030097
S315080323D000E00800E6000000F2050000F1FFCF0464
S315080323E000F446C63F00E700207F00BB00206F00CD
S315080323F08E00702F205F21F70850FFFF6D00803D88
S31508032400230000B00A000000E007000000F3040000
S315080324100000F60100000000F1FFDF0600F446B5F0
S315080324204F00E700108F00BB00107F008E00702F4F
S31508032430205F10F60750FFFF5D00803EC30D00B016
S315080324400B307F00E00800F902F30400E10BF60104
S3150803245000605FF8FFFFFFBF5355BE553500106F89
S31508032460000000403F000000700E000000B00C00A2
S315080324700000E008000000F205000000F502000075
S3150803248000E800000000BB000000008E000000000A
S3150803249070FD6D0000AB34F704700A00E006E0EE49
S315080324A0EEFE05F423222200F502000000F30600DF
S315080324B03000C07E647C0020DADF28000080EDBC93
S315080324C00C00DB56E809702E00E006E00800F2026D
S315080324D0F30300E500F50100B800F503008C00F1ED
S315080324E05CD75F0050FD7B1F000000A00A007655ED
S315080324F0EA0200E9EF2A000000F405008301000060
S3150803250000009C00006F00302F00600E00A00B0037
S31508032510D00800F10500F40200E7000000ACD8AFCC
S3150803252071FD2C10EF37F69E339E303F00F10700FE
S31508032530AC700E00F203008DA00B00F600105FD0FE
S315080325400800C900402FF105009C00800DF4010026
S315080325506F00B00AD700302F00E00700ACD8BE01E1
S3150803256010EF27F507303F00D009700E00F007A0DB
S315080325700B00F303D00800F600F10500C900F401C7
S31508032580009C00D700105F00008D00600E105F00EE
S31508032590900B501F00C008800D00F105B00A00F427
S315080325A002E00700E700F10600BA00E02BB48F004B
S315080325B050ED6B4F00000000000000E10A000052D6
S315080325C0FC0600B0FFFF02003033EF00000030AF17
S315080325D0000000707F000000A03F000000E00E002E
S315080325E00000F30B000000F607000000FA040000E1
S315080325F000FE00006176DF6604F6FFFFFF08002091
S31508032600B7FEBE0500A0DF9AFC6F0070030080CFFB
S315080326100000000040CF00000000708F000000009B
S31508032620E12F00000010FC05000000C26F00000047
S3150803263040EE04000000F82C000000C28F000000E2
S3150803264060DE04000000F59F99999904F8FFFFFFDF
S31508032650FF0540C9EE8D01C0BEA9FE0B400000F37D
S315080326601F000000E01F000000F40B000030EE021C
S315080326700010F83C0000F77E000000CE0100003091
S315080326808F00000010240000000000000000F00E78
S31508032690000000F40B0000000010FFFFEF4B0000E2
S315080326A050CF88D9FF0400906F0000FA0B00C02FA3
S315080326B00000F60B00F10E0000F80800F40A0010FB
S315080326C0EE0200F80720D65E0000FBFFFFAF03000B
S315080326D000EF88F81E000040BF0090AF0000707F2F
S315080326E00010FD0600B04F0000F32E00E00F0000B7
S315080326F070CF00F30B000000FC07000061EBEFADA1
S31508032700160030FDADA9FD8F00E15F0000204900EA
S31508032710F7090000000000F8090000000000F57E34
S31508032720020000000080FFEF7B0200000062C9FF81
S315080327308F000000000061FF040000000000FB0694
S315080327401000000000FC03E306000091AF00F6EF5B
S315080327509BB9FE1A0030C8FEDE4900000080DBFF85
S315080327608D0100F19C98FE0900110000F30D00008D
S315080327700010F20C0061DBFFFF0850FE8B56FA05CA
S31508032780F22D0000FC01F8060010DF00F90700B37C
S315080327909F00F5BFCAFF6F0070FDDFA62F0000007C
S315080327A0A4FE9D010090BF78FB0C00E90400B02F3E
S315080327B0407F1111913FB0FFFFFFFF1FE04D4444D7
S315080327C04404F10C00000000F10E00000000D08F55
S315080327D00000910250FF9CB8EF0000A3FECE38001C
S315080327E000F4080000F8050000FC0100F4FFFF9F51
S315080327F093BF7737705F0000A02F0000E00D00003D
S31508032800F20A0000F6060000F9040000FB040000C3
S31508032810F88D7900A1FE5D000095ECEF7C0160FF61
S31508032820FFFFFF1D90FFFFFFFF9FD07D23E6FFCF2E
S3150803283050000090FFCF000000A0FF9F000000F4A7
S31508032840FF3F000071FFFF060093FEFF5E0000F9DD
S31508032850FF8E010000FCEF01000010FFBF0000001F
S31508032860208858000000000000000000E0FF5F0019
S315080328700000F3FF2F000000F6FF0E000000000023
S315080328800084ECEF9C040000B3FFFFFFFFBF00507A
S31508032890FEFFFFFFFFAF00F4FFEF4864FC6F10FE77
S315080328A0FF1B0000703F80FFDF0100000004E1FF0B
S315080328B05F0000000000F4FF0E0000000000F8FFB0
S315080328C00B0000000000FAFF0A0000000000FBFFEF
S315080328D0090000000000FAFF0C0000003000F8FFB2
S315080328E03F0000307C00F3FFEF4864FB3F00A0FF86
S315080328F0FFFFFFFF0E0010FBFFFFFFFF090000505D
S31508032900DAFFBE2700000000FCFF060000F8FF09F7
S315080329100000FFFF030000FBFF050030FFEF000088
S3150803292000FEFF020070FFCF000020FFEF0000A0AB
S31508032930FF9F000050FFBF0000D0FF6F000080FF1D
S315080329407F0000F1FF5F3333C3FF4F0000F5FFFF3E
S31508032950FFFFFFFF1F0000F8FFFFFFFFFFFF0D004C
S3150803296000FBFFFFFFFFFFFF090000FEFF04000057
S31508032970FAFF060030FFFF010000FDFF030060FFBA
S31508032980CF000020FFEF000090FF9F000050FFBF1D
S315080329900000C0FF5F000090FF8F0000F1FF2F00CB
S315080329A000C0FF5F0000F4FF0D0000F1FF2F0000D9
S315080329B00070FFFFFFFF0D00B0FFFFFFFF0A00D007
S315080329C0FFFFFFFF06000080FF9F00000000B0FF27
S315080329D06F00000000E0FF3F00000000F3FF0E0059
S315080329E0000000F6FF0B00000000F9FF08000000D6
S315080329F000FDFF0500000010FFFF0100000040FF77
S31508032A00DF0000000070FFAF00000000B0FF7F008A
S31508032A100000F8FFFFFFCF0000FBFFFFFF9F00004A
S31508032A20FEFFFFFF6F00000060C9EDEF8C0200E0B8
S31508032A30FFFFFFFF2E00F2DFCBFEFF8F00730200BE
S31508032A4090FF9F0000002072FF7F0050DAFFFFFF10
S31508032A504F30FDFFFFFFFF1FE2FFAF36F2FF0CF813
S31508032A60FF0800F4FF09FBFF0400F8FF05FAFF5C03
S31508032A70B6FFFF02F5FFFFEFFFEF0050FCEF4AFF3B
S31508032A80BF00000030C9FEAD150010FBFFFFFF5F56
S31508032A9000E2FFFFEEFF1F00FDFF2A00C30D70FFD4
S31508032AA0BF00001004C0FF3F00000000F1FF0E0046
S31508032AB0000000F3FF0D00000000F2FF1F000040B6
S31508032AC000E0FFAF01409C0080FFFFEFFF5F0000BF
S31508032AD0FAFFFFFF1F000050EBFF9D030000006095
S31508032AE0DBEF8C02000040FDFFFFFF3E0000F4FF12
S31508032AF09EC9FFBF0010FEBF0100FDFF0080FF7FD8
S31508032B005555FDFF01D0FFFFFFFFFFEF00F1FFFF64
S31508032B10FFFFFFBF00F2FF0A0000000000F2FF0DEF
S31508032B200000000300E0FFAF0200B50C0070FFFFD2
S31508032B30EFFDFF090000F9FFFFFFFF05000040D97D
S31508032B40FECE490000000020D9FEDE0000E3FFFFA9
S31508032B50CF0000FDFFCE8D0050FF9F000040FFFF12
S31508032B60FFFF0270FFFFFFEF0070FBFFBE8B000045
S31508032B70F4FF0A000000F7FF06000000FAFF03004F
S31508032B800000FDFF00000020FFCF00000050FF9F5C
S31508032B9000000080FF5F000000B0FF2F000000E088
S31508032BA0FF0E000000F3FF0B0000000000FEFF030A
S31508032BB00020FFEF000050FFBF00000011110000C6
S31508032BC0D0FF0F0000F2FF0C0000F5FF090000F824
S31508032BD0FF050000FBFF020000FEEF000030FFBF09
S31508032BE0000060FF7F000090FF4F0000C0FF1F003A
S31508032BF000F1FF0D0000F4FF0A0000F7FF060000CE
S31508032C000000FCFF010010FFDF000040FF9F0000EB
S31508032C1080FF6F0000B0FF2F0000E0FF0E0000F3F7
S31508032C20FF0B0000F6FF070000FAFF040000FDFF94
S31508032C30010010FFCF000050FF8F000080FF5F00E8
S31508032C4000C0FF2F0000F0FF0D0000F3FF0A00008D
S31508032C50F7FF06000000D0FF1FB6EE4B0000F2FF99
S31508032C60DEFFFFEF0200F5FFFFFFFFFF0700F8FF98
S31508032C704B10FDFF0800FBFF0200FAFF0600FEEFFC
S31508032C800000FCFF0330FFBF0000FEFF0060FF7F6C
S31508032C900030FFCF0090FF4F0060FF8F00C0FF1F7B
S31508032CA00090FF5F00F1FF0D00C0FF2F00F4FF093E
S31508032CB000F1FF0D00F7FF0600F4FF0A00000050BD
S31508032CC0DAEF8C01000030FDFFFFFF2E0000E3FF63
S31508032CD0DFFCFFCF0010FDFF0730FFFF0370FFAFD8
S31508032CE00000FBFF05C0FF3F0000FBFF04F1FF0FD9
S31508032CF00000FCFF03F2FF0D0020FFEF00F3FF0DBA
S31508032D000080FF8F00F1FF4F00F5FF2E00A0FFFFA5
S31508032D10DCFFFF040010FDFFFFFF4D00000071EC10
S31508032D20EF6B01000000D0FF0FA4DE00F2FFADFF3A
S31508032D30AF00F5FFFFFF6F00F8FFFFDE3D00FBFF67
S31508032D4015000000FEEF00000030FFBF0000006022
S31508032D50FF8F00000090FF4F000000C0FF1F000018
S31508032D6000F1FF0D000000F4FF0A000000F7FF065C
S31508032D70000000006088070000F0FF0D0000F4FF64
S31508032D800A0000F7FF0600F4FFFFFFCFF7FFFFFF78
S31508032D909FB7FFDFAA4A50FF8F000080FF5F00003E
S31508032DA0C0FF1F0000F0FF0D0000F3FF0A0000F646
S31508032DB0FF070000F9FF081000F9FFCFAC00F5FF85
S31508032DC0FF6F0070FDEF2C0000FFEF0000FBFF0212
S31508032DD030FFBF0000FEEF0070FF7F0030FFBF002B
S31508032DE0A0FF4F0060FF7F00D0FF1F0090FF4F003A
S31508032DF0F2FF0D00C0FF1F00F5FF0900F1FF0D00EC
S31508032E00F8FF0700F4FF0A00FBFF0500F7FF0600BB
S31508032E10FDFF0961FDFF0300FCFFFFFFFFFF000045
S31508032E20F7FFFFDFFFCF000070FDAE54FF9F0000E2
S31508032E30000000003F000508080005000000000028
S31508032E40000000003F00090E0E010B000000000001
S31508032E50000000003F00111F1F03160000000000BA
S31508032E60000000002000000000000700000000002A
S31508032E7000002100050E0E02080000002A000000CB
S31508032E80280009130F010B00000089000000290020
S31508032E9008130F010B000000D50000002A000B0AD7
S31508032EA00F020E000000110100002B000E0D0D028B
S31508032EB0110000006C0100002D00080308010A0038
S31508032EC000007801000030000D0E0E010E00000010
S31508032ED0DA01000031000B0E0E020E0000002E026E
S31508032EE0000032000D0E0E010E00000090020000D5
S31508032EF033000C0E0E010E000000E402000034003D
S31508032F000E0E0E000E0000004603000035000C0EE0
S31508032F100E010E0000009A03000036000D0E0E0186
S31508032F200E000000FC03000037000C0E0E010E0015
S31508032F3000005004000038000D0E0E010E000000BC
S31508032F40B204000039000C0E0E010E00000006053F
S31508032F5000003A00040B0B02080000001C050000E1
S31508032F603F000B0E0E010C00000070050000410027
S31508032F70100E0E0010000000E005000042000E0EC1
S31508032F800E010F0000004206000043000D0E0E015D
S31508032F900E000000A406000044000F0E0E011100E7
S31508032FA000001407000045000C0E0E010E00000079
S31508032FB06807000046000C0E0E010D000000BC0752
S31508032FC0000047000E0E0E01100000001E08000048
S31508032FD048000E0E0E01110000008008000049008B
S31508032FE0090E0E010B000000C60800004A000A0E6F
S31508032FF00E000B0000000C0900004B000F0E0E011B
S315080330000F0000007C0900004C000C0E0E010D0099
S315080330100000D00900004D00110E0E011300000038
S315080330204E0A00004E000F0E0E0111000000BE0AE4
S3150803303000004F000F0E0E01110000002E0B0000BA
S3150803304050000D0E0E010F000000900B00005100FA
S315080330500F120E0111000000200C000052000F0E83
S315080330600E0110000000900C000053000D0E0E0117
S315080330700E000000F20C000054000E0E0E000E00A7
S315080330800000540D000055000E0E0E01100000003E
S31508033090B60D000056000F0E0E000F000000260E98
S315080330A000005700160E0E0017000000C00E0000A1
S315080330B058000F0E0E000F000000300F00005900D5
S315080330C00F0E0E000F000000A00F00005A000E0E90
S315080330D00E000E000000021000005F001002FFFF42
S315080330E00E0000601210000061000C0B0B000D00AF
S315080330F000005410000062000D0F0F010E000000BF
S31508033100BD10000063000C0B0B000C000000FF1041
S31508033110000064000D0F0F000E0000006811000088
S3150803312065000D0B0B000D000000B51100006600CD
S31508033130090F0F00080000000012000067000D0FBA
S315080331400B000E0000006912000068000C0F0F0147
S315080331500E000000C31200006900050F0F010700E7
S315080331600000F01200006A0008130FFF08000000B1
S315080331703C1300006B000D0F0F010D000000A51393
S3150803318000006C00050F0F0107000000D2130000B2
S315080331906D00130B0B0115000000401400006E00B0
S315080331A00C0B0B010E000000821400006F000D0BC0
S315080331B00B000E000000CF14000070000D0F0B016A
S315080331C00E0000003815000071000D0F0B000E00ED
S315080331D00000A11500007200090B0B010A0000008C
S315080331E0D815000073000C0B0B000C0000001A1610
S315080331F000007400090E0E000900000060160000A6
S3150803320075000C0B0B010E000000A21600007600D9
S315080332100D0B0B000D000000EF1600007700140BD2
S315080332200B00140000005D17000078000D0B0B005F
S315080332300D000000AA17000079000D0F0B000D0002
S315080332400000131800007A000C0B0B000C0000009A
S315080332500000000020000000000005000000000038
S3150803326000003000090C0C010A0000003C000000B5
S315080332703100070C0C010A0000006C000000320044
S31508033280090C0C000A000000A800000033000A0C11
S315080332900C000A000000E40000003400090C0C00CE
S315080332A00A0000002001000035000A0C0C000A0081
S315080332B000005C0100003600080C0C010A0000003F
S315080332C08C01000037000A0C0C010A000000C80133
S315080332D0000038000A0C0C000A0000000402000073
S315080332E03900090C0C010A000000400200003A00EC
S315080332F005090901070000005B0200003F00070CEF
S315080333000C02080000008B02000041000B0C0CFFA6
S315080333100A000000D30200004D000D0C0C000D003E
S3150803332000002703000050000A0C0C0009000000E7
S315080333306303000052000A0C0C000A0000009F03F6
S31508033340000054000A0C0C0109000000DB0300000E
S315080333506500090909000900000008040000670060
S31508033360090C090009000000440400006900050C63
S315080333700C0004000000680400006D000E09090033
S315080333800F000000A70400006E00090909000A00DF
S315080333900000D40400007500090909000A000000AA
S315080333A0000000003100090E0E010D000000460062
S315080333B0000032000C0E0E000D0000009A000000FB
S315080333C03F000A0E0E020B000000E0000000520048
S315080333D00D0E0E000E0000004201000053000E0EF3
S315080333E00E000E000000A401000061000B0B0B0089
S315080333F00C000000E601000065000C0B0B000C0036
S315080334000000280200007400080E0E0108000000E0
S315080334100000000020000000000008000000000073
S3150803342000003F000C1111020E00000066000000A8
S3150803343043001011110110000000EE0000004800BF
S3150803344013111100120000009801000049000D1124
S3150803345011000C0000000F02000061000E0D0D00A4
S315080334600F0000006A02000063000E0D0D000D0038
S315080334700000C502000065000F0D0D000F000000D7
S315080334802D03000066000C111100090000009303C8
S31508033490000069000911110008000000E803000094
S315080334A06C0009111100080000003D0400006E00BD
S315080334B00F0D0D0010000000A50400006F000F0D8E
S315080334C00D000F0000000D05000072000C0D0D0025
S315080334D00B0000005B05000074000A1111010A00C5
S315080334E00000B005000075000F0D0D011000000067
S315080334F000000000000000000000000000000000BB
S31508033500000000000000000000000000E4060308B5
S31508033510FC060308440703085C080308B4200308E9
S31508033520B82503081828030880410308000000206B
S315080335306002000010020008B04103086002002080
S31508033540D8CD0100500200084C00000044000000DA
S315080335501900000054000000540000005400000045
S315080335605400000054000000540000002D00000021
S315080335700D000000000000003E0000003A000000B5
S315080335804C005F0058003A00020020000A004C0075
S315080335905F0059003A000200000052005F0058001D
S315080335A03A0002000A0052005F0059003A0002007E
S315080335B0000048007500720072006900630061002C
S315080335C06E00650020004300740072006C00200042
S315080335D049006E0066006F000000520075006E0019
S315080335E06E0069006E006700540069006D0065008F
S315080335F00200000056003A00020000004B00650076
S3150803360079003A00020000005200310053007400AA
S315080336106100740065000000520032005300740014
S315080336206100740065000000300000000301030117
S31508033630060104040404040404040404040405003D
S3150803364004040404040404041C00000043000000EA
S31508033650F8FFFFFF0C0000000E0000000F0000003B
S315080336602E0000001001000043000000F8FFFFFFD2
S315080336700040404040404040404041414141414074
S315080336804040404040404040404040404040404029
S3150803369040050202020202020202020202020202B8
S315080336A002202020202020202020200202020202BD
S315080336B00202909090909090101010101010101015
S315080336C01010101010101010101010100202020221
S315080336D00202888888888888080808080808080865
S315080336E00808080808080808080808080202020261
S315080336F04000000000000000000000000000000079
S3150803370000000000000000000000000000000000A8
S315080337100000000000000000000000000000000098
S315080337200000000000000000000000000000000088
S315080337300000000000000000000000000000000078
S315080337400000000000000000000000000000000068
S315080337500000000000000000000000000000000058
S315080337600000000000000000000000000000000048
S3150803377000000000413FFDFF1D3FFDFF313FFDFFF8
S31508033780B6CBFC7F0100000000E8FC7FB00884800C
S3150803379000E8FC7F01000000FC3EFD7FB008848042
S315080337A01C3FFD7FB0B0B080223FFD7FAB38B280AF
S315080337B0483FFD7F08840980703FFD7FAA3FB2809A
S315080337C0E03FFD7FA837B2801040FD7FB0B0AA80E6
S315080337D07840FD7FB0AF00807042FD7FB0AC0580B6
S315080337E07043FD7FB0B0AA80DC43FD7F6CD5FE7FB6
S315080337F09844FD7F7CD5FE7F5445FD7F8CD5FE7F9F
S315080338001046FD7F9CD5FE7FD446FD7FACD5FE7F53
S315080338109847FD7FBCD5FE7F5848FD7FCCD5FE7FF4
S315080338201C49FD7FB0AE0B80BC49FD7F010000003B
S31508033830B04AFD7FB0AC0B80304BFD7F0884018016
S315080338403C4BFD7F010000003C4BFD7FB0088480A4
S315080338505E4BFD7FB0AC0F80E24BFD7FB0AC1180B1
S31508033860AE4CFD7FB0B0B080BE4CFD7FB0088480FF
S31508033870D64CFD7FB0B0B080164DFD7FB0A8018051
S31508033880384DFD7FB0AF0C808E50FD7FB0B0A88059
S315080338909650FD7FB0AB0280EA50FD7FB00B848063
S315080338A0FC50FD7FB0B0AA802E52FD7FB0B0A88031
S315080338B08652FD7FB00884809452FD7FB0AC0180A8
S315080338C0D852FD7F088403809453FD7F08840180C2
S315080338D0AC53FD7F088403805C54FD7F0884018014
S315080338E07454FD7F010000009854FD7F088401800D
S315080338F05055FD7F088403806455FD7FB0A8078073
S31508033900B055FD7F01000000D455FD7FF4D4FE7F3A
S315080339105056FD7F00D5FE7F3857FD7F0100000016
S315080339209857FD7FB0B0AB801058FD7FB0AF0A80C3
S31508033930DC58FD7FB0AB00807859FD7F010000009D
S31508033940185AFD7F08840180445AFD7FF8D4FE7F08
S315080339506065FD7F010000007065FD7F18D6FE7F58
S315080339603866FD7F01000000CC66FD7F20D6FE7F0A
S315080339700C67FD7F010000003867FD7F088401801E
S315080339804467FD7F088405807867FD7F0100000092
S31508033990AC67FD7F08840180C067FD7F08840380C8
S315080339A0E067FD7F010000006868FD7F08840180E9
S315080339B0C068FD7F088407801469FD7F0884018039
S315080339C02C69FD7F010000003069FD7F08840180B2
S315080339D03C69FD7F010000003C69FD7F0884018086
S315080339E05469FD7F088403806869FD7FB0A8078052
S315080339F0B469FD7F01000000D869FD7F0884038050
S31508033A00486AFD7F010000006C6AFD7F0884018017
S31508033A10746AFD7F08840980B06AFD7F0884018083
S31508033A20D86AFD7F7CD5FE7F506BFD7F01000000C1
S31508033A30906BFD7FB0A80780586CFD7F01000000DE
S31508033A406C6CFD7F08840180CC6CFD7F010000004F
S31508033A50D06CFD7F088409807870FD7F0884038015
S31508033A609C71FD7F08840180A871FD7F0100000019
S31508033A705072FD7F48D5FE7FD872FD7F0100000096
S31508033A80E872FD7F50D5FE7F1673FD7F01000000A7
S31508033A901473FD7F08840380C473FD7FB008848094
S31508033AA0DC73FD7F088403800074FD7FB00884807F
S31508033AB05074FD7F010000004076FD7F0884018075
S31508033AC04C76FD7F01000000EC85FD7F08840180AC
S31508033AD0F685FD7F01000000988AFD7F0884018032
S31508033AE0B08AFD7F010000004091FD7F08840580B0
S31508033AF0B491FD7F01000000E499FD7F08840180ED
S31508033B00F499FD7F01000000689CFD7F088401800D
S31508033B10729CFD7F01000000749DFD7FB0AF10808D
S31508033B204C9EFD7F01000000709EFD7F0884058082
S31508033B30949EFD7FB8D4FE7FD09EFD7F01000000D2
S31508033B40209FFD7F08840180989FFD7F0100000068
S31508033B50BC9FFD7F08840D80E0A0FD7F088401805B
S31508033B6038A1FD7F0100000000A4FD7F08840580BD
S31508033B7050A4FD7F0100000074A4FD7F0884018022
S31508033B80BEA4FD7F01000000E0A6FD7F0884078030
S31508033B9000A8FD7F01000000ACA9FD7F0884018011
S31508033BA0F0A9FD7F60D4FE7F84AAFD7F0100000093
S31508033BB0B8AAFD7F08840180D4AAFD7F010000000E
S31508033BC098ABFD7F58D4FE7FF0ABFD7F0100000064
S31508033BD010ADFD7F088401801CADFD7F0100000048
S31508033BE024ADFD7F0884018040ADFD7F0100000000
S31508033BF084ADFD7F08840180A4ADFD7F010000002C
S31508033C00C8ADFD7F08840180E0ADFD7F010000009B
S31508033C100CAEFD7FB0B0B08006AEFD7F010000009C
S31508033C2018AEFD7FB0B0B08014AEFD7F0100000072
S31508033C301CAEFD7FFCD3FE7F60AEFD7F0100000056
S31508033C4090AEFD7F088401809CAEFD7F01000000D5
S31508033C50BCAEFD7F08840380E4AEFD7F010000004F
S31508033C60E4B0FD7F08840180F8B0FD7F0100000001
S31508033C70D8B2FD7F08840180E4B2FD7F010000000D
S31508033C80D0B3FD7F088403800AB4FD7F01000000DA
S31508033C9048B4FD7F0884038004B5FD7F0100000056
S31508033CA098B7FD7F0884078024B8FD7F01000000CC
S31508033CB068BFFD7F0884038084BFFD7F0100000081
S31508033CC0A0BFFD7F08840780E0C0FD7F01000000D8
S31508033CD0E8C0FD7F0884078020C1FD7F010000003E
S31508033CE08CDDFD7F08840380DEDDFD7F0100000097
S31508033CF0F4DFFD7F088405801AE0FD7F01000000DC
S31508033D0028E0FD7F0884058050E0FD7F0100000060
S31508033D101CE2FD7F0884018038E2FD7F0100000074
S31508033D209CE2FD7F08840180C8E2FD7F0100000054
S31508033D3018E3FD7F08840580ECE3FD7F010000009E
S31508033D40B4E7FD7F08840180C2E7FD7F0100000018
S31508033D509CEDFD7F08840180AAEDFD7F010000002C
S31508033D6040F1FD7F088403806CF1FD7F08840180A0
S31508033D7084F1FD7F01000000CCF2FD7F08840180F9
S31508033D80DAF2FD7F01000000C402FE7F0884038087
S31508033D90F402FE7F01000000B003FE7F088403805F
S31508033DA0E603FE7F010000008C04FE7F088403807F
S31508033DB0D404FE7F010000008805FE7F0884038083
S31508033DC0AC05FE7F08840180D405FE7F0100000050
S31508033DD0F405FE7F088401802C06FE7F010000009F
S31508033DE08807FE7F088401809C07FE7F0100000088
S31508033DF0FC0BFE7F08840380380CFE7F010000005D
S31508033E00FC2CFE7F08840380522DFE7F01000000F0
S31508033E10782DFE7F088403809C2DFE7F0884058009
S31508033E20C42DFE7F01000000282EFE7F088405802E
S31508033E30882EFE7F14D2FE7F022FFE7F010000002C
S31508033E408833FE7F08840180A433FE7F01000000C7
S31508033E50C835FE7F08840180E035FE7F0100000037
S31508033E602836FE7F088401804036FE7F0100000065
S31508033E708C36FE7F08840180A436FE7F010000008D
S31508033E80C037FE7F088403807E38FE7FB0B0B080DB
S31508033E907E38FE7FB00B8480DA38FE7FB0AB0080B5
S31508033EA04039FE7FB0B0B0803E39FE7FB0A80180AE
S31508033EB06639FE7FB0B0B0806E39FE7FB008848065
S31508033EC07639FE7FB0B0B0807439FE7FB0AF00801C
S31508033ED0F63AFE7F0B8403807E3BFE7FB00B84801D
S31508033EE0A63BFE7FB0088480D83BFE7FB0B0A8808F
S31508033EF0E63BFE7FB00884801E3CFE7FB00B8480C1
S31508033F00583CFE7FB0B0B080F43FFE7FB0B0A880C7
S31508033F102040FE7FB0B0B0801E40FE7FB0AB00806D
S31508033F205440FE7FB0B0AC80EC40FE7FB00884807E
S31508033F30AA41FE7FB0AC0F802842FE7FB0AD028057
S31508033F405843FE7FB00884807C43FE7F0884018043
S31508033F508443FE7F010000000C46FE7F0884078029
S31508033F60A046FE7F010000002848FE7F08840180E2
S31508033F704048FE7F010000004C4AFE7FE8D0FE7FE2
S31508033F80784AFE7FECD0FE7FA84AFE7F0100000038
S31508033F908C4CFE7F08840780CC4CFE7F0100000012
S31508033FA07056FE7F088401808A56FE7F0100000052
S31508033FB0A857FE7F08840180B057FE7F01000000E2
S31508033FC0BC5FFE7F08840380C860FE7F0100000093
S31508033FD0CC60FE7FB0B0B080E860FE7FA0D0FE7FE5
S31508033FE05461FE7FB00884808461FE7FB0B0B080E0
S31508033FF09461FE7FA8D0FE7FB861FE7FB0B00180D2
S31508034000C861FE7F088403800062FE7FB0B001802A
S315080340101062FE7F010000002862FE7FB0B00180B7
S315080340203262FE7F010000004062FE7FB0B0B080BE
S315080340304062FE7F01000000EC62FE7FB0B0B080F4
S31508034040FC62FE7FB0088480FE62FE7F68D0FE7F36
S315080340502063FE7F7CD0FE7F6663FE7F90D0FE7F63
S31508034060B863FE7FA4D0FE7F3065FE7FF8D0FE7F5F
S315080340705665FE7FB00B8480E465FE7FB0B0B080E2
S31508034080F065FE7FB0AB00803866FE7FB00884809B
S315080340905866FE7FB0B0AA80DC66FE7F088401807E
S315080340A0CC67FE7FB0088480E467FE7F08840380BC
S315080340B02C68FE7FB0AD04809068FE7FB0088480CC
S315080340C0A068FE7FB0AC0B80C869FE7F01000000C4
S315080340D0E669FE7FB0B0AA800C6AFE7FB0B0A880FE
S315080340E0206AFE7FB0B0AA80446AFE7FB00B848044
S315080340F0846AFE7FB00884808E6AFE7FB0B0B08083
S315080341008C6AFE7FB0B0AC80BA6AFE7FB0AA09801B
S315080341101A6BFE7FB0B0B0801C6BFE7F01000000F7
S31508034120226BFE7FB0088480206BFE7F01000000AF
S31508034130726DFE7FB0B0B080BC6DFE7F01000000DB
S31508034140189AFE7FB0088480209AFE7F010000003B
S315080341501C9AFE7F08840380689AFE7FB0088480D1
S31508034160709AFE7F01000000189EFE7FB0088480C7
S315080341703C9EFE7FB0B0B0803C9EFE7F01000000EF
S315080341804A0024F4001C1702085A33E8030A153DAB
S315080341900F000885A10108014201C201320142014B
S315080341A0421005FFAAAAAAAA01FF011900000000E6
S705080001AD44
