:020000040800F2
:1000000088FB0120550300086D5900083D54000885
:1000100069590008B91C0008B1760008000000000A
:10002000000000000000000000000000B1690008AE
:100030006D1F000800000000115F0008456A0008FD
:100040006F0300086F0300086F0300086F030008C8
:100050006F0300086F0300086F0300086F030008B8
:100060006F0300086F0300086F0300086F030008A8
:100070006F0300086F0300086F0300086F03000898
:100080006F0300086F0300086F0300086F03000888
:100090006F0300086F0300086F0300086F03000878
:1000A0006F0300086F0300086F0300086F03000868
:1000B0003D6B00086F0300086F0300086F03000822
:1000C0006F0300086F0300086F0300086F03000848
:1000D0006F0300085D7600086F0300086F030008D7
:1000E0006F0300086F0300086F0300086F03000828
:1000F0006F0300086F0300086F0300086F03000818
:100100006F0300086F0300086F0300086F03000807
:100110006F0300086F0300086F0300086F030008F7
:100120006F030008B51D0008C51D00086F03000817
:100130006F0300086F0300086F0300086F030008D7
:100140006F0300086F0300086F0300086F030008C7
:100150006F0300086F030008D51D00086F03000837
:100160006F0300086F0300086F0300086F030008A7
:100170006F0300086F0300086F0300080000000011
:100180006F0300086F0300086F0300086F03000887
:100190006F0300086F0300086F0300086F03000877
:1001A0006F0300086F030008A51D000800F002F8A7
:1001B00000F0C1F814A696E8000CB244B344DA4546
:1001C00001D100F0B8F8BAE80F000FA696E83000A9
:1001D000A5EB040504EB0607AAEB0704A7F101074A
:1001E0004FEA15154FEA3414A4F10104AC4201D3CF
:1001F00000F0A1F813F0010F18BFFB1A43F0010340
:1002000000F001F8DBE71847C84E0300E84E030092
:100210000A4410F8014B14F00F0508BF10F8015BF9
:10022000240908BF10F8014B6D1E05D010F8013BE2
:100230006D1E01F8013BF9D1641E03D0641E01F864
:10024000015BFBD19142E4D370470000704700008E
:100250000023002400250026103A28BF78C1FBD8CF
:10026000520728BF30C148BF0B6070476E2900F0AD
:100270003984702900F08785662921F02484652956
:1002800021F02184672921F01E84612921F01D8439
:1002900003681B0A28BF41F08001692900F0E6834A
:1002A000642900F0E383752900F0E0836F2900F0F2
:1002B0001585782900F05385E92900F0AF84E429F9
:1002C00000F0AC84F52900F0A984EF2900F0128534
:1002D000F82900F052850368DB0928BF41F080014E
:1002E000632901F0B582732901F0BA82E32901F094
:1002F000C582F32901F0CA82002070471FB521F0A2
:10030000D5FB9DE8030000F0C3FA01F06DFB04008B
:100310000020002120F03CFF401C606000200021F4
:1003200020F020FFE06000F081FA1FBD10B5002032
:1003300001F0E9FA10BD01F029FB1146FFF7DEFFDD
:100340001BF0FAFF01F006FC03B4FFF7EFFF03BC5C
:100350001BF0C6FA0948804709480047FEE7FEE758
:10036000FEE7FEE7FEE7FEE7FEE7FEE7FEE7FEE765
:1003700004480549054A064B70470000296B0008F0
:10038000AD01000888DB012088FB012088EB0120FB
:1003900088EB012070B5064600F05EFA056806F1AC
:1003A0000B0020F00704B4429CBF002070BD2B4618
:1003B0006A68BAB11068A04210D304F108018842FB
:1003C0003CBF5068586007D35168101941601168EC
:1003D000091B016058601460101D70BD13465268FF
:1003E000002AE7D12146284600F03EFA0028DED157
:1003F00070BD70B50446051F00F02EFA0068002C91
:1004000014BF446870BD002C18BFAC423CBF2046EE
:100410006468F8D301680A18AA4218BF456003D17E
:100420002A6805461144016028684119A1421CBF91
:100430006C6070BD6168696021680844286070BDA7
:1004400070B50D460646041F00F006FA0268BDB1FD
:10045000DEB105F10B0020F00701A9423CBF0020EE
:1004600070BD23688B4238BF506813D35A1A082ACC
:1004700036D3601840F8042B2160FFF7BAFF2FE055
:100480003046FFF7B6FF002070BD2846BDE870403B
:10049000FFF780BF002818BFA0423CBF024640685B
:1004A000F8D303EB040C84451CD1D0F800C063449E
:1004B000994217D8A3EB010CBCF1080F0DD3D0F86B
:1004C00004C06318C3F804C0D4F800C000686044D6
:1004D000401A18602160536002E023604068506059
:1004E000201D70BD2846FFF755FF050008D0314696
:1004F0002068021F284600F012F9201DFFF779FF3F
:10050000284670BD53EA020C00F069802DE9F04BDB
:100510004FF00006002B1FBFB3FA83F503FA05F472
:1005200024FA05F65E4012BF1643B2FA82F502FACB
:1005300005F4C5F120051EBF22FA05FC44EA0C04AF
:10054000203556EA044C4FEA144418BF641C4FF09F
:1005500000084FF00009904271EB030C39D30029D9
:1005600019BFB1FA81F701FA07F6B0FA80F700FA7D
:1005700007F6C7F120071EBF20FA07FC46EA0C0663
:100580002037B6FBF4FCA7EB0507103F07F01F0B65
:10059000CBF120062CFA06F60CFA0BFB44BFB3464F
:1005A0000026202FA4BF5E464FF0000B5BEA060C2E
:1005B00008BF4FF0010B19EB0B0948EB0608ABFB2A
:1005C000027C06FB02CC0BFB03CCC01B71EB0C01C5
:1005D000C1E70B46024641464846BDE8F08B13B5DD
:1005E000084318BF4FF0FF300146AFF30080BDE86D
:1005F0001C4070470FB4014610B504AA039800F0E0
:100600009DFA10BC5DF814FB0B460146184600F03D
:1006100094BC00000EB5054614460E4613A000F02B
:10062000A3FC284600F0A0FC16A000F09DFC30467C
:1006300000F09AFC15A000F097FC00218DF80B103B
:100640000A210DF10A008DF80A1008E094FBF1F27E
:1006500001FB124294FBF1F4303200F8012D002C22
:10066000F4DC00F081FC00F05DFC00002A2A2A2066
:10067000617373657274696F6E206661696C65641D
:100680003A2000002C2066696C6520002C206C69E3
:100690006E652000032A40F2308010F0030C00F059
:1006A000158011F8013BBCF1020F624498BF11F8AC
:1006B00001CB00F8013B38BF11F8013BA2F1040265
:1006C00098BF00F801CB38BF00F8013B11F00303DD
:1006D00000F02580083AC0F0088051F8043B083A41
:1006E00051F804CBA0E80810F5E7121D5CBF51F8E3
:1006F000043B40F8043BAFF30080D20724BF11F85D
:10070000013B11F801CB48BF11F8012B24BF00F8C1
:10071000013B00F801CB48BF00F8012B704710B532
:10072000203AC0F00B80B1E81850A0E81850B1E8AA
:100730001850A0E81850203ABFF4F5AF5FEA027CE9
:1007400024BFB1E81850A0E8185044BF18C918C019
:10075000BDE810405FEA827C24BF51F8043B40F8BA
:10076000043B08BF7047D20728BF31F8023B48BF9F
:1007700011F8012B28BF20F8023B48BF00F8012BDD
:10078000704702F0FF0343EA032242EA024200F00C
:1007900024B84FF000020429C0F0128010F0030CBE
:1007A00000F01B80CCF1040CBCF1020F18BF00F864
:1007B000012BA8BF20F8022BA1EB0C0100F00DB813
:1007C0005FEAC17C24BF00F8012B00F8012B48BF71
:1007D00000F8012B70474FF0000200B51346944615
:1007E0009646203922BFA0E80C50A0E80C50B1F189
:1007F0002001BFF4F7AF090728BFA0E80C5048BF9D
:100800000CC05DF804EB890028BF40F8042B08BF3A
:10081000704748BF20F8022B11F0804F18BF00F836
:10082000012B7047704770477047000008487CB53F
:100830007844009007487844009C0546019004E005
:100840002046016808448047241DAC42F8D17CBD95
:10085000784B03007E4B030000487047680200207D
:10086000704770477047704738B504460A46002005
:100870006946AFF30080002808BF38BD02460099E2
:10088000204600F097FB012038BD012001F063B83D
:10089000F8B5AFF30080054600200C460C2000BFE1
:1008A0000646A819A0420DD9324669460020AFF38A
:1008B0000080070008BF01F04EF80098A04218BF62
:1008C0000546C419FFF7C8FF05600746F01D20F074
:1008D00007004619284600F00AF8B44208BFF8BDE0
:1008E000A21B31463868BDE8F84000F063BB002128
:1008F0000160416070470C2070472DE9F047914638
:100900000C468046FFF7A8FF0768604234EA000003
:1009100001D1042C02D20520BDE8F087601E40F012
:10092000070609F10B0020F007054D4539D93B4674
:100930007A6882B31468101D404206EA000C6445D0
:1009400025D9A4EB0C00854221D8BCF1000F0BD0B7
:10095000104601686244A1EB0C01116041685160CE
:10096000C0F800C058600346116805F108008142D4
:1009700005D35019491B016015605860034652F8B1
:10098000040F58600020C8F80020BDE8F087134627
:100990005268002ACED129463846FFF765FF002865
:1009A000C5D10620BDE8F08770B5044685690068AA
:1009B000C10601D5302600E02026C00707D070BD53
:1009C000D4E9012130469047206A401C20626D1E08
:1009D000F6D570BD70B5044685690078C00707D1AB
:1009E00070BDD4E9012120209047206A401C20627C
:1009F0006D1EF6D570BD09684A0501D540B2704735
:100A0000C905FCD500B2704709684A0501D5C0B2D6
:100A10007047C905FCD580B2704770B50C460546D5
:100A2000012A05D02878800600D5EA69002302E073
:100A3000012305E05B1C934202D2E05C0028F9D15F
:100A4000A869E618C01AA861286A184428622846CE
:100A5000FFF7AAFF04E0D5E9012114F8010B904744
:100A6000B442F8D32846FFF7B5FF70BD2DE9F04139
:100A70000646002410687529314616A510D0FFF7E8
:100A8000BAFF002802DA404213A507E031688A075E
:100A900001D512A502E0490704D511A5012401E002
:100AA000FFF7B2FF00210A2206F1240709E0B0FB9C
:100AB000F2FCB0FBF2F302FB1C0030307854184615
:100AC000491C0028F3D123462A463046BDE8F041B0
:100AD00000F0CFBA000000002D0000002B00000045
:100AE0002000000011680268006A530501D50870F3
:100AF0000AE0D30501D5088006E0130603D5C21726
:100B0000C1E9000200E008600120704701694A1C49
:100B100002610878704700B58FB0CDE9013100213E
:100B2000059105497944CDE903101146684600F066
:100B300035F90FB000BD0000E5FFFFFF074B70B5B2
:100B40000D467B44FFF7E7FF0446284600F0A2FE6F
:100B500010B14FF0FF3070BD204670BD7BB1010079
:100B60002DE9FF5F15468A460446DFF8AC80F8445D
:100B70000027D8E900103E46CDE9001010E05AF8F1
:100B800026106A4602A800F09AFE411C07D0217880
:100B9000890603D5E269391891420DD80744761CBD
:100BA0002078800602D5E069B84205DDAE42E6DB7A
:100BB0005AF826000028E2D1A069C01BA061204697
:100BC000FFF7F2FED8E90010CDE90010002017E091
:100BD0005AF828106A4602A800F071FEB0F1FF3FF3
:100BE00081460BD000250DF1080B05E0D4E9012169
:100BF0001BF8050090476D1C4D45F7D308F1010027
:100C0000B0428046E4DB206A384420622046FFF789
:100C1000E1FEBDE8FF9F0000761402002DE9F041DF
:100C20008046D21D22F007020025D2E90002F529F4
:100C300015A614D0011E72F1000106DA0023D0EBD4
:100C4000030063EB020211A608E0D8F800108B073E
:100C500001D50FA602E0490701D50EA601251146D0
:100C6000002408F1240704E000F0BEF930323A55C0
:100C7000641C50EA0102F7D12B4632462146404619
:100C8000BDE8F04100F0F5B9000000002D000000C3
:100C90002B0000002000000030B4002100F12404EB
:100CA00008E002F00705D208303542EA4372DB085B
:100CB0006554491C52EA0305F3D10468002310A2CD
:100CC000250708D504F020040C4304D0C46901238F
:100CD0000CA2641EC46130BC00F0CBB910B5044650
:100CE00021461068FFF790FE02462046BDE81040FE
:100CF0000023D1E7D21D22F00701D1E90023CBE781
:100D00000000000030000000F0B40D460188090525
:100D100002D5214C7C4402E01F4C7C440E3400215F
:100D200000F1240608E002F00F071209E75D42EA2D
:100D300003721B097754491C52EA0307F3D1027866
:100D40000023120704D5702D06D009B102231134F7
:100D50002246F0BC00F08DB901231034F8E770B5DD
:100D600004460D4621461068FFF74EFE024629460E
:100D70002046BDE870400023C6E7D21D22F00703DD
:100D8000D3E90023C0E70368126843F0200303603F
:100D90000823C3610023B7E7D81202002DE9F05FF2
:100DA000894604464FF0000ADFF874B1FB44C0F8EE
:100DB00020A02046E1688847002874D0252806D066
:100DC000D4E901219047206A401C2062F1E7002607
:100DD0005F462046E16888472028054607DB312D1D
:100DE00005D2781910F8200C08B10643F1E7B007D6
:100DF00001D526F00406C4F81CA00027C4F818A0EA
:100E00002A2D09D0284620F0A5F938B304EB87082D
:100E1000303DC8F8185019E059F8041B204604EB7F
:100E200087029161E1688847012F054618D1E06982
:100E3000002820DA26F020061DE0D8F8180000EB84
:100E4000800005EB40003038C8F818002046E16803
:100E50008847054620F07EF90028EED1012F0AD000
:100E60002E2D08D12046E16888477F1C0546022FB9
:100E700046F02006C4DBA069002803DA404246F0B1
:100E80000106A061F00701D026F010066C2D0BD0F2
:100E9000682D09D04C2D39D06A2D35D0742D35D020
:100EA0007A2D33D016E038E0E1682F462046884797
:100EB000B842054609D16C2F26D04FF48060E16816
:100EC000064320468847054604E06C2F1AD04FF4AD
:100ED000807006430DB3A5F14100192802D82035D2
:100EE00046F400664A462946204626604E46FFF7ED
:100EF000BDF980B101280BD0F61D26F0070000F1E6
:100F0000080956E74020E4E78020D8E70020D6E72C
:100F100006F104094DE7284652E7206ABDE8F09F34
:100F20006812020010B5002000F00EFDFFF7FEF978
:100F3000BDE8104001201AF0D3BC2DE9F04107466E
:100F400015460E461020FFF725FA04000AD0676008
:100F5000C4E9026500F02AF80168216004600020FD
:100F6000BDE8F0810120FBE7014900F097BC0000DB
:100F700058D3002080E8FF1FC0F834D0C0F838E014
:100F8000C0F83CE04FF00000704700BF80EC200B41
:100F9000704700BF80EC200B704700BFC0EC200BF7
:100FA000704700000048704760020020004870470A
:100FB00098020020034640688C46002818BF8842EB
:100FC0003CBF03464068F8D318681844884207D0ED
:100FD0000CF1030020F00700001D411A521A0146CF
:100FE000081D0A60FFF705BA30B5B0F10A0271F1C9
:100FF00000034FEA900E4EEA817EB0EB0E0061EBEB
:1010000091014FEA101E4EEA017E10EB0E0041EBFB
:1010100011114FEA102E4EEA016E10EB0E0041EB5B
:1010200011214FEA104E4EEA014E10EB0E0041EB3B
:101030001141401841F100014FEAD00040EA4170EF
:101040004FEAD1014FEA810444EA907410EB800525
:1010500044EB01046D1944EB0404521BA3414FF00F
:10106000000348BF0A3200D530BD401C41F10001E9
:1010700030BD2DE9F0470D4699469246044600F1F1
:1010800024080168880604D5E06921F01001216078
:1010900000E00120A84201DD471B00E00027A16914
:1010A0007A1902EB0900081AA0612078C00602D460
:1010B0002046FFF779FC002608E0D4E901211AF860
:1010C00006009047206A401C761C20624E45F4DBE7
:1010D0002078C0060AD52046FFF766FC06E0D4E972
:1010E000012130209047206A401C2062381EA7F161
:1010F0000107F4DC07E0D4E9012118F80500904766
:10110000206A401C2062281EA5F10105F3DC204660
:10111000FFF760FC2078000602D50220BDE8F087CA
:101120000120FBE72DE9FF4F0C461E464FF0FF372D
:101130008BB0D2E90001DDF860800A908A46C1F3E5
:101140000A5505B93D46002108464FF00000BAF1A6
:10115000000F00F4400005DA00EB80004FF440017E
:1011600001EA50004FEA9059B9F1010F00DDB9468C
:101170000A9850EA4A000ED044F61050A5F2FF3506
:1011800045432F14B8F1000F1ED07542291E1EDDF5
:10119000C9F100021CE0B8F1010F4FF0000001D0CE
:1011A000302103E0F24305E02154401CB042FBDB58
:1011B00030460022002121540B99C1F80880C1E972
:1011C00000200FB0BDE8F08FBD1B6D1CDEE74A4666
:1011D00000DA694206A800F04BFC06AB93E8070072
:1011E00003AB83E8070050460A991FF0D3FB8DE854
:1011F0000700A0F500501F3800900398002D0ADD6D
:1012000042F21F014A460844002303A9039068469E
:101210001FF03CFE09E0A0F500504A461F380023AD
:1012200003A9039068461FF046FE8DE807000004FE
:10123000000C03D04FF0FF30410800E01046B8F139
:10124000000F03D00022009215461EE0751E05D443
:10125000FFF7CAFE303262556D1EF9D5B346012242
:10126000084302D000227F1C04E02078302801D1FE
:1012700000227F1E002A099784D01DE0112D07DA75
:10128000FFF7B2FE303262556D1C50EA0102F5D113
:10129000084302D00098C8B10EE00021681E05E0A6
:1012A000235C625C63542254401E491C8142F7DB7C
:1012B000AB46A81B401E0990002004F80B000B98B9
:1012C000099AC0F80880C0E9002B7AE711264FF090
:1012D000000857E72DE9F04F88460446D21D22F05A
:1012E000070191B0D1E90001CDE90A011FF01AFF11
:1012F00002460B98C00F01D02D2007E0206881071F
:1013000001D52B2002E0202101EAC000032A099028
:1013100001D0072A05DB03464146204600F068FB62
:101320000BE12078800601D5E06900E00620B8F1E5
:10133000650F814606D0B8F1660F18D0B8F1670F77
:1013400070D131E00020B9F1110F009001DB1123C1
:1013500001E009F101030AAA01A90CA8FFF7E2FEC6
:10136000DDE90C70002609F10105834647E0012004
:101370004B4600904FF000470AAA01A90CA8FFF7BE
:10138000D1FEDDE90DB00C995D46002610B909F1DA
:1013900001000D18B9EB050003D4C0F1FF3609F1C7
:1013A0000105A5EB09002BE0B9F1010F01DA4FF0BF
:1013B00001090020B9F1110F0090484601DD112309
:1013C00000E003460AAA01A90CA8FFF7ABFEDDE97D
:1013D0000C704D4600268346207800070AD4AB45A2
:1013E00000DA5D4601A8012D04DD411911F8011C48
:1013F000302907D04F4502DA17F1040F04DA012033
:1014000082460FE06D1EEEE7002F02DCED1B3E442E
:1014100003E0781CA84200DD7D1CB81B00F1010A26
:101420004FF000472078000703D4AA4501DB4FF0B6
:10143000FF3A0021B7F1004F0DF143088DF843103A
:1014400024D002202B23002F01DA7F422D230A21F2
:10145000021EA0F1010000DC5FB197FBF1FC97FBDD
:10146000F1F201FB1C7C17460CF1300C08F801CDA1
:10147000EEE7A8F1010003702188090501D5452197
:1014800000E06521A0F1010800F8011C09980FA9EE
:10149000A1EB0807FF1D00B10120411901EBEA7023
:1014A000A1693844081A401EA0612078C00602D401
:1014B0002046FFF779FA099828B1D4E9012190472D
:1014C000206A401C20622078C00622D52046FFF703
:1014D0006BFA1EE0002E04DBB34502DD01A8805D3F
:1014E00000E03020D4E901219047206A401C2062AE
:1014F000761CAAF101005FEA000A0AD100F074FA32
:10150000C0680168405CD4E901219047206A401C12
:101510002062281EA5F10105DCDC07E0D4E90121E9
:1015200018F8010B9047206A401C2062381EA7F172
:101530000107F3DC2046FFF74DFA032011B041E626
:101540002DE9F04F04460D46D21D22F0070089B068
:10155000D0E90097484639461FF0E4FD0246F80FEF
:1015600001D02D2307E02068810701D52B2302E05D
:10157000202101EAC0038DF820300BB1012000E0EA
:101580000020032A824601D0072A04DB2946204690
:1015900000F02EFA3FE12078800601D40D2500E00E
:1015A000E569C7F30A560D2D49DA00214FEA175BAA
:1015B00008464FF00000002F00F4400007DA00EB6F
:1015C00080004FF4400100EBD07001EA600081150B
:1015D000012901DD4FF0FF3100224FEA850CBCF1FB
:1015E000180F06D31346ACF118004FF08052C240DA
:1015F00003E04FF4801323FA0CF30CF10C0CBCF154
:10160000200F04D3ACF1200C09FA0CF001E007FA2A
:101610000CF000294FF0004801DD18B90FE00ED1A1
:1016200040450CD319EB02095F4121B9404502D175
:101630009F4329EA0209BBEB175F00D0761C208884
:10164000000502D57B48784402E07A48784419388E
:1016500008AA302302F80A30037C0AF10101002EA7
:101660000AF1020A53546A4602DC4FF0300101E0ED
:101670004FF031014FF001088DF8001002D0A6F2B2
:10168000FF3603E059EA470100D06B4E002D02DC23
:101690002178090704D54FF002082E218DF801109A
:1016A000C44600210BE0C7F303433F01C35C491C60
:1016B0006D1E02F80830052908F1010801DA002D35
:1016C000F1DC00210CE000EB1973491C1B786D1E46
:1016D000082902F808304FEA091908F1010801DA6F
:1016E000002DF0DC21688B0602D516E0A8F1010878
:1016F000E04505DD02EB080313F8013C302BF5D083
:10170000B8F1000F09DD02EB080313F8013C2E2BA2
:1017100003D1090701D4A8F10108002D05DD3E2100
:1017200002F808106D1E08F10108407C002E02F836
:10173000080008F1010804DA2D20764202F80800BA
:1017400002E02B2002F808000A214FF47A7086424A
:1017500008F101080BDB96FBF0F3303302F8083098
:1017600096FBF0F308F1010800FB136601E0642E1C
:101770000CDB642096FBF0F3303302F8083096FB64
:10178000F0F308F1010800FB136601E00A2E06DB06
:1017900096FBF1F0303002F8080008F1010896FBE2
:1017A000F1F001FB1060303002F80800A16908F187
:1017B000010808EB050202EB0A00081AA061207874
:1017C000C00602D42046FFF7EFF8216A08AE01EB0D
:1017D0000A00206204E0D4E9012116F8010B9047C9
:1017E000BAF1010AF7D22078C00602D52046FFF7E9
:1017F000DBF86E4609E016F8010B3E280FD0D4E95D
:1018000001219047206A401C2062B8F10108F2D201
:101810002046FFF7DFF809B00320BDE8F08F206A0B
:101820002844206203E0D4E90121302090476D1E56
:10183000EBD3F8E7F209020002FCFFFF10B54369A1
:1018400013B1AFF3008001E0FFF7E7F8012010BD0E
:10185000127800F124010A7000224A700122EDE79B
:1018600011684FF0FF32E9E710B5436913B1AFF3E8
:10187000008001E0FFF774F9012010BD126800F14B
:1018800024014262002282620122EDE711684FF0DA
:10189000FF32E9E7007B00F08000704770B50D462D
:1018A000044604E029461AF00BFA401C04D014F850
:1018B000010B0028F6D170BD4FF0FF3070BD2DE94F
:1018C000F04116460C46054600F086F8036893F88A
:1018D0000101012807D0FF2C12D8185D80B101202A
:1018E0002C70BDE8F081D3F807013246214603F29F
:1018F0000713C7182846BC46BDE8F04101236047DE
:101900004FF0FF30EDE72DE9F0410646FFF74EFBC3
:101910008046454613E016B1E068B0420ED120681B
:101920002860D4E90101D8F8007088472046FEF706
:1019300060FDD8F80000B842EBD100E025462C68E5
:10194000002CE8D1BDE8F08110B500F011F9BDE838
:10195000104000F008B910B500F022F9BDE81040C1
:1019600000F001B986469EE8FF1FDEF834D0DEF8AD
:101970003CE0704790EC200B704700BF90EC200BD0
:10198000704700BFD0EC200B704770477546FFF7DB
:1019900009FBAE4605006946534620F00700854620
:1019A00018B020B5FEF7E4FCBDE820404FF000067B
:1019B0004FF000074FF000084FF0000BAC46ACE8CA
:1019C000C009ACE8C009ACE8C009ACE8C00921F026
:1019D00007018D467047000010B500F005F8001DA6
:1019E00010BD00BFADF70100004870478002002025
:1019F0002DE9F0411F46044603260168072A01F439
:101A0000006004DB08B116A505E016A503E008B1E7
:101A100015A500E015A521F010002060A069C01EEA
:101A2000A0610FB1401EA0612046FEF7BDFF4FB17F
:101A3000D4E9012138469047206A401C2062C01C2E
:101A4000206206E0206AFAE7D4E9012115F8010BCB
:101A50009047761EF8D22046FEF7BCFFBDE8F08125
:101A60004E414E006E616E00494E4600696E660042
:101A70002DE9F047814616468AB0354878440DC8AE
:101A80008DE80D0032487844801C03AC0DC884E812
:101A90000D0041F69B300844372190FBF1F290FB9A
:101AA000F1F5A5F1800501FB12041B3C02D564424F
:101AB000012000E00020DFF898A080460027FA44CB
:101AC000AAF1BE0A0EE0E0070AD03246684607EBEC
:101AD000470101230AEB81011FF0EDF98DE80700B2
:101AE00064107F1C002CEED1194F7F44AE3F19E0EB
:101AF000E80715D007EB04100DF1180A90E80E0066
:101B00008AE80E00C068F04201D198190890324668
:101B1000012306A903A81FF0CEF903AB83E8070051
:101B20006D10641C002DE3D14FF00103324669466D
:101B3000B8F1000F03A802D01FF0A8F901E01FF0D0
:101B4000BAF9C9E90001C9F808200AB0BDE8F08770
:101B50004C06020010B50446AFF300802046BDE8F5
:101B60001040FEF7F1BB002801D019F0B9BE704754
:101B700010B5002102A000F079F8012010BD00008E
:101B8000534947414252543A2041626E6F726D612F
:101B90006C207465726D696E6174696F6E0000000F
:101BA00010B5012805D0002103A000F05FF8012046
:101BB00010BD09A1F8E7000053494752544D454D67
:101BC0003A204F7574206F662068656170206D65DE
:101BD0006D6F7279000000003A2048656170206DD9
:101BE000656D6F727920636F7272757074656400D1
:101BF00030B44FF0013C50F8042B51F8043BCCFAC0
:101C000052F4D51A20D1FCB950F8042B51F8043BFA
:101C1000CCFA52F4D51A17D1B4B950F8042B51F8B4
:101C2000043BCCFA52F4D51A0ED16CB950F8042BFF
:101C300051F8043BCCFA52F4D51A05D1002CDAD075
:101C400030BC4FF00000704729BAB1FA81F111F0B1
:101C50001801D1F120008440F2D1CA40CB4012F0EB
:101C6000FF0213F0FF0330BCD01A704770B5054671
:101C70000C460A2000E06D1C00F011F835B1287800
:101C80000028F8D102E0641C00F009F814B12078B3
:101C90000028F8D1BDE870400A20AFF3008008B5F5
:101CA00069468DF800000320ABBE08BD80B54FF437
:101CB000204019F06FFE80BDFFE7FEE7B0B5304A67
:101CC0004CF24025136823F0010313602D4A4FF6B0
:101CD000F07314681C40AC4205D0146823404CF2E9
:101CE0007024A3422BD12B4A126832B12B4A012314
:101CF00093609368002BFCD11AE0274A13686FF3B6
:101D00001F33B3F58A6F0DD0136840F283446FF32D
:101D10001F33A34206D0126840F285436FF31F328F
:101D20009A42E3D11E4A012393609368002BFCD1B1
:101D300010601068401AB0FA80F04009B0BD146815
:101D40004FF6F0734DF220251C40AC4205D01268CE
:101D50001A404DF230239A42C8D10B4A0B4CD2F8AC
:101D6000F833A3420AD1D2F8FC33094CA34205D17F
:101D7000012393609368002BFCD1D9E70020B0BD0C
:101D8000002000E000ED00E0004C024601001700DA
:101D900001DDC5A3002004E00010005C003002401B
:101DA000004C025880B54DF22040C2F2000000F015
:101DB00027FA80BD80B54DF26440C2F2000000F009
:101DC00055FC80BD80B54DF2C840C2F2000000F065
:101DD0004DFC80BD80B54DF22C50C2F2000000F0E9
:101DE00045FC80BD82B001900198007810384AF619
:101DF000AB21CAF6AA21A0FB0110000900900099AE
:101E000042F23C10C0F60200405C0199086600985E
:101E1000042807D3FFE701990868042262F3090048
:101E2000C86506E00199086840F2FF329043C86532
:101E3000FFE70198C06D02B07047000086B00590C2
:101E4000002004900598806A03900598806900BB83
:101E5000FFE703980290032819D80299DFE801F000
:101E6000020C0216059890F82F00C00718B1FFE782
:101E700001200490FFE70BE00598C06AB0F1C07F35
:101E800003D1FFE701200490FFE701E000E0FFE756
:101E900040E005988069B0F5005F22D1FFE7039824
:101EA000019003281BD80199DFE801F00205020F19
:101EB0000120049014E0059890F82F00C00718B195
:101EC000FFE701200490FFE70AE00598C06AB0F13F
:101ED000C07F03D1FFE701200490FFE700E0FFE7A8
:101EE00017E003980090032804D3FFE70098032825
:101EF00003D00CE0012004900AE0059890F82F0030
:101F0000C00718B1FFE701200490FFE700E0FFE7FA
:101F1000FFE7FFE7049806B07047000084B0039025
:101F200002910192009303980168086820F48020D0
:101F30000860009803990968486003988068402801
:101F400009D1FFE70198039909688860029803990D
:101F50000968C86008E002980399096888600198D8
:101F600003990968C860FFE704B070477047000034
:101F700080B50CF0F1FD80BD80B54FF4054019F03F
:101F800009FD642019F056FE80BD000072B6FFE71F
:101F9000FEE7000081B000900098006980B201B0B7
:101FA0007047000080B586B005908DF813100020B2
:101FB0008DF812008DF811008DF81000ADF80E00AC
:101FC0008DF81200FFE79DF812009DF8131088426B
:101FD00034DAFFE70020C4F20200029010210191E0
:101FE0000022009201F078F8009819F059FD00984D
:101FF00019F056FD19F00CFD8DF8110019F008FDCF
:102000000199024602988DF81020012201F064F82F
:102010009DF811109DF8100040EA0120ADF80E0067
:10202000BDF80E0005999DF8122021F81200FFE777
:102030009DF8120001308DF81200C4E706B080BD93
:1020400080B582B00090009818B9FFE70120019098
:1020500010E00098806838B9FFE7009900204860D8
:10206000009800F00BF8FFE700990120886000203D
:102070000190FFE7019802B080BD000082B001909E
:102080000198006843F20001C4F20201884212D1B3
:10209000FFE7FFE70020009043F63000C4F20200A3
:1020A000016841F480510160006800F480500090A4
:1020B0000098FFE7FFE702B07047000081B0009092
:1020C00001B0704786B00490039104984068B0F561
:1020D000403F06D0FFE70498406808B1FFE7FFE7FC
:1020E000FFE7FFE70498806B012803D1FFE7022098
:1020F000059081E0049901208863FFE7FFE70499D8
:102100000220C8630498039900EB01101830029074
:1021100002994868896840EA014000900F20CFF694
:1021200003700190029840680A2805D0FFE70298E2
:102130004068092807D1FFE70298C17B009840EA70
:102140000160009006E00298C168009840EA0160D2
:102150000090FFE7039810BBFFE704980068406A0F
:1021600001998843009908430499096848620298D4
:102170000068049909688861029840680A2805D0B7
:10218000FFE702984068092808D1FFE70298C06875
:1021900020F07F40049909688862FFE721E00498F5
:1021A0000068C06901998843009908430499096847
:1021B000C86102980068049909680861029840683B
:1021C0000A2805D0FFE702984068092808D1FFE7F0
:1021D0000298C06820F07F40049909680862FFE710
:1021E000FFE704990120C863FFE704990020886392
:1021F000FFE700200590FFE7059806B07047000054
:1022000080B584B0039003980068406802900398FA
:102210000068006801909DF80800C00730B3FFE730
:102220009DF80500C00700B3FFE703980168086840
:1022300020F4807008600399086C40F00100086485
:10224000039801680120886003990420C863FFE7B0
:10225000039900208863FFE70398406920B1FFE7F6
:10226000039841698847FFE7FFE7FFE79DF808000B
:102270008006002827D5FFE79DF805008006002886
:1022800020D5FFE703980168086820F40050086033
:1022900003980168202088600399086C40F00200D0
:1022A000086403990420C863FFE70399002088634A
:1022B000FFE70398406920B1FFE703984169884729
:1022C000FFE7FFE7FFE79DF808000007002827D594
:1022D000FFE79DF805000007002820D5FFE70398D9
:1022E0000168086820F4006008600398016808200D
:1022F00088600399086C40F0040008640399042086
:10230000C863FFE7039900208863FFE703984069EB
:1023100020B1FFE7039841698847FFE7FFE7FFE740
:102320009DF808004007002815D5FFE79DF8050037
:10233000400700280ED5FFE703980168086820F4DD
:10234000806008600398016804208860039800F0AA
:1023500097F8FFE7FFE79DF808008007002825D5DC
:10236000FFE79DF80500800700281ED5FFE70398CA
:102370000168086820F40070086003980168022072
:1023800088600399086C086403990120C863FFE71B
:10239000039900208863FFE70398006920B1FFE7F5
:1023A000039801698847FFE7FFE7FFE79DF808000A
:1023B000C006002820D5FFE79DF80500C0060028CC
:1023C00019D5FFE703980168086820F48050086079
:1023D00003980168102088600399086C08640399C9
:1023E0000120C863FFE7039900208863FFE7039893
:1023F000FFF764FEFFE7FFE704B080BD80B582B061
:102400000090009818B9FFE70120019034E000988F
:10241000C06B38B9FFE7009900208863009800F08E
:1024200033F8FFE700990220C8630098006800684D
:1024300020F44030009A11685268104308600098F8
:102440000068406B20F00700009A11689268104302
:10245000486300980068006C43F6FF718843009A57
:102460001168D26810430864009900200864009A3B
:102470000121D1630190FFE7019802B080BD000007
:1024800081B0009001B0704780B584B0039003988C
:1024900000684BF20001C4F2020188421BD1FFE741
:1024A000FFE70020029043F63000C4F2020001680A
:1024B00041F400010160006800F4000002900298FD
:1024C000FFE75A2001900521002200F0AFFE01989D
:1024D00000F0A4FEFFE704B080BD000080B584B02A
:1024E00002900298C06D019000F00CFE00900298DE
:1024F000806B02280BD0FFE7029980208865FFE7F8
:10250000029900204863FFE7012003904FE0029802
:102510000168086820F016000860029801684869A0
:1025200020F0800048610298406C20B9FFE70298D3
:10253000C06C38B1FFE702980168086820F0080015
:102540000860FFE702980168086820F00100086051
:10255000FFE7029800680068C007B0B1FFE700F02D
:10256000D1FD0099401A06280ED3FFE702992020DA
:102570008865029903208863FFE702990020486379
:10258000FFE70320039012E0E3E70298016E3F208B
:10259000884001998860029901208863FFE70299C9
:1025A00000204863FFE7FFE700200390FFE7039860
:1025B00004B080BD82B000900098806B022806D0E5
:1025C000FFE7009980208865012001900CE00099C8
:1025D0000520886300980168086820F00100086001
:1025E000FFE700200190FFE7019802B0704700006C
:1025F00080B582B0019001984DF29051C2F2000175
:10260000896C88422FD1FFE740F21430C2F20000FB
:10261000007808B9FFE726E040F21430C2F200006B
:10262000002101704DF29050C2F2000003681A6858
:1026300022F040021A60C1600268116821F4006152
:1026400011600168086840F04000086041F2000035
:10265000C4F202001021012200F03EFDFFF788FCC9
:102660001CF0B8F8FFE702B080BD000080B586B06E
:1026700005900020039040F20000C2F200000068C4
:1026800048F2B511C1F64E31A0FB0110800A02904C
:102690000598C06D01900198006804900498059910
:1026A000096EC840000700281AD5FFE705980068A2
:1026B00000684007002812D5FFE705980168086800
:1026C00020F0040008600598016E082088400199F8
:1026D00088600599886D40F001008865FFE7FFE795
:1026E00004980599096EC840C007A0B1FFE7059896
:1026F00000684069000600280CD5FFE70598016EC8
:1027000001208840019988600599886D40F0020099
:102710008865FFE7FFE704980599096EC840400700
:10272000002814D5FFE70598006800688007002896
:102730000CD5FFE70598016E042088400199886058
:102740000599886D40F004008865FFE7FFE704986D
:102750000599096EC840C006002847D5FFE70598CF
:1027600000680068000700283FD5FFE70598016E64
:10277000102088400199886005980068006840032F
:1027800000281AD5FFE705980068006800030028B4
:1027900009D4FFE70598406C20B1FFE70598416C2C
:1027A0008847FFE708E00598C06C20B1FFE705986F
:1027B000C16C8847FFE7FFE716E0059800680068EE
:1027C000C005002807D4FFE705980168086820F0D5
:1027D00008000860FFE70598406C20B1FFE7059806
:1027E000416C8847FFE7FFE7FFE7FFE7049805999B
:1027F000096EC8408006002840F18780FFE70598F1
:1028000000680068C00600287ED5FFE70598016EC5
:1028100020208840019988600598806B052832D176
:10282000FFE705980168086820F016000860059821
:102830000168486920F0800048610598406C20B923
:10284000FFE70598C06C38B1FFE705980168086894
:1028500020F008000860FFE70598016E3F208840DF
:1028600001998860059901208863FFE70599002098
:102870004863FFE70598406D20B1FFE70598416D7B
:102880008847FFE776E00598006800684003002865
:102890001AD5FFE70598006800680003002809D4EE
:1028A000FFE70598806C20B1FFE70598816C8847A9
:1028B000FFE708E00598006C20B1FFE70598016C80
:1028C0008847FFE7FFE71EE0059800680068C0053D
:1028D00000280FD4FFE705980168086820F0100071
:1028E0000860059901208863FFE705990020486387
:1028F000FFE7FFE70598006C20B1FFE70598016C42
:102900008847FFE7FFE7FFE7FFE70598806D88B39B
:10291000FFE70598806DC00718B3FFE7059905200C
:10292000886305980168086820F001000860FFE7E7
:102930000398013003900299884201D9FFE707E02C
:10294000FFE7059800680068C0070028F0D1FFE79E
:10295000059901208863FFE7059900204863FFE798
:10296000FFE70598006D20B1FFE70598016D8847E6
:10297000FFE7FFE706B080BD80B586B00490002079
:10298000039000F0BFFB0290049818B9FFE7012004
:1029900005909BE00498406A08B1FFE7FFE70499BF
:1029A00002208863FFE7049900204863FFE704984A
:1029B0000168086820F001000860FFE704980068DB
:1029C0000068C00780B1FFE700F09CFB0299401A45
:1029D000062808D3FFE7049920208865049903207E
:1029E0008863059072E0E9E7049800680068039046
:1029F000039848F23F01CFF2100108400390049978
:102A000000914868D1F808C0CB680A6940EA0C0018
:102A1000184310434A6910438A691043CA69104336
:102A2000096A01430398084303900498406A042804
:102A300008D1FFE70499C86A096B0143039808436A
:102A40000390FFE7039804990968086004980068F8
:102A500040690390039820F0070003900498416AAE
:102A60000398084303900498406A042818D1FFE7AC
:102A70000498816A0398084303900498C06A70B16F
:102A8000FFE70498FFF7DAF940B1FFE70499402027
:102A90008865049901208863059017E0FFE7FFE748
:102AA00003980499096848610498FFF79BF901901D
:102AB0000498016E3F2088400199886004990020A5
:102AC0008865049A012191630590FFE7059806B097
:102AD00080BD000086B00490039102920020019016
:102AE000FFE70498406B012803D1FFE7022005901F
:102AF0003AE0049901204863FFE7FFE70498806B00
:102B0000012826D1FFE70398009005281DD80099D9
:102B1000DFE801F003070B0F13170298049908640C
:102B200016E002980499486412E0029804998864B7
:102B30000EE002980499C8640AE0029804990865B6
:102B400006E002980499486502E001200190FFE741
:102B500002E001200190FFE7FFE7049900204863AD
:102B6000FFE701980590FFE7059806B07047000061
:102B700080B588B0069005910492039300200290DE
:102B80000698C06D0190FFE70698406B012803D1BD
:102B9000FFE7022007903EE0069901204863FFE727
:102BA000FFE70698806B01282AD1FFE706990220EB
:102BB000886306990020886506980599049A039B06
:102BC000FFF7ACF90698016E3F20884001998860B4
:102BD00006980168086840F0160008600698406C86
:102BE00038B1FFE706980168086840F008000860FF
:102BF000FFE706980168086840F00100086007E0F8
:102C0000FFE7069900204863FFE702200290FFE7F4
:102C100002980790FFE7079808B080BD80B582B0A2
:102C200043F62001C4F202014CF6FF10CFF2FE6021
:102C3000086000200190086043F62401C4F20201FC
:102C400047F63312C0F277420A60086043F610017B
:102C5000C4F2020141F2FF72C2F2E0220A6008608F
:102C600043F61401C4F20201C1220A60086043F66F
:102C70001801C4F2020101220A60086000F0A6FAFD
:102C8000019802B080BD000080B582B0019001982B
:102C900018F0B0FF02B080BD90B00F900E910020F0
:102CA0000C900B900A900D90FFE70D980F2800F202
:102CB000E881FFE70D99012088400C900E9800688C
:102CC0000C9908400B900B980C99884240F0D481E5
:102CD000FFE70E98406800F00300012807D0FFE7E7
:102CE0000E98406800F0030002282FD1FFE70F98EC
:102CF00080680A900D984100032000FA01F10A98BB
:102D000088430A900E98C0680D99490000FA01F1B5
:102D10000A9808430A900A980F9988600F984068AB
:102D20000A900D99012000FA01F10A9888430A904F
:102D30000E984068C0F300100D9900FA01F10A984E
:102D400008430A900A980F994860FFE70E98406878
:102D500000F00300032818D0FFE70F98C0680A901E
:102D60000D984100032000FA01F10A9888430A9067
:102D70000E9880680D99490000FA01F10A980843FD
:102D80000A900A980F99C860FFE70E98406800F013
:102D90000300022826D1FFE70F980D996FF0030278
:102DA00002EA51010844006A0A900D9800F00700F9
:102DB00081000F2000FA01F10A9888430A900E98CA
:102DC00000690D9901F00701890000FA01F10A98E4
:102DD00008430A900A980F990D9B02EA5302114486
:102DE0000862FFE70F9800680A900D9841000320E1
:102DF00000FA01F10A9888430A900E98406800F0A2
:102E000003000D99490000FA01F10A9808430A905D
:102E10000A980F9908600E9880798007002800F0C2
:102E20002A81FFE7FFE70020099043F64400C4F23F
:102E30000200016841F480410160006800F48040B4
:102E400009900998FFE70D9820F0030043F6080168
:102E5000C4F2010140580A900D9800F0030081006F
:102E60000F2000FA01F10A9888430A900F98002178
:102E7000C4F20201884203D1FFE7002008907AE003
:102E80000F9840F20041C4F20201884203D1FFE7EB
:102E9000012007906CE00F9840F60001C4F2020197
:102EA000884203D1FFE7022006905EE00F9840F6CB
:102EB0000041C4F20201884203D1FFE703200590DC
:102EC00050E00F9841F20001C4F20201884203D1A0
:102ED000FFE70420049042E00F9841F20041C4F261
:102EE0000201884203D1FFE70520039034E00F98E8
:102EF00041F60001C4F20201884203D1FFE7062037
:102F0000029026E00F9841F60041C4F20201884287
:102F100003D1FFE70720019018E00F9842F200016B
:102F2000C4F20201884203D1FFE7082000900AE0C2
:102F30000F9942F20042C4F202020A20914208BFF5
:102F400009200090FFE700980190FFE701980290A8
:102F5000FFE702980390FFE703980490FFE70498C7
:102F60000590FFE705980690FFE706980790FFE7B2
:102F700007980890FFE70898C0B20D9901F0030187
:102F8000890000FA01F10A9808430A900A980D99FD
:102F900021F0030143F60802C4F20102885043F60F
:102FA0000840C4F2010000680A900B990A9888430F
:102FB0000A900E988079C006002805D5FFE70B9986
:102FC0000A9808430A90FFE70A9843F60841C4F2BA
:102FD0000101086043F60C40C4F2010000680A9049
:102FE0000B990A9888430A900E98807980060028E9
:102FF00005D5FFE70B990A9808430A90FFE70A985E
:1030000043F60C41C4F20101086043F60440C4F2E7
:10301000010000680A900B990A9888430A900E985C
:1030200080798007002805D5FFE70B990A980843A7
:103030000A90FFE70A9843F60441C4F201010860D0
:1030400043F60040C4F2010000680A900B990A9808
:1030500088430A900E988079C00728B1FFE70B9942
:103060000A9808430A90FFE70A9843F60041C4F221
:1030700001010860FFE7FFE7FFE70D9801300D90C1
:1030800013E610B07047000083B00290ADF8061050
:1030900002980069BDF80610084203D0FFE701203E
:1030A000009002E000200090FFE7009803B0704716
:1030B00083B00290ADF80610029840690090009A23
:1030C000BDF8060002EA0001904340EA014002997F
:1030D000886103B07047000083B00290ADF806101D
:1030E0000092009828B1FFE7BDF8060002998861B8
:1030F00005E0BDF80600000402998861FFE703B00F
:10310000704700004DF66820C2F201000068704769
:1031100040F24000C2F2000002684DF66821C2F29F
:1031200001010868104408607047000080B543F64C
:103130000041C4F20201086840F4007008600868A9
:1031400040F480600860086840F4807008600320E4
:1031500000F084F80F2000F005F800F039F80020A6
:1031600080BD000080B582B0009040F20000C2F245
:103170000000006840F24001C2F200010A684FF40A
:103180007A71B1FBF2F1B0FBF1F001F025F918B161
:10319000FFE70120019016E000980F280DD8FFE707
:1031A00000994FF0FF30002200F040F8009840F204
:1031B0004401C2F20001086002E00120019002E037
:1031C00000200190FFE7019802B080BD7047000029
:1031D00082B0FFE70020019043F64400C4F20200F1
:1031E000016841F480410160006800F48040019072
:1031F0000198FFE7FFE70020009043F64000C4F28B
:103200000200016841F080510160006800F08050C8
:1032100000900098FFE702B07047000080B582B0D0
:103220000190019817F07AFE02B080BD80B586B09B
:103230000590049103920020029017F085FE029001
:103240000598019002980499039A02F091FB0146B7
:10325000019817F081FE06B080BD000080B582B0F5
:103260000190019817F096FE02B080BD80B584B041
:1032700000200290FFE70020019043F64000C4F2D6
:103280000200016841F080510160006800F0805048
:1032900001900198FFE74021C4F20E21012008604F
:1032A000FFF730FF0290FFE747F20400C4F200008E
:1032B000006800F48030B0F5803F0CD0FFE7FFF7E6
:1032C00021FF0299401AB0F57A7F03D9FFE7032066
:1032D000039023E0E8E74421C4F20E2101200860B6
:1032E000FFF710FF0290FFE747F20400C4F200006E
:1032F000006800F40030B0F5003F0CD0FFE7FFF7A6
:1033000001FF0299401AB0F57A7F03D9FFE7032045
:10331000039003E0E8E700200390FFE7039804B080
:1033200080BD000080B584B002900191029818B968
:10333000FFE7012003901AE1019843F60041C4F22F
:103340000201096801F00F01884211D9FFE70199D4
:1033500043F60040C4F202000170006800F00F0064
:103360000199884203D0FFE701200390FFE0FFE7C7
:1033700002980078800700282AD5FFE70298007895
:103380004007002809D5FFE743F60801C4F202010F
:10339000086840F4E0500860FFE7029800780007F2
:1033A000002809D5FFE743F60801C4F202010868C6
:1033B00040F460400860FFE743F60801C4F20201F0
:1033C000086820F0F000029A926810430860FFE756
:1033D00002980078C00700286AD0FFE7029840688A
:1033E000012810D1FFE743F60000C4F20200006894
:1033F00000F400310020B0EB514F03D1FFE7012072
:103400000390B4E02AE002984068022805D0FFE764
:1034100002984068032810D1FFE743F60000C4F289
:103420000200006800F000710020B0EB516F03D182
:10343000FFE7012003909AE00FE043F60000C4F29A
:103440000200006800F002010020B0EB510F03D130
:10345000FFE7012003908AE0FFE7FFE743F608015A
:10346000C4F20201086820F00300029A5268104377
:103470000860FFF747FE0090FFE743F60800C4F23C
:103480000200006800F00C0002994968B0EB810F5F
:103490000DD0FFE7FFF736FE0099401A41F289315F
:1034A000884203D3FFE70320039060E0E5E7FFE7EE
:1034B000019843F60041C4F20201096801F00F01CE
:1034C000884211D2FFE7019943F60040C4F202009E
:1034D0000170006800F00F000199884203D0FFE7F7
:1034E0000120039043E0FFE702980078400700289E
:1034F0000CD5FFE743F60801C4F20201086820F486
:10350000E050029AD26810430860FFE70298007802
:10351000000700280DD5FFE743F60801C4F20201B9
:10352000086820F46040029A126940EAC20008600C
:10353000FFE700F049F843F60801C4F20201096808
:10354000C9B20A0942F22411C0F60201895CC840DE
:1035500040F20001C2F20001086040F24400C2F2F1
:1035600000000068FFF7FEFD00200390FFE70398CE
:1035700004B080BD40F20000C2F200000068704755
:1035800080B5FFF7F7FF43F60801C4F202010968AE
:10359000C1F3822242F23411C0F60201895CC840B4
:1035A00080BD000080B5FFF7E5FF43F60801C4F2D7
:1035B0000201096889B24A0B42F23411C0F60201D5
:1035C000895CC84080BD000080B586B000200590B1
:1035D00004900390029043F60800C4F202000068D1
:1035E00000F00C000146019140B1FFE7019804286A
:1035F0000AD0FFE7019808280CD04FE042F20040C3
:10360000C0F2F40002904FE047F64000C0F27D1097
:10361000029049E043F60400C4F20200016801F0A0
:103620003F01059100684002002813D5FFE743F6EB
:103630000400C4F202000068C0F3881047F640019D
:10364000C0F27D11A0FB0101059A0023FCF75AFF8F
:10365000049012E043F60400C4F202000068C0F3D4
:10366000881042F20041C0F2F401A0FB0101059A6A
:103670000023FCF747FF0490FFE743F60400C4F281
:103680000200006800F44031022000EBD1300390CA
:1036900004980399B0FBF1F0029005E042F200407B
:1036A000C0F2F4000290FFE7029806B080BD00006F
:1036B00080B586B00490049818B9FFE70120059002
:1036C0003CE304980078C007002800F0A280FFE7E0
:1036D00043F60800C4F20200006800F00C00042861
:1036E00013D0FFE743F60800C4F20200006800F0C0
:1036F0000C0008281DD1FFE743F60400C4F20200C5
:1037000000684002002814D5FFE743F60000C4F229
:103710000200006800F400310020B0EB514F07D0E8
:10372000FFE70498406818B9FFE70120059005E31A
:103730006EE0FFE704984068B0F5803F09D1FFE7ED
:1037400043F60001C4F20201086840F480300860CA
:1037500020E004984068B0F5A02F0DD1FFE743F6B4
:103760000001C4F20201086840F480200860086883
:1037700040F4803008600CE043F60001C4F202011E
:10378000086820F480300860086820F48020086011
:10379000FFE7FFE7FFE704984068E0B1FFE7FFF7C6
:1037A000B1FC0390FFE743F60000C4F2020000689A
:1037B00000F400310020B0EB514F0BD1FFE7FFF7D1
:1037C000A1FC0399401A652803D3FFE70320059065
:1037D000B4E2E8E71BE0FFF795FC0390FFE743F650
:1037E0000000C4F20200006800F400310020B0EBD9
:1037F000514F0BD0FFE7FFF785FC0399401A65286E
:1038000003D3FFE70320059098E2E8E7FFE7FFE72F
:10381000FFE7049800788007002840F19380FFE7D5
:1038200043F60800C4F20200006810F00C0F13D039
:10383000FFE743F60800C4F20200006800F00C0045
:1038400008282BD1FFE743F60400C4F20200006809
:103850004002002822D4FFE743F60000C4F2020031
:10386000006800F002010020B0EB510F08D0FFE724
:103870000498C068012803D0FFE7012005905DE2AD
:1038800043F60001C4F20201086820F0F800049A2F
:10389000126940EAC2000860FFE752E00498C0687D
:1038A00068B3FFE70021C4F2472101200860FFF759
:1038B00029FC0390FFE743F60000C4F20200006811
:1038C00000F002010020B0EB510F0BD1FFE7FFF732
:1038D00019FC0399401A032803D3FFE7032005903E
:1038E0002CE2E8E743F60001C4F20201086820F088
:1038F000F800049A126940EAC200086020E0002142
:10390000C4F2472100200860FFF7FCFB0390FFE7AB
:1039100043F60000C4F20200006800F0020100203B
:10392000B0EB510F0BD0FFE7FFF7ECFB0399401A08
:10393000032803D3FFE703200590FFE1E8E7FFE753
:10394000FFE7FFE7049800780007002849D5FFE764
:103950000498406910B3FFE740F68061C4F2472144
:1039600001200860FFF7CEFB0390FFE743F67400E9
:10397000C4F20200006800F002010020B0EB510F19
:103980000BD1FFE7FFF7BEFB0399401A032803D3CF
:10399000FFE703200590D1E1E8E721E040F68061F0
:1039A000C4F2472100200860FFF7ACFB0390FFE75B
:1039B00043F67400C4F20200006800F00201002027
:1039C000B0EB510F0BD0FFE7FFF79CFB0399401AB8
:1039D000032803D3FFE703200590AFE1E8E7FFE703
:1039E000FFE7049800784007002840F1C880FFE70F
:1039F0000020019043F64000C4F202000068C000BD
:103A0000002814D4FFE7FFE70020009043F64000B1
:103A1000C4F20200016841F080510160006800F0CA
:103A2000805000900098FFE701200190FFE747F2E7
:103A30000000C4F200000068C005002821D4FFE7A0
:103A400047F20001C4F20001086840F48070086089
:103A5000FFF758FB0390FFE747F20000C4F20000B5
:103A60000068C00500280BD4FFE7FFF74BFB039964
:103A7000401A032803D3FFE7032005905EE1EBE73C
:103A8000FFE7FFE704988068012809D1FFE743F6C4
:103A90007001C4F20201086840F0010008601FE0F4
:103AA0000498806805280DD1FFE743F67001C4F241
:103AB0000201086840F004000860086840F0010056
:103AC00008600CE043F67001C4F20201086820F0BF
:103AD00001000860086820F004000860FFE7FFE7C5
:103AE000FFE704988068F0B1FFE7FFF70BFB039056
:103AF000FFE743F67000C4F20200006800F0020124
:103B00000020B0EB510F0DD1FFE7FFF7FBFA03994F
:103B1000401A41F28931884203D3FFE70320059020
:103B20000CE1E6E71DE0FFF7EDFA0390FFE743F64F
:103B30007000C4F20200006800F002010020B0EB47
:103B4000510F0DD0FFE7FFF7DDFA0399401A41F25C
:103B50008931884203D3FFE703200590EEE0E6E7D2
:103B6000FFE70198012809D1FFE743F64001C4F2BD
:103B70000201086820F080500860FFE7FFE7049822
:103B80008069002800F0D780FFE743F60800C4F200
:103B90000200006800F00C00082800F08280FFE7B7
:103BA0000498806902285AD1FFE76021C4F24721B6
:103BB00000200860FFF7A6FA0390FFE743F6000035
:103BC000C4F20200006800F000710020B0EB516FF9
:103BD0000BD0FFE7FFF796FA0399401A032803D3A7
:103BE000FFE703200590A9E0E8E70499C869D1F848
:103BF00020C04B6A8A6A40EA0C0040EA8310D20374
:103C00004FF6FF739A43A2F580321043C96A40EA27
:103C1000016043F60401C4F2020108606021C4F2AD
:103C2000472101200860FFF76DFA0390FFE743F694
:103C30000000C4F20200006800F000710020B0EB48
:103C4000516F0BD1FFE7FFF75DFA0399401A032884
:103C500003D3FFE70320059070E0E8E720E0602150
:103C6000C4F2472100200860FFF74CFA0390FFE7F9
:103C700043F60000C4F20200006800F0007100206A
:103C8000B0EB516F0BD0FFE7FFF73CFA0399401AF6
:103C9000032803D3FFE7032005904FE0E8E7FFE7A1
:103CA00048E004988069012803D1FFE701200590CE
:103CB00044E043F60400C4F2020000680290049855
:103CC0008069012831D0FFE7029800F48000049950
:103CD000C969884229D1FFE7029800F03F000499A2
:103CE000096A884221D1FFE7029847F6C07108406F
:103CF0000499496AB0EB811F17D1FFE7029800F4DD
:103D000040300499896AC9034FF6FF729143A1F5C7
:103D10008031884209D1FFE7029800F07060049971
:103D2000C96AB0EB016F03D0FFE70120059005E001
:103D3000FFE7FFE7FFE700200590FFE7059806B0E3
:103D400080BD000081B0009001B0704780B584B0A4
:103D50000290029818B9FFE7012003906DE00298E5
:103D6000406A60B9FFE702984068B0F5827F01D1F0
:103D7000FFE703E002990020C861FFE705E0029930
:103D80000020086102994861FFE7029900208862DB
:103D90000298406D38B9FFE7029900200865029843
:103DA00000F04EF8FFE7029902204865029801688A
:103DB000086820F040000860029A0192116850687B
:103DC000D2F808C0D36800F482700CF4044C60444C
:103DD00003F400631844136903F0020318445369A1
:103DE00003F001031844936903F400731844D36982
:103DF00003F038031844136A03F080031843926AEF
:103E000002F4005210430860029801688369426A14
:103E1000042000EA134002F01002104448600298A7
:103E20000168C86920F40060C861029900208865B3
:103E3000029A012151650390FFE7039804B080BD09
:103E400080B58AB0099000200890079006900590F0
:103E500004900998006843F20041C4F201018842CD
:103E600063D1FFE7FFE70020039043F64400C4F26C
:103E70000200016841F400510160006800F4005044
:103E800003900398FFE7FFE70020029043F630001D
:103E9000C4F20200016841F010010160006800F006
:103EA000100002900298FFE7642004900220059021
:103EB000002000900690032007900520089041F212
:103EC0000000C4F2020004A9FEF7E6FE00994DF2DC
:103ED0006440C2F20000019046F22842C4F202029D
:103EE00002604FF00062426040228260C1604FF485
:103EF000806202614FF4006242614FF400528261BD
:103F0000C16101624162FEF737FD18B1FFE7FEF7BC
:103F10003DF8FFE7FFE709984DF26441C2F2000166
:103F200081640998C863FFE7FFE70AB080BD00001D
:103F300080B588B006900591ADF812200393FFF785
:103F4000E1F80290BDF81200ADF806000698406D49
:103F5000012803D0FFE70220079025E1059820B152
:103F6000FFE7BDF8120018B9FFE7012007901BE139
:103F7000FFE70698006D012803D1FFE702200790B4
:103F800012E1069901200865FFE7FFE70699032083
:103F900048650699002088650599069A1163BDF861
:103FA0001210069A9186BDF81210069AD1860699CB
:103FB0008863069988870699C88706994864069990
:103FC000086406988068B0F5004F0DD1FFE70698A9
:103FD0000168086820F040000860069801680868D9
:103FE00040F480400860FFE706980068006800F031
:103FF0004000402807D0FFE706980168086840F0B5
:1040000040000860FFE70698C068B0F5006F4ED129
:10401000FFE70698406828B1FFE7BDF806000128D1
:104020000ED1FFE706980168006B0088C86006990A
:10403000086B023008630699C88E0138C886FFE70E
:10404000FFE70698C08E88B3FFE70698006880688F
:10405000800700280ED5FFE706980168006B0088EE
:10406000C8600699086B023008630699C88E01384B
:10407000C8861AE0FFF746F80299401A0399884269
:1040800004D3FFE70398013018B9FFE7039858B944
:10409000FFE7069901204865FFE7069900200865BB
:1040A000FFE7032007907FE0FFE7CAE74DE00698AF
:1040B000406828B1FFE7BDF8060001280ED1FFE7F0
:1040C00006980168006B007808730699086B013048
:1040D00008630699C88E0138C886FFE7FFE706988F
:1040E000C08E88B3FFE706980068806880070028C4
:1040F0000ED5FFE706980168006B007808730699F3
:10410000086B013008630699C88E0138C8861AE02A
:10411000FEF7F8FF0299401A0399884204D3FFE79B
:104120000398013018B9FFE7039858B9FFE70699DB
:1041300001204865FFE7069900200865FFE7032096
:10414000079031E0FFE7CAE7FFE706980399029A74
:1041500001F088FF20B1FFE7069920208865FFE77E
:104160000698806870B9FFE7FFE700200090069886
:104170000068C06800900698006880680090009809
:10418000FFE7FFE7069901204865FFE70699002051
:104190000865FFE70698806D18B1FFE701200790DA
:1041A00002E000200790FFE7079808B080BD0000FC
:1041B00080B584B002900191ADF802200298406D64
:1041C000012803D0FFE70220039098E0019820B176
:1041D000FFE7BDF8020018B9FFE7012003908EE069
:1041E000FFE70298006D012803D1FFE7022003904A
:1041F00085E0029901200865FFE7FFE702990320A7
:1042000048650299002088650199029A1163BDF8FA
:104210000210029A9186BDF80210029AD186029984
:104220008863029948640299086402998887029910
:10423000C88702988068B0F5004F0DD1FFE702985B
:104240000168086820F0400008600298016808686A
:1042500040F480400860FFE70298816C45F6A97041
:10426000C0F6000048640298816C45F6C170C0F643
:10427000000008640298816C45F67570C0F6000075
:1042800008650298816C00204865029B1A68196BCA
:10429000986C0C32DB8EFEF76BFC68B1FFE702997D
:1042A000886D40F010008865FFE7029900200865DE
:1042B000FFE70120039022E002980068006800F008
:1042C0004000402807D0FFE702980168086840F0E6
:1042D00040000860FFE7FFE7029900200865FFE75C
:1042E00002980168486840F0200048600298016820
:1042F000486840F00200486000200390FFE7039800
:1043000004B080BD80B582B00190019800684DF284
:104310009051C2F20001096888423CD1FFE740F2A7
:104320001430C2F20000007808B9FFE733E040F231
:104330001431C2F2000100200870FFE74DF29050E6
:10434000C2F20000006880680006002801D5FFE77F
:10435000F4E74DF29050C2F200000268116821F0BB
:10436000400111600021C1600268116821F4006100
:1043700011600168086840F04000086041F20000E8
:10438000C4F2020010210122FEF7A6FEFDF7F0FDA7
:104390001AF020FAFFE702B080BD000081B0009063
:1043A00001B0704781B000900098042809D1FFE760
:1043B0004EF21001CEF20001086840F004000860DF
:1043C00008E04EF21001CEF20001086820F004006F
:1043D0000860FFE701B0704780B582B00190019896
:1043E00002F006FB02B080BD81B0009001B07047C2
:1043F00081B0009001B0704785B003900291FFE753
:104400000398C06B012803D1FFE70220049079E0F4
:1044100003990120C863FFE7FFE7039902200864BE
:1044200003980068406801900398006880680090D5
:10443000019820F0700001900298016801980843EB
:104440000190019803990968486003980068002169
:10445000C4F2010188423CD0FFE703980068B0F144
:10446000804F36D0FFE70398006840F20041C4F265
:10447000000188422DD0FFE70398006840F6000154
:10448000C4F20001884224D0FFE70398006840F698
:104490000041C4F2000188421BD0FFE70398006886
:1044A00040F20041C4F20101884212D0FFE70398B4
:1044B000006844F20001C4F20101884209D0FFE71C
:1044C0000398006841F60001C4F2000188420ED151
:1044D000FFE7009820F08000009002984168009863
:1044E000084300900098039909688860FFE70399E2
:1044F00001200864FFE703990020C863FFE700205C
:104500000490FFE7049805B07047000080B582B0C2
:104510000090009818B9FFE70120019031E0009861
:10452000006C38B9FFE700990020C863009800F0DC
:104530002BF8FFE7009902200864009951F8040B5A
:1045400002F004FB009901204866FFE70099012072
:104550004864009988640099C86400990865FFE779
:10456000FFE7009901204865009988650099C865B2
:1045700000990866FFE70099012008640020019077
:10458000FFE7019802B080BD80B584B00390039826
:104590000068B0F1804F1BD1FFE7FFE700200290D9
:1045A00043F64000C4F20200016841F001010160DD
:1045B000006800F0010002900298FFE71C200190C3
:1045C00005210022FEF732FE0198FEF727FEFFE7E5
:1045D00004B080BD83B001900198006C012803D025
:1045E000FFE70120029068E0019902200864019829
:1045F0000168C86840F00100C860019800680021A7
:10460000C4F2010188423CD0FFE701980068B0F194
:10461000804F36D0FFE70198006840F20041C4F2B5
:10462000000188422DD0FFE70198006840F60001A4
:10463000C4F20001884224D0FFE70198006840F6E8
:104640000041C4F2000188421BD0FFE701980068D6
:1046500040F20041C4F20101884212D0FFE7019804
:10466000006844F20001C4F20101884209D0FFE76A
:104670000198006841F60001C4F20001884212D19D
:10468000FFE701980068806800F00700009000983C
:10469000062807D0FFE701980168086840F001008C
:1046A0000860FFE706E001980168086840F0010033
:1046B0000860FFE700200290FFE7029803B0704710
:1046C00080B586B00490039100200290FFE7049823
:1046D000C06B012803D1FFE702200590A4E00499F4
:1046E0000120C863FFE7FFE70499022008640498EB
:1046F000006880680190019820F07700019001988F
:1047000020F47F400190019804990968886003981B
:1047100000680090002872D0FFE7009810286ED043
:10472000FFE7009820286AD0FFE70098302866D07D
:10473000FFE70098402855D0FFE70098502837D071
:10474000FFE70098602840D0FFE7009870280BD062
:10475000FFE70098B0F5805F05D0FFE70098B0F55F
:10476000005F16D052E054E004980068039B5A683A
:104770009968DB6802F0BCFA0498006880680190D0
:10478000019840F0770001900198049909688860C9
:104790003FE004980068039B5A689968DB6802F060
:1047A000A7FA04980168886840F48040886030E087
:1047B00004980068039A5168D26802F0C9FA049814
:1047C0000068502102F0AEFA23E004980068039AD2
:1047D0005168D26802F0E4FA04980068602102F09F
:1047E000A1FA16E004980068039A5168D26802F0B2
:1047F000AFFA04980068402102F094FA09E00498A6
:1048000000680399096802F08DFA02E00120029025
:10481000FFE7049901200864FFE704990020C863BA
:10482000FFE702980590FFE7059806B080BD0000FD
:1048300081B0009001B0704780B584B003900398B8
:104840000068C068029003980068006901909DF8B4
:1048500004008007002824D5FFE79DF808008007A2
:1048600000281DD5FFE7039801686FF0020008617A
:1048700003990120C861039800688069800720B10E
:10488000FFE70398FFF7D4FF06E0039800F0E2F893
:10489000039800F0E3F8FFE703990020C861FFE701
:1048A000FFE79DF804004007002825D5FFE79DF8A5
:1048B0000800400700281ED5FFE7039801686FF045
:1048C0000400086103990220C861039800688069A8
:1048D00010F4407F04D0FFE70398FFF7A9FF06E03C
:1048E000039800F0B7F8039800F0B8F8FFE70399D1
:1048F0000020C861FFE7FFE79DF8040000070028DB
:1049000024D5FFE79DF80800000700281DD5FFE724
:10491000039801686FF00800086103990420C861DA
:1049200003980068C069800720B1FFE70398FFF78C
:104930007FFF06E0039800F08DF8039800F08EF8F2
:10494000FFE703990020C861FFE7FFE79DF8040037
:10495000C006002825D5FFE79DF80800C0060028FE
:104960001ED5FFE7039801686FF0100008610399F6
:104970000820C86103980068C06910F4407F04D023
:10498000FFE70398FFF754FF06E0039800F062F892
:10499000039800F063F8FFE703990020C861FFE780
:1049A000FFE79DF80400C00778B1FFE79DF8080015
:1049B000C00748B1FFE7039801686FF00100086184
:1049C000039800F04FF8FFE7FFE79DF804000006AA
:1049D000002810D5FFE79DF808000006002809D53B
:1049E000FFE7039801686FF0800008610398FFF704
:1049F000FBFCFFE7FFE79DF804004006002810D508
:104A0000FFE79DF808004006002809D5FFE7039856
:104A100001686FF040000861039800F03BF8FFE781
:104A2000FFE79DF804008006002810D5FFE79DF8F9
:104A300008008006002809D5FFE7039801686FF099
:104A4000200008610398FFF7D3FCFFE7FFE704B0FD
:104A500080BD000081B0009001B0704781B000902F
:104A600001B0704780B582B0019001984DF2EC51D1
:104A7000C2F2000188420AD1FFE74DF64021C2F29E
:104A8000000108880130088019F0CCFEFFE702B071
:104A900080BD000081B0009001B0704782B00190ED
:104AA000ADF8021002B0704780B588B007900020C2
:104AB0000690079800F056F80690069808B9FFE7A8
:104AC0004EE006980138014601910F2843D801991C
:104AD000DFE801F0081641244141413241414141A2
:104AE00041414140FFE700200590079800680068B9
:104AF000059007980068406805900598FFE72BE04F
:104B0000FFE7002004900798006800680490079869
:104B10000068406804900498FFE71DE0FFE700206C
:104B20000390079800680068039007980068406841
:104B300003900398FFE70FE0FFE70020029007983B
:104B40000068006802900798006840680290029828
:104B5000FFE701E000E0FFE7079800684068FFE733
:104B600008B080BD81B000900098C06C01B0704763
:104B700080B592B01190119800680068109011985B
:104B80000068C0680F901198006840690E9000207E
:104B90000D900C90109800F00F000D900D9888B9B2
:104BA000FFE79DF84000800600280AD5FFE79DF842
:104BB0003C008006002804D5FFE7119802F0C2FAF5
:104BC00000E2FFE70D98002800F0C280FFE79DF8A3
:104BD0003800C00738B9FFE7BDF83C0010F4907FFB
:104BE00000F0B680FFE79DF84000C00758B1FFE72E
:104BF0009DF83D00C00730B1FFE71199C86C40F047
:104C00000100C864FFE79DF84000400700280BD56D
:104C1000FFE79DF83800C00730B1FFE71199C86C75
:104C200040F00200C864FFE79DF8400080070028BC
:104C30000BD5FFE79DF83800C00730B1FFE71199A9
:104C4000C86C40F00400C864FFE79DF8400000070E
:104C5000002811D5FFE79DF83C008006002805D408
:104C6000FFE79DF83800C00730B1FFE71199C86C25
:104C700040F00800C864FFE71198C06C002866D0B7
:104C8000FFE79DF84000800600280AD5FFE79DF861
:104C90003C008006002804D5FFE7119802F052FA84
:104CA000FFE7119800684069C0F380100C901198DC
:104CB000C06C0007002804D4FFE70C9800283ED001
:104CC000FFE7119802F0C8F91198006840694006A2
:104CD00000282FD5FFE7FFE7FFE71198006850E8AD
:104CE000050F20F040000B90FFE70B991198026828
:104CF00042E805100028F0D1FFE7FFE71198C06BEC
:104D000098B1FFE71198C16B46F60960C0F6000044
:104D100048651198C06BFDF74DFC28B1FFE711986D
:104D2000C06B416D8847FFE703E01198FFF7BCFEB9
:104D3000FFE703E01198FFF7B7FEFFE706E01198E1
:104D4000FFF7B2FE11990020C864FFE7FFE739E1E1
:104D50001198006B012840F01581FFE79DF8400095
:104D6000C006002840F10E81FFE79DF83C00C00618
:104D7000002840F10781FFE7FFE700200A90119823
:104D8000006800680A901198006840680A900A98C4
:104D9000FFE71198006840694006002840F19980BB
:104DA000FFE71198C06B00684068ADF82600BDF8B9
:104DB0002600002874D0FFE7BDF826001199898DE0
:104DC00088426DDAFFE7BDF826001199C885119871
:104DD000C06BC069B0F5807F57D0FFE7FFE7FFE702
:104DE0001198006850E8030F20F480700890FFE7E6
:104DF00008991198026842E803100028F0D1FFE7F3
:104E0000FFE7FFE7FFE71198006850E8050F20F083
:104E100001000790FFE707991198026842E8051022
:104E20000028F0D1FFE7FFE7FFE7FFE711980068F0
:104E300050E8050F20F040000690FFE70699119812
:104E4000026842E805100028F0D1FFE7FFE711995A
:104E500020208864119900200863FFE7FFE711987C
:104E6000006850E8030F20F010000590FFE7059957
:104E70001198026842E803100028F0D1FFE7FFE72D
:104E80001198C06BFDF72AFBFFE7119902204863D8
:104E90001198818DC28D891A89B2FFF7FFFD17E045
:104EA000BDF826001199898D884210D1FFE711982D
:104EB000C06BC069B0F5807F08D1FFE7119902206F
:104EC00048631198818DFFF7E9FDFFE7FFE7FFE7F2
:104ED00078E01199888DC98D401AADF812001198AB
:104EE000C08D00284DD0FFE7BDF81200002848D043
:104EF000FFE7FFE7FFE71198006850E8030F20F491
:104F000090700390FFE703991198026842E803103C
:104F10000028F0D1FFE7FFE7FFE7FFE711980068FF
:104F200050E8050F20F001000290FFE70299119868
:104F3000026842E805100028F0D1FFE7FFE7119969
:104F400020208864119900200863FFE7FFE711988B
:104F5000006850E8030F20F010000190FFE701996E
:104F60001198026842E803100028F0D1FFE7FFE73C
:104F70001199022048631198BDF81210FFF78EFDB9
:104F8000FFE71FE09DF84000000600280AD5FFE774
:104F90009DF83C000006002804D5FFE7119802F0B8
:104FA000B1FA0FE09DF84000400600280AD5FFE75F
:104FB0009DF83C004006002804D5FFE7119802F058
:104FC00095F8FFE712B080BD80B582B000900098E0
:104FD00018B9FFE7012001903AE00098806908B114
:104FE000FFE700E0FFE70098406C38B9FFE7009961
:104FF00000200864009800F02FF8FFE700992420B3
:10500000486400980168C86820F40050C86000989F
:1050100002F046F900980168086920F490400861A0
:1050200000980168486920F02A00486100980168EA
:10503000C86840F40050C86000990020C864009A15
:1050400020215164009A9164009948630190FFE720
:10505000019802B080BD000080B58CB00B9000209C
:105060000A9009900890079006900B98006841F20A
:105070000001C4F20101884240F09180FFE7FFE7A0
:105080000020059043F64400C4F20200016841F09C
:1050900010010160006800F0100005900598FFE71E
:1050A000FFE70020049043F63000C4F202000168DC
:1050B00041F001010160006800F0010004900498D3
:1050C000FFE74FF4C060069002200790012008908F
:1050D0000320099007200A900020C4F2020006A9CC
:1050E000FDF7DAFD4DF22C50C2F20000039046F2BB
:1050F000B841C4F2020101604FF0006141604021FB
:1051000081600021C1604FF4806202614161816170
:10511000C16101624162FDF72FFC18B1FFE7FCF7A6
:1051200035FFFFE7FFE70B984DF22C51C2F200016B
:1051300081630B98C863FFE74DF2C840C2F20000DC
:10514000029046F24041C4F2020101604FF000615A
:10515000416000218160C1604FF480620261416161
:105160008161C16101624162FDF706FC18B1FFE790
:10517000FCF70CFFFFE7FFE70B984DF2C841C2F2C6
:105180000001C1630B98C863FFE72520019005214A
:105190000022FEF74BF80198FEF740F8FFE70CB04D
:1051A00080BD000080B584B002900191ADF802206E
:1051B0000298806C202815D1FFE7019820B1FFE705
:1051C000BDF8020018B9FFE7012003900DE0029935
:1051D0000020086302980199BDF8022002F0FEF851
:1051E000039002E002200390FFE7039804B080BD23
:1051F00080B582B001900198C06B20B1FFE70198A3
:1052000019F04CFBFFE702B080BD000080B582B012
:1052100001900198C06B20B1FFE7019819F080FB65
:10522000FFE702B080BD000080B58AB0089007910A
:10523000ADF81A200593002002900898406C2028B1
:1052400078D1FFE7079820B1FFE7BDF81A0018B939
:10525000FFE70120099070E008990020C8640899D0
:1052600021204864FDF74EFF0290BDF81A0008990E
:105270008884BDF81A000899C88408988068B0F539
:10528000805F09D1FFE70898006928B9FFE700208F
:1052900004900798039004E007980490002003907E
:1052A000FFE7FFE70898C08C68B3FFE70898029B08
:1052B00005996A4611608021002202F069F930B137
:1052C000FFE70899202048640320099035E00498FE
:1052D00058B9FFE7039800886FF35F2008990968C1
:1052E000486003980230039008E004980078089919
:1052F00009684860049801300490FFE70899C88C59
:105300000138C884CEE70898029B05996A46116067
:105310004021002202F03CF930B1FFE7089920203B
:1053200048640320099008E0089920204864002080
:10533000099002E002200990FFE709980AB080BDB9
:1053400080B586B004900391ADF80A200498406CB3
:10535000202865D1FFE7039820B1FFE7BDF80A00D8
:1053600018B9FFE7012005905DE0039804990862F1
:10537000BDF80A0004998884BDF80A000499C8841D
:1053800004990020C864049A2121516404998A6B0D
:1053900046F6C571C0F60001116404998A6B47F2A4
:1053A0004101C0F60001516404998A6B46F62561FB
:1053B000C0F6000111650499896B486503A8019046
:1053C00004980268806B019909680432BDF80A30BC
:1053D000FDF7CEFB48B1FFE704991020C86404999B
:1053E00020204864012005901DE0049801686FF0BA
:1053F00040000860FFE7FFE70498006850E8050FE9
:1054000040F080000090FFE700990498026842E8AD
:1054100005100028F0D1FFE7FFE70020059002E02B
:1054200002200590FFE7059806B080BD81B000908E
:1054300001B0704781B0009001B07047FFE7FEE710
:1054400081B0009000980068C0B2C00901B07047F8
:1054500082B001908DF803109DF803000199486017
:1054600002B0704780B54DF21440C2F2000043F222
:105470000001C4F202010160FCF7E2FD18B1FFE790
:10548000FCF784FDFFE780BD80B582B04DF220407F
:10549000C2F2000001904BF20001C4F2020101606F
:1054A000002141608160C1608162C162016341632A
:1054B000FCF7A4FF18B1FFE7FCF768FDFFE74DF22A
:1054C0002040C2F200000121FCF7FCFD18B1FFE70B
:1054D000FCF75CFDFFE702B080BD000080B586B040
:1054E000FFE70020059043F63000C4F20200016897
:1054F00041F480010160006800F480000590059887
:10550000FFE7392000900521029100220392FDF768
:105510008DFE0098FDF782FE0299039A3A200190D1
:10552000FDF784FE0198FDF779FE0299039A462063
:105530000490FDF77BFE0498FDF770FE06B080BD79
:1055400080B598B000201790169015901490139085
:10555000FFE70020129043F63000C4F20200016819
:1055600041F010010160006800F0100012901298E4
:10557000FFE7FFE70020119043F63000C4F202007D
:10558000016841F004010160006800F0040011901E
:105590001198FFE7FFE70020109043F63000C4F2B7
:1055A0000200016841F080010160006800F08000A5
:1055B00010901098FFE7FFE700200F9043F63000AF
:1055C000C4F20200016841F001010160006800F0CE
:1055D00001000F900F98FFE7FFE700200E9043F6C1
:1055E0003000C4F20200016841F00201016000686D
:1055F00000F002000E900E98FFE7FFE700200D90EC
:1056000043F63000C4F20200016841F00801016075
:10561000006800F008000D900D98FFE741F20000CF
:10562000C4F202000B90112100220992FDF754FDF3
:10563000099A40F60000C4F20200059041F2FF0111
:10564000FDF74AFD099A0020C4F202000390B02140
:105650000191FDF741FD40F60040C4F202000790C1
:105660000F21069101220892FDF736FD089A0B984A
:1056700002210491FDF730FD0899099A0B9808233F
:1056800013931492159113A90C91FDF705FB049A3D
:10569000DDF820C0099B0B980C994FF0100ECDF847
:1056A0004CE0CDF850C015931692FDF7F5FA059829
:1056B000099A0C994FF43053139303230A931493CC
:1056C0001592FDF7E9FA0598089B099A0C994FF095
:1056D000FF0CCDF84CC0149315931692FDF7DCFA2D
:1056E0000398099A0A9B0C9941F60F0CCDF84CC00F
:1056F00014931592FDF7D0FA0398DDF820C0099BAA
:105700000A9A0C99DDF804E0CDF84CE0CDF850C0D1
:1057100015931692FDF7C0FA0398099A0C99402345
:10572000139314921592FDF7B7FA09980A9A0C99F7
:105730004FF2F73313931492159040F20040C4F2E5
:1057400002000290FDF7A8FA049A099B0B980C99A5
:105750004FF4607CCDF84CC014931592FDF79CFA81
:10576000099A0A9B0B980C994FF47C4CCDF84CC0CD
:1057700014931592FDF790FA0298089A099B0C99D8
:105780004FF4406CCDF84CC014931592FDF784FA99
:105790000798099A0A9B0C994FF6F07CCDF84CC0FB
:1057A00014931592FDF778FA049A0598099B0C99C1
:1057B0004FF4407CCDF84CC014931592FDF76CFA71
:1057C0000398049A099B0C994FF4807CCDF84CC047
:1057D00014931592FDF760FA0398089A099B0C99A7
:1057E0004FF4004CCDF84CC014931592FDF754FAC9
:1057F000049A0598089B0C994FF4805CCDF84CC036
:10580000149315931692FDF747FADDF818C0079820
:10581000089B099A0C99CDF84CC0149315931692D5
:10582000FDF73AFADDF820C0099B0A9A0B980C990B
:105830001392CDF850C015931692FDF72DFA18B0BB
:1058400080BD000080B582B04DF29050C2F20000E1
:10585000009043F20041C4F2010101604FF48271F3
:105860004160002101918160C160016141614FF49B
:1058700000728261C1610162416281620A21C1627A
:10588000FEF764FA18B1FFE7FCF780FBFFE702B010
:1058900080BD000080B588B000210191079106917C
:1058A00005910491039102914DF2EC50C2F2000077
:1058B0004FF08042026042F2273242608160C7228C
:1058C000C26001618161FEF721FE18B1FFE7FCF7BC
:1058D0005DFBFFE74FF4805004904DF2EC50C2F2B4
:1058E000000004A9FEF7ECFE18B1FFE7FCF74EFB41
:1058F000FFE70020029003904DF2EC50C2F200004E
:1059000002A9FEF779FD18B1FFE7FCF73FFBFFE7BF
:1059100008B080BD80B518F08DFF18F08DFF80BDF8
:1059200080B518F0B3FF80BD80B582B04DF25460F1
:10593000C2F20000019041F20001C4F201010160D5
:105940004FF41641416000218160C16001610C2269
:1059500042618161C161FFF737FB18B1FFE7FCF7D6
:1059600015FBFFE702B080BDFFE7FEE7FFE7FEE7BC
:1059700088B0079006910592079800F00700049000
:105980000498C0F10700052803D3FFE70420019025
:1059900004E00498C0F107000190FFE7019803902C
:1059A00004980430062803D8FFE70020009003E0A5
:1059B000049803380090FFE7009802900698039936
:1059C000012202FA01F101390840029B9840059931
:1059D0009A40013A1140084308B070470168D1F875
:1059E000A8100847C0EBC00001EB4000017B01F0AC
:1059F0001F010D29704702EB40008088081A70478C
:105A00008046284613F0BEBB406801680968084715
:105A10000C460146054631F8040F228810444A8896
:105A2000208060881044608020460DF059B80090B6
:105A3000484641463A46334607F0C1BB4DF808EDAB
:105A40000AF014FC0168096B5DF808EB0847224670
:105A5000002300910B9980B2CDE901103398039097
:105A6000DDE907010CF027B8BDF81E00BDF81A10DB
:105A700070472068D0F880102046084704F14C0594
:105A800039460E222846FAF705BE4DF808ED0EF00D
:105A9000EEFE286800285DF808EB7047206829466C
:105AA000C26E20461047ADF80C0020690831019104
:105AB0006168CDF80E107047BDF81C200A4413B27F
:105AC000BA88024416B2BDF91A20B342704704F1F5
:105AD000400307CA07C31FBD2068297F826B204689
:105AE0001047484600212246334607F0D3BE8DF8C2
:105AF0001E008DF81D0040F20110ADF81F00FF20C0
:105B00008DF81C0070472246012300910B9980B24A
:105B1000CDE901103398039001200B90DDE90701D6
:105B20000BF0C9BF2068016F20460847602184F848
:105B3000540001EAD00094F8591001F09F01084484
:105B400084F85900704701EB810100EB41002146C8
:105B5000303870470168896B084710FB081080B225
:105B60002847BDF92CB03044ADF82000BDF82A001C
:105B700070471646CDE9140118685968CDE912013D
:105B800070470A9828440A900B98704711FB0B0045
:105B900080B2404701FB0BF110FB0A1080B248476E
:105BA000BDF83230BDF830204FF0000C7047B4EE35
:105BB000401AF1EE10FA7047504614F07DBA504684
:105BC00014F010BA05F01F00C5F3820141EAC000CD
:105BD000704713B0BDE8F08FBDF92020BDF9223029
:105BE0007047BDF93000BDF83820BDF9321070475C
:105BF000CDE90E0118685968CDE90C01704709B06C
:105C0000BDE8F08FFC20CBF3412100EADB00084423
:105C10007047FC20C5F3412100EAD50008447047D5
:105C200022786178A07810F065BE00680168096B81
:105C30000847BDF94820BDF94A307047BDF9381012
:105C4000BDF94030BDF93A20704700680168C96A63
:105C50000847A8B2524609EBC001304614F043B8D9
:105C600006462068016D204608472068C16B204623
:105C70000847054620680168096D0847A18D00881E
:105C8000814270476A7BA97902F0080241EA421119
:105C9000A0EB510084F85500704704F1140005F0A2
:105CA00027BF0168C96A0847DBF800002946826CF3
:105CB0005846104720681C9FC16C20460847204664
:105CC00009F0DCBFCDF8148001905E9802905F98D7
:105CD000CDE9030A62980690704704F14C06294604
:105CE0000E223046FAF7D6BC0244ADF84820BDF883
:105CF00052200A44ADF84A20BDF9542011FB02009D
:105D00007047DBF800003146826C584610478846E1
:105D10001C90484608F05CBA012180F8751080F8A4
:105D20005210704721EE001ABDEEC11A7047A0EB69
:105D30000800A4F85C007047BDF81620ADF8080014
:105D4000081AFF23ADF80C004846ADF80E20BDF848
:105D50001220ADF80A207047314609F045BB0446D1
:105D60000DF07EB9606801684A6870472068016874
:105D7000C96C08472068C16F2046084728460321A0
:105D800007F054BB02462046294610F0B3BD02443A
:105D9000ADF83020BDF83A200A44ADF83220BDF904
:105DA0003C2011FB020070470168C96B0847394667
:105DB000ADF80E004846ADF80C20B8F80020CDF83C
:105DC00000A0ADF80820704705980A9908440B997F
:105DD00028440A900698084470470546DBF80000FE
:105DE000C16F58460847284614F021BEBDF816106A
:105DF000B8F806200844B8F8021000B2114409B2FD
:105E0000814270470BF01F00CBF3820141EAC000D2
:105E10007047CDE90110204629460BF04CBEDBF857
:105E20000000D0F8801058460847B4F85C00B0F580
:105E3000004F7047BDF94800BDF85020BDF94A1029
:105E40007047098803FB012200EB420B01FB06F0BF
:105E50000BEB40007047106851681646CDE90A0107
:105E600018685968CDE90801704731460CF0EBBA63
:105E700080463046394607F0CFBCADF80E004846A4
:105E8000ADF80C20B8F80020ADF80820704700EB02
:105E900040000A5C08444178807810F02BBD360C35
:105EA00032F8166070472B4607F089B9DAF800001F
:105EB000C26850461047CDF800A03946ADF80C0036
:105EC0004846ADF80E307047B8F80420ADF80A0027
:105ED000081A7047084611461A462346009570472F
:105EE00000FB0AF011FB040080B2304701FB0AF10D
:105EF00015FB001080B25847DDF80C80304446187E
:105F0000A81800EB410570470000000000000000E9
:105F1000EFF30980BFF36F8F154B1A681EF0100F57
:105F200008BF20ED108A20E9F04F10602DE909002C
:105F30004FF0500080F31188BFF34F8FBFF36F8F86
:105F400019F0B0FA4FF0000080F31188BDE80900A5
:105F500019680868B0E8F04F1EF0100F08BFB0ECE9
:105F6000108A80F30988BFF36F8F704700BF00BFAE
:105F700098D7002080B582B001900198C06B009046
:105F800000980168486820F0030048600099886D17
:105F900040F0100088650099012048650098FDF7E1
:105FA000D1FE02B080BD000080B582B001900198A2
:105FB000C06B00900098FEF7F1F902B080BD0000C0
:105FC00080B584B003900398C06B0290FDF79AF8F7
:105FD000019003980068006800F48070B0F5807F3D
:105FE0003AD0FFE702980168486820F02000486036
:105FF00002980168486820F0020048600298019AFF
:10600000642100F02FF830B1FFE70299886D40F06D
:1060100020008865FFE70298806870B9FFE7FFE716
:106020000020009002980068C06800900298006804
:10603000806800900098FFE7FFE702990020C8867B
:106040000299012048650298806D20B1FFE702980F
:10605000FDF778FE04E0FFE70298FEF753F9FFE74B
:1060600004B080BD80B586B004900391029204987C
:10607000039B02996A4611600221012200F054F844
:1060800040B1FFE70499886D40F020008865032047
:10609000059046E040F20000C2F2000000684AF6B7
:1060A000AB21CAF6AA21A0FB011000094FF2A17191
:1060B000C1F2C601A0FB0110000C4FF47A714843F5
:1060C000019004984068B0F5827F14D1FFE70498EE
:1060D000039B02996A4611608021002200F024F897
:1060E00040B1FFE70499886D40F0200088650320E7
:1060F000059016E012E0FFE7019808B9FFE70CE011
:10610000019801380190FFE7049800688068C1B2E7
:106110000020B0EBD11FEFD1FFE7FFE70020059093
:10612000FFE7059806B080BD80B58AB0DDF830C0C5
:10613000089007910692059305980190FCF7E2FFFD
:10614000024601980C99891A08440390FCF7DAFF7B
:106150000290039840F20001C2F200010968C1F305
:10616000CB3148430490FFE708980068806807999E
:106170000840401AB0FA80F04009069988425CD085
:10618000FFE705980130002856D0FFE7FCF7BAFF7B
:106190000299401A0399884204D2FFE70398002825
:1061A0003FD1FFE708980168486820F0E0004860A8
:1061B00008984068B0F5827F13D1FFE7089880689F
:1061C000B0F5004F06D0FFE708988068B0F5806F03
:1061D00007D1FFE708980168086820F040000860D0
:1061E000FFE70898806AB0F5005F0FD1FFE7FFE78F
:1061F00008980168086820F4005008600898016851
:10620000086840F400500860FFE7FFE708990120A4
:106210004865FFE7089900200865FFE7032009901B
:106220000EE0049818B9FFE70020039003E00498FB
:1062300001380490FFE7FFE796E700200990FFE7A9
:1062400009980AB080BD000080B588B084460A98DD
:10625000CDF81CC0ADF81A10ADF81820ADF8163006
:10626000ADF8140040F21431C2F2000101200870B0
:1062700041F20000C4F202000290102103910022BA
:106280000492FCF729FFBDF81A00BDF81810BDF8FC
:1062900016200244013ABDF814300B44013B92B27F
:1062A0009BB200F07FFA2C2000F02EFB029803999D
:1062B000049AFCF711FFFFE74DF29050C2F2000084
:1062C000006880680006002801D5FFE7F4E74DF27A
:1062D0009050C2F2000001900268116821F0400164
:1062E00011604FF40061C1600268116841F40061FF
:1062F00011600168086840F04000086041F2000049
:10630000C4F2020001221146FCF7E6FE019807994B
:10631000BDF81620BDF814305A4392B2FDF748FF7D
:1063200030B3FFE740F21431C2F2000100200870E0
:106330004DF29050C2F200000268116821F0400155
:1063400011600268116821F4006111600168086839
:1063500040F04000086041F20000C4F20200102149
:106360000122FCF7B9FEFBF703FE18F077F9FFE70F
:1063700008B080BD80B5A2B08DF8870020919DF84F
:1063800087104DF27C70C2F200000172209901600A
:10639000F02181804FF4A071C1800068002840F096
:1063A0001E81FFE7112000F0AFFA7820FCF76CFCAB
:1063B0004DF27C70C2F20000007A00F02FFAB1209A
:1063C00000F0A2FA0120149000F078FA2C20179027
:1063D00000F074FA2D20189000F070FAB22000F04E
:1063E00093FA149800F06AFA179800F067FA189870
:1063F00000F064FAB32000F087FA149800F05EFA17
:10640000179800F05BFA189800F058FA149800F00A
:1064100055FA179800F052FA189800F04FFAB42085
:1064200000F072FA0720169000F048FAC02000F041
:106430006BFAA22000F042FA02201C9000F03EFA13
:10644000842000F03BFAC12000F05EFAC5201190D4
:1064500000F034FAC22000F057FA0A201F9000F032
:106460002DFA00201B9000F029FAC32000F04CFA0E
:106470008A20109000F022FA2A20129000F01EFAD2
:10648000C42000F041FA109800F018FAEE2000F055
:1064900015FA119800F038FA0E2000F00FFA2020BB
:1064A00000F032FA3A2000F02FFA052000F006FA48
:1064B000129800F029FA1B9800F000FA1B9800F0DF
:1064C000FDF91B9800F0FAF9812000F0F7F92B2074
:1064D000139000F019FA1B9800F0F0F91B9800F0E7
:1064E000EDF91B9800F0EAF9A12000F0E7F9E020AF
:1064F00000F00AFA1C9800F0E1F91C2000F0DEF927
:10650000169800F0DBF9122000F0D8F937201A9025
:1065100000F0D4F9322000F0D1F929201E9000F0CB
:10652000CDF9189800F0CAF91E9800F0C7F9252097
:1065300000F0C4F9139800F0C1F9392000F0BEF959
:106540001B9800F0BBF9149800F0B8F903201590DF
:1065500000F0B4F910201D9000F0B0F9E12000F037
:10656000D3F9159800F0AAF91D2000F0A7F91698A4
:1065700000F0A4F9062000F0A1F92E20199000F0F7
:106580009DF9179800F09AF91E9800F097F918985D
:1065900000F094F9199800F091F9199800F08EF92B
:1065A0001A9800F08BF93F2000F088F91B9800F052
:1065B00085F91B9800F082F91C9800F07FF91D986E
:1065C00000F07CF9132000F09FF91F98FCF75CFBAA
:1065D0001E9800F099F91F98FCF756FBD4E04DF295
:1065E0007C70C2F200000068012840F0CC80FFE718
:1065F0000120039000F088F978200190FCF744FB1B
:10660000112000F081F90198FCF73EFB4DF27C70FF
:10661000C2F20000007A00F001F93A2000F074F9AB
:106620000520049000F04AF9B22000F06DF90C202A
:10663000029000F043F9029800F040F9002000F0C9
:106640003DF93320099000F039F9099800F036F946
:10665000B72000F059F9352000F030F9BB2000F0E8
:1066600053F9322000F02AF9C22000F04DF90398C6
:1066700000F024F9C32000F047F915200D9000F038
:106680001DF9C42000F040F9202000F017F9C620C1
:1066900000F03AF90F2000F011F9D020059000F039
:1066A00033F9A42000F00AF9A12000F007F9E02056
:1066B00000F02AF9059800F001F90820069000F092
:1066C000FDF80E20079000F0F9F80920089000F07E
:1066D000F5F8089800F0F2F8049800F0EFF831208F
:1066E0000E9000F0EBF8099800F0E8F848200A90C6
:1066F00000F0E4F817200B9000F0E0F814200C9064
:1067000000F0DCF80D9800F0D9F80E9800F0D6F8FB
:1067100034200F9000F0D2F8E12000F0F5F8059851
:1067200000F0CCF8069800F0C9F8079800F0C6F819
:10673000089800F0C3F8089800F0C0F80D9800F031
:10674000BDF80E9800F0BAF8099800F0B7F80A986A
:1067500000F0B4F80B9800F0B1F80C9800F0AEF827
:106760000D9800F0ABF80E9800F0A8F80F9800F024
:10677000A5F8212000F0C8F8292000F0C5F80A206B
:10678000FCF782FAFFE7FFE74DF29050C2F20000FB
:10679000806C42F2F152C0F600020421FCF79AF933
:1067A00022B080BD80B586B0ADF81600ADF81410EB
:1067B000ADF81220ADF810302A2000F0A5F89DF8B1
:1067C00017008DF80C00BDF816008DF80D009DF82F
:1067D00013008DF80E00BDF812008DF80F0003A80D
:1067E00001900421029100F0B7F82B2000F08CF802
:1067F000019802999DF815208DF80C20BDF8142001
:106800008DF80D209DF811208DF80E20BDF8102078
:106810008DF80F2000F0A0F806B080BD80B582B0E2
:106820008DF8070000208DF806009DF8070001464E
:106830000091032838D80099DFE801F0020F1C29E5
:10684000C0208DF806004DF27C71C2F20001F020EC
:1068500088804FF4A070C88027E0A0208DF8060043
:106860004DF27C71C2F200014FF4A0708880F020DC
:10687000C8801AE000208DF806004DF27C71C2F24B
:106880000001F02088804FF4A070C8800DE06020E7
:106890008DF806004DF27C71C2F200014FF4A07039
:1068A0008880F020C88000E0FFE7362000F02CF858
:1068B0009DF8060000F002F802B080BD80B584B0FB
:1068C0008DF80F0041F20000C4F202000290102186
:1068D00000910022FCF700FC02980122019211466F
:1068E000FCF7FAFB019A4DF29050C2F200000DF154
:1068F0000F014FF0FF33FDF71BFB0099019A02983F
:10690000FCF7EAFB04B080BD80B586B08DF81700B7
:1069100041F20000C4F20200049010210291002212
:106920000192FCF7D9FB019A049801210391FCF72D
:10693000D3FB039A4DF29050C2F200000DF1170103
:106940004FF0FF33FDF7F4FA0299039A0498FCF72D
:10695000C3FB06B080BD000080B586B005900491F1
:1069600041F20000C4F202000390102101910022C4
:10697000FCF7B2FB0398012202921146FCF7ACFB34
:106980000599BDF810204DF29050C2F200004FF072
:10699000FF33FDF7CDFA0199029A0398FCF79CFBAF
:1069A00006B080BD000000000000000000000000F4
:1069B000074B19680868B0E8F04F80F30988BFF307
:1069C0006F8F4FF0000080F31188704700BF00BF49
:1069D00098D7002080B582B08DF807008DF806109A
:1069E0009DF807009DF8061014F0F0FF02B080BD7E
:1069F00080B582B0009000980138B0F1807F03D359
:106A0000FFE70120019019E0009801384EF21401CF
:106A1000CEF2000108604FF0FF300F2114F09CFA15
:106A20004EF21801CEF20001002008604EF2100272
:106A3000CEF20002072111600190FFE7019802B039
:106A400080BD000080B519F025FB012803D0FFE7C9
:106A500018F0E0FDFFE7FCF75BFB80BD80B594B06C
:106A600008A83021F9F7B7FE00200790069005909E
:106A700004900390FFE70020029043F64000C4F228
:106A80000200016841F080510160006800F0805010
:106A900002900298FFE7FFE70020019047F2000014
:106AA000C4F20000016841F440410160006800F454
:106AB000404001900198FFE7012008904FF480309A
:106AC000099002200E904FF480010F910F21109138
:106AD000D821119112900420139008A8FCF7E8FD2A
:106AE00018B1FFE7FBF752FAFFE7FCF7BFFB18B15D
:106AF000FFE7FBF74BFAFFE70F200390022004901B
:106B0000002005904FF4A05006904FF4805007905D
:106B100003A80521FCF706FC18B1FFE7FBF736FADE
:106B2000FFE714B080BD00004EF68851CEF20001A0
:106B3000086840F4700008607047000080B54DF2AE
:106B4000EC50C2F20000FDF777FE80BD83B00290EA
:106B5000019102980068009002980021C4F201019E
:106B6000884225D0FFE70298B0F1804F20D0FFE7A0
:106B7000029840F20041C4F20001884218D0FFE7B9
:106B8000029840F60001C4F20001884210D0FFE7ED
:106B9000029840F60041C4F20001884208D0FFE7A5
:106BA000029840F20041C4F2010188420AD1FFE795
:106BB000009820F070000090019841680098084308
:106BC0000090FFE702980021C4F20101884255D0ED
:106BD000FFE70298B0F1804F50D0FFE7029840F2F3
:106BE0000041C4F20001884248D0FFE7029840F615
:106BF0000001C4F20001884240D0FFE7029840F64D
:106C00000041C4F20001884238D0FFE7029840F208
:106C10000041C4F20101884230D0FFE7029844F2FB
:106C20000001C4F20101884228D0FFE7029844F233
:106C30000041C4F20101884220D0FFE7029844F6E7
:106C40000001C4F20101884218D0FFE7029841F622
:106C50000001C4F20001884210D0FFE7029841F61B
:106C60000041C4F20001884208D0FFE7029842F2D6
:106C70000001C4F2000188420AD1FFE7009820F425
:106C8000407000900198C168009808430090FFE7A9
:106C9000009820F08000019949690843009001980C
:106CA00080680299C8620198006802998862029817
:106CB0000021C4F20101884208D0FFE7029840F2A7
:106CC0000041C4F20101884205D1FFE70198006943
:106CD00002990863FFE70299086840F00400086021
:106CE00002990120486100980299086003B070473A
:106CF00085B00490039102920193049880680090FB
:106D0000009820F47F40009003980299019A41EA8C
:106D1000022101430098084300900098049988607C
:106D200005B0704783B0029001910298806800908E
:106D3000009820F07000009001980099084340F0FE
:106D40000700009000980299886003B07047000027
:106D500085B00490039102920498006A009004990F
:106D6000086A20F001000862049880690190019887
:106D700020F0F00001900299019840EA0110019082
:106D8000009820F00A0000900399009808430090B2
:106D900001980499886100980499086205B07047C9
:106DA00085B00490039102920498006A00900499BF
:106DB000086A20F010000862049880690190019828
:106DC00020F4704001900299019840EA013001904E
:106DD000009820F0A00000900399009840EA01106C
:106DE000009001980499886100980499086205B0A0
:106DF0007047000080B582B00190FEF791FD0A2037
:106E000018F042F902B080BD80B582B001900198BF
:106E1000C06B009000990020C8850098FDF744FEE3
:106E200002B080BD80B584B003900020029003982A
:106E3000C06B0190019800684069C0B2C00902901F
:106E40000198406C21280AD1FFE7029838B1FFE78A
:106E500001990020C884019800F05AF9FFE70198D1
:106E600000684069C0F3801002900198806C22286D
:106E70000AD1FFE7029838B1FFE701990020C885E1
:106E8000019800F0E9F8FFE70199C86C40F01000A4
:106E9000C8640198FDF708FE04B080BD80B586B0D7
:106EA00005900598C06B0490059800680068C005BF
:106EB000002859D4FFE704990020C885FFE7FFE7C1
:106EC0000498006850E8030F20F480700390FFE7F7
:106ED00003990498026842E803100028F0D1FFE704
:106EE000FFE7FFE7FFE70498006850E8050F20F090
:106EF00001000290FFE702990498026842E8051039
:106F00000028F0D1FFE7FFE7FFE7FFE704980068FC
:106F100050E8050F20F040000190FFE70199049828
:106F2000026842E805100028F0D1FFE7FFE7049966
:106F3000202088640498006B012814D1FFE7FFE744
:106F4000FFE70498006850E8030F20F0100000905D
:106F5000FFE700990498026842E803100028F0D186
:106F6000FFE7FFE7FFE7FFE7049900204863049885
:106F7000006B012805D1FFE70498818DFDF78EFD98
:106F800003E00498FEF734F9FFE706B080BD000087
:106F900080B582B001900198C06B009000990120EB
:106FA00048630098006B012806D1FFE70098818DA7
:106FB0004908FDF773FD03E00098FEF727F9FFE7A6
:106FC00002B080BD80B584B003900398C06B02907E
:106FD000039800680068C00500282AD4FFE70299DA
:106FE0000020C884FFE7FFE70298006850E8050F1B
:106FF00020F080000190FFE701990298026842E8C2
:1070000005100028F0D1FFE7FFE7FFE7FFE7029850
:10701000006850E8030F40F040000090FFE700993F
:107020000298026842E803100028F0D1FFE7FFE76A
:1070300003E00298FEF7FAF9FFE704B080BD000014
:1070400080B582B001900198C06B00900098FEF767
:10705000F1F902B080BD000084B00390FFE7FFE7C4
:107060000398006850E8030F20F490700290FFE747
:1070700002990398026842E803100028F0D1FFE764
:10708000FFE7FFE7FFE70398006850E8050F20F0EF
:1070900001000190FFE701990398026842E805109A
:1070A0000028F0D1FFE7FFE70398006B012814D117
:1070B000FFE7FFE7FFE70398006850E8030F20F0C1
:1070C00010000090FFE700990398026842E803105F
:1070D0000028F0D1FFE7FFE7FFE70399202088644D
:1070E00003990020086304B07047000080B582B0A7
:1070F000019001980168C86820F04000C8600199BB
:10710000202048640198FEF791F9002002B080BD6C
:1071100082B00190FFE7FFE70198006850E8030F95
:1071200020F0C0000090FFE700990198026842E853
:1071300003100028F0D1FFE7FFE701992020486401
:1071400002B0704780B586B0049000200390029092
:107150000498806C222840F09D80FFE704988068A6
:10716000B0F5805F13D1FFE70498006978B9FFE7B5
:107170000498806A02900498006840686FF35F206A
:10718000029908800499886A0230886223E0049892
:10719000806A039004988068B0F5805F08D0FFE7AC
:1071A0000498806850B9FFE70498006930B9FFE798
:1071B0000498006840680399087007E00498006824
:1071C000406800F07F0003990870FFE70499886A1F
:1071D00001308862FFE70499C88D0138C885000432
:1071E000002854D1FFE704980168C86820F0200007
:1071F000C86004980168C86820F48070C86004986A
:107200000168486920F001004861049920208864E1
:107210000499002048630498006B012830D1FFE7EF
:10722000049900200863FFE7FFE70498006850E82E
:10723000030F20F010000190FFE701990498026805
:1072400042E803100028F0D1FFE7FFE70498006848
:107250000068C00600280ED5FFE7FFE70020009079
:1072600004980068006800900498006840680090E6
:107270000098FFE7FFE70498818DFDF70FFC03E01E
:107280000498FDF7B5FFFFE70020059005E000201A
:10729000059002E002200590FFE7059806B080BD4A
:1072A00080B586B0059005980068006920F44050CC
:1072B000059A1168D26810430861059988680B69BE
:1072C0004A69C96918431043084304900598006847
:1072D000C06849F20C61884304990843059909681C
:1072E000C86005980068406920F44070059A1168EC
:1072F0009269104348610598006841F20001C4F2A8
:107300000101884209D0FFE70598006841F2004179
:10731000C4F20101884204D1FFE7FCF743F903906E
:1073200003E0FCF72DF90390FFE70598C069B0F57D
:10733000004F29D1FFE703981921A0FB0101059A0D
:107340001368029353685A00DB0FF9F7DBF80299D0
:10735000864648F21F53C5F2EB13AEFB03204209E9
:1073600010014FF0640C02FB1CEC322202EBCC0249
:10737000A2FB0332F82303EA521300EB4300C2F3EB
:1073800042121044886026E003981921A0FB0101F5
:10739000059A1368019353689A009B0FF9F7B2F8A6
:1073A0000199844648F21F52C5F2EB12ACFB023041
:1073B0004309642003FB10CC322000EB0C10A0FB2F
:1073C0000202F02000EA521000EB0310C2F3431255
:1073D00010448860FFE706B080BD000080B58AB029
:1073E00008900791ADF81A20079808998862BDF8AF
:1073F0001A000899888508990020C864089A2221F3
:1074000091640899CA6B46F69D61C0F6000111644B
:107410000899CA6B46F69171C0F60001516408994B
:10742000CA6B46F62561C0F6000111650899C96B63
:10743000486507A8059008980168C06B0431059A53
:107440001268BDF81A30FBF793FB48B1FFE70899C3
:107450001020C864089920208864012009904DE01C
:10746000FFE70020049008980068006804900898DE
:107470000068406804900498FFE708980069A0B18C
:10748000FFE7FFE7FFE70898006850E8030F40F4C4
:1074900080700390FFE703990898026842E80310A0
:1074A0000028F0D1FFE7FFE7FFE7FFE7FFE70898D5
:1074B000006850E8050F40F001000290FFE70299D4
:1074C0000898026842E805100028F0D1FFE7FFE7BE
:1074D000FFE7FFE70898006850E8050F40F040001C
:1074E0000190FFE701990898026842E8051000281A
:1074F000F0D1FFE7FFE700200990FFE709980AB005
:1075000080BD000083B001900198406C212839D1E2
:10751000FFE701988068B0F5805F13D1FFE701981D
:10752000006978B9FFE70198006A00900098008828
:107530006FF35F200199096848600199086A023079
:10754000086208E0019A106A411C116200780199F2
:1075500009684860FFE70199C88C0138C8840004B5
:1075600068B9FFE701980168C86820F08000C8602A
:1075700001980168C86840F04000C860FFE700203B
:10758000029002E002200290FFE7029803B07047E9
:1075900080B586B0DDF820C004900391029201937B
:1075A000FFE704980068006803990840401AB0FAA1
:1075B00080F04009029988424AD1FFE708980130DB
:1075C000002844D0FFE7FBF79DFD0199401A089978
:1075D000884203D8FFE7089818B9FFE70320059011
:1075E00039E004980068C068400700282ED5FFE7FE
:1075F000039880282AD0FFE70398402826D0FFE789
:1076000004980068006800F008010120B0EBD10F79
:107610001BD1FFE7FFE70020009004980068006896
:10762000009004980068406800900098FFE7049874
:10763000FFF712FD04990820C864FFE704990020B1
:107640000864FFE70120059005E0FFE7FFE7A8E7F2
:1076500000200590FFE7059806B080BD80B582B098
:107660004DF25460C2F2000000680068C0060028B5
:1076700016D5FFE7FFE7002001904DF25460C2F2FB
:107680000000016809680191006840680190019854
:10769000FFE74DF25460C2F2000017F071F9FFE706
:1076A0004DF25460C2F20000FDF762FA02B080BDF4
:1076B000FFE7FEE780B513F0D7FE13F001FF13F0EC
:1076C00015FF13F029FF13F037FF80BD80B513F0CD
:1076D000E1FE80BD80B513F0A3FE80BD70478268D7
:1076E00012B10146012010477047F0B5ADF5397D64
:1076F00064AF0646384614460D46F9F73BFC02A92E
:10770000384632462B46F5607461009400F0FAFD6D
:1077100002200DF5397DF0BD80B58AB0694614F0C0
:1077200037F80299002818BF002108460AB080BD2A
:1077300080B58AB0694614F02BF80099002818BF6C
:10774000002108460AB080BD70B5ADF5407D62AD40
:1077500004462846F9F70EFC00206E46E0603046ED
:10776000294614F039F8B6A9304614F011F818B1CA
:1077700003200DF5407D70BD6D46B6AEB99B5BB183
:10778000B698BB99BE9A2165C4E912020020214631
:107790002A469847082806D12846314613F0F8FFB4
:1077A0000028EBD0E4E7062802D00928E1D0DFE783
:1077B00062A869462246002300F0D2FC0220D8E7E6
:1077C00010B5ADF5387D044664A8F9F7D3FBE3683E
:1077D0003BB964A802A92246012300F0C1FCF9F7D5
:1077E000A1FBD4F814C064A802A92246CDF800C0B9
:1077F00000F088FDF9F796FB70B5049C1646052944
:10780000054616D0012908D059BB0F2E4FF00200B3
:1078100013D893B92846314612E023F0040001281A
:107820000AD1012B10D10F2E06D8284614F001F8EA
:107830000CE053EA060001D0022070BD28468F21DB
:10784000224613F0B3FF07E01F2EF5D806F580712E
:107850002846224613F085FF002818BF012040006B
:1078600070BDF9F75FFB00002DE9F04F81B09A423F
:10787000044680F0E88098468A460025EB4620269C
:1078800082F003001AF90000571C00285FFA80F903
:107890000ED420460D215A4613F088FF0098B9F106
:1078A000400F4FEA890125D20844021D26E000BF9F
:1078B000A9F180000009052800F2D380DFE800F07C
:1078C0000362404D246E474580F0CB8087F0030172
:1078D0004FEA09301AF8011080B250EA011300F0A3
:1078E000C08009F00800971C45EAD0052046002119
:1078F0001A4630E001F0FC01401A021F00922046B7
:107900000D2113F0B4FF57E009F0FE00C82840F045
:10791000A88087F003001AF80010A9F1C800B0FA97
:1079200080F040090B0943EA001001F00F014318F1
:107930001F2B00F2968041EA0040971C421C36E063
:1079400009F0070006FA00F0103809F0080140EAD3
:10795000C1222046002100232CE0A9F1B001072913
:1079600058D80920DFE801F06D04315D2D7A7A7A6C
:10797000474573D287F003001AF800300F2B70D8F8
:10798000971CB3E709F00D000D286AD009F00F012C
:1079900020465A4613F00AFF009AB0E75FEA0970E2
:1079A0005FD4012109F00700C0F208014218204607
:1079B0000121052300F058F847453A46FFF460AF2F
:1079C0003FE0204605210022C5E7A9460026002009
:1079D000474546D287F003011AF901107D1C01F0DA
:1079E0007F0282401643073000292F46F0D42046FC
:1079F0000D215A4613F0DAFE00980D2100EB8600A7
:107A000000F501722046009213F031FF2F464D46DB
:107A10002026D1E7012109F00700C0F20801421831
:107A20000BE087F003001AF80000971C00F00F012C
:107A300000F0F00041EA0030421C20460121012301
:107A4000B8E7E80709D16A4620460E2113F0AEFEDA
:107A5000009A20460F2113F00AFF082001B0BDE86C
:107A6000F08F0920FAE700002DE9F04186B01E46AC
:107A700015460529044654D0012928D0002975D17E
:107A8000002E57D102AA20460D2113F08FFE0028A8
:107A900050D10027002600BF25FA06F0C0070FD0FE
:107AA0000298314650F8042B0290204613F0DFFE76
:107AB00000283FD1A6F10D00B0FA80F0400907433D
:107AC0000136102EE8D1F80746D0002033E026F02A
:107AD000040001282ED105AA20460D2113F066FED0
:107AE00040BBA8B2B8B12F0C00EB15450DF108084A
:107AF00005983A4600F10801059103C83346CDE9DF
:107B0000020120460121CDF8008000F031F888B94B
:107B10000137AF42ECD3012E1CD10598021D05920E
:107B20001BE056EA050005D102AA20460D2113F0FC
:107B30003DFE18B1022006B0BDE8F081029A204651
:107B400052F8045B0D21029213F091FE20468F2122
:107B50002A4604E0059A00E0029A20460D2113F01F
:107B600086FE002818BF01204000E4E7F9F7DAF9A3
:107B700070B5049E15460529044617D0012909D081
:107B800069BB0F2D4FF0020014D89BB93268204614
:107B9000294613E023F0040001280AD1012B10D15B
:107BA0000F2D06D8204613F044FE0CE053EA0500E2
:107BB00001D0022070BD326820468F2113F057FE9D
:107BC00008E01F2DF5D8D6E9002305F58071204681
:107BD00013F032FE002818BF0120400070BDF9F7F5
:107BE000A1F9000080B590B040F21C30C2F2000054
:107BF0000078BFF35F8FC007002844D1FFE740F251
:107C00001C30C2F2000017F055F8E0B3FFE76846F9
:107C10000D9000210163C16281623F22426245F200
:107C20009802C0F60302026245F2B402C0F60302F3
:107C3000C26181614161012202610423C3608160EC
:107C400041600A2303604BF2BC40C2F2000044F2E0
:107C50003871C0F6030106F011FCFFE74EF27550D3
:107C6000C0F600004BF2BC41C2F2000140F200023B
:107C7000C0F60002F8F7C8FC40F21C30C2F2000067
:107C800017F02EF8FFE74BF2BC40C2F2000010B034
:107C900080BD0F900E9140F21C30C2F20000002116
:107CA0004170FFE713F024FB80B590B040F2203024
:107CB000C2F200000078BFF35F8FC007002844D1F4
:107CC000FFE740F22030C2F2000016F0F3FFE0B30D
:107CD000FFE768460D9000210163C16281623F2287
:107CE000426245F29C02C0F60302026245F2B8020B
:107CF000C0F60302C2618161416101220261042375
:107D0000C36081604160142303604BF2E840C2F21B
:107D1000000044F24871C0F6030106F0AFFBFFE734
:107D20004EF27550C0F600004BF2E841C2F200017D
:107D300040F20002C0F60002F8F766FC40F2203084
:107D4000C2F2000016F0CCFFFFE74BF2E840C2F2AF
:107D5000000010B080BD0F900E9140F22030C2F2B2
:107D6000000000214170FFE713F0C2FA80B590B027
:107D700040F22430C2F200000078BFF35F8FC007EA
:107D8000002844D1FFE740F22430C2F2000016F090
:107D900091FFE0B3FFE768460D9000210163C162E7
:107DA00081623F22426245F2A002C0F603020262F3
:107DB00045F2BC02C0F60302C26181614161012249
:107DC00002610423C36081604160282303604BF299
:107DD0001450C2F2000044F25871C0F6030106F0DC
:107DE0004DFBFFE74EF27550C0F600004BF2145108
:107DF000C2F2000140F20002C0F60002F8F704FCF3
:107E000040F22430C2F2000016F06AFFFFE74BF2A6
:107E10001450C2F2000010B080BD0F900E9140F2DD
:107E20002430C2F2000000214170FFE713F060FA35
:107E300080B590B040F22830C2F200000078BFF365
:107E40005F8FC007002847D1FFE740F22830C2F219
:107E5000000016F02FFF00283ED0FFE769460D9185
:107E600000200863C86288623F224A6245F2A40289
:107E7000C0F603020A6245F2C002C0F60302CA61FC
:107E800001228A614A610A610422CA6088604860EE
:107E9000142008604BF24050C2F2000044F26871B6
:107EA000C0F603014822182306F0E8FAFFE74EF275
:107EB0007550C0F600004BF24051C2F2000140F292
:107EC0000002C0F60002F8F79FFB40F22830C2F231
:107ED000000016F005FFFFE74BF24050C2F2000031
:107EE00010B080BD0F900E9140F22830C2F2000019
:107EF00000214170FFE713F0FBF9000080B590B05E
:107F000040F22C30C2F200000078BFF35F8FC00750
:107F1000002849D1FFE740F22C30C2F2000016F0F1
:107F2000C9FE002840D0FFE769460D910020086394
:107F3000C86288623F224A6245F2A802C0F6030284
:107F40000A6245F2C402C0F60302CA6103228A61D2
:107F500002224A6101220A610422CA6088604860E4
:107F60000F2008604BF26C50C2F2000044F658310A
:107F7000C0F603014822122306F080FAFFE74EF212
:107F80007550C0F600004BF26C51C2F2000140F295
:107F90000002C0F60002F8F737FB40F22C30C2F2C4
:107FA000000016F09DFEFFE74BF26C50C2F200009D
:107FB00010B080BD0F900E9140F22C30C2F2000044
:107FC00000214170FFE713F093F9000080B590B0F5
:107FD00040F23030C2F200000078BFF35F8FC0077C
:107FE000002845D1FFE740F23030C2F2000016F021
:107FF00061FEE8B3FFE768460D9000210163C162AE
:1080000081623F22426245F2AC02C0F60302026284
:1080100045F2C802C0F60302C261012282614161D9
:1080200002610422C26081604160142303604BF24C
:108030009850C2F2000044F64871C0F603010822CD
:1080400006F01CFAFFE74EF27550C0F600004BF246
:108050009851C2F2000140F20002C0F60002F8F7A7
:10806000D3FA40F23030C2F2000016F039FEFFE7DA
:108070004BF29850C2F2000010B080BD0F900E91EC
:1080800040F23030C2F2000000214170FFE713F0EF
:108090002FF9000080B590B040F23430C2F20000F9
:1080A0000078BFF35F8FC007002847D1FFE740F299
:1080B0003430C2F2000016F0FDFD00283ED0FFE78C
:1080C00068460D9000210163C16281623F224262D5
:1080D00045F2B002C0F60302026245F2CC02C0F6DD
:1080E0000302C26103228261416101220261042212
:1080F000C26081604160162303604BF2C450C2F23B
:10810000000044F6B871C0F60301102206F0B6F97B
:10811000FFE74EF27550C0F600004BF2C451C2F2B8
:10812000000140F20002C0F60002F8F76DFA40F2DA
:108130003430C2F2000016F0D3FDFFE74BF2C4501A
:10814000C2F2000010B080BD0F900E9140F23430AA
:10815000C2F2000000214170FFE713F0C9F80000EF
:108160002DE9F0478CB00C46014620469A4615464C
:1081700013F032FB01260DF12C080DF1040900BFAC
:108180001AF001004FF0010718BF022708D03EB9CE
:108190002A6920464FF0FF3113F069FB4FF0000AC7
:1081A00020466FF00101424613F000FB204649468D
:1081B00013F0EEFA20BB049B7BB101980699099A53
:1081C0002965C5E9120238462946224698470828FB
:1081D00005D10B98296A884205D0013ED0E70728CF
:1081E00003D009280CD1F8F79DFE6A4620464FF0CF
:1081F000FF3113F0DBFA00982861204613F010FBE2
:108200000CB0BDE8F087000081B000900098002815
:108210000DD4FFE7009901F01F02012090404A09A8
:108220004EF20011CEF2000141F82200FFE701B04A
:108230007047000081B00090009800280DD4FFE73F
:10824000009901F01F02012090404A094EF20011EE
:10825000CEF2000141F82200FFE701B070470000B4
:1082600081B000900098002811D4FFE7009901F038
:108270001F02012090404A094EF28011CEF2000107
:1082800041F82200BFF34F8FBFF36F8FFFE701B0BC
:108290007047000081B000900098002811D4FFE7DB
:1082A000009901F01F02012090404A094EF280110E
:1082B000CEF2000141F82200BFF34F8FBFF36F8F62
:1082C000FFE701B07047000082B001900091019873
:1082D000002809D4FFE70098000101994EF20042FE
:1082E000CEF2000288540AE000980001019901F0E2
:1082F0000F014EF61452CEF200028854FFE702B08E
:10830000704700002DE9F0418CB00D46014628462B
:108310001C46164613F060FA02A9284613F038FAF4
:1083200010B10CB0BDE8F081DDF8488002AF00BFAD
:1083300001200A2132463346CDE90058A0470028E3
:10834000EFD1059B8BB1029807990A9A3165C6E96E
:108350001202092031462A469847072802D00828E9
:1083600003D009E0284613F05BFA2846394613F09B
:108370000FFA0028DCD0D4E70528D2D101201A2139
:1083800032463346CDE90058A047CAE780B582B0EF
:10839000019007F0E9F907F0EDFB02B080BD0000A5
:1083A00081B00090FFE7FEE762B1884204BF012080
:1083B000704780B540684968F9F71AFCB0FA80F058
:1083C000400980BD40684968401AB0FA80F0400911
:1083D00070472DE9F04190B00D46DDE9168101AFFF
:1083E000CDE90130CDE9032107F110002721F8F78D
:1083F000F2F901208DF83B000024D8F800000F941A
:108400008669404639462A4601230094B0470A98B7
:10841000012811D0F8B90B99DDE90802069C81F01A
:10842000010180F0010008430021012A18BF0C4619
:10843000002818BF0C460EE00798012801D1059CC2
:1084400009E00B98002430B90898012803D1099855
:10845000012808BF059C204610B0BDE8F0812DE939
:10846000F04192B01E46199B0C46002B05D418987B
:10847000D84218BF0024254623E0991C4FF0000580
:108480001FD00DF10C08CDE9036008F11000202188
:10849000CDE90523F8F79FF94FF080704FF0010CFC
:1084A00010903068CDF83CC0119547693046414680
:1084B00022462346CDE900C5B8470998012808BFE0
:1084C0002546284612B0BDE8F0812DE9F04192B072
:1084D0001D46189B002B27D4C71A0E468F424FF01B
:1084E000000422DB0DF10C0808F110002021CDE979
:1084F0000357CDE90523F8F76EF94FF080704FF080
:10850000010C10902868CDF83CC01194D0F814E00C
:108510002846414632463346CDE900C4F047099C1F
:10852000002C18BF3C4600E00024204612B0BDE8F5
:10853000F0810A6852F8083C1944016052F8041CA2
:10854000C0E90113704712F0CFBB80B5AFF30080D4
:108550000821BDE8804012F0DFBC80B5AFF3008099
:108560000C21BDE8804012F0D7BC03C844F64E424F
:10857000C0F24302000A82EA112240EA016042F698
:108580002B31C4F2437148401043B0FA80F04009E7
:1085900070474BF26821C2F20001884238BFF7F7FA
:1085A00028BF01F50071884201D200F067BEF7F7DD
:1085B00020BF10B582B0044601284FF0000098BFDC
:1085C0000124019001A808212246F8F796F90198A4
:1085D00010B9204600F0FCFE02B010BD2DE9F04FAE
:1085E0008DB00F461821984691468246F8F7F3F869
:1085F00003205FEAC77BCAF8180008D1B80740F12A
:108600008E8107F00C000C2805D1022026E017F01F
:108610000E0F40F08481169D2846FFF77DF8E0B1EB
:108620000646CAF80C0000200C900CAC284600212D
:108630000F2200230094FFF7DFF80C9C2846FFF779
:1086400077F816F8011B0546FF290C9609D00CA8EF
:1086500000F0B6F90C9E079004E00820CAF8180054
:108660005DE1079516F8012B24F00100E943FF2A8C
:108670004FF000020C9605970BD0002316F9015B12
:1086800005F07F0494402343002D02F10702F5D446
:10869000F218CDF818A000EB010A711C0C91367885
:1086A000CDE9089200200022CDE903B811F9013B81
:1086B00003F07F0585402A43002B00F10700F5D425
:1086C00001EB020B0BAD0C910B9100BF594524D26D
:1086D0002846314600F074F981462846314600F0BC
:1086E0006FF980462846314600F06AF90B9900235D
:1086F000002200BF11F9014B04F07F079F403A436D
:10870000002C03F10703F5D4D1450B9103D808EBF6
:1087100009039A4505D3CA45D8D20898049900F0B0
:1087200042F9002800F0B5800799002A084406990C
:10873000086100F0B1800BEB0200DDF810B0A0F191
:1087400001080BF158004FF0000A4FF0FF36079078
:1087500000210020C14600BF19F9012B02F07F0360
:108760008B401843002A01F10701F5D4D2B206FA72
:1087700001F32029064638BF1E433F2A98BF06460C
:10878000012E37DB0998002800F0CC80A0EB860092
:108790000168002900F08780006800BF002800F011
:1087A00082800546089810B3584603C800BF44F6B7
:1087B0004762C4F24C32514042F60132C4F22B32CD
:1087C00050400843079808BF5BF8240C00280A9023
:1087D00000F0AC805BF8201C002900F0A78028681E
:1087E0000AAA036928469847002840F08580504629
:1087F00030E000BFB6FA86F0400940EA0A004EB306
:10880000059911F0080125D1089800284BD0584649
:1088100003C800BF44F64762C4F24C32514042F6EE
:108820000132C4F22B3250400843079C08BF5BF86A
:10883000244C002C7AD05BF8203C002B76D0F51726
:10884000099A30462946CDE9004B00F091F90028FD
:1088500050465CD1002200214B4600BF13F9016B4A
:1088600006F07F0797403943002E02F10702F5D446
:10887000F3B24FF0FF3606FA02F7202A0A4638BF55
:108880003A433F2B98BF0A4652B309EB020882468F
:108890005EE70699082004E0039A0820002A08BF32
:1088A000062088613BE0069CF017C4E9006058464A
:1088B000C4F8088003C800BF44F64762C4F24C32D3
:1088C000514042F60132C4F22B325040084304BFFB
:1088D0005BF8240C079007990620C4E905101EE0F8
:1088E0000821C00718BF0621059A0820920758BF23
:1088F00001460698816112E0069AF017C2E900600D
:108900000A980621C2F80880C2E9050107E0069925
:108910000620C1E90065C1F80880C1E905400DB035
:10892000BDE8F08F0898594600F03DF8584612F01F
:1089300075FB5BF8140C12F0D9F910B50446283019
:1089400012F06CFB606912F0D1F9F0B583B01546F6
:108950000C46029002AE0846002100220023009639
:108960000027FFF705F92868002102902046012220
:1089700000230096FFF7FCF82D69204600210F2206
:10898000002302970096FEF737FF0298002100F0BF
:1089900001002843029020460F2200230096FFF793
:1089A000E7F803B0F0BDB0B5054608460C4612F036
:1089B00035FB1DB154F8140C12F098F912F0F8F9C7
:1089C00070B5FF291CD001F00F020C2A00F2938031
:1089D000D0F800C0DFE802F065532F07178F8F8FA4
:1089E0008F38280717009CF800209CF802309CF86C
:1089F00003609CF8015043EA062342EA05225CE04A
:108A00004FF0000E75E09CF800209CF802309CF8B6
:108A100003609CF8015043EA062342EA052242EA39
:108A2000034E0CF108064CE09CF901209CF8003044
:108A300043EA022E05E09CF800209CF8013042EA4F
:108A4000032E0CF102063CE000230022664600BF24
:108A500016F9014B04F07F059D402A43002C03F1D9
:108A60000703F5D44FF0FF359646E4B29D40202B26
:108A700038BF4EEA050E3F2C98BF964621E00022F3
:108A80004FF0000E664600BF16F9013B03F07F046D
:108A900094404EEA040EB3F1FF3F02F10702F3DD0A
:108AA0000FE09CF800209CF802309CF803509CF8E2
:108AB000014043EA052342EA042242EA034E0CF154
:108AC0000406C1F302123AB1032A05D0012A12D1D9
:108AD000BEF1000F0AD0E644BEF1000F06D049B245
:108AE000B1F1FF3FD8BFDEF800E001E04FF0000E2B
:108AF0000660704670BDF8F715FA10B512F004FC68
:108B0000D0F808E0BEF1000F25D0714651F828CF0B
:108B100044F64E424B68C0F2430282EA13244FEA05
:108B20001C2242EA036242F62B33C4F243735A40DA
:108B300022430CD1DEF82420013ACEF8242008D1BB
:108B4000DEF8202082600020CEF8200001E0002224
:108B50008260084610BD12F02BF9012803D101F103
:108B6000580012F06FBB80B551F8140C12F0BEF82B
:108B70002DE9F04182B0E2B1DDF82080C0431C460F
:108B800002EB800001AD00BF076867B1061D0068F9
:108B900000BF01682A460B692146CDF8048098473A
:108BA00000283046F0D0B7FA87F0400902B0BDE89F
:108BB000F081099812F032FA12F0FAF880B586B016
:108BC00005900599049101F6680041F67E328B56B6
:108BD00043F6F812C0F6020201920A2102910BF04C
:108BE0004FFE019A0299049B03F67C0041F67F3CFC
:108BF00013F90C300BF044FE019A0299049B03F523
:108C000009604FF4DC5C13F90C300BF039FE019A6B
:108C10000299049B03F6A40041F6813C13F90C3041
:108C20000BF02EFE049901F64A0041F67C328B5679
:108C300043F6F512C0F602020F2100910BF020FE60
:108C4000019A0299049B03F6360041F67D3C13F924
:108C50000C300BF015FE0099019A049B03F2D270C0
:108C600041F6823C33F90C300BF00AFE0099019A70
:108C7000049B03F5FE6041F6843C33F90C300BF0A5
:108C8000FFFD0099019A049B03F2B47041F6863C03
:108C900033F90C300BF0F4FD0299049A02F60E0041
:108CA00041F68833D35C43F6FB12C0F6020203920E
:108CB0000BF0E6FD019A0299049B03F6220041F6AF
:108CC0008A3C33F90C300BF0DBFD019A0299049BCE
:108CD00003F5F46041F68C3C33F90C300BF0D0FD19
:108CE000019A0299049B03F28C7041F68E3C33F991
:108CF0000C300BF0C5FD0299039A049B03F5EF605D
:108D000041F6903C13F80C300BF0BAFD049800F2D9
:108D1000B45011F03AFA049800F5C16011F035FA38
:108D2000049800F2645011F030FA049800F21450E4
:108D300011F02BFA049800F56A7011F026FA0498E5
:108D400000F57E7011F021FA049800F5DC7011F046
:108D50001CFA049800F5896011F017FA049800F5E0
:108D6000936011F012FA049800F5B47011F00DFA46
:108D7000049800F58C7011F008FA0498C83011F0CE
:108D800004FA06B080BD000080B582B00190019861
:108D900000F0E0FB02B080BD80B582B00190019888
:108DA0000AF0B8FB02B080BD80B584B00390039890
:108DB000009000F0D3FBFAF7A5F9009B029002980F
:108DC00044F6D351C1F26201A0FB01108009019069
:108DD000019844F20751CCF22E21A0FB0121090C8D
:108DE00040F2A3225143A0EBC110019001994BF234
:108DF000C530C9F2A210A1FB0021CA0A41F69C317C
:108E00005A50DDF804C0ACFB0020C00A4FF4616288
:108E100000FB12C044F24542C0F24442A0FB0220D3
:108E20004FF4DD529850019848F6890CC8F6880C2A
:108E3000A0FB0CCE4FEA5E1C4FEA0C1CACEB5E1C98
:108E4000A0EB8C0041F6A43C43F80C0003F25C60FC
:108E5000595C9A5C13F80C3005F0E8F904B080BD59
:108E600080B582B001900198009000F091FB0098CD
:108E700042F24421C0F602010831016041F67C3221
:108E80000021815441F67D32815441F67E32815475
:108E900041F67F3281544FF4DC52815441F68132E5
:108EA000815441F68232815241F68432815241F638
:108EB0008632815241F68832815441F68A3281529B
:108EC00041F68C32815241F68E32815241F6903217
:108ED000815441F69432815041F69832815041F6E6
:108EE0009C3281504FF4DD52815041F6A4328150C2
:108EF00002B080BD80B582B001900198009000F072
:108F000005F8009812F006F802B080BD80B582B076
:108F100001900198009001F0BFFC009802B080BD64
:108F200080B582B00190019801F0D6FE02B080BDFC
:108F300080B582B00190019800904AF28830C2F268
:108F40000000006850B9FFE70820002116F082FBFE
:108F50004AF28831C2F200010860FFE700200121D7
:108F6000FDF708FA009801F0BFFE4DF2EC50C2F296
:108F70000000FBF72FFB02B080BD000080B582B07F
:108F80000190019801F0D0FE02B080BD80B582B0A2
:108F9000019000910198009901F0CEFE02B080BDD1
:108FA00080B582B00190019801F0F4FE02B080BD5E
:108FB00080B582B00190019801F0F4FE02B080BD4E
:108FC00080B582B0019000910198009901F0F2FE05
:108FD00002B080BD80B582B00190019801F0F0FE32
:108FE00002B080BD80B582B00190019801F0F2FE20
:108FF00002B080BD80B582B00190019801F0EEFE14
:1090000002B080BD80B584B00390029101920093BC
:1090100003980299019A009B01F0F0FE04B080BD14
:1090200010B588B08C4686460B980A99CDF81CE09E
:10903000CDF818C005920493ADF80E10ADF80C00F1
:10904000079802900699059A049BBDF80EC0BDF8DA
:109050000C40EE46CEF80440CEF800C001F0DCFE35
:10906000029842F27C21C0F602010831016008B08A
:1090700010BD000080B582B001900198009000F012
:1090800005F8009811F046FF02B080BD80B582B0AF
:1090900001900198009001F0F5FE009802B080BDAB
:1090A00080B582B040F23830C2F200000078BFF3E1
:1090B0005F8FC00720BBFFE740F23830C2F20000EC
:1090C00015F0F8FDE0B1FFE74BF2F050C2F20000FE
:1090D00000F028F8FFE749F22D20C0F600004BF21F
:1090E000F051C2F2000140F20002C0F60002F7F7B0
:1090F0008BFA40F23830C2F2000015F0F1FDFFE7C4
:109100004BF2F050C2F2000002B080BD019000911D
:1091100040F23830C2F2000000214170FFE712F047
:10912000E7F8000080B58CB00B900B98069042F2E7
:109130006831C0F6020108310791016000F11401A5
:10914000059100F12C0241F6DC33034441F60C4C4E
:109150008444EE46CEF800C001F018FD0598069A4A
:1091600007991160014608910EF0A4FFFFE70698E9
:109170002C30014604910EF065FFFFE7069841F69A
:10918000DC310844014603910EF0CEFFFFE706985C
:1091900041F6F031084402F065F8FFE7069A41F61F
:1091A0000C4010440146029141F6F031114401F0A7
:1091B00037FDFFE7069841F60C41014402689268CA
:1091C0009047FFE706980CB080BD0A9009911BE01C
:1091D0000A90099114E00A9009910DE00A90099112
:1091E00006E0024602980A92099101F039FDFFE774
:1091F00003980EF0B5FFFFE704980EF03FFFFFE77E
:1092000008980EF073FFFFE7069801F0E9FCFFE70E
:1092100012F06EF880B582B001900198009000F0D5
:1092200005F8009811F076FE02B080BD80B584B0DC
:1092300003900398029042F26831C0F6020101F1F6
:109240000802014641F8142B019141F60C410844F3
:1092500001F006FD029841F6DC3108440EF080FF73
:1092600002982C300EF00AFF01980EF03FFF029892
:1092700001F0B6FC029804B080BD0000F0B54BF2DE
:10928000684CC2F2000CDCF800304BF2682E011F73
:10929000C2F2000EBBB10EF50072934213D000244F
:1092A0001A4600BF558802EB85068E4212D030F870
:1092B000026C01EB8607974211D0158814460EEB1D
:1092C0008502802DEED1A3EB0E0080080880CCF83B
:1092D0000010F0BD30F8020C28445080F0BD731926
:1092E00020F8023C24B1A1EB0E0080082080F0BDE4
:1092F0001088CCF800100880F0BD00002DE9F04F78
:109300008BB00446C06C8B46C57801A9584612F054
:109310003FFA002894F85000039918BF0021C007B5
:1093200043D10E68002E40D005F00F0A4AF002002B
:10933000032838D1BAF1030F02D14F68082002E0A8
:109340004F88B6B204200D18002006F00109D4F8A9
:109350004880019058460F2101AA67F3410912F095
:1093600025FAB9F1020F05D229460E68002EE1D187
:109370001BE000BF29D1019827F0010120F0010076
:1093800008EB0102824205F10401EED826F0010348
:109390001A449042E9D22968480061F31E00411C3A
:1093A00011D0023011D109200AE0584612F093FA88
:1093B00001460920002908BF0520012908BF08200F
:1093C0000BB0BDE8F08F0620FAE7F7F7ABFD000021
:1093D000F0B581B04BF2684CC2F2000CDCF8002012
:1093E0004BF2682EC2F2000E22B10EF500718A42D5
:1093F00008D122E08021C0F27F01724642F8041FAA
:10940000CCF8002003300123810803EB90050024F1
:10941000101D134642071ED15E88721B02F0010721
:109420002A4688BF3A44B24209D3B14215D31888BC
:109430001C460EEB80028028EAD1002017E0B01A0B
:10944000588080B203EB8001002723F82070081DAC
:1094500043074A800BD0F7F765FD1988002C12BF2F
:1094600021800EEB8101CCF800100021198001B0A1
:10947000F0BD000080B583B084460598CDF808C0E3
:10948000ADF80610ADF80420ADF802308DF80100FB
:1094900003B080BD80B583B084460598CDF808C080
:1094A000ADF80610ADF80420ADF802308DF80100DB
:1094B00003B080BD82B001908DF8031002B07047F8
:1094C00080B582B084460498CDF804C08DF80310AE
:1094D0008DF802208DF801308DF8000002B080BDBB
:1094E00082B001908DF8031002B0704782B00190F5
:1094F000009101990098486002B0704781B00090D7
:10950000009842F27C31C0F602010831016000216E
:10951000416001B07047000080B582B001900198B1
:10952000009000F005F8009811F0F4FC02B080BD46
:1095300081B00090009801B07047000042F24410E2
:10954000C0F60200704700000220704781B0009012
:1095500001B0704781B0009001B0704780B582B013
:1095600001900198009041F6783142580132425002
:10957000405803280AD1FFE700980168C96A884764
:10958000009941F6783200208850FFE702B080BD94
:1095900080B5ADF5487DC790C7986E9009F0DCFAAC
:1095A0006E9842F2A031C0F60201083140F8401B2B
:1095B00001466F9106F060F8FFE76E986C306D9091
:1095C0000DF212304FF6FF7109F0A0FDFFE76D9824
:1095D0000DF2123105F024F8FFE76E989C30014639
:1095E0006C910EF007FCFFE76E98C83001466B9156
:1095F00005F080FFFFE76E9800F58C7001466A91D8
:1096000005F078FFFFE76E9800F5B47001466991A8
:1096100005F070FFFFE76E9800F5DC700146689179
:1096200005F068FFFFE76E9800F50270014667914C
:1096300009F0A8F9FFE76E9800F51E706690C3A8C0
:1096400000210EF003FEFFE76698C39904F0B2FF15
:10965000FFE76E9800F523700146659109F092F9D5
:10966000FFE76E9800F53F706490C2A800210EF0ED
:10967000EDFDFFE76498C29904F09CFFFFE76E9848
:1096800000F54470014663910EF02CF9FFE76E98E7
:1096900000F55770014662910EF024F9FFE76E98CD
:1096A00000F56A700146619105F024FFFFE76E98AE
:1096B00000F57E700146609105F01CFFFFE76E9893
:1096C00000F5896001465F9105F014FFFFE76E9891
:1096D00000F5936001465E9105F00CFFFFE76E9880
:1096E00000F59D6001465D910EF084FBFFE76E98EA
:1096F00000F2145001465C9105F0FCFEFFE76E9805
:1097000000F2645001465B9105F0F4FEFFE76E98AD
:1097100000F2B45001465A9105F024FFFFE76E981D
:1097200000F5C1600146599105F01CFFFFE76E98F6
:1097300000F25C600146589103F0D0FCFFE76E98A0
:1097400000F2FC6057900DF206304FF6FF7109F001
:10975000DDFCFFE757980DF2063104F061FFFFE7EB
:109760006E9800F22C70014656910EF0BBF8FFE7A0
:109770006E9841F678320021815000F6B8004FF41F
:10978000965105F093FDFFE76E9840306A46F02150
:10979000116000224FF4A07311460BF0EBFAFFE7C3
:1097A0006E984030549000221046114609F01CFA81
:1097B0005590FFE754985599C091C09905F054FF12
:1097C000FFE76E9800F1400109F0A6FFFFE76E98F1
:1097D0006C3053900DF2FE20012109F097FCFFE759
:1097E00053980DF2FE2109F01AFAFFE76E986C30DB
:1097F0006A46F021116000224FF4A07311460BF06D
:10980000B9FAFFE76E986C30002104F007FFFFE71C
:109810006E9800F16C0109F07FFFFFE76E989C30B5
:109820006A4678211160002176224FF4A0730BF074
:10983000A1FAFFE76E98C8306A4614211160A3218F
:1098400047229B230BF096FAFFE76E98C8305190A1
:10985000F5200222114609F0C7F95290FFE751980E
:109860005299BE91BE990EF001F8FFE76E98C8308C
:1098700000210DF0B5FFFFE76E9800F5EF60509006
:10988000BCA801210EF0C0FCFFE7BCA811F0D4F980
:109890004F90FFE74F9B509843F68712C0F60202A5
:1098A0000A210AF0EDFFFFE7BCA80EF0C9FC6E9993
:1098B00001F1C80001F5EF6105F00AFEFFE76E98BF
:1098C000C8304E90BAA802210EF09EFCFFE74E98D9
:1098D000BAA90DF058FFFFE7BAA80EF0B1FC6E99D7
:1098E00001F19C00C8310EF0D5F9FFE76E9800F544
:1098F0008C70A52134220BF039FBFFE76E9800F540
:109900008C704C90A720F7217C2209F06DF94D90C6
:10991000FFE74C984D99B991B9990DF0A7FFFFE772
:109920006E9800F58C7000210DF05AFFFFE76E98DD
:1099300000F28C704B90B7A800210EF065FCFFE799
:10994000B7A811F079F94A90FFE74A9B4B9843F684
:109950008712C0F602020A210AF092FFFFE7B7A8B9
:109960000EF06EFC6E9901F58C7001F28C7105F0B1
:10997000AFFDFFE76E9800F58C700DF049FFFFE733
:109980006E9800F58C704990B5A803210EF03CFC50
:10999000FFE74998B5A90DF0F6FEFFE7B5A80EF070
:1099A0004FFC6E9901F19C0001F58C710EF072F97B
:1099B000FFE76E9800F5B4706A4614211160F0213B
:1099C0001C224B230BF0D6F9FFE76E9800F5B4701C
:1099D0004790A720F7217C2209F006F94890FFE77D
:1099E00047984899B491B4990DF040FFFFE76E98FD
:1099F00000F5B47000210DF0F3FEFFE76E9800F55E
:109A0000F4604690B2A804210EF0FEFBFFE7B2A876
:109A100011F012F94590FFE7459B469843F68712EF
:109A2000C0F602020A210AF02BFFFFE7B2A80EF0EF
:109A300007FC6E9901F5B47001F5F46105F048FD7D
:109A4000FFE76E9800F5B4704490B0A805210EF0C1
:109A5000DBFBFFE74498B0A90DF095FEFFE7B0A847
:109A60000EF0EEFB6E9901F19C0001F5B4710EF061
:109A700011F9FFE76E9800F5DC706A46132111605A
:109A8000002133229B230BF075F9FFE76E9800F558
:109A9000DC704290A720F7217C2209F0A5F84390C2
:109AA000FFE742984399AF91AF990DF0DFFEFFE7D2
:109AB0006E9800F5DC7000210DF092FEFFE76E98C5
:109AC00000F2B4704190ADA80A210EF09DFBFFE7B3
:109AD000ADA811F0B1F84090FFE7409B419843F6E4
:109AE0008712C0F602020F210AF0CAFEFFE7ADA8F6
:109AF0000EF0A6FB6E9901F5DC7001F2B47105F071
:109B0000E7FCFFE76E9800F5DC703F90ABA80B21F7
:109B10000EF07AFBFFE73F98ABA90DF034FEFFE7AC
:109B2000ABA80EF08DFB6E9901F19C0001F5DC7184
:109B30000EF0B0F8FFE76E9800F502706A460A2151
:109B4000116000224FF4A07311460BF013F9FFE7E8
:109B50006E9800F51E703D902B20AB21D92209F0A4
:109B600043F83E90FFE73D983E99AA91AA9904F0E8
:109B70000BFDFFE76E9901F5027001F51E7103F010
:109B80005DF9FFE76E9800F502700021052208F0EC
:109B9000E1FEFFE76E9800F502704FF4A071052218
:109BA00008F0B6FEFFE76E9800F50270032108F09A
:109BB0008FFDFFE76E9800F50270012108F09AFE14
:109BC000FFE76E9901F19C0001F502710EF062F859
:109BD000FFE76E9800F523706A46732111609B21A0
:109BE00004220A230BF0C6F8FFE76E9800F53F70D9
:109BF0003B902B20AB21D92208F0F6FF3C90FFE7E9
:109C00003B983C99A991A99904F0BEFCFFE76E9995
:109C100001F5237001F53F7103F010F9FFE76E982D
:109C200000F523700521002208F094FEFFE76E98EE
:109C300000F523700521F02208F06AFEFFE76E9818
:109C400000F52370032108F043FDFFE76E9800F54F
:109C50002370012108F04EFEFFE76E9901F19C0090
:109C600001F523710EF016F8FFE76E9800F54470C9
:109C70006A46162111600622A02319460BF07AF8D5
:109C8000FFE76E9800F544703990FF2210461146A8
:109C900008F0AAFF3A90FFE739983A99A891A89955
:109CA0000DF0E4FDFFE76E9800F5447000210DF023
:109CB00097FDFFE76E9800F544703890A6A80F2135
:109CC0000EF0A2FAFFE73898A6A90DF05CFDFFE7B9
:109CD000A6A80EF0B5FA6E9901F19C0001F5447149
:109CE0000DF0D8FFFFE76E9800F557706A4618210F
:109CF0001160002105229B230BF03CF8FFE76E98D2
:109D000000F557703690FF221046114608F06CFFA0
:109D10003790FFE736983799A591A5990DF0A6FDE4
:109D2000FFE76E9800F5577000210DF059FDFFE731
:109D30006E9800F557703590A3A810210EF064FAC4
:109D4000FFE73598A3A90DF01EFDFFE7A3A80EF0CD
:109D500077FA6E9901F19C0001F557710DF09AFFA9
:109D6000FFE76E9800F56A706A46142111600021C1
:109D70001D224D230AF0FEFFFFE76E9800F56A7082
:109D80003390A720F7217C2208F02EFF3490FFE7C4
:109D900033983499A291A2990DF068FDFFE76E986F
:109DA00000F56A7000210DF01BFDFFE76E9800F2D0
:109DB000D2703290A0A80D210EF026FAFFE7A0A8DD
:109DC00010F03AFF3190FFE7319B329843F687124B
:109DD000C0F602020F210AF053FDFFE7A0A80EF023
:109DE0002FFA6E9901F56A7001F2D27105F070FBDD
:109DF000FFE76E9800F56A7030909EA80E210EF075
:109E000003FAFFE730989EA90DF0BDFCFFE79EA87E
:109E10000EF016FA6E9901F19C0001F56A710DF0D1
:109E200039FFFFE76E9800F57E706A4614211160D5
:109E30004E211D2252230AF09DFFFFE76E9800F588
:109E40007E702E90A720F7217C2208F0CDFE2F9067
:109E5000FFE72E982F999D919D990DF007FDFFE743
:109E60006E9800F57E7000210DF0BAFCFFE76E9849
:109E700000F5FE602D909BA80D210EF0C5F9FFE7BF
:109E80009BA810F0D9FE2C90FFE72C9B2D9843F651
:109E90008712C0F602020F210AF0F2FCFFE79BA82E
:109EA0000EF0CEF96E9901F57E7001F5FE6105F0B8
:109EB0000FFBFFE76E9800F57E702B9099A80C21A0
:109EC0000EF0A2F9FFE72B9899A90DF05CFCFFE7D3
:109ED00099A80EF0B5F96E9901F19C0001F57E711B
:109EE0000DF0D8FEFFE76E9800F589606A461421F0
:109EF0001160012147229B230AF03CFFFFE76E9887
:109F000000F589602990F5200222114608F06CFEC8
:109F10002A90FFE729982A99989198990DF0A6FC24
:109F2000FFE76E9800F5896000210DF059FCFFE70E
:109F30006E9800F60E00289096A808210EF064F99D
:109F4000FFE796A810F078FE2790FFE7279B289858
:109F500043F68712C0F602020A210AF091FCFFE7DD
:109F600096A80EF06DF96E9901F5896001F60E0163
:109F700005F0AEFAFFE76E9800F58960269094A888
:109F800009210EF041F9FFE7269894A90DF0FBFB9B
:109F9000FFE794A80EF054F96E9901F19C0001F5C9
:109FA00089610DF077FEFFE76E9800F593606A46D1
:109FB00014211160A5211D224B230AF0DBFEFFE7CF
:109FC0006E9800F593602490A720F7217C2208F07A
:109FD0000BFE2590FFE724982599939193990DF016
:109FE00045FCFFE76E9800F5936000210DF0F8FB4B
:109FF000FFE76E9800F62200239091A806210EF04C
:10A0000003F9FFE791A810F017FE2290FFE7229BCB
:10A01000239843F68712C0F602020A210AF030FCA8
:10A02000FFE791A80EF00CF96E9901F5936001F627
:10A03000220105F04DFAFFE76E9800F5936021903C
:10A040008FA807210EF0E0F8FFE721988FA90DF007
:10A050009AFBFFE78FA80EF0F3F86E9901F19C00D0
:10A0600001F593610DF016FEFFE76E9800F19C017B
:10A0700009F052FBFFE76E9800F59D606A46722179
:10A08000116000224FF4A07311460AF073FEFFE73F
:10A090006E9800F214506A4617211160A0212D22FB
:10A0A00057230AF067FEFFE76E9800F214501F90E6
:10A0B000A720F7217C2208F097FD2090FFE71F984A
:10A0C00020998E918E990DF0D1FBFFE76E9800F2EA
:10A0D000145000210DF084FBFFE76E9800F6360067
:10A0E0001E908CA813210EF08FF8FFE78CA810F0BB
:10A0F000A3FD1D90FFE71D9B1E9843F68712C0F637
:10A1000002020A210AF0BCFBFFE78CA80EF098F8C7
:10A110006E9901F2145001F6360105F0D9F9FFE706
:10A120006E9800F214501C908AA81C210EF06CF856
:10A13000FFE71C988AA90DF026FBFFE78AA80EF01E
:10A140007FF86E9901F59D6001F214510DF0A2FDAA
:10A15000FFE76E9800F264506A46172111600021F3
:10A160002E22A0230AF006FEFFE76E9800F264504C
:10A170001A903320CC21B52208F036FD1B90FFE762
:10A180001A981B99899189990DF070FBFFE76E98D9
:10A1900000F2645000210DF023FBFFE76E9800F6FB
:10A1A0004A00199087A812210EF02EF8FFE787A821
:10A1B00010F042FD1890FFE7189B199843F687129C
:10A1C000C0F602020F210AF05BFBFFE787A80EF042
:10A1D00037F86E9901F2645001F64A0105F078F9FA
:10A1E000FFE76E9800F26450179085A81B210EF0CF
:10A1F0000BF8FFE7179885A90DF0C5FAFFE785A8CA
:10A200000EF01EF86E9901F59D6001F264510DF09B
:10A2100041FDFFE76E9800F2B4506A4633211160A9
:10A2200000214322A0230AF0A5FDFFE76E9800F26B
:10A23000B4501590DB207D212A2208F0D5FC169021
:10A24000FFE715981699849184990DF00FFBFFE7AD
:10A250006E9800F2B45000210DF0C2FAFFE76E983C
:10A2600000F66800149082A817210DF0CDFFFFE7DB
:10A2700082A810F0E1FC1390FFE7139B149843F6BB
:10A280008712C0F602020A210AF0FAFAFFE782A852
:10A290000DF0D6FF6E9901F2B45001F6680105F099
:10A2A00051F9FFE76E9800F67C00129080A8162105
:10A2B0000DF0AAFFFFE780A810F0BEFC1190FFE7A9
:10A2C000119B129843F68712C0F602020A210AF087
:10A2D000D7FAFFE780A80DF0B3FF6E9901F2B450F2
:10A2E00001F67C0105F036F9FFE76E9800F2B450F4
:10A2F00010907EA81A210DF087FFFFE710987EA925
:10A300000DF041FAFFE77EA80DF09AFF6E9901F576
:10A310009D6001F2B4510DF0BDFCFFE76E9800F5B1
:10A32000C1606A46332111604322A02319460AF016
:10A3300021FDFFE76E9800F5C1600E90DB207D21C6
:10A340002A2208F051FC0F90FFE70E980F997D919B
:10A350007D990DF08BFAFFE76E9800F5C160002142
:10A360000DF03EFAFFE76E9800F509600D907BA8AE
:10A3700015210DF049FFFFE77BA810F05DFC0C9064
:10A38000FFE70C9B0D9843F68712C0F602020A21E4
:10A390000AF076FAFFE77BA80DF052FF6E9901F5FF
:10A3A000C16001F5096105F0CDF8FFE76E9800F690
:10A3B000A4000B9079A814210DF026FFFFE779A8DF
:10A3C00010F03AFC0A90FFE70A9B0B9843F68712BD
:10A3D000C0F602020A210AF053FAFFE779A80DF04D
:10A3E0002FFF6E9901F5C16001F6A40105F0B2F8E6
:10A3F000FFE76E9800F5C160099077A819210DF06C
:10A4000003FFFFE7099877A90DF0BDF9FFE777A8EB
:10A410000DF016FF6E9901F59D6001F5C1610DF01B
:10A4200039FCFFE76E9800F25C606A461221116009
:10A4300000211B22F7230AF09DFCFFE76E9800F233
:10A440005C600790F620FA21A52208F0CDFB089069
:10A45000FFE7079808997691769902F017FEFFE7D3
:10A460006E9800F25C60069074A818210DF0CCFE86
:10A47000FFE7069874A902F0E1FDFFE774A80DF06C
:10A48000DFFE6E9800F25C60012102F0F9FDFFE74B
:10A490006E9800F25C60032102F0EAFDFFE76E981F
:10A4A00000F25C600A220023114603F0BFFEFFE7C2
:10A4B0006E9901F59D6001F25C610DF0EBFBFFE729
:10A4C0006E9800F2FC6005900DF5E770002108F031
:10A4D0001DFEFFE705980DF5E77108F0A0FBFFE70B
:10A4E0006E9800F2FC606A4643211160F721002259
:10A4F00049230AF03FFCFFE76E9800F2FC60002160
:10A5000004F08CF8FFE76E9901F59D6001F2FC61A3
:10A510000DF0C0FBFFE76E9800F22C706A461B211D
:10A5200011600022F72311460AF024FCFFE76E9821
:10A5300000F22C700390FF221046114608F054FBE5
:10A540000490FFE703980499729172990DF08EF9C7
:10A55000FFE76E9800F22C7000210DF041F9FFE743
:10A560006E9800F22C70029070A811210DF04CFE34
:10A57000FFE7029870A90DF006F9FFE770A80DF04B
:10A580005FFE6E9901F59D6001F22C710DF082FB6A
:10A59000FFE76E9800F59D6109F0BEF8FFE76E9841
:10A5A0000DF5487D80BDC690C59162E1C690C5910C
:10A5B0005BE1C690C59154E1C690C5914DE1C6904E
:10A5C000C59146E1C690C5913FE1C690C59138E17D
:10A5D000C690C59131E1C690C5912AE1C690C5915A
:10A5E00023E1C690C5911CE1C690C59115E1C690C6
:10A5F000C5910EE1C690C59107E1C690C59100E1F5
:10A60000C690C591F9E0C690C591F2E0C690C5919B
:10A61000EBE0C690C591E4E0C690C591DDE0C69040
:10A62000C591D6E0C690C591CFE0C690C591C8E06F
:10A63000C690C591C1E0C690C591BAE0C690C591DB
:10A64000B3E0C690C591BCA80DF0FAFDADE0C69090
:10A65000C591BAA80DF0F4FDA7E0C690C591B7A8C2
:10A660000DF0EEFDA1E0C690C591B5A80DF0E8FD96
:10A670009BE0C690C591B2A80DF0E2FD95E0C690B2
:10A68000C591B0A80DF0DCFD8FE0C690C591ADA8D6
:10A690000DF0D6FD89E0C690C591ABA80DF0D0FDB8
:10A6A00083E0C690C591A6A80DF0CAFD7DE0C690D6
:10A6B000C591A3A80DF0C4FD77E0C690C591A0A8F0
:10A6C0000DF0BEFD71E0C690C5919EA80DF0B8FDDD
:10A6D0006BE0C690C5919BA80DF0B2FD65E0C690F9
:10A6E000C59199A80DF0ACFD5FE0C690C59196A804
:10A6F0000DF0A6FD59E0C690C59194A80DF0A0FDFF
:10A7000053E0C690C59191A80DF09AFD4DE0C6901A
:10A71000C5918FA80DF094FD47E0C690C5918CA817
:10A720000DF08EFD41E0C690C5918AA80DF088FD20
:10A730003BE0C690C59187A80DF082FD35E0C6903C
:10A74000C59185A80DF07CFD2FE0C690C59182A82B
:10A750000DF076FD29E0C690C59180A80DF070FD42
:10A7600023E0C690C5917EA80DF06AFD1DE0C6905D
:10A77000C5917BA80DF064FD17E0C690C59179A83E
:10A780000DF05EFD11E0C690C59177A80DF058FD63
:10A790000BE0C690C59174A80DF052FD05E0C6907F
:10A7A000C59170A80DF04CFDFFE756980DF0DEF84E
:10A7B000FFE7579803F042FFFFE7589802F0B2FC1A
:10A7C000FFE7599804F0EEFEFFE75A9804F0EAFE1E
:10A7D000FFE75B9804F0ACFEFFE75C9804F0A8FE8E
:10A7E000FFE75D980DF01AFBFFE75E9804F0A0FE0E
:10A7F000FFE75F9804F09CFEFFE7609804F098FE86
:10A80000FFE7619804F094FEFFE762980DF0AEF860
:10A81000FFE763980DF0AAF8FFE7649803F0EEFEF7
:10A82000FFE7659808F0CEF8FFE7669803F0E6FECC
:10A83000FFE7679808F0C6F8FFE7689804F078FE2D
:10A84000FFE7699804F074FEFFE76A9804F070FE71
:10A85000FFE76B9804F06CFEFFE76C980DF0DEFAF2
:10A86000FFE76D9803F0EAFEFFE76F9804F02CFF16
:10A87000FFE76E9808F08EF9FFE710F039FD000051
:10A8800080B582B001900198009000F005F8009822
:10A8900010F040FB02B080BD80B582B001900199FC
:10A8A000009142F2A030C0F602000830086004F0C7
:10A8B000F7FCFFE7009800F22C700DF057F80098B5
:10A8C00000F2FC6003F0BAFE009800F25C6002F057
:10A8D00029FC009800F5C16004F064FE009800F2C5
:10A8E000B45004F05FFE009800F2645004F020FEC3
:10A8F000009800F2145004F01BFE009800F59D60D3
:10A900000DF08CFA009800F5936004F011FE0098A9
:10A9100000F5896004F00CFE009800F57E7004F0EC
:10A9200007FE009800F56A7004F002FE009800F53A
:10A9300057700DF01BF8009800F544700DF016F8F4
:10A94000009800F53F7003F059FE009800F5237061
:10A9500008F038F8009800F51E7003F04FFE0098DC
:10A9600000F5027008F02EF8009800F5DC7004F095
:10A97000DFFD009800F5B47004F0DAFD009800F5F2
:10A980008C7004F0D5FD0098C83004F0D1FD00981B
:10A990009C300DF043FA00986C3003F04FFE0098A5
:10A9A000403004F091FE009808F0F4F8009802B0EE
:10A9B00080BD10F019FB000081B0009001B070471D
:10A9C00080B583B084460598CDF808C0ADF8061070
:10A9D000ADF80420ADF802308DF801000299BDF801
:10A9E0000600CA6841F68233D052BDF80400CA6836
:10A9F00041F68433D052BDF80200CA6841F686336E
:10AA0000D0529DF80100C96841F68832885403B0DD
:10AA100080BD000080B583B084460598CDF808C09D
:10AA2000ADF80610ADF80420ADF802308DF8010045
:10AA30000299BDF80600CA6841F68A33D052BDF8C3
:10AA40000400CA6841F68C33D052BDF80200CA68CF
:10AA500041F68E33D0529DF80100C96841F690321C
:10AA6000885403B080BD000082B001908DF80310BF
:10AA700001999DF80300C96841F67D32885402B0FF
:10AA80007047000080B582B084460498CDF804C0B9
:10AA90008DF803108DF802208DF801308DF800003C
:10AAA00001999DF80300CA6841F67E33D0549DF8A1
:10AAB0000200CA6841F67F33D0549DF80100CA688D
:10AAC0004FF4DC53D0549DF80000C96841F6813240
:10AAD000885402B080BD000082B001908DF8031050
:10AAE00001999DF80300C96841F67C32885402B090
:10AAF0007047000081B0009001B0704780B586B00B
:10AB000005900491059801900DF03CFB01980430EC
:10AB1000FEF7F4FCFFE7019842F2D831C0F60201DB
:10AB200001F108020260343141600499C16006B04D
:10AB300080BD02460198039202910DF03BFBFFE7B6
:10AB400010F0D6FB80B582B001900198009000F023
:10AB500005F8009810F0DEF902B080BD80B582B033
:10AB60000190019800900430FEF7E2FC00980DF08F
:10AB700021FB009802B080BD80B582B001900091A9
:10AB8000009800F0E3F902B080BD000080B586B007
:10AB9000DDF820C00590049103920293059801907E
:10ABA0000499039A029BDDF820C0EE46CEF800C05F
:10ABB00009F016F9019842F22841C0F60201083165
:10ABC000016006B080BD000080B582B001900198A0
:10ABD000009000F005F8009810F09CF902B080BDDC
:10ABE00080B582B001900198009009F01DF900989D
:10ABF00002B080BD1D2070474DF64420C2F2000017
:10AC00007047000080B582B0019001980090D0F8A4
:10AC1000580100F039FA009802F000F802B080BD47
:10AC200080B584B00390029101920398009002993C
:10AC3000019A00F0C5F9009842F23C41C0F60201C9
:10AC40000831016004B080BD80B582B001900198E8
:10AC5000009000F005F8009810F05CF902B080BD9B
:10AC600080B582B001900198009000F0F5F900984D
:10AC700002B080BD83B0029001910092002003B029
:10AC80007047000081B0009001B0704780B582B07D
:10AC900001900198009003F02BFE009842F2904141
:10ACA000C0F602010831016002B080BD80B582B0FB
:10ACB00001900198009000F005F8009810F02AF932
:10ACC00002B080BD80B582B001900198009003F081
:10ACD0001FFE009802B080BD80B582B0019001983F
:10ACE00004F000FD02B080BD80B582B001900198F3
:10ACF000009004F00DFD01F03FF801460098026855
:10AD0000926E9047009840F24031C2F2000104F088
:10AD1000F1FF0098032104F0F5FF10B9FFE7FFE70A
:10AD2000FEE702B080BD000080B582B001905A20DD
:10AD3000FDF780FA02B080BD80B588B0079006911B
:10AD400007980290069904F06FFE029880690168E6
:10AD50004968884713F006FDD0B9FFE704A80190C1
:10AD600007F0B4FE0298019980690268D2689047A2
:10AD700003900398BDF81010BDF81220BDF81430F0
:10AD8000BDF816C0EE46CEF800C013F0F1FCFFE7A8
:10AD900008B080BD80B582B00190019804F046FEF5
:10ADA00002B080BD80B582B001905A20FDF772FAE2
:10ADB00002B080BD82B00190009102B070470000E7
:10ADC00080B582B001905A200921FDF77DFA02B0CA
:10ADD00080BD000081B0009001B0704780B582B0A6
:10ADE000019001980090FFE713F0BCFC08B1FFE769
:10ADF000FAE7009805F0C6FC02B080BD80B584B0CB
:10AE0000039002910192009303980299019A009B8A
:10AE100005F0C9FC04B080BD10B588B08C468646EC
:10AE20000B980A99CDF81CE0CDF818C00592049350
:10AE3000ADF80E10ADF80C00079802900699059A2F
:10AE4000049BBDF80EC0BDF80C40EE46CEF80440A1
:10AE5000CEF800C005F01AFD029842F2A841C0F6F3
:10AE600002010831016008B010BD000080B582B059
:10AE700001900198009000F005F8009810F04AF851
:10AE800002B080BD80B582B001900198009005F0BD
:10AE9000A3FD009802B080BD80B584B00290ADF8EB
:10AEA0000610BDF8060001460091062829D8009931
:10AEB000DFE801F004090E13181D2200FFF79CFEC5
:10AEC0000068039020E0FFF797FE406803901BE0C6
:10AED000FFF792FE8068039016E0FFF78DFEC068D2
:10AEE000039011E0FFF788FE006903900CE0FFF784
:10AEF00083FE4069039007E0FFF77EFE80690390C0
:10AF000002E000200390FFE7039804B080BD00003A
:10AF100080B582B001900198009000F005F800988B
:10AF20000FF0F8FF02B080BD80B582B001900198AB
:10AF3000009002F005F9009802B080BD80B582B0A3
:10AF40000190019800F002F802B080BD80B58AB08F
:10AF5000099009990291002004904AF69170C0F678
:10AF600000000390039A049B05A8009009F0A0FE3E
:10AF70000298009900F5A270019009F0E7FE009890
:10AF800009F0DAFE01980299C1F840010AB080BDCB
:10AF900080B582B00190019800F59E71D0F85421DF
:10AFA000D0F858016B46186040F2C420C2F200008D
:10AFB00040F2C823C2F2000303F0A0FB02B080BD40
:10AFC00080B588B00790069105920798019003F02C
:10AFD00065FB019842F2A851C0F6020108310160F8
:10AFE00000F5A2700146029109F086FEFFE7019983
:10AFF0000598C1F854010698C1F8580104F0B4FB53
:10B000000090FFE7009801688A6800219047FFE7F9
:10B01000002007F02FFEFFE7019808B080BD0490E4
:10B02000039106E0024602980492039109F084FE1F
:10B03000FFE7019803F058FBFFE710F059F9000013
:10B0400080B582B001900198009000F005F800985A
:10B050000FF060FF02B080BD80B582B00190019812
:10B06000009000F5A27009F067FE009803F03CFB29
:10B07000009802B080BD000082B00190009101995B
:10B080000098086002B0704710B58CB00B900B9818
:10B0900002904DF66020C2F201000068002800F026
:10B0A000DE80FFE702980068002800F0D880FFE704
:10B0B00000200A900990089007908DF81B008DF8E9
:10B0C0001A008DF81900FFE74DF66020C2F201006A
:10B0D000006807A9002214F077FD012860D1FFE77E
:10B0E0000798019040B1FFE7019801282ED0FFE7B3
:10B0F000019802283ED051E0029907A80830059037
:10B10000059800784871059800790872059840798B
:10B1100048720598807888710598C078C87105983C
:10B1200090F9010091F9041088420BD0FFE70299D1
:10B13000059840780871086891F9041002689268CF
:10B140009047FFE701208DF81B0028E0029907A82F
:10B1500008300490049800884881049840888881C9
:10B1600004988088C88104988079087401208DF83B
:10B170001A0014E0029907A8083003900398008889
:10B18000488203984088888203988088C882039800
:10B190008079087601208DF8190000E0FFE793E739
:10B1A0009DF81B00C007F8B1FFE70299086891F904
:10B1B00005100268D2689047DDF808C0DCF800008E
:10B1C0009CF906109CF907209CF908309CF909E0CD
:10B1D000D0F800C0DCF810C06C46C4F800E0E047CE
:10B1E00000208DF81B00FFE79DF81A00C007C0B1D2
:10B1F000FFE7DDF808C0DCF80000BCF90A10BCF974
:10B200000C20BCF90E309CF810E0D0F800C0DCF83F
:10B2100014C06C46C4F800E0E04700208DF81A0026
:10B22000FFE79DF81900C007C0B1FFE7DDF808C0CF
:10B23000DCF80000BCF91210BCF91420BCF916307F
:10B240009CF818E0D0F800C0DCF818C06C46C4F8D0
:10B2500000E0E04700208DF81900FFE7FFE70CB0A1
:10B2600010BD000081B000900098002101600171C4
:10B2700041718171C1710172417241818181C181CC
:10B28000017441828182C182017601B07047000061
:10B2900081B00090012001B07047000080B582B0FD
:10B2A0000190FFE70020009043F63000C4F2020056
:10B2B000016841F400010160006800F400000090A2
:10B2C0000098FFE743F61001C4F20201086840F459
:10B2D00000000860086820F4000008604DF220417A
:10B2E000C2F2000148F2A130C0F60000486148F205
:10B2F0008D30C0F6000008615A20FCF785FF02B0CF
:10B3000080BD000081B0009040F2EF3001B0704786
:10B3100080B58AB009900891099801900899497FF1
:10B3200000F06EFA0146019807910899897F00F0B4
:10B3300067FA0146019806910899897F00F08EFA14
:10B3400005900899488B898A401A4BF24001C4F253
:10B35000020108600899488B898A401A4BF218014B
:10B36000C4F2020108600899088B898A401A4BF2DE
:10B370001001C4F20201086005984BF23401C4F2D6
:10B38000020108600899C88A898A40EA01404BF2A4
:10B390004401C4F202010860089800694BF23C01C4
:10B3A000C4F202010860089840684BF20C01C4F234
:10B3B00002010860089800680290042871D0FFE735
:10B3C0000298202800F03181FFE70298402800F021
:10B3D0002C81FFE70298802800F08680FFE7029822
:10B3E000B0F5807F05D0FFE70298B0F5007F2CD044
:10B3F0003EE10898017F0A20C0F2020040EA0160A5
:10B400004BF21C01C4F20201086008980C300FF0E6
:10B4100055FC4BF22001C4F20201086006984BF281
:10B420002401C4F202010860089800694BF214017B
:10B43000C4F2020108604BF20001C4F2020142F2C0
:10B440000130C0F20200086037E10898017F09204E
:10B45000C0F2020040EA01604BF21C01C4F202019A
:10B46000086008980C300FF029FC4BF22001C4F260
:10B470000201086006984BF22401C4F20201086040
:10B48000089800694BF21401C4F2020108604BF203
:10B490000001C4F2020142F20130C0F20200086071
:10B4A0000BE107980899097F40EA016040F40030F9
:10B4B0004BF21C01C4F20201086006984BF2240111
:10B4C000C4F202010860089800694BF21401C4F24A
:10B4D000020108604BF20001C4F2020142F20130A5
:10B4E000C0F202000860E8E001208DF8130008981F
:10B4F00080680390039804304BF22C01C4F20201DF
:10B50000086007980899097F40EA016040F400301C
:10B510004BF21C01C4F20201086006984BF22401B0
:10B52000C4F202010860089800694BF21401C4F2E9
:10B5300002010860039800880146009140B1FFE7CE
:10B540000098012815D0FFE7009802282DD02DE0A3
:10B550004BF21C01C4F2020108684FF610729043CE
:10B56000039A53886FF0FF0202EB03221043086036
:10B5700028E00898007FFF2804D1FFE700208DF81D
:10B580001300FFE74BF21C01C4F2020108684FF6FA
:10B59000107220EA0202039843886FF0FF0000EB6C
:10B5A00003201043103008600CE0FFE743F64A40E8
:10B5B000C0F6020043F66441C0F6020140F21B12DD
:10B5C000F5F728F84BF21C01C4F20201086840F0BC
:10B5D00020000860FFE74BF21C00C4F20200006884
:10B5E0008006002801D5FFE7F5E74BF20801C4F219
:10B5F0000201102008609DF81300C00750B1FFE75A
:10B600004BF20001C4F2020142F20130C0F202002A
:10B61000086009E04BF20001C4F2020142F201307D
:10B62000C0F201000860FFE747E007980899097F2A
:10B6300040EA016040F400304BF21C01C4F2020108
:10B64000086006984BF22401C4F2020108600898D1
:10B6500000694BF21401C4F2020108604BF20001D0
:10B66000C4F2020142F20130C0F20200086024E09C
:10B6700007980899097F40EA016040F400304BF2D6
:10B680001C01C4F2020108600899487F897F884242
:10B690000AD0FFE74BF20001C4F2020142F201308E
:10B6A000C0F20100086007E04BF20001C4F20201A1
:10B6B00042F201300860FFE7FFE70AB080BD0000FA
:10B6C00080B584B00390029103980299897F00F0BD
:10B6D000C5F8019001984BF23401C4F202010860F0
:10B6E0000299C88A898A40EA01404BF24401C4F2B7
:10B6F00002010860029800694BF23C01C4F20201A9
:10B7000008600299488B898A401A4BF24001C4F2C2
:10B710000201086002980068082845D1FFE70299F5
:10B72000488B898A401A4BF21801C4F20201086062
:10B730000299488B898A401A4BF21001C4F2020127
:10B74000086001984BF22401C4F2020108600298DB
:10B75000017F0920C0F2010040EA01604BF21C01A8
:10B76000C4F20201086002980C300FF0A7FA4BF205
:10B770002001C4F202010860029800694BF2140132
:10B78000C4F202010860029800694BF20C01C4F295
:10B79000020108604BF20001C4F2020142F20130E2
:10B7A000C0F2020008601EE001984BF21C01C4F2D6
:10B7B000020108604BF21001C4F20201002008608F
:10B7C00002980C300FF07AFA4BF23801C4F2020101
:10B7D00008604BF20001C4F2020142F20130C0F2F3
:10B7E00003000860FFE704B080BD000080B582B0B0
:10B7F000019001980168896A884702B080BD000005
:10B8000084B00390029100200190029800900B28D0
:10B8100015D80099DFE801F00C0906121212120F78
:10B820000F0F0F0F0020019014E00120019011E094
:10B83000022001900EE0052001900BE0FFE743F6A7
:10B840002F40C0F6020043F66441C0F602017022A8
:10B85000F4F7E0FE019804B07047000084B0039054
:10B86000029100200190029800900B2812D80099B4
:10B87000DFE801F00C09060F0F0F0F090909090F86
:10B880000020019011E0012001900EE002200190C3
:10B890000BE0FFE743F62F40C0F6020043F6644199
:10B8A000C0F602019122F4F7B5FE019804B070478A
:10B8B00080B58CB00A900A9805900B9042F2FC512A
:10B8C000C0F6020101F108020692014641F80C2B74
:10B8D000049102F0BBFD04980599069A41F8202BCB
:10B8E00002460792602203F09FFAFFE7059901F1F3
:10B8F000200001F55A6102910390FFE7039801903F
:10B9000007F00EFCFFE7029A019800F124010846B7
:10B9100091420390F2D1FFE70B980CB080BD0990E3
:10B92000089106E0024607980992089103F08AFA06
:10B93000FFE7059802F09CFDFFE70FF0D9FC00003F
:10B9400080B582B001900198009000F005F8009851
:10B950000FF0E0FA02B080BD80B582B0019001998D
:10B96000009142F2FC50C0F60200083008605A20F4
:10B97000FCF776FCFFE700980C3003F063FA0098C0
:10B9800002F076FD009802B080BD0FF02DFB0FF0A5
:10B99000C1BA000080B584B00120002102910322C9
:10B9A00013F08EFE029B01464AF28030C2F2000084
:10B9B00003900160006819461A4613F029FF0398A6
:10B9C000006808B1FFE70AE043F6FE10C0F6020087
:10B9D00043F6D921C0F602013022F4F71BFE4AF2E9
:10B9E0008030C2F2000001680020019019B1FFE729
:10B9F00001200190FFE7019801200421002213F0AB
:10BA00005FFE014640F23C30C2F200000160006877
:10BA100008B1FFE70AE043F64720C0F6020043F60C
:10BA2000D921C0F602013422F4F7F4FD40F23C3093
:10BA3000C2F2000001680020009019B1FFE7012068
:10BA40000090FFE7009804B080BD000080B540F290
:10BA50003C30C2F20000006840F20801C2F200016E
:10BA600000231A4613F0AEFF80BD000080B584B0FD
:10BA700040F23C30C2F200000290006803A901913C
:10BA8000002214F0A1F80199029800684FF0FF32EB
:10BA900014F09AF804B080BD80B54AF28030C2F24A
:10BAA00000000068002319461A4613F0B1FE80BD5D
:10BAB00080B54AF28030C2F2000000684FF0FF31DA
:10BAC00014F02CF980BD000080B54AF28030C2F23B
:10BAD00000000068002114F021F980BD80B54AF211
:10BAE0008030C2F200000068002113F0F5FF80BD35
:10BAF00010B5D0E901349C4288BF10BDBDE81040AC
:10BB000008F05EBC10B5D0E901349C4288BF10BD7E
:10BB1000BDE8104008F06EBC2DE9F04F8BB0CDE9C8
:10BB200006230491044608F0F2FB8246A068002830
:10BB300000F0CE806168A646884201D90020C8E0A6
:10BB4000BAF90230DDE90621471E4FF00008CDF8B2
:10BB500014E013FB012BBEF8361098B2CA180A92F3
:10BB600006B2B342DDE9063218BF12FB003B0A9A67
:10BB700018BF01FA80F20AEBC701BAF90430BAF92A
:10BB800000900996002556460A920891BAF90610C7
:10BB900098440823AF4216D0BC460AEBC5071FFAEB
:10BBA00089F43A89A24211D17A89083684B2A24234
:10BBB0000ED1B7F90C20B7F90E40083301356746AE
:10BBC00090442144E6E7DDF820A003E09A4400E039
:10BBD000B246674661B3B9F1000F27D4BEF9380009
:10BBE000814523DAC1EB881170460DF090F9159963
:10BBF000DDF814E0484350FA90F00130020A1106D3
:10BC000014D00498D3B20A9A016812B24C69BEF8F3
:10BC1000341000920122CDE90123149A49444A4488
:10BC20000BB2594612B2A047DDF814E009F1010940
:10BC3000AF424DD0BAF900005C46A0EB090BBBF156
:10BC4000010F3CDBB9F1000F48BF8346BBF1010F88
:10BC500035DB29EAE976BEF938100BEB060088429D
:10BC6000A8BFA1EB060BBBF1010F28DB4FEA88113F
:10BC700070460DF04CF91599DDF814E0484350FA80
:10BC800090F00130020A110619D004980A9BBEF800
:10BC900034E001681BB2D1F814C03946D7B20FFAAC
:10BCA0008BF2CDE90032149A02970F460EEB060193
:10BCB0000BB22146324412B2E047DDF814E0E8430B
:10BCC000BEF83610099BA3460744BAF8020047E7BE
:10BCD00001200BB0BDE8F08F80B508F0BBFB002160
:10BCE0000187C0E90C1180BD80B582B0019000F0E1
:10BCF00043F80168C96B884702B080BD81B00090ED
:10BD000001B0704782B0019000910199009848609D
:10BD100002B0704781B0009001B0704781B00090D0
:10BD200001B0704781B00090009842F2B061C0F657
:10BD300002010831016000214160017201B07047C9
:10BD400080B582B001900198009000F005F800984D
:10BD50000FF0E0F802B080BD81B00090009801B013
:10BD6000704700005B495C4A0988128842EA014238
:10BD700001680B6C002118475C480068704700BFE1
:10BD800010B504460020B4F88010A4F8A400A4F86C
:10BD9000A6108BB282B29A4228BF10BD14FA80F36B
:10BDA00093F8843043B154F822000168096D884744
:10BDB000B4F8A610B4F8A4000130A4F8A400E8E791
:10BDC00000210022A0F880108430202A08BF70478C
:10BDD00081540132F9E7F8B504460025002100201E
:10BDE0000022B4F880309A421DD2A31893F88460E0
:10BDF0006EB1AA4209D054F82260AFB244F827606D
:10BE0000661993F8843086F88430013509E0B4F877
:10BE1000A6309A4238BF0130B4F8A4309A4298BF95
:10BE200001310132DDE7B4F8A420511AA4F8A410BE
:10BE3000B4F8A610081AA4F8A60098B28542A8BFC4
:10BE4000F8BD581E81B2204607F026FEB4F88030B7
:10BE5000F3E7000070B5A9B10D4E04460D467068B9
:10BE600010B1016849698847201DFFF7A9FF2868BC
:10BE70007560C168284688472068416C2046BDE847
:10BE800070400847064903A06122F4F7C3FB00BFD6
:10BE9000C00200206E657753637265656E00000016
:10BEA0002D43020882B0019000910199009A106818
:10BEB0005268C1F83421C1F8300102B07047000067
:10BEC000044A054B002112881B8843EA0242C0E95C
:10BED0004C1270470A030020080300200348406802
:10BEE00010B10268926A1047704700BFC00200207C
:10BEF0002DE9F04F89B00390DFF8240ECDE906124A
:10BF00000DF1180BB0F90020DFF8180EB0F9001091
:10BF1000584606F061FDBDF91C00012809DBBDF99A
:10BF20001E00012805DBDFF8D40D0068C06C022874
:10BF300002D109B0BDE8F08F039E06F1AC09B6F856
:10BF4000EC50002D0DDD013D5846ACB209EBC401AB
:10BF50000DF061FE0028F4D04846214607F068FD48
:10BF6000EFE703984FF0000A4FF00008B0F8EC40FC
:10BF7000013C68DBA0B2594609EBC00738460DF01A
:10BF800074FE0028F4D0B7F90000BDF918108842FB
:10BF900002DDBDF81A2002E0F9F78EFD10DDB7F9D9
:10BFA000023015B29D4208DBBDF81E502A44FD88C0
:10BFB00012B22B441BB29A4213DD4FF00108D7E7AF
:10BFC000B7F9023093421EDDBDF81E60FD881644AD
:10BFD0001D4436B22DB2AE42E1DC981AADF81E0017
:10BFE0000DE088421EDDBDF81C20BB880A440344D6
:10BFF00012B21BB29A42E0DC401AADF81C0000B24B
:10C0000001281DDA95E7F8881844111ABDF81E209A
:10C010001144ADF81E1009B20129FFF68AAFADF840
:10C020001A000DE0BA881044BDF81C20091A11440A
:10C03000ADF81C1009B20129FFF67BAFADF818006E
:10C040004FF0010A94E75FEACA707FF48AAF039861
:10C05000B0F8EC405FEAC87000F0DD804FF00008F7
:10C06000013C58DBA5B2594609EBC50738460DF02F
:10C07000FCFD0028F4D0B7F90000BDF9181081428A
:10C0800002DDBDF81A2002E0F9F716FD1CDAB7F957
:10C09000023016B29E4214DCBDF81E603244FE88A7
:10C0A00012B233441BB29A420BDBBDF81C20814212
:10C0B0000A4412B225DD37F8043F03441BB29A420A
:10C0C00026DA4FF00108CBE7BDF81E3013440FFA13
:10C0D00083FC3B4633F9026FB2420ADDBE463EF8AE
:10C0E000063F33441BB29C45D1DB901BAEF80000E9
:10C0F000B6E7F988A6EB0C00A3F800C00844F88066
:10C10000AEE7B988801A29F835200844B880A7E737
:10C11000081A3880A4E70398B8F1000FB0F8EC4093
:10C1200079D0039E013C74DBA7B2584609EBC70ADD
:10C1300051460DF070FD18B14846394607F078FCBD
:10C14000504659460DF091FD0028EBD0D04639F904
:10C150003730BDF91850BDF91AC038F9021F9D4299
:10C1600026DD0E468C4500F31781E81A02930FFA7C
:10C1700080FEBDF81C00411955460FB235F8041F6A
:10C1800019440BB2BB42C0F25681D91B0AB20399C3
:10C19000B1F8EC10062900F28481BAF80600DAF84A
:10C1A0000010039E2A80AAF80070CEEA00422CE01C
:10C1B0008C45C0F21781BDF81C7052461E46781996
:10C1C0000FFA80FE32F8040F184403B2ACEB010002
:10C1D000734500F346815246BDF81EE0039E00B24F
:10C1E00032F8065F0EEB0C03B6F8EC700D44ED1A56
:10C1F0002DB2062F00F25B811580BAF80420DAF820
:10C200000010A8F8003042EA0042484607F02CFC33
:10C2100088E7B6F8EC40039F002C49DD013CBDF8EF
:10C220001A20A1B209EBC1035888824213D1DD88DC
:10C23000BDF81E60AE420ED139F831209888BDF8A5
:10C24000185083189BB29D421BD1ADF81820BDF841
:10C250001C2010441CE039F83150BDF81860AE4283
:10C26000DAD19D88BDF81C60AE42D5D1DB881D189F
:10C27000ADB2AA420FD1ADF81A00BDF81E001844A5
:10C2800010E0BDF81C301D44ADB29542C4D1184435
:10C29000ADF81C0008E0BDF81E502A4492B282425C
:10C2A000BAD1E818ADF81E00484607F0C1FBB3E765
:10C2B000B7F8EC000828C0F029816FF000454FF076
:10C2C000FF380027411E65DB009189B2841E09EB0F
:10C2D000C102B2F904100292B2F906205143019151
:10C2E000B4F1FF3F31DBA0B209EBC001881D621C35
:10C2F00008BF0BF10600B0F900A001F1040008BF6F
:10C300000BF10400B0F90060002A0298D0E90003A4
:10C31000CDE9040308BF594604A806F07BFB019849
:10C32000BDF91410BDF9162051431AFB060008226E
:10C33000081A91FBF2F1884209DBA84203DA009F58
:10C34000A046054618B1013CCAE70098BAE7009F2D
:10C350001FFA87FA039EB4F1FF3F09EBCA0510DD0F
:10C36000A4B2284609EBC407394606F053FBDDE9C1
:10C37000060149F834007960D5E90001CDE90601EC
:10C3800003E05846294606F045FB4846514607F06B
:10C390004FFBD4E54446DBE73AF8042FBDF81CE038
:10C3A00018460EEB05011A4409B212B28A1AACEB18
:10C3B00006010BB202FB03F8BDF81E2002EB0C03D2
:10C3C0001CB2534633F8027F37443FB2E71B2C1AA6
:10C3D00025B27D43454579DDAAF80040ADF81A60E5
:10C3E00050185AE0BDF81C201E4654191046019200
:10C3F0005246751B32F8040F00941844A1EB0C034D
:10C40000A0EB040E0FFA8EF05843BDF81E300290D8
:10C41000104630F8027F03EB0C040F443F1B39B287
:10C420006943029D8D4257DD0098A2F800E0AAF80A
:10C430000000F81831E03AF8064FBDF81E20FB1A4C
:10C4400002EB0C013444641A019121B25943A6EB6A
:10C450000C0303FB0EF38B4244DDA018A5F800E0AB
:10C460001BE0BDF81E80741B05B2A3EB0E036C43EA
:10C4700008EB0C0502942EB2554635F8064F0C44D5
:10C4800024B2341B1EB27443029EB44230DD1380CA
:10C49000AAF800E0ADF81A104044039EADF81E0063
:10C4A0004DE5964527DD1044A5F800E02AE0A842B6
:10C4B000C7BF108005EB0E00A8F800301580DCBF68
:10C4C000ADF81A107044ADF81E0038E5ADF818004C
:10C4D00019800EEB040015E007800198A8F80040D1
:10C4E00070440FE00199AAF80040A8F8001005E098
:10C4F0002880D81906E0AAF800702A8002997044B2
:10C50000ADF81810039EADF81C0018E5DDE9061221
:10C51000484607F0A9FA0CE582B001908DF80310A7
:10C5200002B070472DE9F04F9DB08346B0F9340159
:10C5300001280DDBBBF93601012809DBDBF800001F
:10C54000DBE94C12036C584698470020CBE94C00BD
:10C55000BBF8EC0008B1012007E0DFF8A007006895
:10C56000C06C0238B0FA80F04009DFF81C58E96866
:10C57000B1B1B5F91410012912DBB5F91610012972
:10C580000EDB05F1100002F07FFFDBF80000D5E9BB
:10C590000412036C584698470020C5E9040002E0E5
:10C5A000002800F023830CAD42210BF1AC09284692
:10C5B000F4F711F9DFF8CC070488BBF8EC008442EB
:10C5C00008D20BEBC400D0E92B12284607F04CFA36
:10C5D0000134F2E7DFF8AC070BF1EE040588BBF895
:10C5E0002E0185420CD20BEBC500D0F8EE10D0F82E
:10C5F000F220DBF80000036C584698470135EEE75F
:10C60000DFF8F80603940068C16C012900F0178177
:10C61000022900F02E81032940F05A81B0F99200DE
:10C620000690DFF8D8050068012840F08080BBF84C
:10C63000ECE0BEF1000F00F0C182DFF848074FF0D8
:10C64000000C0288B9F900001FFA8CF809EBC80148
:10C6500007910D1D013293B2734526D209EBC30732
:10C6600039F93340B5F800A0B98821440EB239F841
:10C670003810514409B28E4204DC0AD0B042D8BF0F
:10C680003046E7E7A0B29C4600B28142C8BF0846E8
:10C69000DAE70799B7F90650B1F906108D42C8BF1D
:10C6A0009C46A042D8BF2046CEE7079A59F83810DA
:10C6B000069C52680A910B928B1812B29442C8BF22
:10C6C0000846ADF82800181AADF82C000AA802F0A8
:10C6D00079FEBDF92C30012BA9DBBDF92E00012814
:10C6E000A5DB06999BB28142B8BF084684B2BDF86B
:10C6F0002A20DFF8080600680168D1F89450BDF8D8
:10C7000028100094A847ADF82E000AAD044628462C
:10C7100002F0BAFEF9F7C8FA07998888001B8880EA
:10C720007FF485AF4846414607F082F97FE7BBF8C2
:10C73000EC10002900F04282BBF8AE00BBF8B2203A
:10C740004FF0000C1044DFF83C2600B212881FFAAC
:10C750008CF809EBC80A0AF10206013293B28B4247
:10C7600022D209EBC305B6F90040B5F90270A74221
:10C7700004DB0BD0B842A8BF3846EEE7E8889C46F9
:10C78000384400B28442B8BF2046E0E7BAF90460FA
:10C79000B5F90470B742C8BF9C46EB8823441BB26E
:10C7A0009842A8BF1846D2E75446069934F8063F87
:10C7B0001AB28A4203DABAF80200104400B2012A1F
:10C7C000B5DBBAF90460012EB1DB0021BAF90250E1
:10C7D000069FCDE90A1139F83810401BADF82A50F0
:10C7E000ADF82810B842A8BF384687B29F4238BF7C
:10C7F0000246DFF8080592B200680368ADF82C60C5
:10C80000D3F894700092AAB2B3B2B847ADF82E0034
:10C81000DBF80000826C58460AA99047BAF802007B
:10C82000BDF82E100844AAF802002088401A208083
:10C830007FF47DAF4846414607F0FAF877E7DFF826
:10C84000BC030068012840F0F380DFF83805BBF82E
:10C85000EC100288DFF8CC04008807468A4280F09A
:10C86000FB8093B239F933309F42A8BF1F46013293
:10C87000F4E7B0F88E1090F88D400791B0F8901062
:10C880000691F9F7ABF80546DD48B0F800A0DD48A1
:10C890000788DA480668002005F0C6FED046012E5B
:10C8A000029708BFB846B8FBF4F1601ED14C00FBFC
:10C8B00001F70591A8B2874227DD20680168D1F809
:10C8C0009C200A2190472068F9F788F80546F1E78F
:10C8D000C9480688AC200AAD00EBC607BBF8EC00DF
:10C8E000864280F06B815BF807000A900BEB070033
:10C8F000406801B20B90012904DB0014012801DB20
:10C90000F9F7D2F908370136E8E7002005F0A0FE74
:10C910000298012E08BF5046029000244FF0000AF2
:10C920004FEA58100490CDF804A01FFA8AFAC245C5
:10C9300000F04481F1480068F9F750F80646A8B2C3
:10C9400086424FF0000038BF012004426ED10443FC
:10C950000020564588BF0120204267D1059B9A19C7
:10C96000BAFBF3F5424528BF4246E00708BFF21B79
:10C97000691C90B24B4399B2884228BF1A4692B2C2
:10C98000A2EB0A09079A9145A8BF9146069B1FFA98
:10C9900089F29A4211D2524442450ED081420CD3C0
:10C9A000D64D28680168896A884728680168D1F8E7
:10C9B0009C20049990473546B9E7012005F034FEE4
:10C9C000CE4800680168D1F8982029B290478B487A
:10C9D0000199006801EB090A01280AD10298ADF813
:10C9E0002C90ADF82E000020ADF82A00A8EB0A002C
:10C9F00007E00298ADF82E90ADF82A10ADF82C00A3
:10CA00000020ADF82800DBF80000826C58460AA927
:10CA10009047BA4800680168D1F89820694209B285
:10CA20009047012005F014FE35467CE72E21BFE03B
:10CA3000D449BBF8EC004FF000080988814262D26B
:10CA40008AB209EBC2025388D2881A4412B29045C6
:10CA5000D8BF90460131F1E700210124DFF89C8224
:10CA6000ADF828000DF1280AADF82E10CDF82A10E7
:10CA7000C108012988BFC40808AE00B2874280F20D
:10CA80009680A8480588D8F80000F8F7A7FF281A6C
:10CA9000BDF8281082B2D8F8000090F8723090F8F3
:10CAA0008C502B430DD10DB22D1B954209DA9742C4
:10CAB00007DA0168D1F8A42001219047BDF82800C9
:10CAC000DBE79742C8BF3A46002B18BF3A4690B200
:10CAD0000A90881A92490988C0EA01400B90A94837
:10CAE0000588BBF8EC008542E8D2F9F7B2F8BDF949
:10CAF0002400012805DBBDF92600012801DBF9F738
:10CB000000F90135EDE786480127864C0DF1280A2A
:10CB100001880020CDE90A00CA08012A88BFCF0891
:10CB200008AE00B2804542DD744D2868F8F756FF24
:10CB3000BDF82A10BDF82E200A44296891F87230F9
:10CB400091F88C502B4311D107FA82F585420DDD07
:10CB500080450BDD0868D0F8A420084601219047E5
:10CB6000BDF82A00BDF82E100844DAE711040A9136
:10CB70008045B8BF4046002B18BF40462188801A28
:10CB800041EA00400B907F480588BBF8EC008542E5
:10CB9000E6D2F9F75EF8BDF92400012805DBBDF9FE
:10CBA0002600012801DBF9F7ACF80135EDE7092192
:10CBB00052480068026852F82110884712480078ED
:10CBC0000CAD039E90B10020ABF82E016D48048897
:10CBD000BDF87000844209D205EBC40055F834104A
:10CBE0004268304606F040FF0134F1E71DB0BDE871
:10CBF000F08F00BF9CB400200C0000201003002028
:10CC00000A03002008030020040300205E48406857
:10CC100010B10268D2691047704700BFB0B55A4DD5
:10CC20000446A86888B1017AE1B194F8381161B975
:10CC3000696821B10868026908469047A8680168D8
:10CC4000C9688847012084F8380104342046FFF77A
:10CC500097F82046FFF7BFF8686810B10168496A85
:10CC600005E0B0BD002184F8381101688968BDE88D
:10CC7000B04008470021A0F8EC10704742484068D7
:10CC800010B1026892691047704700BF3E48406883
:10CC900010B10268126A1047704700BF81B000905F
:10CCA00001B0704780B582B0019001980430FFF761
:10CCB00087F802B080BD7047B0B519480C46B0F98E
:10CCC00000201848B0F90010204605F085FE2E4DD2
:10CCD000686888B101688A6821469047E86818B199
:10CCE00001688A6821469047044800680168CA695B
:10CCF0002146BDE8B0401047B0BD00BF9CB4002045
:10CD0000E0B50021009106490988ADF806100549F3
:10CD10000988ADF8041001688A6C694690478CBD9B
:10CD20000A03002008030020B0B50446124840F270
:10CD300035112546083001C52846F3F74CFD0F484C
:10CD40000F49F4F7BBFF18B10E480021018009E03C
:10CD50000D48022141600B484FF4806101800220A0
:10CD600006F00EFD08480021C0E900118160284648
:10CD7000FFF726F82046B0BDD4260208C2A507F466
:10CD8000CDB5E8B50C000020C00200200EF0C2B8FE
:10CD900080B582B001900198009001F0BFFD00982D
:10CDA00002B080BD01490860704700BF6CB400202C
:10CDB000B0B5002917DD002805D4B0FBF1F41460EC
:10CDC00004FB11000DE04042B0FBF1F404FB110044
:10CDD00065421560186028B1106801381060186845
:10CDE000081A1860B0BD02A005A1F722F3F712FCE3
:10CDF00064656E6F6D696E61746F72203E203000E5
:10CE00002E2E2F2E2E2F2E2E2F2E2E2F6672616D50
:10CE100065776F726B2F696E636C7564655C746F98
:10CE20007563686766782F546578747572654D61AF
:10CE30007054797065732E687070000082B0019034
:10CE4000009101990098886202B0704780F826101E
:10CE50007047000010B5044604302221F3F7BBFCF4
:10CE60000020A0620448083020604FF60170A4F84A
:10CE70002500204610BD00BF28270208FEDE000066
:10CE800080B582B001900198009006F04DFE0098A8
:10CE900002B080BD2DE9FE43054600F1380490F84C
:10CEA0005D0018B12068416920468847286B032837
:10CEB0005ED8DFE800F00216254595F83460284674
:10CEC0000CF051F9F8F79CFD074628460CF044F9A0
:10CED000502147A2002818BF4121CDE9007141A08F
:10CEE0003DE095F8347028460CF049F9064628468E
:10CEF0000CF048F9009036A037A2002F33461AE014
:10CF000095F8349028460CF02EF9F8F779FD07468D
:10CF100028460CF03AF9064628460CF01DF9502137
:10CF200026A24346002818BF41211FA0CDE9007664
:10CF30000291B9F1000F08BF024605F1880014E024
:10CF400095F8346028460CF01AF9F8F759FD0746B1
:10CF500028460CF01AF9CDE900700BA00EA2002EA5
:10CF600008BF024605F1880043460C2107F088FC03
:10CF700095F85D0030B120684169204603B0BDE8F6
:10CF8000F0430847BDE8FE8325643A253032643A11
:10CF90002530326400000000253032643A253032FA
:10CFA000643A25303264000025643A253032643A10
:10CFB000253032642025634D0000000025303264A6
:10CFC0003A253032643A253032642025634D000022
:10CFD00025643A2530326400253032643A253032F7
:10CFE0006400000025643A253032642025634D003A
:10CFF000253032643A253032642025634D0000002C
:10D0000070B504460C480D46B4F86410008881429F
:10D0100028BF70BDB4F9046004F160000DF0C4FDD8
:10D020000168096B8847281A314602B22068836D6F
:10D030002046BDE870401847ACB4002070B50546E6
:10D0400000F1380490F85D000E4618B1206841697F
:10D0500020468847204631460AF095FB95F85D004A
:10D0600028B1206841692046BDE87040084770BD7E
:10D0700082B00190009101990098086302B0704756
:10D0800080F83410704780F86E107047816690F811
:10D090005D1019B150F8381F4969084770471FB52E
:10D0A0000446A0F84010018154F8380FD0F88420CD
:10D0B00001A82146904701AAF8F709BD1FB504460B
:10D0C000A0F84210418154F8380FD0F8842001A80C
:10D0D0002146904701AAF8F7FABC0000F8B50446CB
:10D0E00001F0C6F8002604F1380580F8346003200A
:10D0F00020630A4808302060284602F0FBF92746E2
:10D100000021002227F8886F07F030FF20462946CB
:10D11000C4F884700AF0BEFD2046F8BDA0270208BE
:10D120000DF0F8BE80B582B00190019800903830C3
:10D1300002F0FEF9009801F0B3F8009802B080BD4B
:10D1400081B00090009801B070470DF0E3BE000080
:10D1500081B0009000990120087201B07047000072
:10D1600080B582B0019001980090FEF7DBFD009839
:10D1700042F67401C0F602010831016002B080BDC0
:10D1800080B582B001900198009000F005F80098F9
:10D190000DF0C0FE02B080BD80B582B00190019854
:10D1A0000090FEF7D9FD009802B080BD1CB5144672
:10D1B00004AACDE90032234600F001F81CBD10B5E9
:10D1C0000024C0E900141168816051680487047666
:10D1D00044610474C1600299A0F840400484C0E92D
:10D1E0001131BDE8104000F071BF70B50446A1F5E3
:10D1F000C0601D46000A022805D82A682046002380
:10D2000000F096FE09E022F07F00B0F5606F15D1C6
:10D2100004992A68204600F01FFA06462E604EB197
:10D22000717BB07A01F0800140EA4100B0FA80F0F1
:10D23000400900E0002084F8610070BD40F6021053
:10D24000296882420FD194F8610060B169B104F19C
:10D250004C060E223046F3F71DFA94F85200404275
:10D2600084F85500DAE70E46D9E70026D6E780B500
:10D27000223000F00FF9B0FA80F0400980BDB0B55F
:10D280000446223000F020F90546204600F0A4FABA
:10D2900004F11A00294600F095F92846B0BD2DE9A1
:10D2A000F84F984616460F46824601EB420900F1B8
:10D2B0001A040025A8B2B0420CD2E843B7F800B077
:10D2C000304481B2204600F08DF9834519D10135F3
:10D2D0000237EFE70A98002700EB08060AF1220858
:10D2E000B9B200258E4298BF01250BD9B9F800408C
:10D2F000404600F09BF8844204D1013709F102094D
:10D30000EEE700252846BDE8F88F2DE9F84F904656
:10D310000E46814636F8025B2F0B36F817A0C24541
:10D320001FD1C5F30324C5F3031B484631463A46D3
:10D330002346CDF800B0FFF7B2FF05F00F0240B969
:10D3400006EB470000EB440000EB4B0000EB42060D
:10D35000E0E7E0192146584406EB4003484600F058
:10D3600008FFAAEB0800B0FA80F04009BDE8F88F8A
:10D3700082B00190ADF802100199BDF802008A8ACE
:10D3800021F8120002B0704786B00590ADF8121077
:10D3900005980390C08A022801DBFFE70BE043F603
:10D3A0009310C0F6020043F6AA11C0F602014FF432
:10D3B0008E72F3F72FF90398818A0131ADF81010BE
:10D3C000BDF8121001910290BDF81000092804D890
:10D3D000FFE7BDF81000009002E000200090FFE79A
:10D3E00001980299009A21F8120006B070470000D7
:10D3F000C28A0A440B2A07D2C282828A8A4238BF72
:10D400000A32511A818270476D488D49F022F3F734
:10D4100001F900BFC18A21B10139C18289B200F08E
:10D4200005B886488649EA22F3F7F4F886B00590F5
:10D43000ADF8121005990391BDF81200C98A88420F
:10D4400001DAFFE70AE043F69C10C0F6020043F65B
:10D45000AA11C0F60201CB22F3F7DCF80398BDF85D
:10D460001220818A1144ADF810100290BDF810000E
:10D47000092804D8FFE7BDF81000019004E0BDF8CA
:10D4800010000A380190FFE70298019930F8110066
:10D4900006B0704782B0019001980090C08A0128C0
:10D4A00001DBFFE70AE043F68A10C0F6020043F60C
:10D4B000AA11C0F60201C522F3F7ACF80098818AE0
:10D4C00030F8110002B0704710B5C28A6AB1838A81
:10D4D000013A30F81310C2825A1C94B2092C88BF4A
:10D4E000A3F109028282084610BD54485449DD2246
:10D4F000F3F790F80A46C18A0A2903D24B1CC3826B
:10D5000000F02EB84E4902A040F21112F3F782F853
:10D5100075736564203C2073697A6500C28A8A420B
:10D5200009D3521AC282828A11448AB2092A88BF58
:10D530000A3981827047424901A0D222F3F76AF882
:10D5400075736564203E3D206E756D00B0B50C4668
:10D5500001210546FFF74CFFA88A25F81040B0BD11
:10D5600010B5C38A8B420BD9838A19446FF0090323
:10D570008CB20A2C28BF13FA81F420F8142010BDB5
:10D580002F4902A040F22312F3F744F87573656443
:10D59000203E206F6666736574000000C2880A44EE
:10D5A000032A07D2C28082888A4238BF0232511AC7
:10D5B0008180704702482249F022F3F72BF800BF20
:10D5C00088490208C288012A9CBF0132C280828831
:10D5D000531E002A08BF01239AB2838020F812103C
:10D5E00070470000C2888A420BD9828811446FF0CC
:10D5F00001028BB2022B28BF12FA81F330F813001C
:10D60000704702480E49CB22F3F704F89C39020810
:10D6100010B5C28862B18388013A30F81310C28015
:10D620005A1C94B2012C88BF5A1E8280084610BD35
:10D6300002480349DD22F2F7EDFF00BF8A390208F4
:10D640009B490208B0B50C4601210546FFF7A6FF2D
:10D65000A88825F81040B0BD2DE9F047044682B3F4
:10D660008A46517BD0799688174601F0100140EA2E
:10D670000118A6F61B604FEAD8091F2827D80121F8
:10D68000814011F0F25F26D111F0150F4DD101212B
:10D6900001FA00F0400F1AD0F8F7F0F9B4F85C1076
:10D6A00009EB0800081AA4F85C00A1EB090060214E
:10D6B00084F8540001EAD00094F8591001F09F0159
:10D6C0002FE00025A4F85E50C4F85A507FE0A6F67B
:10D6D0004760082845D2F8F7D1F904F12200FFF796
:10D6E000D9FE40F63361884204D1F8F7DFFB0DF034
:10D6F0009EF901E0B4F85A0009EB080194F85E3095
:10D7000094F85920084494F8551084F85400A4F86B
:10D710005A00C91A84F85510602101EAD00002F0BD
:10D720009F01084484F8590051E0F8F7A7F9DAF8A6
:10D730000000C268701E81B250469047002808BFA2
:10D7400028460DF074F994F85910A4F85A0094F88A
:10D75000560001F0800140EA4100810801EB5010C1
:10D760002FE038460DF063F9A4F85A00A6F60961D7
:10D770000020102924D8012202FA01F1154A114291
:10D780001ED0F8F77BF9701E40F613618E4208BF79
:10D7900040F60C6081B294F8566094F85970F8F72E
:10D7A00085FB002808BF2846817A407B00F0800076
:10D7B00041EA400007F0800146EA4101081A00E012
:10D7C0003D46A4F85E00F8F70EFBF8F7B0FA2846DD
:10D7D000BDE8F0870104010070B5044600F12205A0
:10D7E00000F13A06B4F8400050B1208F0A2807D063
:10D7F0003046FFF70DFF01462846FFF77BFEF1E7B5
:10D80000208F0A2808BF70BD204600F06BFC01463F
:10D810002846FFF76FFEF3E780B586B005908DF8D8
:10D8200013100598039000F1220102919DF8131046
:10D8300000F094F801460298FFF79AFD0398406CB7
:10D8400018B3FFE703982230FFF724FEE8B1FFE7A3
:10D85000039800F063F8039822300121FFF7E6FDFA
:10D8600040F63F1188420FD1FFE703982230019024
:10D87000FFF710FE01460198FFF786FD019840F67C
:10D880003F11FFF775FDFFE7FFE70398FFF7F7FC90
:10D8900006B080BD2DE9FC41064622301C461546E7
:10D8A0000F46FFF7F7FDF8F7E3FA074668B1286877
:10D8B0003946C268284690472060304641463A467D
:10D8C00023460095FFF791FC01E0002020603846D8
:10D8D000BDE8FC812DE9F8430646223099461546FD
:10D8E0000F46FFF7D7FDF8F7C3FA074680B128685F
:10D8F000DDE90823394684682846A047C9F80000B6
:10D90000304641463A464B460095FFF76EFC02E032
:10D910000020C9F800003846BDE8F8832DE9F84337
:10D92000466C044600F122080B2770884FEA500924
:10D93000013F11D04046FFF7ADFD49463246034650
:10D9400005460BF0E5FB38B106EB400120462A46C0
:10D95000FFF7DBFC0028EBD1BDE8F8832DE9FE4F93
:10D9600000F1220582460F462846FFF793FDE8B1F5
:10D970000446012F1CD17F2C1AD8282C00F0868059
:10D98000292C00F085803C2C00F084807D2C00F058
:10D9900083805B2C00F082805D2C00F081807B2CEA
:10D9A00000F080803E2C03D13C24BEE20024BCE287
:10D9B00028460121FFF73AFD074628460221FFF7D6
:10D9C00035FD814640F25160874230D1A4F24B6070
:10D9D00080B215281ED344F0040040F274618842DE
:10D9E00018D0A4F2D66080B2072813D3A4F2DF6067
:10D9F00080B206280ED3A4F2E76080B2022809D3D1
:10DA0000A4F2EA6080B2042804D3A4F6E40080B251
:10DA10001A280CD8BAF8360040F2516125F81010D7
:10DA200028462146FFF7B0FC40F251647DE2A4F2A3
:10DA3000226080B219280CD3A4F5C86080B20B28EC
:10DA400007D3A4F2716080B2632802D3202C40F087
:10DA50006C82F8F793F9804628460421FFF7E6FC2C
:10DA6000A0F22261192907D3A0F5C8610B2903D3BD
:10DA7000A0F27160632817D2202C45D1A7F22C6048
:10DA80004FF0010B80B225284AD987E029244CE2C7
:10DA900028244AE23E2448E27B2446E25D2444E214
:10DAA0005B2442E27D2440E2A9F2276080B2232871
:10DAB000E2D8A4F2276080B22128DDD8A8F22F6036
:10DAC00080B21828D8D8DAF84800E8B1038BDBB167
:10DAD0004FF461711922614309FB021144F21A12D9
:10DAE0004144891A0268504689B20BF0D4FA58B101
:10DAF00080464088B84207D128460321FFF70EFD33
:10DB00000120B8F800405DE1A7F22C604FF0000B57
:10DB100080B2252842D8A4F5C56080B223283DD222
:10DB2000A9F22C6080B2262806D340F2D26081454B
:10DB300002D0B9F5CE6F31D140F2D26109F53D7016
:10DB4000894508BF40F647104FF4BE61B9F5CE6F66
:10DB500008BF40F67270614301F5E541BBF1000F6B
:10DB60001CBF4CF6D071CFF6FF71DAF84820AAB18D
:10DB7000538B9BB107EB8706526800EBC600084445
:10DB800081B250460BF087FA40B18046F8F7F6F8BC
:10DB900001204FF0020B0026C14659E1A7F24B606D
:10DBA00080B2152806D347F0040040F27461884221
:10DBB00040F01381F8F7E2F83E46BBF1000FA9F2FE
:10DBC000226103D089B2B32908D911E0A4F22662F8
:10DBD00092B2242A0CD889B2B42909D240F2276122
:10DBE000884240F0F28040F24460814540F0ED8090
:10DBF000002002904FF0000B4FF00009002E584615
:10DC000001960BF1010840F2746618BF4046471CAC
:10DC1000B9B22846FFF70AFCA0F24B61142903D9D8
:10DC200040F00401B14201D10137F1E7A0F2D66121
:10DC30000729F9D3A0F2DF610629F5D3A0F2E76145
:10DC40000229F1D3A0F2EA610429EDD3A0F6E401A0
:10DC50001B29E9D3A0F222615E46192903D3A0F55E
:10DC6000C8610B2901D2012005E0A0F271610020FA
:10DC7000632938BF01209AF8601080F00107B9F1DC
:10DC8000000FB1FA81F14FEA511B60F3410B00F034
:10DC90008A8039F81B00002818BF0120029981F002
:10DCA0000101084340F009810097CDF8089040F247
:10DCB0007467B1464846C14681B22846FFF7B6FBB5
:10DCC0000146A0F24B6080B2152803D341F0040056
:10DCD000B84202D109F10108ECE7A1F2D66080B2A6
:10DCE0000728F7D3A1F2DF6080B20628F2D3A1F2B1
:10DCF000E76080B20228EDD3A1F2EA6080B2042886
:10DD0000E8D3A1F6E40080B21A28E3D950460BF01C
:10DD1000DAF9804640F274671FFA89F12846FFF766
:10DD200085FB0146A0F24B6080B2152803D341F079
:10DD30000400B84202D109F10109EDE7A1F2D66071
:10DD400080B20728F7D3A1F2DF6080B20628F2D3B1
:10DD5000A1F2E76080B20228EDD3A1F2EA6080B2BE
:10DD60000428E8D3A1F6E40080B21A28E3D950468B
:10DD70000BF0A9F9DDF80890B8F1000F18BF0028E2
:10DD800068D1BBF1030F6ED0BBF1020F73D140F22B
:10DD9000446084426FD1B9F8000000286BD04FF086
:10DDA000000B0127B1E0504621460BF08CF981466B
:10DDB000002840F08280B4F5C86F40F0B6800020A3
:10DDC0004FF4C8648AF86000AFE040F24F608642CA
:10DDD00025D1002040F24F660BE7A7F2D66080B253
:10DDE0000728FFF4E7AEA7F2DF6080B20628FFF451
:10DDF000E1AEA7F2E76080B20228FFF4DBAEA7F243
:10DE0000EA6080B20428FFF4D5AEA7F6E40080B241
:10DE10001A287FF6CFAE48460026B946CDE6DAF896
:10DE2000480000283FF4E4AE838B002B3FF4E0AEC3
:10DE30005FFA89F18268504641EA042189B20BF009
:10DE40002AF900283FF4D4AE814601204FF0010B9F
:10DE50000290D3E6B8F80610002992D0418851B953
:10DE6000C08840B98DE740F24460844203D1B9F8DC
:10DE70000200002834D1504621460BF024F9074611
:10DE800028460121FFF7D2FAB7B1A0F2D4619AF87F
:10DE90006000B0FA80F0400911F1B20F28BF0230E3
:10DEA00037F810204FF0000138BF012122B1B946E8
:10DEB000834600260F4600E0009FBBF1030F24D8E5
:10DEC000DFE80BF0160F0208B9F8040078B14FF044
:10DED000020B1AE0B9F8060010B14FF0030B14E082
:10DEE0000127B9F8020018B14FF0010B0DE001272E
:10DEF000B9F8000010B14FF0000B06E0B9F802B01D
:10DF0000BBF1000F18BF4FF0010B39F81B0060B1D7
:10DF1000284631468AF86070FFF700FB019911B17D
:10DF20002846FFF731FA39F81B402046BDE8FE8F3E
:10DF30002DE9F0410446EAB1517BD079012715461D
:10DF400001F0100140EA0118B8F1040F88BF4FEA50
:10DF500098079088A0F5C2614F2915D9A0F6E40171
:10DF60001A2900F23B80012088405749084240F0BE
:10DF70003F8063E04FF400400026A4F85E004FF0BD
:10DF80008020C4F85A007BE0DFE801F03232323200
:10DF90003232323232325884848484848484848459
:10DFA0008484848484848484848484848484848431
:10DFB0008484848484848484848484848484848421
:10DFC00084848484848484323258323258323232A7
:10DFD000325858323232323258323258A0F2D66188
:10DFE000172950D8012202FA01F1354A114222D0F4
:10DFF000B4F85A70B7F5004F07D1F7F716FF04D100
:10E00000F7F7F1FEA4F85A0022E0F7F766FEB4F83D
:10E010005E00B0F5004F01D0F7F734FEB7F5004FC2
:10E0200003D007EB0800F7F781FD30460CF0FFFC4A
:10E03000A4F85A0022E0234A114224D0B4F85A002E
:10E04000B0F5004F08D1F7F7F0FE05D1F7F7CBFE9A
:10E05000F7F76DFE2E4613E0F7F73FFEB4F85E00CB
:10E06000B0F5004F01D0F7F70DFEF7F7DEFE02D056
:10E07000C01BF7F75BFD30460CF0D9FCF7F757FEF5
:10E080003046BDE8F08140F274618842B0D0B0F50E
:10E09000CE6FADD0F7F7A7FE697BA4F85A00F7F76B
:10E0A00046FEA87901F00801890141EA40000521F6
:10E0B000B0FBF1F095F909100844A4F85E00C9E737
:10E0C0003F5E660000209000DBB19B0780B582B008
:10E0D000019001980090FFF77FFB009800F045F851
:10E0E00002B080BD2DE9F04184460246077C017EE6
:10E0F000056800265CF8144F52F8043F13B95DB36D
:10E100002B46156019B10CB1218839BB06761988E8
:10E1100002291FD102330021012F1360EED800EB3A
:10E12000870107F1010E0024D1F80880774600210D
:10E1300080F810E0B8F1000FC0F81480DED0B8F815
:10E1400000407746002C4446D8D00121774644460B
:10E150000176D3E721B905E0002103E023466246BA
:10E16000981C10600846BDE8F081012180F860101D
:10E1700070472DE9F84F984614468A4681468A42F0
:10E1800000F1220611D9A4EB0A0009F13A0B00278D
:10E1900085B2B8B2A84208D23046FFF73BF9014633
:10E1A0005846FFF74FFA0137F3E730465146FFF77D
:10E1B000B5F9A8F1020534B135F814103046FFF76F
:10E1C000C5F9013CF7E74846BDE8F84FFFF704BB47
:10E1D00010B50446002002212174C4F83E00C4F8A2
:10E1E0003600C4F81E0020766061C4E9000004F126
:10E1F00044001C21F2F7EFFA0120A4F86000204649
:10E20000FFF764FF204610BD10B50C24B1FBF4F4F9
:10E2100004EB4404A1EB8401029C002C08BF0C31E8
:10E220000468D4F888C0BDE810406047B0B53C240D
:10E23000B3FBF4F5C5EB0515A3EB850380F82E3091
:10E24000B2FBF4F3C3EB0313A2EB830280F82D209F
:10E250001822B1FBF2F202EB4202A1EBC20180F8FC
:10E260002C100168D1F89010BDE8B04008470000BC
:10E2700010B5044604302121F2F7ADFA0020012147
:10E28000A06284F82E00A085034884F82510083089
:10E290002060204610BD00BF98280208FEDE000066
:10E2A00080B582B001900198009009F0B7FD009808
:10E2B00002B080BD70B50D460446606801684968CB
:10E2C00088470028F9D10D4E30680168D1F88010D8
:10E2D0008847FDF7F9FB3068012101F039FC6068DF
:10E2E00001688A68294690472068C16A20468847A5
:10E2F00030680168C96FBDE8704008479CB40020D1
:10E3000000207047704770477047016809690847E7
:10E3100080B5F7F779FB80BD10B50446F7F774FBBD
:10E3200038B9207A28B160680168496988470020B7
:10E330002072606801680968884718B1BDE810401C
:10E34000FDF7CCBB2068416A2046BDE81040084775
:10E3500080B5FDF7ADFBBDE88040FDF79DBB704784
:10E3600080B582B0019001980168496C884702B07D
:10E3700080BD10B50446F7F747FB48B9207A617AAB
:10E3800031B128B92068416A2046BDE810400847ED
:10E3900010BD0000B0B5044601202072606801681D
:10E3A0008969884705460068411E072912D9202837
:10E3B0001BD0402819D0802817D0B0F5807F14D00A
:10E3C000B0F5007F11D0B0F5806F0ED0B0F5006FC2
:10E3D00011D005E0DFE801F0090F0414040404176C
:10E3E00019490EA08B22F2F715F92068C16B20465F
:10E3F00088470C200AE02068C16B2046884704E06B
:10E40000F7F76AFBF5E7F7F767FB0D20216851F88E
:10E41000202020462946BDE8B040104766616C7355
:10E42000652026262022444D413A3A657865637579
:10E430007465282920696E76616C696420426C6974
:10E44000744F7022000000007545020882B00190F0
:10E450000091019842F63411C0F6020108310160C2
:10E460000099416000210172417202B07047FEDEE6
:10E4700081B00090009801B0704700002DE9F04F86
:10E4800091B01F4690468946824626982598249842
:10E490002399229A219A209A1F9BDDF878C0DDF8F3
:10E4A00074E01C9C1B9D1A9ECDF840A0CDF83C90BA
:10E4B000ADF83A80ADF83870ADF836608DF835506B
:10E4C0008DF834408DF833E08DF832C08DF831305E
:10E4D0008DF83020ADF82E10ADF82C0010980A9071
:10E4E0000F99BDF83A20BDF83830BDF836C09DF818
:10E4F00035409DF834509DF833609DF832709DF89A
:10E5000031809DF83090BDF82EA0BDF82CB0EE46BD
:10E51000CEF820B0CEF81CA0CEF81890CEF814801B
:10E52000CEF81070CEF80C60CEF80850CEF804404B
:10E53000CEF800C009F03AFA0A9842F68411C0F603
:10E540000201083101602199C16122990162259976
:10E5500041622699816211B0BDE8F08F80B582B02A
:10E5600001900198009000F005F800980CF0D2FCA2
:10E5700002B080BD80B582B001900198009009F092
:10E5800037FA009802B080BD80B586B0059104903E
:10E5900004980190083005990391039900F054FE06
:10E5A0000198C0680290029807F036F80199088235
:10E5B00006B080BD80B586B00591049004980190A6
:10E5C00000F0C2FE0198083000F046FEFFE7019817
:10E5D00042F6EC11C0F6020101F1080202602C3192
:10E5E000816006B080BD024601980392029100F05E
:10E5F000DFFEFFE70CF07CFE0CF08CBC80B582B037
:10E60000019001980090083000F044FE009800F05E
:10E61000CFFE009802B080BDC06A7047C1627047EB
:10E6200080B504F001FB0121C1620249083101609B
:10E6300080BD00BF242A02080CF06CBC80B582B0FB
:10E6400001900198009004F00BFB009802B080BD8F
:10E6500080B582B00190019800F002F802B080BD50
:10E6600080B582B0019001980090D0F8400198B137
:10E67000FFE70098D0F840010168C968884758B1A1
:10E68000FFE70098D0F84001016889688847009941
:10E690000020C1F84001FFE702B080BD80B582B024
:10E6A000019001980090FEF73FFB009842F69821F8
:10E6B000C0F60201083101600021C0F83C11C0F829
:10E6C000401140F2C021C2F20001086002B080BDDA
:10E6D00080B582B001900198009000F005F8009894
:10E6E0000CF018FC02B080BD80B582B0019001989A
:10E6F0000090FEF74DFB009802B080BD80B58EB053
:10E70000DDF840C00D900C910B920A930B98806835
:10E710000168096A884741F6A831884201D3FFE7BA
:10E720000AE043F2F070C0F6020043F67E01C0F644
:10E730000201A322F1F76EFF0B9840680168096A95
:10E740008847102801D3FFE70AE043F24D70C0F676
:10E75000020043F67E01C0F60201A422F1F75AFF3F
:10E760000B98C0680168096A88470C2801D3FFE745
:10E770000AE043F2AA60C0F6020043F67E01C0F64A
:10E780000201A522F1F746FF0D980C990A9A09F0AB
:10E790006DFD0B98C0680021029100F03BFA0090DB
:10E7A000FEF7DEFC0098029909900B98806800F053
:10E7B00015FA0190FAF754FB0198029908900B980A
:10E7C000406800F019FA03900899FCF797F902984D
:10E7D0000399079109990A9A116007990C9A116097
:10E7E00008990D9A11601099049107990591069066
:10E7F00021B1FFE7059804300690FFE704980699D9
:10E80000FCF73AFC079804301099FAF76FFE089865
:10E81000079904F099F908980799099A09F06EFD8B
:10E8200007980EB080BD000080B582B0019001F065
:10E830001DFD0168096B88470199401AB0FA80F004
:10E8400040098DF8030000F08FFF01F09FF8A0B1A0
:10E85000FFE700F089FF01F099F80168096B88472C
:10E860000199401AB0FA80F041099DF8030008436D
:10E8700000F001008DF80300FFE79DF8030000F0B1
:10E88000010002B080BD000081B00090009842F607
:10E89000EC21C0F60201083101600021818001B045
:10E8A0007047000081B00090FEDE000081B0009053
:10E8B000009801B07047000081B00090009842F6C7
:10E8C0000C31C0F602010831016001B07047000050
:10E8D00081B00090FEDE000081B00090009801B091
:10E8E0007047000082B001900091019802B070471B
:10E8F00081B00090009842F62431C0F60201083140
:10E90000016001B07047000081B00090FEDE0000A1
:10E9100081B00090009801B07047000081B0009075
:10E92000009801B0704700002DE9FE4F1D4CD0E962
:10E9300000658246A76987B30220A268E169DFF813
:10E9400068903B4697FBF0FB20685A44029202AA6B
:10E95000009290463246C84701906068216A2A4674
:10E960003B46CDF80080C8476269C8468146E068EA
:10E97000616A3B465A44029202AA00923246C0475C
:10E9800083462069A16A02AA3B460092019A09EBDC
:10E9900002062A46C04700EB0B05CAE90065BDE840
:10E9A000FE8F00BF70B40020EDE90008E0B1014621
:10E9B0000020B1F5803F38BF012038BF09040001B5
:10E9C000B1F1807F3CBF08300902B1F1805F3CBFEC
:10E9D00004300901B1F1804F3CBF02308900B1F130
:10E9E000FF3FC8BF01307047202070472DE9FE4F20
:10E9F000DDF830909A46154688460646002A93462A
:10EA000001D5C5F1000BD9F800705846FFF7CEFFCD
:10EA1000034602A8BAF1000F5446019048BFCAF15C
:10EA20000004002E009448BF7F423046002D48BFAE
:10EA30007F42002E00D5704241465A4600F02FF822
:10EA400002994FF0FF33394491FBF4F202FB1411A9
:10EA500010440122002EC9F8001048BF4FF0FF32C9
:10EA6000002D48BF5242BAF1FF3FC8BF01239A426E
:10EA700018BF4042002A04D4B1F1FF3F09DDBDE8D0
:10EA8000FE8F4A42B1F1FF3FC9F80020F7DC111BAD
:10EA900000E021440138C9F80010BDE8FE8F2DE9DF
:10EAA000FE4FDDE90CA71C460D46A0B19AB11F2D03
:10EAB00098BF202C0FD206468DB91046002C254653
:10EAC00032464FF00004F0D14FF0FF3038606FF065
:10EAD0000040BDE8FE8F00203860BDE8FE8F32FAAE
:10EAE00005F830D04FF0FF30A84022EA0009484630
:10EAF000FFF75CFF0146484632462B46CDE900A7AA
:10EB0000FFF7CDFF814606FA05F0B0FBFAFB0BFBE1
:10EB10001A063046FFF74AFF034602A8611932463B
:10EB2000CDE900A04046FFF7BAFF3968029A1144C8
:10EB3000B1FBFAF202FB1A1139600BFB0891084491
:10EB40001044BDE8FE8F02FB06F1B1FBFAF000FBBA
:10EB50001A113960BDE8FE8F80B586B000F004FE62
:10EB600001F0C2F805900598016889698847059801
:10EB7000016889688847C8B1FFE703A8019003F0DE
:10EB8000A5FF019905980268D26890470290029803
:10EB9000BDF80C10BDF80E20BDF81030BDF812C045
:10EBA000EE46CEF800C00FF0E3FDFFE706B080BDF3
:10EBB00070B5054600680C461646016A2846884727
:10EBC000B04206D328682146426A2846BDE8704014
:10EBD000104751484F493922F1F71CFD80B582B0EA
:10EBE0000190ADF802100198BDF802100268526A57
:10EBF000904702B080BD000080B582B00190ADF8B2
:10EC000002100198BDF802100268526A904702B0E3
:10EC100080BD000080B582B00190ADF8021001986F
:10EC2000BDF802100268526A904702B080BD002110
:10EC30008180704770B5044600680D460021426A25
:10EC400020469047281A86B22068016A20468847E5
:10EC5000B6FBF0F6A088864211D220680021426AF5
:10EC600020469047281A85B22068016A20468847C6
:10EC7000B5FBF0F101FB105030B9304670BD2549AD
:10EC800004A01D22F1F7C6FC084822491E22F1F714
:10EC9000C1FC00BF726573756C74203C20616C6CA4
:10ECA0006F636174696F6E7300000000643E020858
:10ECB000B0B5044600680D46016A20468847A84260
:10ECC0000FD32068A588C1692046884785420DD2A8
:10ECD0002068A188426A20469047A1880131A1801E
:10ECE000B0BD0D480B492F22F1F794FC094902A051
:10ECF0003022F1F78FFC00BF616C6C6F6361746947
:10ED00006F6E73203C206361706163697479282998
:10ED100000000000DE3E02084D3E02080021818016
:10ED200001490831016070473C2B0208FEDE704744
:10ED300010B50446D0E9022023691B1A002BD8BF66
:10ED40001344022B0FD3626800EBC00002EB80007B
:10ED50002122F1F79FFCD4E902010131081A38BFE2
:10ED60000846E06010BD224901A03722F1F752FCAD
:10ED700066616C736520262620224C6F636B467299
:10ED80006565444D415F5175657565206F766572A7
:10ED9000666C6F772122000010B504460068016898
:10EDA0002046884738B92169A0680131081A38BF60
:10EDB0000846206110BD0E4901A03D22F1F72AFC52
:10EDC000216973456D707479282920262620224CEC
:10EDD0006F636B46726565444D415F51756575653E
:10EDE00020756E646572666C6F77212200000000EA
:10EDF000754502084168006900EBC00001EB800026
:10EE00007047D0E902120069821A002AD8BF0A446A
:10EE10000020022AB8BF01207047D0E90301401A40
:10EE2000B0FA80F04009704710B5044C0023C0E9E7
:10EE3000022303610834C0E9004110BD702B0208B1
:10EE40000CF068B880B582B001900198009008F08D
:10EE5000EFFF009802B080BD80B588B084460B9863
:10EE60000A98CDF81CC0ADF81A10ADF81820ADF80E
:10EE70001630ADF81400079802904AF23801425853
:10EE8000013242504058042806D1FFE702994AF265
:10EE9000380200208850FFE7FFE702984AF2380165
:10EEA000415800EB8100406818B1FFE700F0AEFB6D
:10EEB000F3E702984AF23801415800EB81004068BC
:10EEC00008B9FFE70AE043F61250C0F6020043F625
:10EED0002F51C0F60201AA22F1F79CFB029A4AF2D6
:10EEE0003803D05802EB800101204860BDF81600BD
:10EEF0004000049004994FF42050B0FBF1F00390CF
:10EF0000D05800EB800002EBC02014300B99086051
:10EF1000BDF81A004AF21401114452F803C021F856
:10EF20003C00BDF8180052F803C001EBCC0CACF863
:10EF30000200BDF81600D25801EBC2018880BDF86E
:10EF400014000399884204DAFFE7BDF81400019029
:10EF500002E003980190FFE70299019B4AF2140036
:10EF600008444AF2380251F802C000EBCC0CACF86D
:10EF70000630895800EBC100C08808B080BD000091
:10EF800083B00290029800904AF238014058013054
:10EF900001900198042803D1FFE700200190FFE7CA
:10EFA0000098019900EB81004068B0FA80F04009B8
:10EFB00003B0704780B584B003900291039801902C
:10EFC0004AF234014258013242504058042806D1D6
:10EFD000FFE701994AF2340200208850FFE70198C8
:10EFE0004AF23401415800EB81004068022801D107
:10EFF000FFE70AE043F6F540C0F6020043F62F5162
:10F00000C0F60201DD22F1F705FB01984AF2340156
:10F01000425800EBC20C4AF2140E0CEB0E02029B9B
:10F020005CF80EC0C3F800C052685A60425800EB4A
:10F03000820303225A60415801EB810100EBC12099
:10F04000143004B080BD000084B003900398019098
:10F050004AF234014058013002900298042803D14A
:10F06000FFE700200290FFE70198029900EB810082
:10F070004068022801D1FFE70AE043F6D440C0F619
:10F08000020043F62F51C0F60201EA22F1F7C2FA5C
:10F090000198029900EBC1004AF21401084404B03F
:10F0A0007047000082B00190019800904AF234014C
:10F0B000415800EB81004068032801D1FFE70AE0D6
:10F0C00043F6B540C0F6020043F62F51C0F60201E8
:10F0D000FF22F1F79FFA00984AF23401415800EB01
:10F0E00081010020486002B07047000084B00290A7
:10F0F0000298009000200190FFE70198032811D8A2
:10F10000FFE70098019900EB81004068022804D1D4
:10F11000FFE701208DF80F0008E0FFE701980130BC
:10F120000190EAE700208DF80F00FFE79DF80F003F
:10F1300004B0704780B582B00190019800904AF207
:10F140003801415800EB81004068012801D1FFE7F8
:10F150000AE043F69440C0F6020043F62F51C0F691
:10F160000201B922F1F756FA00984AF238014158E3
:10F1700000EB81010220486000F074FA02B080BD0B
:10F1800080B58AB0089008980290099000F0C6F8FF
:10F19000029942F69430C0F60200083008604AF244
:10F1A000140008444AF23402114403910490FFE72A
:10F1B0000498019003F08AFCFFE7039A019800F19C
:10F1C0000801084691420490F2D1FFE702994AF201
:10F1D00034024FF0FF3088504AF238028850002045
:10F1E0000590FFE70598032812D8FFE702980599D4
:10F1F00000EB810100204860FFE705980130059091
:10F20000F0E7024602980792069100F097F802E0B4
:10F2100009980AB080BD0CF06BF8000080B582B090
:10F2200001900198009000F005F800980BF072FE34
:10F2300002B080BD80B582B001900198009000F0CE
:10F240007DF8009802B080BD82B0019100900099D5
:10F250000198486002B0704780B582B00190019873
:10F26000009042F6C031C0F60201083140F8041B9C
:10F2700008F0F4FF009802B080BD000080B582B0B5
:10F2800001900198009000F005F800980BF042FE04
:10F2900002B080BD81B00090009801B070470000BE
:10F2A0001D480021C0E90011704700BF0F2982BF2F
:10F2B000194AC2E900017047024810491722F1F7C4
:10F2C000A9F900BF594402081349086810B14968F8
:10F2D00001B17047084809492E22F1F79BF900BF98
:10F2E0000D48016811B1406800B1704702480349F8
:10F2F0003422F1F78FF900BFA1440208AD4402089F
:10F300000548D0E90010002818BF0120002918BFC7
:10F3100001210840704700BFFC02002081B000902E
:10F32000009842F6D431C0F602010831016001B004
:10F330007047000081B00090FEDE000081B00090B8
:10F34000009801B07047000080B586B00490049822
:10F3500000900590FFF798FA009942F60040C0F639
:10F360000200083008600020FFF75EFA0190FFE716
:10F370000198C00708B1FFE711E043F6C600C0F6E8
:10F38000020043F62411C0F602012C22F1F742F9E3
:10F390000246009803920291FFF788FA02E005986E
:10F3A00006B080BD0BF0A4FF81B00090FEDE00002F
:10F3B00080B582B0019001980090FFF777FA00982D
:10F3C00002B080BD4049096801290BD142880188FB
:10F3D00083880280C2881944C38082803B4A128895
:10F3E000511A4180704700BF10B504463648006886
:10F3F00001280DD10A462088A1880844A11C0138A3
:10F400002080204600F030F860684FEA30406060AD
:10F4100010BD00BF0B4B1B68012B11D10B6890ED89
:10F42000000A9FED092A0360B2F9040001EE100AF8
:10F43000B8EEC11A31EE021A31EE400A81ED000A2F
:10F44000704700BF1003002017B7D1B81E4A1268DA
:10F45000012A07D102880B880380D0431B4A1288F7
:10F4600010440880704700BF174B1B68012B09D15F
:10F4700010B50C8803880480D84392881044088013
:10F48000BDE81040704700BF0F49096801290BD142
:10F4900002884188C3884280828819448380C28060
:10F4A0000A4A1288511A0180704700BF064A126842
:10F4B000012A07D1054A0B881288DB431A440388C6
:10F4C00002800B80704700BF10030020080300205B
:10F4D00080B582B0019000910198009900F002F887
:10F4E00002B080BD82B00190009101990098C8647B
:10F4F00002B0704780B582B001900198009000F092
:10F500005BF8009842F62041C0F602010831016024
:10F510000021C16402B080BD80B582B00190019825
:10F52000009000F005F800980BF0F4FC02B080BDEC
:10F5300080B582B001900198009000F04FF80098DB
:10F5400002B080BD82B00190009101990098C8641A
:10F5500002B0704782B0019000910199009808654F
:10F5600002B0704780B582B001900198009000F021
:10F5700023F8009842F6B041C0F60201083101605C
:10F580000021C164016502B080BD000080B582B079
:10F5900001900198009000F005F800980BF0BAFC7B
:10F5A00002B080BD80B582B001900198009000F05B
:10F5B00015F8009802B080BD80B582B00190019826
:10F5C000009008F08FF9009842F64051C0F6020111
:10F5D0000831016002B080BD0BF09CBC80B582B0E8
:10F5E00001900198009008F0C1F9009802B080BD28
:10F5F000B0B504460AF024FD054620460AF07AFC20
:10F60000A90060F34101481C80B2B0BD80B54AF248
:10F610008830C2F20000006850B1FFE74AF288303B
:10F62000C2F2000000684FF0FF3110F077FB0BE0F2
:10F630004EF60451CEF200014FF080500860BFF347
:10F640004F8FBFF36F8FFFE780BDB0B504460AF060
:10F65000F7FC054620460AF04DFCA90060F3410185
:10F6600088B2B0BD7047000082B00191009000994F
:10F670000198886202B0704780B584B00390039807
:10F6800000902621F1F7A7F8009804F039FA0098C5
:10F6900042F6D051C0F6020108310160FF2180F826
:10F6A00026102830002108F0D1FDFFE7009804B0B3
:10F6B00080BD024600980292019104F035FAFFE7FE
:10F6C0000BF016FE0BF026BC80B582B001900198BD
:10F6D000009004F029FA009802B080BD81B000903B
:10F6E00001B07047E34990F876000978B0FA80F0ED
:10F6F0004009B1FA81F149090843704780B582B0E9
:10F7000001900198406801688969884702B080BD0E
:10F7100010B50446FCF73EF902F098FF60680168F6
:10F72000C9688847E0680168896888472068816FF0
:10F730002046BDE81040084780B584B0029002988A
:10F74000019090F88500C00738B1FFE70198406844
:10F75000016809688847039002E000200390FFE7F2
:10F76000039804B080BD00004BF29C40C2F2000040
:10F770000068704781B0009001B070472DE9F043F8
:10F7800089B004461298DDF84480DDF840900027E7
:10F790001D46164601918DF81C700397ADF81800B0
:10F7A0004FF48060ADF81680ADF814900090F6F735
:10F7B00086FA139900EB4600CDF81D70ADF81A10CB
:10F7C000694300EB4100B9F1000F04900DD0B8F18E
:10F7D000000F0AD0F6F749FA40050CD5F6F7C2FA41
:10F7E0006946904709B0BDE8F0835C485C4940F247
:10F7F0006A22F0F70FFF5B48594940F26B22F0F79D
:10F8000009FF00BF2DE9F0418AB004464FF40060C3
:10F810000025984616460F4601902046029500F0B6
:10F820002DFA129B109A119900EB4600ADF81C506E
:10F83000089504978DF82450ADF81E3003FB08F3AB
:10F84000ADF81A10ADF8182000EB430005905AB13E
:10F8500051B1F6F70AFA00050CD5F6F783FA01A9BB
:10F8600090470AB0BDE8F081EB4905A040F2812243
:10F87000F0F7D0FE1048E84940F28222F0F7CAFEC5
:10F88000287769647468203E2030292026262028A5
:10F89000686569676874203E20302920262620226A
:10F8A00043616E6E6F742066696C6C20656D707458
:10F8B0007920726563742200EC4502082DE9F0435B
:10F8C00089B004461498DDF84490109FDDF8548008
:10F8D0001D46164601918DF81C001298ADF8169041
:10F8E000ADF81470CDF80080ADF81800F6F7E7F920
:10F8F0000346204631462A4609F02EFE0490DE4893
:10F900000089ADF81A00F6F799F88DF81E008DF809
:10F910001D00BFB1B9F1000F14D0F6F7A6F910EA37
:10F92000080F15D016981399039100218DF81F0028
:10F9300060688DF8201001684A686946904709B0F0
:10F94000BDE8F0830548B44940F24E22F0F762FE6C
:10F950000448B14940F24F22F0F75CFEAA47020882
:10F96000E24702083646020881B0009001B07047B5
:10F9700080B582B001900198009000F059F800988D
:10F980000168D1F8BC10884702B080BD81B00090FA
:10F990000098406D01B0704710B50446B648007835
:10F9A00048B9E06C38B96068FEF7B2FC18B160681D
:10F9B000417A0029FCD0FCF77BF8D4F8880038B1F4
:10F9C0002068D0F8D810204688470020C4F8880066
:10F9D0002046BDE8104000F051B900BF2DE9F043CA
:10F9E0008BB00746A4481E46904689460489F6F720
:10F9F00025F83968002243460D6C1699CDE90801B7
:10FA000002204946CDE90640012005901598049052
:10FA100014980390139802901298CDE9006038462C
:10FA2000A8470BB0BDE8F083F6F776B9F6F774B9DE
:10FA3000B0B5044690F87600D0B1022002F01AFE6C
:10FA40000020A4F87500F6F73AF901462068D0F8CE
:10FA5000C82020469047E56955B1F6F730F90146D0
:10FA6000E5480289286803682846BDE8B040184781
:10FA7000B0BD00BF0403002082B00190ADF80210B9
:10FA800002B0704740680121417201680969084766
:10FA900081B000904FF6FF7001B0704710B504467A
:10FAA000FBF7FAFF60680021817210BD84B00390FB
:10FAB000ADF80A10ADF80820BDF80A0040F2083190
:10FAC000C2F20001098888420BDBFFE7BDF808009D
:10FAD00040F20A31C2F200010988884201DBFFE7E7
:10FAE0000AE043F63930C0F6020043F69C31C0F616
:10FAF0000201A522F0F78EFDBDF80A1040F2083091
:10FB0000C2F2000002880020914201900FDBFFE763
:10FB1000BDF8081040F20A30C2F20000028800204E
:10FB20009142019003DBFFE701200190FFE701987C
:10FB3000BDF80A0040F20C31C2F200010880BDF8A5
:10FB4000080040F20E31C2F20001088004B0704794
:10FB5000B0B50546D0F8880088420AD0DC200C46B3
:10FB6000002908BFD8202968095828468847C5F8C1
:10FB70008840B0BD80B582B00190019840680168AE
:10FB80004969884702B080BD82B001900091019917
:10FB9000009888640098002818BF012040F20531C1
:10FBA000C2F20001087002B070470000F0B589B0E1
:10FBB000B74F0446787838B301200E4615460090BA
:10FBC000002003902068416B204688470346B1B26D
:10FBD000320C204609F0C0FC0190A06CADF8145026
:10FBE00004903889ADF81A00ADF81800280CADF86B
:10FBF0001600F5F723FFF5F77AFFF6F7B3F8694635
:10FC00009047A06C09B0F0BD0248A34940F2BD2264
:10FC1000F0F700FD7B460208E2470208F0B589B024
:10FC2000054601200F461C46164600900020039012
:10FC30002868416B284688470346B9B23A0C2846E3
:10FC400009F08AFC01900E980494ADF81460ADF8A8
:10FC50001A008F480089ADF81800300CADF8160076
:10FC6000F5F7ECFEF5F743FF686801684A686946F6
:10FC70009047204609B0F0BD0403002080B584B051
:10FC800002900298019040F20430C2F20000007825
:10FC9000C00768B1FFE701980168496B884701997F
:10FCA000096C884204D1FFE70198406C039003E09F
:10FCB0000198006C0390FFE7039804B080BD416693
:10FCC000203005F049BA000082B0019000910199FE
:10FCD0000098C1F88000012081F8840002B07047CC
:10FCE00081B0009001B0704781B0009000988069A9
:10FCF00001B0704782B0019000910199009888612D
:10FD000002B0704780B584B00290019102980090D3
:10FD1000019820B1FFE70198032807D1FFE7009978
:10FD20000198C86401208DF80F0049E0019801286E
:10FD300021D1FFE70098C06BC8B1FFE700980168C8
:10FD4000D1F8A81088474FF6FF7188420FD0FFE71F
:10FD500040F20430C2F200000078C00738B9FFE773
:10FD600000990198C86401208DF80F0028E0002058
:10FD70008DF80F0024E0019802281DD1FFE70098BC
:10FD80000168D1F8A81088474FF6FF7188420FD05C
:10FD9000FFE740F20430C2F200000078C00738B933
:10FDA000FFE700990198C86401208DF80F0007E073
:10FDB00000208DF80F0003E000208DF80F00FFE712
:10FDC0009DF80F0004B080BDF8B514460D460646F8
:10FDD000FFF754FF0346A9B22A0C304609F0BCFBDA
:10FDE0000346306829462246076FE748008900909D
:10FDF0003046B847F8BD00BF0403002081B0009032
:10FE000001B070472DE9FF4704468069C8B39246A8
:10FE100000220F460C991D4603920268166803AA39
:10FE2000CDE9001239465246B047DFF86C9880465B
:10FE3000A9F80850F5F702FE50B101280BD002389E
:10FE40000F2812D21348D2494FF4C972F0F7E2FBDF
:10FE50006FF0010001E06FF00200B9F80810039A9A
:10FE600001FB0A7101FB00202064E06928B10368EE
:10FE7000B9F80820216C1B689847404604B0BDE8DB
:10FE8000F0870648C2494FF4B972F0F7C3FB00BFD0
:10FE9000040300204C470208E2470208A745020875
:10FEA0001CB50023CDE900330368D3F8B4406B469A
:10FEB000A0471CBD2DE9F04F8FB004461046984670
:10FEC00017460D4603F0ECF8002800F0C7802068C4
:10FED000C16A204688472068016B20468847DFF8C2
:10FEE000B8970DF13A06ADF83A70B9F80A00B9F8CA
:10FEF00008A0B9F804B00190B9F8060007903046A0
:10FF00000AF070F8A9F8040030460AF0D5F8D9F8DC
:10FF10000C10B9F80420A9F806000029114608BF02
:10FF20000146A9F80A1008BF1046A9F80800D4E94C
:10FF30001001CDE90510384603F0B2F80146C4E9D6
:10FF40001000E06920B10368B9F808201B689847E1
:10FF5000E8882F4600210022049037F8040F039010
:10FF6000284605F003F8012095F8251085F82500AE
:10FF7000B8F90400029101280BDBB8F9060000284B
:10FF800007DD0AA83946424609F0ADFEDDE90A1050
:10FF900003E0D7E90010CDE90A100D90D9F804006C
:10FFA0000027D046DDF804A00C91089709900CA812
:10FFB00008A902F095FD606DC8B10DF13A000AF094
:10FFC0003FF80646606D0168096B884786420ED18E
:10FFD00000F04CF906460DF13A000AF031F80146FE
:10FFE0003068826B3046904780F0010000E00020CE
:10FFF00084F8600028686E696F6182680CA92846E1
:020000040801F1
:100000009047029884F860706E6185F82500039827
:1000100001B2049802B2284604F0A8FFDDE90510F9
:10002000A9F80AA0A9F80880A9F804B0C4E9100149
:100030000798A9F806002068C16A2046884720680A
:10004000016B20468847E56945B1F5F738FE014662
:100050002868B9F808200368284698470FB0BDE81B
:10006000F08F00BF80B588B0079006910592049389
:1000700007980390069808B1FFE70BE043F60130BC
:10008000C0F6020043F69C31C0F6020140F2013294
:10009000F0F7C0FA06990020029019B1FFE701209D
:1000A0000290FFE70398029906990164059941645B
:1000B0000599002918BF012140F20432C2F2000262
:1000C000117004990268D2F8902090470398C06993
:1000D00080B1FFE70398C1690191FFF7CFFD0146A9
:1000E000019840F20C32C2F20002128803681B68C9
:1000F0009847FFE708B080BD2DE9F843DFF8988501
:1001000090F88D70046C89460546B8F80A60F5F7DA
:1001100095FC102824D8B6FBF7F1DFE800F0090FB2
:10012000182F2F2F2F2F2F2F2F2F2F2F2F2F2F0025
:1001300009FB01F00021A1EB40000DE009FB01F0FB
:10014000B8F808104843A0EB8000044408E009FB1D
:1001500001F00021A1EB8000B8F8081000FB014479
:10016000E8692C6440B10168B8F808200B682146A2
:1001700001B0BDE8F0431847BDE8F88303480449DF
:1001800040F2BD12F0F746FA04030020E2460208EE
:10019000E247020882B001900198816BD0F880009C
:1001A00088421FD0FFE740F21030C2F20000006822
:1001B000B8B9FFE740F20A32C2F200021088ADF887
:1001C000020040F20831C2F2000108881080BDF838
:1001D0000200088040F21031C2F2000101200860E4
:1001E000FFE71EE040F21030C2F200000068B8B134
:1001F000FFE740F20A32C2F200021088ADF80000B8
:1002000040F20831C2F2000108881080BDF80000F9
:10021000088040F21031C2F2000100200860FFE7C0
:10022000FFE702B07047F8B50446C9B12068002165
:10023000D4F88870C4F88810C16A204688470546FB
:1002400001266068C4F88870012F867206D0206885
:10025000D0F8DC1020468847C4F888602846F8BDEE
:100260002068C16A2046BDE8F840084781B04BF2DB
:100270009C40C2F20000006890F86000C00780B1A6
:10028000FFE74BF29C40C2F200000068406D40B1B5
:10029000FFE74BF29C40C2F200000068406D009006
:1002A00007E04BF29C40C2F20000006880680090BA
:1002B000FFE7009801B070477FB504460068D0F8AA
:1002C000C01020468847002800F0A680E06C022875
:1002D00002D0012002F0A8F994F88410002594F8C7
:1002E000720084F8525084F8725084F8730031B16F
:1002F0002068D0F8D4102046884784F8845094F8B9
:100300005110E54D6068012681F00101AE70417227
:10031000FBF732FD0168496B884794F8730008B910
:1003200084F87360FBF728FD016849698847606EAF
:1003300001680969884794F8730094F874100138CB
:1003400084F8730009B10006ECD1E87894F97010D4
:100350000130E87040B2884215DB0020E870E068A8
:100360000168CB6803A902AA984738B12068DDE983
:100370000221D0F8CC302046984704E02068D0F81D
:10038000D0102046884700208DF80700606958B1DA
:100390000168CA680DF10701904728B1606E0168D5
:1003A000CA689DF80710904704F1200004F0D6FEBB
:1003B00094F8780030B320690168096988470546D8
:1003C000E06F08B92846E5671B49281A884219D307
:1003D0002069016889698847E16F6A1A6421B2FB64
:1003E000F1F2B0FBF2F0012804DB632894BFC0F106
:1003F00064010021206984F871100168CA69002134
:100400009047E5672068D0F8E01020468847FBF762
:10041000B3FC0168896B88472068D0F8C410204677
:100420008847E06C022802D0012002F011F99A48B6
:10043000002181707FBD00BF01E1F505BFB5044615
:10044000CDE9021202A8FEF76FFADDE90201ADF86C
:100450000600ADF804100DF1060001A9FFF726F81B
:1004600094F8771004F1200061B1B4F86C20B4F86E
:100470006810BDF80630BDF80450009504F0E0FDAA
:1004800050B9BFBDBDF80430BDF80620002104F00E
:100490001BFE012084F87700BDF90600BDF90410A9
:1004A000C4E91A01BFBD000081B00090009991F825
:1004B0007200013081F87200002081F88C0001B0D8
:1004C000704710B5044690F8770058B1B4F86C3016
:1004D000B4F8682004F12000012104F0F5FD0020AB
:1004E00084F8770010BD00002DE9F04F8BB00DF1BE
:1004F0006C0A044600200DF1600B1F46149E9AE81A
:10050000200605909BE80809DDE9160E022D04D0AF
:100510000B2D10D14FF0800819E0DDF864C04FF0CA
:100520002008BCF1000F18BF4FF04008FF2B18BF88
:100530004FF040080BE0C4464FF00108BCF1000F3B
:1005400018BF4FF00408FF2B18BF4FF00408ADF898
:100550001E001598CDF808808DF82430ADF820E005
:10056000CDE90312ADF81C00F5F7A9FB03462046C0
:1005700039463246CDE900B909F004F806901598DD
:1005800000218DF827A08DF826908DF82550ADF824
:1005900022B08DF8281068B1169858B1F5F765FBB0
:1005A00010EA080F0CD0F5F7DDFB02A990470BB05D
:1005B000BDE8F08F0548724940F23122F0F72AF881
:1005C0006E486F4940F23222F0F724F8AA47020839
:1005D0002DE9F0418AB01E4690460D460746F5F7D4
:1005E0002DFA3968159A43460C6C2B49CDE908025F
:1005F00000220989CDE90610149829460590139820
:10060000049012980390119802901098CDE9006020
:100610003846A0470AB0BDE8F08100BFB0B58AB047
:1006200014460268156C169A0992159A0892149A43
:100630000792139A0692129A0592119A0492109AAE
:1006400003920F9A02920E9ACDE9003200222346BD
:10065000A8470AB0B0BD00002DE9F04387B00746B7
:100660000D48984691460E460489F5F7E7F9396832
:100670004A464346CD6DCDE903401098119902904A
:100680000F980591314601900E9800903846A84782
:1006900007B0BDE8F08300BF040300202DE9F04F50
:1006A0008BB004460020DDF858A008261F4690466F
:1006B0008B4603902046BAF1FF0F08BF0226029630
:1006C000FFF7DCFADDF86090179D034620464146AF
:1006D0003A46CDF80490009508F054FF0690DDF8F6
:1006E00064C0DDE91420BAF1FF0F08BFB9F1000FB3
:1006F00021D0ADF81E0020680023ADF82250ADF8DF
:100700001C208DF827C08DF824A0CDF814B08DF8EA
:1007100026908DF82590ADF820308DF82830C16BEB
:1007200020468847304222D0F5F71CFB02A99047AB
:100730000BB0BDE8F08F4FF4FC634FF4784703EA49
:100740005B1307EA1B273B44CBF3C40703EB070B00
:1007500042EA08032B43DB0706D14BEA0B4B520856
:100760006D084FF00209C4E74FF00009C1E70348E4
:1007700003494FF42B72EFF74DFF00BF36460208D6
:10078000E247020810B50446406801688968884756
:1007900094F8750010B1012084F8760010BD40680F
:1007A000016889680847002B43D0B0B502F001000A
:1007B00001F00104A04215D120B112F8010B013B58
:1007C00001F8010B022B1FD382EA0100800714D02D
:1007D00023F00100084481420CD232F8024B21F888
:1007E000024BF8E7C818814221D212F8013B01F808
:1007F000013BF8E703F0010306E0900704D032F86C
:10080000020B023B21F8020B23F003000844814253
:1008100002D210CA10C1FAE703F003000023084413
:10082000CC18844203D2D55C01332570F8E7BDE8CB
:10083000B04001207047000082B00190009100207C
:1008400002B0704780B584B00390ADF80A100398E9
:100850000190C06B30B1FFE70198C16BBDF80A0091
:100860008847FFE704B080BD04460068D0F88410D4
:10087000204688472068C16F20468847E06C0228E0
:1008800018BFFBF7F3F82068416FF5E780B588B033
:100890008C4686460B980A99CDF81CE0CDF818C016
:1008A00005920493ADF80E10ADF80C000798009077
:1008B00042F63861C0F602010831016006994160D4
:1008C000059981600499C160002102910161416133
:1008D0008161C161203004F05DFC00980299816360
:1008E000C163016441648164C1640122019280F8A2
:1008F000502080F8511080F852104165583002F0B5
:10090000E5F80098019A029980F8601041668166C6
:10091000C16680F8702080F8711080F8721080F83D
:10092000732080F8741080F8751080F8761080F8C5
:10093000771080F87810C167C0F8801080F88410B4
:1009400080F88520C0F8882080F88C10042280F878
:100950008D20BDF80C2090F88D30B2FBF3F2A0F89A
:100960008E20B0F88E2045F25653C5F25553A2FBA7
:100970000332A0F890201422A0F892204BF29C425F
:10098000C2F200021060BDF80E2040F20833C2F23D
:1009900000031A8040F20C33C2F200031A80BDF843
:1009A0000C2040F20A33C2F200031A8040F20E33E8
:1009B000C2F200031A8040F21032C2F2000211604B
:1009C000BDF80E20BDF80C309A42B8BF01218163FA
:1009D00008B080BDFEDE000081B00090009801B03C
:1009E0007047000080B588B0DDF82CC0DDF828C065
:1009F000079206910590049305980CA90391049A17
:100A00000A9B0B99DDF80CC0CDF808C0DDF808E0B2
:100A1000EC46CCF804E0CCF8001006A900F0A8F8E9
:100A200008B080BDB0B5032A0FD0022A17D0012A22
:100A300025D18388C2880488898842EA03422344F6
:100A4000C91A438843EA014117E08288C388448871
:100A5000C98843EA02422344C91A03880BE0C288CA
:100A60004388CC88058889881344E31A8488254400
:100A700044EA0242491BC1EA034101604260B0BD41
:100A80002DE9F0418EB0044609B318680D46DDF833
:100A900050801E461746816B184688474042CDE974
:100AA00000761FFA88F221464FF6FF7300B2CDE9B7
:100AB000020504AD284601F0B1F90026284601F0F0
:100AC00075F8BDF8100001360028F7D10BE020467C
:100AD000FCF7D5FB01260A28204608BF0136FCF7A3
:100AE000CEFB0028F7D1B0B20EB0BDE8F0812DE901
:100AF000FE4F15460E464FF0000B00244FF0000A43
:100B00004FF0000801930090A8452DDA002042F232
:100B10000B0132460290A0B288424FF6FF6108BF37
:100B20005446884218BFA246DDE9000102ABFCF73B
:100B3000B1FEC8B104460A2816D0029A8AB13068BC
:100B4000948892F80A90577B1FFA8AF1436C3046DA
:100B500098470BEB090107F0800201EB420101EB22
:100B6000000B08F10108CFE71FFA8BF0BDE8FE8FFC
:100B70002DE9F04FE9B0DDF8C881B8F1000F00F0C1
:100B8000A180824618681C46002800F09B80A07C4B
:100B9000002800F097800F4610685168A5680DF591
:100BA000C879DDF8CCB16679CDE966010020494607
:100BB0002A4664907868659066A8FFF733FF484638
:100BC00049462A46FFF72EFFCDE9047A3EB1207947
:100BD000012E06900BD1023818BF012008E02079C1
:100BE000002807BF002006900690012000E00020AA
:100BF00008904BAF3846FDF7EBFAF5F7B7F8F5F785
:100C000038F80090384641465A46F5F74CF92068C6
:100C1000F4F7A0FF81462068B4F810A0477A32A804
:100C2000FDF7D6FA606958B1F5F7A0F8F5F721F8A5
:100C3000009032A841465A46F5F735F9606900E060
:100C40000020BDF89411B4F9105094F813C00AEBC9
:100C5000090807EB090A62792768BDF89631CDE9E2
:100C600002500846CDE900270791A1EB0C0082B2A3
:100C700028A832A901F0D2F86069BDF8929120B39A
:100C8000BDF99A014BADA0EB0A070DF1A00A0FFACE
:100C900089F087422CDD504600F088FFBDF8BAB0DD
:100CA0005FEA0B4006D028463146FCF7B5FDABF1B4
:100CB000010BF5E7BDF8A00020B19DF8C600C144C6
:100CC0000028E4D069B0BDE8F08FBDF99A01A0EB2F
:100CD0000A070DF5967A0FFA89F5AF4208DD5046FE
:100CE000FCF7CDFA0028EDD00A28F6D1C144F2E78E
:100CF000DDE9041A66AA06980025ADF89490CDE9BE
:100D00002624239530432491B0FA80F047090798B0
:100D10000FFA80FB6069ADF88A5010B128A800F086
:100D200045FF0FB1E07C2EE0089820B1606930B13A
:100D3000BDF8C20014E0E07C0799081A23E05D4684
:100D40000DF1240B4BA964225846EFF7E8FC21680B
:100D5000584647F6FF723346AB460025FFF7C7FEFD
:100D600021792EB169B101290FD10BFA80F004E08D
:100D7000012943D100B2ABEB0000022190FBF1F05E
:100D800001E0E17C0844ADF88A009DF8C630606956
:100D90002268BDF8BA10002B18BF0123002818BF25
:100DA000012000EA030047F6FF7308BF19464BAB6A
:100DB0000290CDE9003123A80DF18A01334603905A
:100DC000504600F033F99DF8C61009EB0800ADF865
:100DD000940000297FF476AF0FFA80F9BDF89A01EC
:100DE000BDF89E11084400B281453FF76BAF4BA898
:100DF000FCF73DFA00283FF48DAF63E7E17C08443F
:100E00009AE7000001480160704700BFA0B40020CD
:100E10002DE9F84F2DED0C8BB0B08346B2F90440AC
:100E2000B2F9068008461F4616460D4609F0DAF864
:100E300000EE100A2846B8EEC08A09F03DF900EE2F
:100E4000100A7548B8EEC09A0068012808D19FEDD5
:100E500073AAB0EE48CAB0EE49BAB0EE4ADA0BE077
:100E60009FED6EBAB0EE49CAB0EE49AAB0EE489A0C
:100E7000B0EE48DAB0EE4B8A38687968CDE92E01D9
:100E8000CDE92C0131880144ADF8B010718801EB37
:100E900010407168ADF8B2003068CDE92A012AAF80
:100EA0003846FEF78FFA70684FF0000ACDF8A0A020
:100EB00029902EA828A9FEF797FA0DF1B009484607
:100EC000FEF780FA284609F051F8002800F09D80CE
:100ED00000EE108A01EE104A0646CDF89CA0CDF82F
:100EE00090A0CDE922AAB8464D4CB8EEC00AB8EEA3
:100EF000C11A8DED261A8DED251A8DED210A8DED85
:100F0000200A27A823A928AF3A46A04726A822A945
:100F10003A46A04725A821A93A46A04724A820A9D7
:100F20003A46A0479DED201AB3EE000A3D488DEDEC
:100F30001FCA8DED1EBA8DED1AAA8DED199ACDF846
:100F400054A08DED14DA8DED108ACDF828A0059609
:100F500021EE001A1D9018901390CDE90E0A324828
:100F6000BDEEC11A8DED1C1A9DED241A008821EEEC
:100F7000001A0B902846BDEEC11A8DED1B1A9DED8F
:100F8000211AF4F7CFFE8DED171A9DED251AF4F70F
:100F9000C9FE8DED161A9DED221AF4F7C3FE8DEDF4
:100FA000121A9DED261AF4F7BDFE8DED111A9DED76
:100FB000231AF4F7B7FE8DED0D1A9DED271A21EED9
:100FC000000ABDEEC00A8DED0C0A08F005FF069080
:100FD000284609F007F80790284609F06DF80890B0
:100FE000284608F0FFFF0990DBF800004699446CA2
:100FF000029147994FF6FF70CDE90089CDE90310C2
:101000000AA90CAA05AB5846A04730B0BDEC0C8B22
:1010100001B0BDE8F08F00BF100300200000000009
:1010200015F400080000C8420C0300202DE9F04F21
:10103000A7B0CDE90701309914460EA864221D46D9
:10104000EFF76DFB002100200995002D0D9100F0B8
:101050008D814FF0000B00264FF000084FF0000983
:101060000027A24606900B9005900A9004943199AF
:101070008E4280F25581B9B242F20B02484691424B
:1010800008BF4F464FF6FF62B946914208BF8146FE
:101090000999309822460DABFCF7FCFB0D9A82B102
:1010A000DAF800009788957A547B1FFA89F1436C2F
:1010B0005046984704F08001544645EA41010D1816
:1010C00001E007460025A7F12800012216280FD9C4
:1010D0005B2F13D05D2F11D07B2F0FD07D2F0DD024
:1010E000002F00F01D810A2F00F01A81002205E078
:1010F000012101FA00F0D6490842E9D0A7F5CC60F9
:10110000A7F1300180B289B20A284FF0000038BF41
:1011100001200A294FF0000138BF01210843A7F53B
:10112000B26189B2B1F5B87F0DD307F5966182F04F
:10113000010289B20B0900213A2B4FF0000388BF4E
:101140000123134201D180F0010142F20B02A7F109
:1011500041044FF6FF63BA1AA4B218BF0122FB1A6A
:1011600018BF01231A2CCDF830B004D3A7F16104C5
:10117000A4B21A2C02D24FF0010B09E00024802FF8
:101180004FF0000B38BF01240C4308BF03EA020BE9
:101190005446B8F1070F00F2A98040EA0B02DFE8DD
:1011A00008F004A510A5181C23284FF00208BBF175
:1011B000000F18BF4FF00608002818BF4FF00408B2
:1011C00077E0F0B10A980EA9F4F79DFC4FF00408FF
:1011D00066E038B3F4F7D5FC02E0C0B3F4F7F4FDF1
:1011E00001304FF0040880E0012A5BD1F4F7C9FC1C
:1011F00003E0012A61D1F4F7E7FD01304FF0060862
:1012000073E0BBF1000F62D00A980EA900910B9910
:1012100080B2CDE901103398039001200B90DDE9F5
:10122000070137E0A7F12C004FF005080E2806D87B
:10123000012101FA00F044F20D01084263D1A7F246
:101240006B6002285FD3BBF1000FCFD12BE00A986F
:101250000EA92246DDF81C80089C002300910B9902
:1012600080B2CDE90110339821460390404600F04A
:1012700022FCBBF1000F30D005980EA90091069911
:1012800080B2CDE9011033982146049C03900120DF
:101290000B9040462246012300F00DFC4FF006085B
:1012A0000A9523E069B30A980EA9F4F7D0FB4FF032
:1012B00002080120CDE90A5018E041B30A980EA9AE
:1012C000F4F7C5FB059828440A90069801E0F4F766
:1012D00058FC01304FF0020807E00598049C4FF0DD
:1012E000020828440A90069801300B90A8F10200E9
:1012F000DDF830B00136B0FA80F040094BEA000B5F
:10130000B5E64FF007080120CDE90550EEE7059856
:101310004FF0070828440590069801300690E5E74D
:10132000A8F10200A146DDE90745DDE932670DF1CC
:101330003808052800F2A881DFE810F03F01A60177
:1013400037010600370106005FEACB7000F04281EA
:101350000A980B994A460023CDF800800397CA46A5
:1013600080B2F4F756FD0598069928E14FF0000B7E
:101370004FF0000800260990CDE90B0006900A9076
:10138000319A914280F201818946B1B242F20B0258
:1013900040464FF0000A914208BF46464FF6FF62B2
:1013A000B046914208BF8046309822460DAB0021DE
:1013B000FCF770FA0D9A7AB120689688977A557B77
:1013C0001FFA88F1436C2046984705F0800147EAF0
:1013D000410101EB000A00E00646A6F128010120C8
:1013E00016290FD95B2E13D05D2E11D07B2E0FD076
:1013F0007D2E0DD0002E00F0C8800A2E00F0C58092
:10140000002005E0012202FA01F1A74A1142E9D0C9
:10141000A6F5CC61A6F1300289B292B20A294FF04A
:10142000000138BF01210A2A4FF0000238BF012213
:101430000A43A6F5B26189B2B1F5B87F05D306F5C6
:10144000966189B209093A2904D882F0010102E0C3
:1014500003005000002142F20B034FF6FF65F31A20
:1014600018BF0123771BA6F14105ADB218BF0127B4
:101470001A2D0FD3A6F16105ADB21A2D0AD33B4048
:10148000002581F001077F2E88BF01253D402B40BC
:101490001A4300D00120BBF1030F5BD8DFE80BF04B
:1014A000020B151F01204FF0010B0B90002918BFF4
:1014B0004FF0020B10E0E1B10A980EA9F4F7C7FA59
:1014C00001204FF0020B0B9006E0C8B10A980EA95C
:1014D000F4F719FB4FF0010BCDF828A03AE001B367
:1014E00006980A9908440B9950440A9009980844B0
:1014F00013E00A984FF0010B50440A900B9827E034
:1015000039B94FF6FF60864203D042F20B008642A3
:1015100034D10A9850440A900B9801304FF0020BD6
:1015200017E018B30A9D0EA9224601234FF0010BC4
:1015300000910B99A8B2CDE9011033980390DDE931
:10154000070100F0B8FA0698284450440A90099818
:1015500001300B90ABF101000C9A4946B0FA80F0D3
:1015600009F10101400902430C9209E706984FF086
:10157000030B504406900998013004E001204FF01D
:10158000030BCDF818A00990E4E7BBF1030F42D09C
:10159000A146BBF1020F2FD0DDE90745DDE9326737
:1015A000BBF1010F0DF138086ED10A980B99CDF8F7
:1015B000008080B2CDE9011016E00A980B99CDF8B1
:1015C000008080B2CDE901100397204629464A46A3
:1015D00001230EE006980B990A9A08440599CDE973
:1015E0000080114489B20291204629464A460023D0
:1015F000039700F060FA47E00A980B99079C089D52
:10160000339F0DF138084A46CDF8008080B2039729
:10161000CDE9011032E00C98C0071DD00A9826468B
:101620000B99079C089D339F0DF138080123324622
:10163000CDF8008080B20397F4F7EBFB0698099988
:10164000CDF800800397B1463246002380B2CDE941
:1016500001102046294614E009980B990A9A339FF5
:10166000089D0DF13808084406990397CDE90080DC
:1016700011442246079C89B2914602912046294690
:10168000012300F018FA329E56B1002029464A463E
:101690000023CDE90080CDE90207204600F00BFAD7
:1016A00027B0BDE8F08F00BF030050002DE9F04FD8
:1016B0009FB010912999CDE912202A9D179308888F
:1016C00089880C1828680168496D88472968DDE910
:1016D0002D921490C87ACDF86C9042B12A9A0123C9
:1016E0005269062A08BF022303EB09021B92097BF9
:1016F00000FA84F02B9E4FF0000B42F20B054FF0E6
:1017000000080027159020B2002411912899189004
:10171000002019901A911B98844280F22B811FFAA5
:1017200088F0DDF8A8A04FF6FF61CDE91DBB8DF86C
:1017300073B0A84208BFB846884218BF4746DAF8D7
:1017400000204C450BDA0DF173001DA9CDE9001006
:101750002C9831461EABFCF7BDF880460FE01068B0
:101760004169104688478046DAF800000DF173039E
:1017700001688E6841461DAAB0472B9E1E9042F21A
:101780000B05A84500F0F4804FF6FF60804500F09F
:10179000EF80B8F1000F00F0ED80B8F10A0F00F013
:1017A000E9801E9AFAB1B2F80480002EDDE919032F
:1017B00008BF034432B3517B907A012E01F08001BF
:1017C00040EA4100199008BF1B1A38041A931DD033
:1017D0002A98006801684B6CB9B298472EB31A99E1
:1017E000091A1A9113E02A98006801680969884764
:1017F000A84200F0BD804FF6FF61884200F0B8803B
:101800001E9AD2E700201A931990B1E086B1299868
:10181000012EB0F9001088B211D1119A199B1A4407
:101820001A9B1A448A420ADAA4E01A9901441A91CE
:1018300015981A99814200F39D80299800881E9A74
:101840001A9B92F9091019449379527B0B4402F0C8
:10185000080203EB421302B29342C0F28980189B44
:10186000994280F28580DDF868902A9D00214FF032
:10187000000A16919145B8BFA0EB090A28680168D3
:10188000096B884706461E9809F0D1F81799301A57
:10189000084406B22998B0F90200B0420CDD1E9946
:1018A000CA79497B324401F0100102EB01118142F7
:1018B00059DB811B064616911498B8B113988068BD
:1018C000002873D001682A6895F812E01D9BD1F8B2
:1018D00008C0D5E90261CDF81090CDE90021179933
:1018E000299ACDE902E6059112993BE09DF8730033
:1018F000082861D8012101FA00F010F48B7F5BD039
:1019000012981E9A016840680D921D9A0E902868E0
:101910000F910C920168096C88472A460546139876
:1019200092F812E0D2E902230168D1F850C09DF884
:101930007310CDE90AE21FFA8AF2CDE9083116994F
:101940000AEB09031BB289B2CDE90036CDE90221C9
:101950002999DDE90E3204910D9905910C99CDE993
:1019600006151099E047DDF8B4902B9E42F20B0566
:101970000134D0E61FFA88F080B10A280ED008E0C2
:101980002C983146FBF748FF804638B1B8F10A0F72
:1019900002D001344C45F3DB4FF001081FFA88F008
:1019A000B0FA80F040091FB0BDE8F08F064907A0EB
:1019B00040F2D732EEF72EFE0248034940F2D2320F
:1019C000EEF728FE68480208DF480208766563746F
:1019D0006F72466F6E7452656E6465726572202612
:1019E0002620224E6F20566563746F72466F6E74A8
:1019F00052656E646572657220696E7374616E63A0
:101A00006520666F756E6421220000002DE9F04F9D
:101A100095B017468846814607CA9B460DF1180EB9
:101A2000DDF878A007F10C0C9CE878108EE87F10A8
:101A300007F120060DF1380C7FCEACE87F00D9F815
:101A4000000041465B46046C2298CDF800A004904B
:101A500021980390209802901F98019006AA48466A
:101A6000A04797E81F0006AD07F1280C0DF12C0EDA
:101A70001FC59CE81F10D7E91065AEE81F00D7E925
:101A80001201CDE910C65B46CDE91250D9F800002D
:101A900014914146046C1F98CDF800A00190209845
:101AA00002902198039022980490484606AAA047E5
:101AB00015B0BDE8F08F2DE9F04F87B0DDE9116575
:101AC000DDF84C8099468B4686469EB1D8F810705A
:101AD000DDF840C0B9F1010F797908BF002931D094
:101AE000BBF80000B9F1000F344608BF01292FD11F
:101AF000401B2BE010681746744641691046884722
:101B0000002850D0824638685146C268384690470F
:101B1000002845D00246807AA646517B01F080011C
:101B200040EA4101D8F810000D4440690628CDD1A3
:101B30003868436C38460F4651469847E919A6461F
:101B40000D18C3E7BBF8000034462844ABF800008A
:101B5000AA462546B4FA84F4B8F90830D8E9001248
:101B600000B2D8F80C6064098DE8C1127046CDE966
:101B70000554FFF79BFDD8F81000407950EA0901A1
:101B800009D0B9F1010F08BF012809D1BBF8000045
:101B9000A0EB0A0002E0BBF800005044ABF80000E4
:101BA00007B0BDE8F08FA64690E700002DE9F04FA2
:101BB00087B0044690F82600002840F01481206980
:101BC000E58AF3F7C7FFB4F918104FF0000B01EBEB
:101BD00040010020A942C8BF0120E268013A052A5D
:101BE0000DD8DFE802F012171A250303002302467E
:101BF000A9424FF00001D8BF012102911CE0002052
:101C000000220023CDE9010018E00120002200237A
:101C100001900AE00023024601E000220346A942A7
:101C20004FF00001D8BF012101910020029005E092
:101C300001200022002302900020019042EA0300CC
:101C400042F20B094FF0000A00274FF00008C4F8D9
:101C50001AB0CDE903320590F80740F0B98060680A
:101C60002269217ACDF818B0258806AB4646FBF7E5
:101C700011FE20804D45A8464FF6FF6108BFB046D3
:101C80008D4208BFB04620B1E18B01310A28E183C3
:101C900007D1218C204600230A4600F0AFF8012727
:101CA000DAE7069A002A47D09088967A577B2080F8
:101CB000206901684B6C1FFA88F1984707F0800192
:101CC00046EA41010F182088A5EB0901A5F1200281
:101CD000B1FA81F1B2FA82F24909520942EA0103EA
:101CE000218CCA198B462284484518BFD346202828
:101CF00008BF8B46DE0718BFD346A38B059FA58A76
:101D000013FA82F36FB10499F1B1A08C1844A84280
:101D100001D9608BF0B991B20027204600230A4612
:101D200007E0AB4222D9029A8AB3012720460A462D
:101D3000012300F063F83EE000274845C4D04FF689
:101D4000FF618842C0D087E7039919B14845DCD0CC
:101D50002028DAD0AB422DD9608B58B3A08C618C8F
:101D6000012784F826700844608424E016B3002715
:101D7000202821D048454FF0000B3FF46DAF1FFAEB
:101D80008AF22046012300F039F8002764E7019A1F
:101D900082B100279EB120280ED048454FF0000B9D
:101DA0003FF45AAF1FFA8AF220460123012700F0C0
:101DB00025F851E70027DA464FF0000B4CE72028C2
:101DC000F9D04845F7D0608B0028F4D00127F2E71E
:101DD0002069F3F7BFFE218B0844E18A081AE082EC
:101DE00007B0BDE8F08F034803494FF47D72EEF76A
:101DF00011FC00BF14480208DF48020870B5858B4B
:101E0000C48BC3832A446E184284028C8683511A81
:101E1000428B0184E11A1144418370BD70B50025E5
:101E20000446C0F81A500698A282079AE382049BDF
:101E300061602580C4F81E50C4F8225084F82650F2
:101E400020830598E260237220612AB30168496902
:101E5000884708B3054620690168CA682946904743
:101E6000D0B10646807A717B01F0800140EA4100E2
:101E7000A084E06806280FD12069324601684B6CC7
:101E800029469847B17A727B0844A18C084402F035
:101E9000800100EB4100A084204670BD2DE9F04F89
:101EA0008BB093ED070AB7EE003AD3F814E01E6842
:101EB00093ED0D4A93ED0A6A149B169CDDF85C8045
:101EC00083EE001A1B68B4F90070B4F902C09C1BC1
:101ED0001A9B06EB070B9C42B8BF2346D2ED092A9A
:101EE000D2ED0B0A21EE042A61EE061A01EE103A39
:101EF000B8EEC17A92ED0D1AB8F9002060EE874A6B
:101F000021EE075A76EE240A1FFA82F95A4534EE7A
:101F1000051A22EE874A30EE040A2CDDA2EB0B05EF
:101F200095FBF3F206EE102A02FB135A012AB8EED3
:101F3000C66A05EE061A44EE860A04EE060A14DBAB
:101F400030EE442AB0EE437AB5EE402A83EE026AC0
:101F500031EE452AF1EE10FA18BFB0EE467A30EEB7
:101F6000E46A22EE072A66EE071A02FB036502FB0B
:101F70001344EE1903E000225E464FF0000AB8F861
:101F8000047035194F443FB2BD42C8BFBC1B012C81
:101F900050DBC3EE003A40680EEB0C059FED277A4C
:101FA000DDF864E0159E0768D7F808C007950AEBCE
:101FB0000B05CDE9086E009302FB0352CDE9051233
:101FC00021EE233A60EEA32A33EE426A26EE076A38
:101FD000BDEEC66A16EE101A32EEE16A26EE076A08
:101FE00091FBF3F1BDEEC66A16EE102A22EE076AE7
:101FF0000491BDEEC66A92FBF3F216EE105A21EE82
:10200000876A01FB0A51BDEEC66A0392029116EE81
:10201000101A02FB0A11019194FBF3F101FB134228
:10202000002A04BF01391A460029D8BF1346A3EB82
:102030000A03E0470BB0BDE8F08F00BF0000804707
:102040002DE9F04FD5B005460068DDE960A81446DB
:1020500089461E461946876C284652464346B8476D
:10206000686080B30FCE5492B2EE040ACDE95001FD
:10207000BE4800680028104608BF1846539008BFA5
:10208000134694ED021A5293F3F791FD1BDD94ED84
:10209000071AF3F78CFD16DD94ED0C1AF3F787FDA4
:1020A00011DD2068B24A90420DDB666996420ADB78
:1020B000A36A934207DBAF4F791C884203DC8E4250
:1020C000D8BFBB4202DD55B0BDE8F08F60689042DA
:1020D000F9DBA6699642F6DBD4F82CC09445F2DB16
:1020E0008842F0DC8E42D8BFBC45ECDC0221B04215
:1020F00008DA099101210B9184450EDA00204FF096
:10210000010B07E0099100210B91B44514DA01207D
:102110004FF0000B0A90089025E066454FF002074B
:102120004FF0010BB8BF0127B8BF4FF0020BCDE94C
:102130000A7B0897002015E0022303210022604556
:10214000B8BF0323B8BF0221A8BF012252000892E2
:1021500060454FF00000B8BF01204FEA400BCDE9C9
:102160000A31012009903FAE2146304605F068FE55
:10217000CDF800B02FA83146099E7F4F2246334646
:10218000B847BC46089F33462246664600971FA8BC
:102190003FA9E047CDF800B00FA83FA922463B4633
:1021A000B047D9E900010DF17C0B5E46CDE90C0189
:1021B000DDE90A2191422FA90C4684BF5C468B467B
:1021C00028B96E4800680168C96A88470C90DDE943
:1021D0000A10884231462FA888BF014609914869F4
:1021E000259F5E993B46B1F9021008445F99B1F909
:1021F0000220C988114409B2884207DA82421ADDF6
:10220000012F18DB131A3E46BB4202DC012B1E468F
:1022100011DB1FA8F3F729FE2FA8F3F726FE5E981F
:1022200009995F9ABF1BB0F90200496908445188B7
:10223000D288114409B20E1AB742B8BF3E465F9F1A
:10224000012E25DB5E982168B0F900000A18B7F965
:1022500000108A4214DDDBF8002089B21044BA88ED
:10226000114409B288420BDC28685B46C76C0094B5
:1022700050A8F3F727FD0CA928463FAAB8475F9F4F
:10228000584600F0ECF8204600F0E9F8013ED7E7A8
:10229000DDE90A1088422FA90FA80C4684BF044626
:1022A00008465E998346B7F902204069B1F90210E9
:1022B0000844F988159F11443B4609B2884207DA61
:1022C00082421ADD012F18DB131A3E46BB4202DCA4
:1022D000012B1E4611DB0FA8F3F7C7FD2FA8F3F75C
:1022E000C4FD5E98DBF814105F9ABF1BB0F90200C2
:1022F00008445188D288114409B20E1AB742B8BFB7
:102300003E465F9F012E25DB5E982168B0F90030C4
:102310005846CA18B7F900108A4214DD026889B21B
:102320001344BA88114409B28B420CDC28685B461E
:10233000C76C009450A8F3F7C5FC0CA928463FAA27
:10234000B8475F9F584600F08AF8204600F087F8AB
:10235000013ED7E7D9F8000000287FF4B4AE074863
:1023600000680168096B8847ADE600BF10030020D4
:10237000018FFDFFFF700200E52401089CB40020DE
:1023800010B50C460168096B8847001BB0FA80F055
:10239000400910BD10B5032B14D8DFE803F0020983
:1023A000040E00880BE002888088C943104406E0D0
:1023B000018880880844D14301E00088114601FA71
:1023C00080F010BD1148124940F27F42EEF722F929
:1023D00010B5032B14D8DFE803F00209040C408881
:1023E0000BE04188C088D243084406E040880A4692
:1023F00003E04288C0881044CA4302FA80F010BD4E
:10240000024803494FF49262EEF704F94C40020887
:10241000DF48020800EB10200130C0F307207047AE
:1024200081B00090009801B0704750B191FBF0F27C
:1024300002FB101121B190FBF1F202FB1100F4E755
:10244000014608467047B0B50D460446012D04DB31
:10245000204600F004F8013DF8E7A069B0BD10B5D2
:10246000D0E9001290ED0A0A90ED0B1A90ED0E2AB9
:102470008368046990ED083A0A44416931EE000A24
:1024800090ED0D1A2344C468026080ED0A0A0361CE
:10249000013132EE011A90ED072A4161816980ED28
:1024A0000D1A33EE022A013980ED072AA342816119
:1024B00015DB90ED0C4A90ED093A90ED0F5A1B1B7D
:1024C00001320361026030EE040A32EE032A80ED2D
:1024D0000A0A31EE050A80ED072A80ED0D0A08464A
:1024E00010BD00002DE9F84F03EB830604469B4620
:1024F0009046894602EB860A5AF8040F05F044FA22
:1025000060610A9800EB800508EB850757F8040F17
:1025100005F03AFA6169401AA0617AD0DAF8000051
:102520003A6858F8263058F82550121A03FB02F77B
:10253000EB1A1501584307EB02172246C0433844F3
:1025400037465E464FEA031B04F110030BFB010004
:102550002946FAF72DFC221D04F1080358462946A6
:10256000FAF726FC94ED015A99ED0A2A99ED091A19
:102570006169DAF8002009EB86009FED277A99ED72
:102580000C4A99ED0B3AE56090ED000AB8EEC55A99
:10259000B0EE426AC2EB0111226884ED091A05EE21
:1025A000016A84ED086A06EE101A58F82710B8EE92
:1025B000C66A26EE076AC1EB021106EE020A02EEB7
:1025C000101AB8EEC22A22EE072A02EE010A99ED8D
:1025D0000D1A84ED070A90ED030A84ED0C3A06EE1D
:1025E000040A05EE034A02EE030A84ED0B4A99ED54
:1025F0000E3A84ED0A0A90ED060A84ED0F1A06EEF3
:10260000030A05EE013A02EE010A84ED0E3A84ED6A
:102610000D0A2046BDE8F88F0000803D81B0009093
:10262000009801B07047000082B0019001980090BE
:10263000032808D80099DFE801F00203040502E04E
:1026400001E000E0FFE702B07047000070470000C3
:1026500082B0019001980090032808D80099DFE823
:1026600001F00203040502E001E000E0FFE702B030
:102670007047000082B0019001980090032808D8AC
:102680000099DFE801F00203040502E001E000E048
:10269000FFE702B07047000080B584B0039102905C
:1026A000029800903C3007F03FFD019003A807F02E
:1026B0003BFD01460198884201D1FFE705E0009803
:1026C0000399C16300F015F8FFE704B080BD000076
:1026D00080B584B00390029103980090029801F0B5
:1026E000C7FA0146009801910199FFF7D5FF04B0A0
:1026F00080BD2DE9F84F0446D0E90B10D4E90D2335
:102700001D1A561A2DD0002E374600D577427DB3BC
:10271000002D294600D569423846FFF786FE01287C
:1027200007D096FBF0F695FBF0F5002E374600D566
:102730007742002D284600D568424BF205518F4262
:1027400003D34BF2045188421ED84BF20451B1FB23
:10275000F7F2B1FBF0F08242B8BF10464543464362
:102760001EE03DB1002D2F4600D56F4200261CE033
:1027700000251AE0C4E91111C4E91311C4E91500D8
:10278000C4E91700BDE8F88FB7FBF1F2B0FBF1F038
:102790008242C8BF1046013095FBF0F596FBF0F67B
:1027A0003046294601F0DAFA0746E06B29463A46F8
:1027B00001F0C4F9022531463A4690FBF5F8E06B8A
:1027C00001F0BCF9D4F840C090FBF5FAACF101017E
:1027D00002291DD2D4E90BE6D4E90D70AAEB080555
:1027E0000AEB080205EB070BAB19A8EB0A05AEEBE9
:1027F000020102EB00091744B21A28447544C4E9E7
:10280000111BC4E91539C4E91375C4E917021EE0A8
:10281000BCF1000F19D104F12C07E4CF05EB0A033A
:1028200007EB0A09A6EB080EA7EB0A07A5EB0A05BA
:102830004644C4E91539A2EB08014244C4E91775BE
:10284000C4E9111EC4E9136201E0616C636D0027E5
:102850001E460A46032F11D004EB8700856C806D5D
:10286000B042C8BF06469842B8BF03468D42C8BFB3
:1028700029469542B8BF2A460137EBE7202006F1EA
:102880001F07002593FBF0F392FBF0F07F09C0EAED
:10289000034262667242002E01F11F0648BFA5EB9B
:1028A0005217FA1A4B427609002948BFA5EB531676
:1028B000301AC0EA0240BCF1010FA06618D104F141
:1028C0002C030FCB01EB0A0C03EB0A06A2EB080763
:1028D000A3EB0A03A1EB0A014244C4E915C6A0EB2D
:1028E00008054044C4E91731C4E91157C4E913206D
:1028F000BDE8F88F0164FFF7FCBE436B8B4203D148
:10290000836B934208BF7047C0E90D12FFF7F1BE19
:1029100080B586B0059004910392059800900498C4
:1029200001F0A6F90290039801F0A2F9014600987F
:1029300001910299019AFFF7E0FF06B080BDC36ADA
:102940008B4203D1036B934208BF7047C0E90B125F
:10295000FFF7CFBE80B586B005900491039205982D
:102960000090049801F084F90290039801F080F936
:102970000146009801910299019AFFF7E0FF06B025
:1029800080BD000010B50446FAF764FA0B49002038
:10299000C4E90B00C4E90D0004F1400008312160D6
:1029A0002021E1632C21EDF716FF122000210022E7
:1029B000E066204602F054FA204610BD242F02089B
:1029C00008F0A8BA80B582B0019001980090FAF79B
:1029D00057FA009802B080BDB0B50488838825B24C
:1029E000002D03D500242B4404808380091B1BB2D7
:1029F0009942B8BF81804388C1881CB2002C03D59E
:102A0000002321444380C180D21A09B28A42B8BF50
:102A1000C280B0BDB1F90430012B37DBB1F906201B
:102A2000012A33DBF0B5B0F90450012D28DBB0F9F1
:102A300006C0BCF1000F23DDB0F90060B1F9004021
:102A4000B1F90270B0F902E023443544BE4539467D
:102A50003A44B8BF7146A6422DB21BB24180B8BFFE
:102A60003446048012B29D42C8BF2B461B1B838094
:102A70000EEB0C031BB29342C8BF1A46521A02E077
:102A8000838009680160C280BDE8F04070470000A3
:102A900080B583B084460598CDF808C0ADF806101F
:102AA000ADF80420ADF80230ADF800000298BDF892
:102AB00006100180BDF804104180BDF8021081802D
:102AC000BDF80010C18003B080BD000081B000904F
:102AD00000980021018041808180C18001B0704751
:102AE000F8B50D46044607F0C0F840B3B5F900202C
:102AF000B5F902C0B4F90210B4F9000061456646A8
:102B00001746C8BF0E4666809042C8BF0746A388D6
:102B100027801844AB8800B21A4412B29042B8BF62
:102B20000246D01BA080E0880844E98800B26144D6
:102B300009B28842B8BF0146881BE080F8BD00207A
:102B400060602060F8BD000082B0019000910199A2
:102B50000098C86302B0704780B582B001900198B8
:102B6000009000F029FF009842F69C71C0F6020127
:102B7000083101600021C16302B080BD80B582B020
:102B800001900198009000F005F8009808F0C2F953
:102B900002B080BD80B582B001900198009000F035
:102BA0003BFF009802B080BDE0B101460020B1F5C6
:102BB000803F38BF012038BF09040001B1F1807F98
:102BC0003CBF08300902B1F1805F3CBF043009010D
:102BD000B1F1804F3CBF02308900B1F1FF3FC8BF67
:102BE000013070472020704780B582B08DF8030017
:102BF0008DF802108DF801209DF8030000049DF867
:102C0000021040EA01209DF80110084440F07F4185
:102C100001A805F01BFB019802B080BD70470A882F
:102C2000C28402F00CB90000B0B50C460546043071
:102C30002221EDF7D0FD0848214608302860012008
:102C400085F82500FF2085F828002088E88428469C
:102C5000FFF7E5FF2846B0BDD02F020808F05AB9AB
:102C600080B582B001900198009000F05DFF00985F
:102C700002B080BD80B586B0ADF81600002004908B
:102C8000BDF81600002849DCFFE7BDF816104AF22F
:102C90007C30C2F2000050F82100F0B1FFE7BDF82F
:102CA00016104AF27C30C2F2000050F82100039066
:102CB0000398016808444AF28431C2F200010860B6
:102CC0000398416808444AF28C31C2F2000108605E
:102CD00003988168084404901FE04AF28431C2F2EC
:102CE000000145F26410C0F603000860BDF816103C
:102CF00042F26C10C0F6020050F821004AF28C310A
:102D0000C2F200010860BDF8161044F65030C0F65B
:102D1000020050F821000490FFE7FFE70498A0B1FB
:102D2000FFE7BDF816004BF2A441C2F20001088093
:102D300004980290F7F760FF0190F7F75BFF0199A5
:102D40000246029805F046FAFFE706B080BD000093
:102D500084B0DDF810C00390029101928DF8033029
:102D6000FFE74BF20000C4F202000068C00708B1A0
:102D7000FFE7F6E74BF20801C4F2020123200860E6
:102D80004BF23401C4F202010220086002980004F0
:102D900001304BF24401C4F20201086003984BF287
:102DA0003C01C4F2020108609DF80300FE282DDCFE
:102DB000FFE74BF22401C4F20201022008609DF8F3
:102DC00003100920C0F2010040EA01604BF21C012F
:102DD000C4F20201086001984BF22001C4F2020122
:102DE000086003984BF21401C4F2020108600398D2
:102DF0004BF20C01C4F2020108604BF20001C4F274
:102E000002010120C0F20200086014E04BF21C0134
:102E1000C4F202010220086004984BF23801C4F2A7
:102E2000020108604BF20001C4F202010120C0F26D
:102E300003000860FFE704B07047000084B003900F
:102E4000029101928DF80330FFE74BF20000C4F2CB
:102E500002000068C00708B1FFE7F6E74BF208017F
:102E6000C4F20201232008604BF23401C4F20201D3
:102E7000022008600198000401304BF24401C4F2C2
:102E80000201086003984BF23C01C4F202010860A1
:102E900002984BF20C01C4F2020108609DF8030095
:102EA000FE281FDCFFE79DF80300000600F102107A
:102EB0004BF21C01C4F2020108604BF22401C4F27F
:102EC00002010220086003984BF21401C4F20201CF
:102ED00008604BF20001C4F202010120C0F20200BE
:102EE000086010E09DF80300000600F102104BF2AC
:102EF0001C01C4F2020108604BF20001C4F202019D
:102F000001200860FFE704B07047000084B0039020
:102F1000029101928DF80330FFE74BF20000C4F2FA
:102F200002000068C00708B1FFE7F6E74BF20801AE
:102F3000C4F20201232008604BF23401C4F2020102
:102F4000022008600199090401314BF24402C4F2E5
:102F50000202116003994BF23C02C4F202021160BA
:102F600002994BF20C02C4F2020211609DF80310A8
:102F7000090601F500314BF21C02C4F20202116095
:102F80004BF22401C4F20201086003984BF21401D1
:102F9000C4F2020108604BF20001C4F202010120F8
:102FA000C0F20200086004B070470000FFE74BF277
:102FB0000000C4F202000068C00708B1FFE7F6E7AE
:102FC0004BF20801C4F202012320086070470000A0
:102FD00082B00190009102B070470000F0B54848FF
:102FE0000369CBB34288848802261C4F00210180EC
:102FF000C1802244C4EBC40406EB420603EB820505
:103000003E4045613544C560032505EB440407F5A2
:10301000F0152C4004EB8204344423448361036A9A
:103020001B1B0024C3614FF6FF73A24207D0056942
:1030300045F82410456925F814300134F5E70021DE
:103040000C228388994207D2C36801319C5C04F04A
:10305000DF049C540E32F4E7F0BD00BFFCFF01001A
:1030600010B52749002300244A88824298BF0124D2
:1030700089881144814288BF012304EA030010BDFE
:10308000B0B51F4DAC6804B1B0BD049C6980A860A8
:10309000104619462246BDE8B04000F00DB800BF0A
:1030A00010B5F2F75CFE20B11548006950F8240015
:1030B00010BD002010BD00BF10B5D9B1104B9C69E8
:1030C000C4B95C889A8014FA82F492B204EB440486
:1030D000C2EBC202640004EB42028A420BD21962C4
:1030E000810720F0030118BF081D1861BDE81040DA
:1030F000FFF774BF10BD034803493F22EDF78AFA7A
:10310000D8020020CF4302082844020882B0019070
:10311000ADF802100198BDF80210018002B07047AE
:1031200080B582B00190019800900C3005F096F8BF
:10313000009802B080BD10B5044690F8600070B1F0
:1031400094F86C0094F86D10084208D118B1D4E9D5
:103150001912F2F7A2FDD4E91C12F2F79EFDD4E990
:103160000612002084F860008A4298BF012010BD3A
:103170002DE9F04104464A480B4604F1500C006822
:10318000012808BF13469CE8E010A3EB05080023C4
:10319000B8454FF00007A8BF0127FF00B8F1000FA6
:1031A00048BF0427B4F90850012808BFC1EB4512F5
:1031B000961B6645A8BF01235800002E48BF01207A
:1031C000074494F86C00B8B117B117EA00011AD19E
:1031D00094F8601021B1D4E91912F2F75EFD0BE00A
:1031E000D4E9191284F86D0004F11400F8F78AFC90
:1031F00040F20110A4F8600004F114004146324688
:10320000F8F776FC394684F86C10C4E91986BDE8F5
:10321000F08100BFF8B5044690F8600016460F46EE
:1032200018B12046FFF787FFC0B31D480168384634
:10323000012908BF3046D4E9142CD4E9163E851A7A
:10324000002000229D42A8BF0122D200002D48BFCD
:103250000422B4F90830012908BFC7EB4316002146
:10326000A6EB0C067645A8BF01214900002E48BFF9
:1032700001218F180AD184F86D0004F11400294649
:103280003246F8F73FFC012084F86100C4E91C567F
:1032900084F8600084F86C70C4E91956F8BD00BF6A
:1032A000100300202DE9FC410446807A484300EBDE
:1032B00010200130070A380636D094F86100002843
:1032C00032D02046FFF737FF002830D06068DFF8A3
:1032D00008810168D8F80050896888470146284667
:1032E000FCF7A1FF0546FCF7C1FF0168496B884761
:1032F0000646FCF7BBFF0168096B8847102811D808
:10330000DFE800F01820272F64373F090909090971
:10331000646464646400B4F90C00B4F90E1001FB39
:1033200006000544002039E00120BDE8FC810020B2
:10333000BDE8FC81B4F90E10B4F90C00714301EB47
:103340004000EEE7B4F90C00B4F90E1000EB4000B9
:10335000E5E7B4F90E10B4F90C00714301EB8000FD
:10336000DFE7A089082201B291FBF2F1A0EBC100D6
:103370000EE0A089042201B291FBF2F1A0EB8100E2
:1033800006E0A089022201B291FBF2F1A0EB41001C
:10339000B4F90E2009B202FB06110D446168FAB2BD
:1033A000C0B233B2CDE9000204F114002A46F8F7A6
:1033B000B3FB05466068016809698847D8F80000D2
:1033C0000168096B88472846BDE8FC813D4903A098
:1033D000E022EDF71FF900BF9CB4002066616C731A
:1033E000652026262022556E737570706F72746585
:1033F00064206269742064657074682200000000B3
:103400002DE9FE43044641600A9839490027994650
:10341000154604F114082646A072908808312761E9
:1034200046F80C7F216020814046F8F755FC04F1F6
:1034300050001221C4E91C77EDF7CDF9A4F86C70A7
:10344000C4E91977FBF75CFFA0B32888D9F80020FE
:103450006988D9F8043001EB12411044CDE900230A
:10346000C0EA01402946C4E903036846FBF7BCFFF4
:103470003046FBF7A7FF0098A064404600F068FFC5
:10348000B4F91000B4F91210BDF90420BDF90630EA
:1034900004F15005C4E90F01A4F84C00BDF9000087
:1034A000BDF9021052015B01400149010FC52046E0
:1034B000BDE8FE83024803492A22EDF7ABF800BFBE
:1034C000D34902082F4A020880B500F005F8BDE88C
:1034D000804007F01FBD000010B50446044800F10D
:1034E0000801204640F8141B00F0C8FF204610BD1C
:1034F0003C30020881B0009001B070470A4609686C
:103500008B69011D1046184782B001908DF8031099
:1035100002B0704781B0009001B0704781B0009058
:1035200001B07047F0B589B00D46016B002969D034
:10353000044607A806F076FE2989A08E01440BB246
:10354000BDF91C10994231DCBDF820200A4412B2AA
:103550009A422BDD6E89B4F836E0764437B2BDF975
:103560001E60BE4222DCBDF8223033440FFA83FCD9
:10357000BC451BDDAB89184400B2814208DC8242A5
:1035800006DDE889704400B2864201DC84450DDC2A
:103590004B48083003900020ADF818000590022039
:1035A0000490206B01684A6C03A99047211D01A873
:1035B00006F038FE1448BDF80610BDF804200830A7
:1035C000039068680490BDF81E00081AE18E084454
:1035D000E9890144ADF81A10BDF81C10511AA28EE9
:1035E0001144AA890A44ADF818206A891044ADF83C
:1035F000160028890844ADF81400206B0168CA6CD5
:1036000003A9904709B0F0BD7033020881B0009063
:1036100001B07047F0B58BB0044606460D4654F82D
:10362000300F10B16868002848D0371D09A8394606
:1036300006F0F8FD6868A8B92989BDF82430B5F806
:103640000AC0BDF826E006F1360006F13402CDE9E5
:103650000020C81A234601B2ACEB0E0002B2384675
:1036600004F036FA216849B307A806F0DBFD1448D8
:10367000F18E0027ADF81870083003906868049048
:1036800068890844BDF81E10401ABDF82610084489
:10369000B18EADF8160028890844BDF81C10401AF8
:1036A000BDF824100844ADF81400306B01684A6C72
:1036B00003A99047686808B1C4E900770BB0F0BD72
:1036C0009C260208B0B586B00D46016B01B30446D6
:1036D00004A806F0A7FD0F48E18E08300090288965
:1036E000ADF8080068680190A8890844BDF8121078
:1036F000401AA18EADF80C0068890844BDF810107E
:10370000401AADF80A00206B01688A6C6946904740
:1037100006B0B0BD6028020880B582B0019000916B
:1037200001980430009904F0B5FA02B080BD1FB5CD
:103730000A46044600F1080102A806F0D4FA94F8FB
:10374000380020B102A9204600F00FF91FBD043453
:103750006846214606F066FDBDF80000BDF8081079
:10376000081ABDF80A10ADF80800BDF80200081AE2
:10377000ADF80A0002A9204607F01BF91FBD0000A2
:10378000E0B500210091A2490988ADF806109F49D3
:103790000988ADF8041001688A68694690478CBDB5
:1037A0002DE9F04188B08046B1F904000128C0F24B
:1037B000D980B1F906000D460128C0F2D380144625
:1037C000204601F099FB294606F04FFAE16918B945
:1037D00000290C46F4D1C5E0002900F09E80206845
:1037E0002146C26804A89047204601F0FDFA07462A
:1037F000BDF81060204601F00AFB0599BDF81220C3
:103800000391F1191044C1EA00402946029002A830
:10381000FFF766F9204601F06FFB0146DDE9020281
:10382000CDE900026846FFF75BF9DDE90001CDE96B
:10383000060106A8294606F05FFA00286DD0BDF9FA
:103840001C00012864DBBDF91E00002860DDB5F90D
:103850000220BDF91A10914211DDA888ADF812209E
:10386000ADF814002888ADF81000881AE269ADF8A8
:10387000160004A94046FFF793FFF2F7F5F8B5F9F3
:103880000020BDF91830934212DDADF81600981AE9
:10389000ADF81020E269ADF81210ADF8140004A9DB
:1038A0004046FFF77DFF2A88F2F7DEF8BDF81830B2
:1038B000BDF81C603344AE881BB2324412B29A4247
:1038C0000FDDADF81600D01AE269ADF81210ADF8B0
:1038D0001030ADF8140004A94046FFF761FFF2F77D
:1038E000C3F808446988EA8800B2114409B28142E9
:1038F00013DDAA88ADF81200081AADF8160040468C
:10390000ADF814202A88ADF81020E26904A902E07D
:10391000E26940462946FFF743FF204601F0ECFAF2
:10392000024606A8294606F0DEF9BDF91C0001286A
:1039300018DBBDF91E00012814DB204601F054FA03
:10394000BDF81810081AADF81800204601F05FFA0B
:10395000BDF81A10081AADF81A002068826806A986
:103960002046904708B0BDE8F08170B586B00546A6
:1039700000200C462E1D059003A8314606F052FC8F
:103980006068BDF80E1002906088401ABDF80C10F7
:10399000ADF806002088401AADF8040001A905AA78
:1039A000304604F065F8059A1AB128462146FFF71B
:1039B000F7FE06B070BD00001CB504461148212179
:1039C0000830206004F10800ECF705FF0020012119
:1039D0000022C4E90B0060630B4884F8291084F8C6
:1039E000381000F10801204640F8041F0749B1F9DA
:1039F00000300749B1F900100091002101F0BAF937
:103A000020461CBD50300208E032020808030020A6
:103A10000A03002007F07EBA80B582B001900198B9
:103A20000090043004F0FAF9009802B080BD000064
:103A3000B0F840208A4210D9013AA0F8402092B252
:103A40008A4209D900EBC20350F832205B6840F883
:103A5000312000EBC100436070471A481A4940F218
:103A6000DD12ECF7D7FD00BF10B5B0F84030082BE1
:103A70003FBF5C1CA0F8404040F8331000EBC3008F
:103A80003CBF426010BD03480F4940F2A312ECF75F
:103A9000C1FD00BFF0420208B0F880208A420AD976
:103AA000013AA0F8802092B28A4284BF50F82220C6
:103AB00040F8212070470348034940F2DD12ECF73B
:103AC000A9FD00BF1F4302086343020880B584B00C
:103AD0000390ADF80A10ADF8082001930398009008
:103AE00006F0CCFB48B1FFE7009806F059FB20B187
:103AF000FFE7009801990860FFE704B080BD00006F
:103B000080B582B001900198009001F071FA0098A0
:103B100043F28401C0F602010831016002B080BDA9
:103B200081B00090FEDE000080B582B00190019867
:103B3000009001F07FFA009802B080BD7CB501AB27
:103B400014460D46064600F03BF8002E31464FF075
:103B5000FF322B4618BF0121B6F1FF3FD8BF1146F7
:103B6000002D18BF0123B5F1FF3FD8BF13465943BD
:103B70002346002C18BF0123B4F1FF3FD8BF1346E2
:103B8000594301290CDB0199002900D54942002C39
:103B900000D56442621CB1EB520F28BF01307CBDDE
:103BA000B1F1FF3F00DD7CBD002C00D564420199DE
:103BB000002900D54942B1EB540F88BF01387CBDC4
:103BC000F8B54FF0FF37B0F1FF3F1C461546C8BFB0
:103BD0000127002948BF7F42002800D54042002924
:103BE00000D5494288420E462A4638BF064688BF5D
:103BF0000146002D00D56A426B46304600F0EEFFCC
:103C000000997943002D216048BF7F427843F8BD79
:103C100082B00190009101980099016002B0704754
:103C20004FF4B47190FBF1F202FB1100002848BF81
:103C300000F5B4705A2803D9B42805D8C0F1B400EF
:103C4000094931F810007047B0F5877F05D806495B
:103C500001EB40000549405A04E00349C0F5B47047
:103C600031F8100040427047A434020898FEFFFF6C
:103C700080B582B000900098410101A8FFF7C8FF0D
:103C8000019802B080BD80B5002805D400290BD46E
:103C900000F02AF85A3080BD404200290AD400F0D2
:103CA00023F8C0F5877080BD494200F01DF8C0F1CF
:103CB0005A0080BD494200F017F800F5877080BDBA
:103CC00010B5014600204FF48042B0EB114F18BFF1
:103CD0004FF080421318CC1A24BF21469818400890
:103CE0009208F7D110BD0000BCB5002820D40C46C6
:103CF000B1F1FF3F1CDD15460146A04206D2204629
:103D00002A46FFF7F1FFC0F15A00BCBD0846214624
:103D100000F024F8286048B1024601AB20464FF479
:103D20008061FFF74DFF00F039F8BCBD0020BCBD3D
:103D3000074902A04FF45D72ECF76CFC78203E3D21
:103D400020302026262079203E3D20300000000033
:103D500011490208C0F15A00FFF762BF70B5012493
:103D60000028024600D5424200290D4600D54D42AA
:103D7000960BAB0BB6EB953FC8BF930B022B05D34D
:103D80005C4391FBF3F190FBF3F0E9E7404301FB67
:103D90000100FFF795FF604370BD000080B500286B
:103DA00004D4B0F5806F06D9002015E04042FFF73B
:103DB000F5FF404210E0B0F5357F09D94043C0F52A
:103DC0008010FFF77DFFFFF7E9FFC0F15A0003E025
:103DD00003300249C008085C40B280BD5A35020871
:103DE00084B0DDF810C00390029101920093039813
:103DF00043F2EC01C0F60201083101600299416012
:103E0000019981600099C1600499016104B0704713
:103E100080B582B001900198009000F005F80098FC
:103E200007F078F802B080BD81B00090009801B032
:103E300070470169CA888B881A430ED0B1F90220F5
:103E4000002A0AD4C36A934207DDD0E901329A42BC
:103E50003CBF08310161511C816070472DE9F04F72
:103E6000D1B0804600EBC10B0DF1040AABEB0800AA
:103E7000482841DD6FF00701D8F80450D8F8004019
:103E800008F1080601EA500008EB000158F800307C
:103E90004A68C8F80030C8F804204D60ABF1080546
:103EA00048F800403146284600F0C0FA38B1306882
:103EB00071682A686B683260736069602860404688
:103EC000314600F0B3FA78B1D8F80000D8F80820ED
:103ED000D8F80410D8F80C30C8F80800C8F80C104E
:103EE000C8F80020C8F804302846414600F09EFA81
:103EF0000028404628D12FE06FF0070708F108049A
:103F00005C4519D24FF0000908EB090505F10806D8
:103F10002946304600F08AFA58B130682A6871683C
:103F20006B68A9F1080932607360286069604F45C9
:103F3000EAD1083FA046E1E701A882453CD95AF8FA
:103F4000088DDAF804B091E7016842682B686C6864
:103F5000036044606A602960ABEB0607083641469F
:103F6000304600F063FA083F0028F7D1A5EB0804BB
:103F7000083D4046294600F059FA083C0028F7D190
:103F8000AE4211D9D8F80000D8F804102A686B683E
:103F9000BC42C8F80020C8F804306960286005DD1C
:103FA00040462946B04604E03046CDE75946304603
:103FB000AB46EAE8020159E751B0BDE8F08F2DE9C0
:103FC000F04F8DB0054616980F465611984602F0F0
:103FD0001F03411100F01F0A8E4205D128463146C9
:103FE0003A46CDE9008A95E0841AB4F1FF3F0DDD31
:103FF000E86A864200F390808142C8BF411CC3F149
:10400000200006910122059220220FE0002A00F1F3
:104010008380B0F1FF3F4FF0FF304FF0FF3205904B
:10402000D8BF11460691644200221846A8EB07014A
:10403000089248430C9190FBF4F101FB1409C81954
:10404000314600EBE97B2846CDE900B23A4600F064
:10405000AFF805984FEA6B11871928463A4600F0E9
:104060005EF8069B9F4203D10898C0F120034CE004
:104070000C9ACDE903A8500190FBF4F000FB04F189
:10408000C1EB421100EBE17000290A9048BF2144C6
:10409000059A0B912146D01AB9F1000F0C9058BF28
:1040A000A9EB0409500009900898C0F1200007907E
:1040B0000C98801926D00B9897199246884681440F
:1040C0000A98B9F1FF3F00EB0B04C4BF0134A9EB20
:1040D0000109002F0BD4E86A874208DA0898079B89
:1040E00039465A46CDE90040284600F061F8099863
:1040F00061118219284600F029F83E46A346414640
:104100005246D5E7DDE903A8079B0699CDE9008A69
:1041100028465A4600F04CF80DB0BDE8F08F70B557
:10412000064600690C461546B0F90010A14203D1BD
:10413000B0F90200A84207D03046FFF77AFE306996
:10414000002141604580048070BD000070B50646C6
:1041500000690C461546B0F90010A14203D1B0F930
:104160000200A84208D03046FFF763FE3069002104
:1041700041604580048070BD904902A06822ECF740
:1041800049FA00BF63757243656C6C5074722D3EC2
:104190007820213D2078207C7C2063757243656CFB
:1041A0006C5074722D3E7920213D20790000000072
:1041B0002DE9F04F89B004461298139D1F460B4617
:1041C0004111BD4206D120461A4609B0BDE8F04F64
:1041D000FFF7A5BF561100F01F0C02F01F0A8E4218
:1041E0000BD12269E91B0CEB0A0093880B449380E6
:1041F000D38800FB0130D08086E0CDF810C0089154
:10420000801AE91BB0F1FF3F06DDCAF120024FF032
:1042100001094FF0200C05E040424FF0FF394FF00C
:10422000000C524651430190CDF80CC0029391FB13
:10423000F0F202FB101821694CEA0A00CA46B144A8
:1042400002EBE87B8A885A448A80CA880BFB0020EC
:104250001A46C88020464946FFF778FF089B5F440E
:10426000994543D00BEB05000095D146C01B019D3D
:10427000410191FBF5F101FB05F2C2EB401001EBAE
:10428000E0710028069148BF28440790B8F1000F5C
:10429000A3EB0A0008904FEA4A0058BFA8EB0508B4
:1042A0000590DDF808B00898B0421ED00798DDF8F8
:1042B00018A05A468044B8F1FF3FC8BF0AF1010A6E
:1042C0002069818851448180C18801EB4A11C180F5
:1042D000059881192046FFF739FFB8F1FF3FC8BFA5
:1042E000A8EB05084E445744DDE7009D2169DDE950
:1042F0000336E81B8A8802448A8006F12002D21A1B
:10430000CB8800FB0230C88009B0BDE8F08F10B543
:104310000446406AC10708D0D4E90712204600F0DD
:104320004FF8606A20F00100606280070ED52046D9
:10433000FFF77FFDA16829B16068814202D8E0687B
:10434000FFF78CFD606A20F002006062E06810BD3B
:1043500010B50446FAF7B8FFE060FAF7C1FFC108EC
:104360000F2861600FD900200139626AC4E9011089
:10437000E168216148606FF080200860022060F3EE
:104380000102626210BD0D4901A03A22ECF742F928
:104390006D617843656C6C73203E203120262620A9
:1043A000224E6F7420656E6F756768206D656D6F46
:1043B000727920666F722043575222006F4A0208BA
:1043C0007CB5044690F82400800712D515460E46A9
:1043D000D4E90512B14208BFAA420AD020463346AA
:1043E0000095FFF7ECFD606AC4E9056540F0010047
:1043F00060627CBD70B50546406A0E461446810772
:1044000003D42846FFF7A4FF686AC00704D0D5E9A3
:1044100007122846FFF7D4FF711162112846FFF7F3
:104420007EFEC5E90564C5E9076470BD0246B1F9C1
:104430000200B2F902308342BCBF012070474FF046
:10444000000006D1B1F90010B2F900208A42B8BFCD
:104450000120704710B504460C4824210830206024
:10446000201DECF7B8F96FF00040C4E90A002046BF
:10447000FFF76EFF204610BD06F04CBD0021C0E9DD
:104480000311024908310160704700BFFC30020887
:104490002DE9F84FD0F800808246994615460E4621
:1044A000404600F0C8F9002E0746DDF834C0DDE9CB
:1044B0000AE218BF0137582D18BF782D12D10026F7
:1044C0000746B9F1000F1DD0FAB901281DD1B8F87F
:1044D0000000302811BF012108F10208CAF800804D
:1044E000002113E0642DECD0692DEAD06F2DE6D0C9
:1044F000732D16D0632D05D14FF0000E012100263B
:1045000001271AE00025014618E00146B8B29042A2
:1045100004DAD51B4FF0000E17460FE04FF0000EE7
:104520000BE0B9F1000F01464FF0000E074618BF2F
:1045300011469042D8BF014600260025DDF8449080
:10454000DDE90F20BCB20023644525DA0C9C1CB3C6
:104550000E9CACEB0703FCB98FB28EF00104B7FAE6
:1045600087F77F093C4301D11D4414E01C0412D09D
:104570001468A0F1010B4FF6FF7C4FF0200E1CFADF
:1045800083F39FB29F4206D05C4504DA29F814E019
:1045900001341460F3E70023471E14682EB1BC42B7
:1045A00003DA29F81460013414602E0404D0BC42EC
:1045B00002DA013D3026F4E708F102054FF6FF76F6
:1045C00016FA81F188B2884212D0BC4210DA35F86E
:1045D000020CCAF80050023529F8140001341460A6
:1045E000EEE7BC420BDA202029F8140001341460F5
:1045F0004FF6FF7010FA83F398B29842F1D1BDE8FC
:10460000F88F2DE9FE4F0546002017461E460C4642
:104610001870DDF830B08BF800000D9A10700E9B0A
:1046200038801870109908702868DDF84480DDF82B
:104630003CA0CDE90021029308B1008804E0206885
:1046400008B1007800E000204FF00109202805D0D3
:10465000232805D02D2806D02B2813D1388004E03C
:104660008BF8009001E086F8009028462146F1F78B
:104670000CFA01D00088E9E7216800200029E5D084
:104680000878E3E7A0F130010A290DD20121029A4E
:104690003028117062D10098017028462146F1F748
:1046A000F4F907D0008809E02A2817D102990120DF
:1046B000087005E0206800284FD000782A284DD1E6
:1046C0004FF0FF302146CAF800002846F1F7DDF927
:1046D00001D0008802E02068E8B300782E283AD1A3
:1046E00001990120087028462146F1F7CEF901D042
:1046F000008802E0206868B100782A280BD14FF0CA
:10470000FF302146C8F80000284603B0BDE8F04F4E
:1047100000F0ADB800200021C8F80010A0F1300171
:10472000092911D8D8F80010F1F70DFAC8F80000DF
:104730002846F1F7AAF901D00088EFE721680020A8
:104740000029EBD00878E9E7D8F800000628A8BFD0
:104750000620C8F80000BDE8FE8F00200021CAF83E
:104760000010A0F130010929B8D8DAF80010F1F7EB
:10477000EAF9CAF800002846F1F787F901D0008865
:10478000EFE7216800200029EBD00878E9E771B352
:10479000F0B589B09C1E222C26D800240DF1030C04
:1047A00007468DF823401F2497FBF3F606FB03F51D
:1047B0007F1B4FF0570548BF7F420A2F38BF302577
:1047C0003D4437460CF80450013C002EECD1B0F1CA
:1047D000FF3FDABF2D200CF8040001340CEB04037A
:1047E0000846194600F030F809B0BDE8F0407047BF
:1047F00001B3F0B589B09C1E222C18D800248DF886
:1048000023400DF103041F34B0FBF3F5572705FBDC
:1048100013060A2EB8BF30273E44984204F80169B7
:104820002846F1D2631C0846194600F00DF809B07D
:10483000BDE8F0407047002120B1028812B101317B
:104840000230FAE788B27047002370B169B110B541
:104850000023934206D20C78048024B10133013145
:104860000230F6E71346BDE8104098B27047026880
:104870000AB102320260086808B10130086070476E
:1048800081B0C0B5039303AB009300F004F8BDE81A
:10489000884001B070471CB514460093002223469F
:1048A00000F002F81CBD00002DE9F04FA5B0044651
:1048B0000020CDE923320D4642219A4693462290AC
:1048C00011AE3046EBF787FF002C00F080812E9868
:1048D0006F1E09950A90B01C08902846229ED0466B
:1048E000584608B1008805E0B8F1000F14BF98F8E9
:1048F00000000020002800F06781BE4280F2648141
:10490000D046584630B1018849B3252927D0BE4248
:104910000BDB24E0B8F1000F26D098F8001041B36B
:1049200025292AD0BE4228DA68B130F8021BB8F136
:10493000000F24F81610249001D0834608E04FF0B1
:104940000008834609E098F8000024F816000020CB
:1049500008F1010AD046CDF88CA00136D2E72296A4
:104960000188002581460FE022964FF000080020C4
:10497000B7E722964FF0000903E00028814622960F
:10498000EED198F8001001250029AAD0BE42A8DA7D
:104990000020ADF842008DF841008DF840008DF800
:1049A0003F008DF83E000E908DF837000C9015B941
:1049B00009F102002490B8F1000F1CBF08F10100BA
:1049C00023900DF142020DF1410310A800900DF16A
:1049D0003F0001900DF13E0002900EA803900DF1F2
:1049E000370004900CA8059024A823A9FFF709FE1E
:1049F000DDF838A0BAF1FF3F06DC0A9901C920EAC8
:104A0000E07A0A91CDF838A0DDF830B0BBF1FF3F75
:104A100006DC0A9901C920EAE07B0A91CDF830B0A2
:104A2000DDE923C109B10A8804E0BCF1000F4AD0D6
:104A30009CF80020A2F16303152B0AD8012000FA8C
:104A400003F36548034204D011AD0B9559B10888B2
:104A50000EE0582AF8D0252A35D12522E04689468D
:104A600024F816209DE0BCF1000F48D09CF800000F
:104A7000A0F16F01092919D9582856D0692818BF03
:104A8000642831D109980A990A23801B82B201C98E
:104A90000A912946FFF77BFEBDF844002D285BD123
:104AA00008980B902D20ADF8420055E00998801B26
:104AB000DFE801F00525252529252E2525320A992F
:104AC00082B208232BE0CDE9238935B1B8F1000F7C
:104AD00014BF98F80000002001E0B9F8000024F8A5
:104AE0001600701C22905CE0632808D10A9901C965
:104AF0000A910021ADF84400ADF846102CE00020EA
:104B0000ADF8440028E00A9901C9CDE90A1023E074
:104B10000A9982B20A2302E00A9982B2102301C9DB
:104B20000A912946FFF764FE16E0099829461023EA
:104B3000801B82B20A980068FFF75AFE298841B1AB
:104B4000A1F1610292B2192A9CBF20392980023555
:104B5000F4E70A9804300A90DDE92389BDF8421091
:104B6000B9F1000F02D0B9F8002005E0B8F1000F4C
:104B700014BF98F8002000229DF83F009DF83E5099
:104B80009DF841609DF83730CDE9000BCDE9025A20
:104B9000049622A805900998CDE906040BA8FFF712
:104BA00077FCB9F1000F1ABF09F1020BCDF890B0F4
:104BB0004FF0000BB8F1000F0EBF4FF0000A08F1E4
:104BC000010ACDF88CA089E6002024F816002046C2
:104BD00025B0BDE8F08F00BF431025002DE9FC474C
:104BE0001C4615460E4690B18EB10746FDF7DCFF18
:104BF00088B93046FDF7D8FF002830463E46F2DC43
:104C00004FF0FF3020606FF00040BDE8FC870020CF
:104C10002060BDE8FC8736FA00F824D04FF0FF3161
:104C200007FA00F92A46234601FA00F03946B9FB93
:104C3000F5FA26EA0000FFF7D1FF0AFB15910646B8
:104C400001AB40462A46FFF7C9FF2168019A11448B
:104C5000B1FBF5F202FB151121600AFB0861084463
:104C60001044BDE8FC8706FB07F1B1FBF5F000FB43
:104C700015112160BDE8FC8780B584B003900398CE
:104C8000416882680192C06801EB60010291C0072F
:104C900030B1FFE70199029800684058009002E0A7
:104CA00001980090FFE702980099884704B080BD02
:104CB00080B58AB0019302920A4601990346029890
:104CC0000991089008980999079306920591049014
:104CD00007980390F9F7F0FD039843F20C11C0F622
:104CE000020108310160069941600499059AC26089
:104CF00081600AB080BD000080B582B0019001984B
:104D00000090F9F7D9FD009843F20C11C0F60201AA
:104D10000831016000214160C160816002B080BD46
:104D200080B582B001900198009000F005F80098DD
:104D300006F0F0F802B080BD80B582B00190019815
:104D40000090F9F7C9FD009802B080BD80B584B02D
:104D500003900291039801900299F9F7C3FD01981D
:104D6000029B59689A68DB68C3608260416004B046
:104D700080BD000080B584B084460698CDF80CC094
:104D8000ADF80A10ADF80820ADF80630ADF8040013
:104D900003980090BDF90A10BDF9082000F0E6F86C
:104DA0000098BDF90610BDF9042000F059F804B0D0
:104DB00080BD70B5044652EA010008BF70BD20688E
:104DC0000E461546816920468847A088304401B2C6
:104DD000E088284402B2204600F0C8F820688169C3
:104DE0002046BDE8704008471CB50446008C4FF6CD
:104DF000FF71884209D16846214605F013FABDF8D3
:104E00000000BDF802102084618400B21CBD1CB5F6
:104E10000446408C4FF6FF71884209D1684621460E
:104E200005F000FABDF800002084BDF8020060849F
:104E300000B21CBD81B00090002001B0704770B579
:104E4000054608460C4605F0CDF80646204605F016
:104E500033F9024628463146BDE87040AFF3008082
:104E600080B584B00390ADF80A10ADF8082003981F
:104E70000190BDF90A100268926B90470198BDF944
:104E800008100268D26B904704B080BD80B584B032
:104E90000390029101920398009000F01FF800988F
:104EA00001990968C1610199086004B080BD0000E2
:104EB00082B00190009102B07047000081B0009074
:104EC00001B0704782B00190009102B070470000BD
:104ED00082B00190009102B07047000081B0009054
:104EE00000994FF6FF7088810884488401B07047AC
:104EF00081B0009001B07047BCB5044605464FF63E
:104F0000FF7134F80C0F88420CD10020A968009082
:104F1000286801916946826A28469047DDE90001C8
:104F2000C5E903012046BCBDB0B5054608680C467E
:104F3000C2682846904720682946C26A20469047A2
:104F4000B0BD000082B00190ADF802100199BDF82B
:104F50000200888002B0704782B00190ADF8021064
:104F60000199BDF80200C88002B0704780B584B0D6
:104F70000390ADF80A10ADF8082003980190BDF930
:104F80000A100268126B90470198BDF90810026878
:104F9000526B904704B080BD80B582B00190ADF8EF
:104FA0000210ADF800200198BDF802108288891A1D
:104FB000BDF80020C388D21A03685B6D09B212B233
:104FC000984702B080BD000082B00190ADF8021099
:104FD0000199BDF80200088102B0704782B00190CB
:104FE000ADF802100199BDF80200488102B0704787
:104FF00080B582B001900198009043F22411C0F670
:105000000201083101600430FDF760FD00980C30AA
:10501000FDF75CFD0098002141618161C16101845F
:10502000418480F82410012180F8251002B080BD51
:10503000FEDE000081B00090009801B070470000D3
:105040002DE9F04385B0054617461E4A88460C9E5A
:10505000C0884FF000091C46ADF81030A988CDF883
:1050600008900832ADF81260ADF80E00ADF80C10E3
:10507000591A01920AB281EAE231A1EBE2310AB295
:10508000A98A8A4208DC301A02B280EAE230A0EB38
:10509000E23000B2884210DD286901684A6801A93F
:1050A0009047F01BA5F80890EE80AC80A881A4EB97
:1050B000080068810120A87300E0002005B0BDE869
:1050C000F08300BF70330208F0B585B00446481E77
:1050D0001F4616460D46022820D2B4F90A000328BE
:1050E00002DC10F1040F08DC1949F0F7DCFC0021A8
:1050F000029101688A6801A99047B4F90C0003285D
:1051000002DC10F1040F10DC1149F0F7CCFC012196
:10511000029101688A6801A9904706E02DB9002034
:10512000E780A680A060C4F80B000A48ADF80E70B6
:10513000ADF80C600295083001900020ADF8100029
:10514000206901680A6801A9904705B0F0BD00BF59
:10515000602802089C26020801617047817B49B1E2
:1051600001890131018189B2082922BF002181739F
:10517000C0F80A107047000081B00090009800212C
:10518000018041808180C180018141818181817361
:1051900001B0704780B582B0019001980090FFF790
:1051A000EBFF009800210161818202B080BD000008
:1051B000FEB517785678DDE9084577B1012F17D08D
:1051C000022F43D1032E4ED8DFE806F002311D3303
:1051D000F0F780FE00F082FEFEBD032E37D8DFE838
:1051E00006F0022E1518F0F775FE01F0BDF9FEBDB0
:1051F000032E32D8DFE806F002101215F0F76AFE2F
:1052000000F02EFFFEBDD0F8800014E0D0F8800042
:1052100016E0D0F8840013E0C06F04E0D0F88000FE
:1052200001E0D0F8840088B1066836690BE0C06FF1
:1052300001E0D0F8840048B10668B66803E0C06FAA
:1052400020B10668F668CDE90045B047FEBD1649B5
:1052500016A040F2CF12EBF7DDF9134905A04FF489
:10526000F672EBF7D7F91F480F494FF4D972EBF7F5
:10527000D1F900BF66616C73652026262022556E29
:105280006B6E6F776E204C385F524742383838204B
:10529000636F6D7072657373696F6E20616C676F99
:1052A000726974686D2122007342020866616C7332
:1052B000652026262022556E6B6E6F776E204C3847
:1052C0005F415247423838383820636F6D707265DD
:1052D0007373696F6E20616C676F726974686D219A
:1052E00022000000184002082DE9F04F85B09046DA
:1052F0000F9A002A00F09880B3F90460012EC0F2E2
:105300009380B3F90650012DC0F28E80B4B2B3F988
:105310000060B3F902300E98ADB2FF2A03FB0863B8
:1053200001EB430648D04FEA480182F0FF0901949F
:10533000A1EB44010091C1B251430491C0F3072194
:10534000C0F3074000FB02F705FB08F0DFF800811F
:10535000514306EB4000039102900298864263D2CB
:1053600006EB440A564523D2B6F800B0FC2000EA0A
:10537000DB00CBF341210D18F82000EA1B2040EAA6
:105380005B3019FB007080B2C0470446039819FBDC
:10539000050080B2C0470546F0F734FD049919FBBB
:1053A000001080B2C047F0F7EDFC26F8020BD9E7F9
:1053B0000098019C0644D0E705FB08F106EB410587
:1053C00000F02AF95FEAC87109D1B10718D04FEA95
:1053D00048013246AA4211D210800A44FAE74FEA45
:1053E0004801A1EB4401AE421ED206EB44029642B4
:1053F00002D226F8020BFAE70E44F4E7013C02362B
:10540000E10714D184B1611000EB0040AE420BD231
:10541000B20716D106EB81023346934201D201C393
:10542000FBE706EB4806F1E705B0BDE8F08F013C6D
:105430004FEA480206EB4401A942E3D20880114436
:10544000FAE7104903A040F2A942EBF7E3F800BFE6
:1054500015240108287265696E746572707265742E
:105460005F636173743C75696E747074725F743ECF
:1054700028776275663332292026203329203D3D66
:1054800020300000734202082DE9F04F97B0044627
:105490000E46086849689946CDE9140110685168BC
:1054A000CDE9120114A8F9F78DFF12A8F0F754FC0A
:1054B000F0F7C0FCBDF84C50BDF84E60F0F714FC9E
:1054C00000EB40000444C0480068F0F76DFCB9F1FF
:1054D000FF0F6BD040076BD4BB4836B20FFA85F88C
:1054E000F0F7B3FBB949F0F7A4FBF0F7AAFC0C9076
:1054F000BDF95400A0EB080000EB40000B90480001
:10550000B9F1FF0F6FD0A0EB4800CDF83890DFF86D
:105510003CAD0A9089F0FF00DDF838900D900C98B2
:10552000834573D20BEB48000F900F98834538D218
:10553000BBF800000D9B454694F8018000F01F0168
:10554000C0F3820242EAC101C0F3412259431191E2
:10555000FC2101EAD001114401FB03F7F82101EA23
:10556000102141EA5030217858431091A17811FB65
:10557000090080B2D047064618FB0970A84680B2E1
:10558000D0470746DDE9101011FB090080B2D04773
:1055900002463046394601F0ADF92BF8020B0334D0
:1055A000C3E70B9804440A988344B8E7C00793D034
:1055B0008548BDF84A30BDF848204FF00108BDF8D5
:1055C000547000680168D1F844C080498DE8E00259
:1055D000B1F800E000210891CDE90681CDE9041E73
:1055E0002146E04715E0A0EB48060C9883450DD214
:1055F0000BEB4807BB4505D2F0F712FB2BF8020B6B
:105600000334F7E70B98B3440444EEE76E48F0F731
:105610000CFB17B0BDE8F08F80B584B0039003A8F1
:10562000019005F04BFB024601984FF4784101EAE6
:105630001221009105F042FB0099034601984FF4B6
:10564000FC6202EA53121144029105F037FB014655
:105650000298C1F3C401084404B080BD2DE9F04FA5
:1056600091B005460E46086849689846CDE90E0196
:1056700010685168CDE90C010EA8F9F7A3FE0CA83B
:10568000F0F76AFBF0F7ADFA4F4FBDF83440BDF8C4
:105690003660F0F77CFB05EB80053868F0F784FB9B
:1056A000B8F1FF0F7CD040067DD4386836B224B202
:1056B000F0F7F7FA4549BDF93020BDF93230DFF88F
:1056C0008CABF0F7BEFB09900020A0EB8401A0EBAF
:1056D0004400CDE907140690099883455CD20898E8
:1056E0000BEB40040A94A34549D22E68300E42D0F9
:1056F000B8F1FF0F08BFFF2838D000FB08F0D047F3
:105700000746BBF8000000F01F01C0F38202C0F39F
:10571000412342EAC10187F0FF0251430B91FC2172
:1057200001EAD001194401FB02F4F82101EA102139
:1057300041EA5030C6F30741504311FB070080B2E5
:10574000D0478146C6F3072010FB074080B2D04700
:105750000B990446F0B210FB071080B2D047024606
:10576000214648460A9C01F0C5F802E03046FFF7A2
:1057700053FFABF8000004350BF1020BB3E70798B9
:10578000BDF93C10284400EB8105104906980988B2
:10579000584400EB410B9FE70B48F0F746FA10E046
:1057A00080067FF582AF3868F0F7FAF901684F6D2F
:1057B000BDF83C10CDE9004602AC84E80211294650
:1057C000B84711B0BDE8F08F9CB400200C03002056
:1057D0002DE9F04F93B01C9C1F4616468A4605469D
:1057E0000A2C18BF082C1FD1DFF80C8FD8F8000046
:1057F0000168D1F8AC108847012843D1306871683E
:10580000CDE9100110A8F9F7DDFD38687968CDE918
:105810000E010EA8F0F7A0FADFF8B04620680128C4
:105820003AD1F0F7C9F939E064BB1D98FF2809D0D7
:10583000DFF8C40E00680168D1F8AC108847012871
:1058400040F0BD82504604F091FB0490DFF8A80EB2
:10585000F0F7FBF9814630687168CDE9100110A8B6
:10586000F9F7B0FD38687968CDE90E010EA8F0F7B8
:1058700073FADFF858462068012840F05D81F0F7A0
:105880009BF95BE11D98CDE9004028465146324620
:105890003B46FBF7BDFA90E2F0F791F905902068DE
:1058A000012802D1F0F78BF901E0F0F785F9BDF995
:1058B00046104FF0FF340125BDF9446004EB004071
:1058C0000139012998BF2946B0FBF1F004905046F8
:1058D00004F04CFB0390D8F80000F0F7E2F9F0F781
:1058E000ADF9BDF942701944DFF8283E3A441B88EF
:1058F00002FB031100EB4100711E0D900598012978
:1059000088BF0D4604EB00400024B0FBF5F9DFF83A
:10591000C4554FEA490C09EB49024FEA890E09EBDD
:105920008907C9EBC9064FEA420BCDF82CC007A87E
:10593000A0E8C440BDF93E00844280F23982BDF93E
:105940003800BDF93A10069409FB00F86018049974
:10595000002448430599000C4843039901EB800A51
:10596000BDF93C0004F1400181425EDC079C00204F
:105970000C91B0F5807F3AD04FEA184108EB09024C
:105980005AF82110130C2950291820305AF82330C6
:105990004B600CEB08031B0C5AF823308B6004EBB4
:1059A00008031B0C5AF82330CB600EEB08031B0CCA
:1059B0005AF823300B6107EB08031B0C5AF823300D
:1059C0004B610BEB08031B0C5AF823308B6106EB81
:1059D00008031B0C5AF82330CB6102EB0901494440
:1059E000494449444944494401EB0908C1E7284670
:1059F0004FF48071FDF7ECFA0D9C1D9B2946402267
:105A00002046FDF783FADFF8CC040DF1200EDDF817
:105A10002CC09EE8C04085420546DFF8BC0408BFA4
:105A2000054680340D940C9C9AE784424DDA0D9A19
:105A300005F11C0E002700260C92A31903F10802A1
:105A4000824245DC4FEA184208EB090320375AF836
:105A500022204FEA134C4EF81C2C05EB8602083628
:105A60005AF82C1051600B994144090C5AF8211036
:105A7000916007994144090C5AF82110D1600A99A4
:105A80004144090C5AF82110116109994144090C4B
:105A90005AF8211051610BEB0801090C5AF821103A
:105AA000916108990C9A41441032090C0C925AF8F1
:105AB00021104EF8201B03EB090149444944494495
:105AC0004944494401EB0908B7E70D9B069C2BE0CC
:105AD000069C002283420CDA4FEA1841C844013286
:105AE00001335AF82110E9510C99043702310C9115
:105AF000F0E7394628461746FDF76AFA0D981D9BD0
:105B0000F2192946FDF702FADFF8C8030DF1200E5D
:105B100085420546DFF8C00308BF0546BDF93C00D5
:105B2000DDE90BC39EE8C040E94901340988081A41
:105B300003EB40000D90FDE6F0F741F8059020687A
:105B4000012802D1F0F73BF801E0F0F735F8F0F763
:105B500075F8BDF94240BDF94660BDF9445019449D
:105B6000DB4B22441B8802FB0311721E0123012A16
:105B700098BF1A4609EB410B4FF0FF3101EB004093
:105B8000B0FBF2F00390059801EB0040691E01297B
:105B900088BF0B46B0FBF3FA1D98FF2800F0148174
:105BA0000AEB4A07CAEBCA06DFF828934FEA4A0C09
:105BB0004FEA8A030AEB8A050022CDE907767800CE
:105BC000CDF82CC0CDE90953DDE907760D90BDF97C
:105BD0003E00824280F2EC80BDF93800BDF93A10F7
:105BE0004FF0000E06920AFB00F850180399484344
:105BF0000599000C4843049901EB4004BDF93C10A1
:105C00000EF1800088425BDCDDF82CC0DDE9095E26
:105C10000C900020B0F5807F3CD04FEA184108EB93
:105C20000A0234F81110130C29F8001009EB0001D6
:105C3000103034F813304B800CEB08031B0C34F895
:105C400013308B8007EB08031B0C34F81330CB8028
:105C50000EEB08031B0C34F813300B8105EB080323
:105C60001B0C34F813304B810D9B43441B0C34F850
:105C700013308B8106EB08031B0C34F81330CB81F7
:105C800002EB0A015144514451445144514401EB47
:105C90000A08BFE748464FF48071FDF799F91D9B4C
:105CA000584649468022FDF7C9F88A480BF5807BA3
:105CB00081458146884808BF8146DDF830E09DE790
:105CC0008E456DDA8BB24FF0040C4A460EEB0C0198
:105CD00018B2043181423CDC4FEA1840BDF83C3038
:105CE0000CF1080C34F81000108008EB0A00010CCD
:105CF000504434F811105044504451800B99504492
:105D0000504441445044090C34F8111091800799D3
:105D10004144090C34F81110D1800A994144090C0E
:105D200034F81110118109994144090C34F811100B
:105D300051810D994144090C34F811109181089951
:105D4000414400EB0A08090C34F81110D1811032DB
:105D5000BCE7ACF1040505EB0E0019B288420BDA82
:105D60004FEA1841BDF83C30D044013034F81110EE
:105D700029F815100135F0E769004846FDF728F9C4
:105D80001D9B584649462A46FDF758F851480BEBEB
:105D9000450B81458146504808BF8146BDF93C10FE
:105DA000AE48069A00880132401A0BEB400B0EE712
:105DB000FDF7FCF8A848EFF738FFEFF70ABF1D9989
:105DC0000020CDE9000160E54FEACA0000250B90F4
:105DD000BDF93E008542EDDABDF938205C46BDF9DB
:105DE0003A300A950AFB02F00D90501C0AFB00F0B5
:105DF0000C90901C0AFB00FBD01C0AFB00F8101D45
:105E00000AFB00F7501D0AFB00F1901D07320AFB48
:105E100002F9EA18039B0AFB00F000255A43059B90
:105E2000120C5A43049B03EB420208230D9EBDF95A
:105E30003CE006EB050C734529DC4FEA1C460833B1
:105E400032F8166026800C9E2E44F0F728F8668003
:105E50000BEB0506F0F723F8A68008EB0506F0F734
:105E60001EF8E6807E19F0F71AF826814E19F0F731
:105E700016F866814619F0F712F8A68109EB0506B7
:105E8000F0F70DF8E6810B9E10343544CEE70A9DFD
:105E90001FFA8EF1A3F10800A34609B288420CDA7A
:105EA0004FEA1C410CEB0A03013032F811109C46FA
:105EB0002BF8021BBDF83C10EFE7E34801350088E2
:105EC0004000A0EB4100834482E700BF10030020A4
:105ED0000C03002060000020600100202DE9F04F3D
:105EE0008DB080460888022840F0AE8016980028C1
:105EF00000F0A7808A46EFF7AEFF0AA8F9F762FA2A
:105F000008A8EFF729FFBDF92060BDF82800BDF90A
:105F10002250BDF92440BDF92690EFF722FE284417
:105F2000ADF82200C748EFF790FEC749EFF754FEDF
:105F30000394098803FB012200EB420C15FB0B6064
:105F4000169A08EB00070AF1040006900020FF2AC9
:105F5000A0EB440053D0019001FB09F0DFF89089D9
:105F60000CEB400002906042009082F0FF00049031
:105F7000DDF810900298844560D203980CEB400045
:105F80000590059884452ED217F8011B069ABCF897
:105F90000060F823DDF858B032F811A003EA1620AB
:105FA0000797674609FB00F003EA1A21EFF7EEFDB9
:105FB000FC21044601EAD60001EADA0109FB00F0FF
:105FC000EFF7E4FD0546F0004FEACA01C0B2C9B2DE
:105FD00000FB09F0EFF7DAFDEFF7D4FEBC46079FB0
:105FE0002CF8020BCDE70098BDF92C103844471867
:105FF000954901980988604400EB410CBAE701FB20
:1060000009F1069D62420CEB41018C4516D2039BBF
:106010000CEB43039C4506D217F8014B35F81440AE
:106020002CF8024BF6E7BDF92C40BB181F19864C23
:106030000CEB0003248803EB440CE6E78148EFF700
:10604000F4FD0DB0BDE8F08F02487D494FF41372A6
:10605000EAF7E0FA754102089CB400200C03002026
:106060002DE9F04F97B004460888012840F0E08001
:10607000DDF88090B9F1000F00F0D7808B461068F2
:106080005168EFF776FD14A8F9F79CF912A8EFF71D
:1060900063FEEFF7CFFE6B4DBDF84C60BDF84E7060
:1060A000EFF722FE04442868EFF77EFE000628681A
:1060B00075D401680FFA87FA35B2C96A8847624910
:1060C000EFF7B7FDB9F1FF0F0D95098803FB01222A
:1060D00000EB42070BF1040010904FF000007ED05F
:1060E000A0EB45000B9001FB0AF007EB40000C9081
:1060F00068420A9089F0FF00DFF8F4970E90DDF80F
:1061000038800C98874280F08D8007EB45000F9017
:106110000F98874236D214F8011BB7F800B0109DD3
:10612000F820209B119701EB410100EA1B20274634
:106130001C466A1840EA5B3015F801A05678927840
:1061400000FB08F012FB030080B2C8470546EFF7DA
:1061500059FD00FB08F016FB040080B2C847064654
:10616000EFF750FE00FB08F01AFB04003C46119FBD
:1061700080B2C84702462846314600F0BBFB27F8EC
:10618000020BC5E70A98BDF954100D9D2044441830
:106190002D490B980988384400EB4107B1E70168A5
:1061A000BDF84A204FF00008BDF848304D464FF08A
:1061B0000109D1F840C02449CDE908888DE8C40020
:1061C0004FF00B08B1F800E0BDF8541003AACDF869
:1061D0001C8082E8224221465A46E04725E0A0EB97
:1061E000450901FB0AF0C5F1000A07EB4006B7427A
:1061F00018D207EB4505AF4207D214F8010B1099EE
:10620000EFF745FE27F8020BF5E7BDF9541004EB54
:106210000A000D9D44180C4907EB0900098800EBA2
:106220004107E4E7CF48EFF700FD17B0BDE8F08F76
:106230000248CB4940F29A22EAF7ECF913420208ED
:10624000734202089CB400200C03002015240108AE
:106250002DE9F04F89B0DDF84CA0BAF1000F00F045
:106260005981834608461E4617460C4603F0BAFE7F
:106270000546204603F020FFADF822002046ADF889
:106280002050ADF81E60ADF81C7003F06FFE814623
:10629000204603F0A1FD0746204603F0D1FE10285A
:1062A00000F23881DDF84880DFE810F01100880046
:1062B0008F003601360136013601360136013601CE
:1062C00036019E0036013601A7003601AF00204698
:1062D00003F010FE002800F0A38002A8214603F07E
:1062E000C7FDDDE90201CDE9040104A84146FCF740
:1062F000F7FBBDF914000128C0F2F780BDF91600C4
:10630000002840F3F280DBF80000494604690020D1
:10631000CDE900A007AA04AB5846A047B8F902107F
:10632000BDF9120088420CDDB8F80420401AADF81F
:106330000A10EFF73CFD07AA02AB00F0F1F9BDF837
:106340001200B8F90010BDF910208A4212DDBDF824
:106350001630ADF80A00501AADF80810EFF7ABFD93
:1063600007AA02AB00F0DCF9B8F80010BDF8120083
:10637000BDF81020BDF814301A44B8F8043012B239
:10638000194409B291420EDDBDF81630ADF80A008D
:10639000881AADF80820EFF78EFD07AA02AB00F0CF
:1063A000BFF9BDF81200EFF721FD40F3B380EFF71E
:1063B0008BFDEFF7FCFC07AA02AB9CE007A948465F
:1063C00042465346FFF760F8A4E0CB480068EFF779
:1063D000EBFCBAF1FF0F08BF10F020002CD007A98A
:1063E00048464246534693E0CDE9008A07AB5846FB
:1063F00049463A46FEF7DCFE8CE0DBF888000028D0
:1064000000F0888001688C6806E0DBF888000028CE
:1064100000F080800168CC68CDF800A007AA07E0F2
:10642000DBF8000004690020CDE900A007AA584667
:1064300049464346A0476DE0204603F05BFD002837
:106440005CD002A8214603F013FDDDE90201CDE98D
:10645000040104A84146FCF743FBBDF914000128E0
:1064600052DBBDF9160000284EDDB8F90200BDF977
:106470001210814208DDEFF727FDFF23EFF7FDFC47
:1064800007A902AAFFF7EAF8B8F90000BDF9101051
:10649000814205DDEFF750FC07A902AAFFF7DEF8FD
:1064A00007AA04AB494603F0F7FEBDF81000BDF89B
:1064B0001410B8F804200844B8F8001000B21144D1
:1064C00009B2814205DDEFF737FC07A902AAFFF701
:1064D000C5F8BDF81200EFF789FC1BDDEFF7F4FCFF
:1064E000EFF7CBFC07A902AA11E0CDF800A007AA9C
:1064F00048463946434600F013F90BE007AA4946DF
:10650000434603F0C9FE05E007A948464246FF237B
:10651000FFF7A4F8EFF773BB764902A0CF22EAF7A2
:1065200079F800BF66616C73652026262022556EBF
:10653000737570706F72746564206269746D6170D8
:1065400020666F726D617420696E204C4344313651
:106550006270703A3A626C6974436F7079212200FC
:10656000734202089CB400202DE9F04F97B0044616
:106570000888002840F0B580894610685168DDF829
:106580008080EFF7F6FA14A8F8F71CFF12A8EFF7CF
:10659000E3FBEFF74FFCD44DBDF84E60EFF7A4FBE3
:1065A00027182868BDF84C40EFF7FEFB000674D4AE
:1065B000286836B224B2EFF774FBCC49EFF739FB09
:1065C0000D94098803FB012200EB420A01FB06F04F
:1065D0000AEB40000E90BDF95400001B0C904800DF
:1065E000A0EB440009F104040B900F940E9882452F
:1065F00071D20D980AEB40061096B24548D217F8B2
:10660000010B54F82050280E3FD0B8F1FF0F08BFFF
:10661000FF2835D0BAF800B0F82100FB08F0DFF809
:10662000188B01EA1B2141EA5B34C04780F0FF0967
:106630000646C5F3074104FB09F011FB060080B2D2
:10664000C0471190EFF7DEFAC5F3072100FB09F010
:1066500011FB060080B2C0470446EFF7D3FBE9B256
:1066600000FB09F011FB0600109E80B2C0470246F5
:1066700011982146DDF880800F9C00F03BF902E084
:106680002846FEF7C9FFAAF800000AF1020AB4E79B
:106690000C9807440B988244A8E72868BDF84A2064
:1066A0000025BDF848304FF00B0E0168D1F840C00E
:1066B0008E49CDE908558DE8540001254A46B1F8C8
:1066C00000A0BDF85410CDE9031805A981E82044C5
:1066D0003946E04702E08448EFF7A7FA17B0BDE873
:1066E000F08F0348034940F2F512E9F793FF00BF2A
:1066F000C3410208734202089CB400207B48008812
:1067000010B1400080B27047034804495522E9F7B0
:1067100081FF00BF0C03002033410208B142020890
:106720002DE9F04F8DB089460546EFF794FB0AA896
:10673000F8F748FE08A8EFF70FFBBDF92060BDF899
:106740002800BDF92240BDF92480BDF926A0EFF74D
:1067500008FA2044ADF822006348EFF776FA63495F
:10676000EFF73AFACDF80C80098803FB012200EB21
:10677000420701FB0AF007EB4000049014FB0B609A
:1067800009EB000605EB40051698FF284FF00000C6
:10679000A0EB480052D00290C8F10000019004988C
:1067A000874280F09B8007EB48094F453AD230780A
:1067B000A0B316994843FBF72DFE78B3B7F800A0B5
:1067C000B5F800B0F82104460595494D84F0FF085E
:1067D00001EA1A2001EA1B216143EFF7BEF9FC210F
:1067E000069001EADA0001EADB016143EFF7B5F94F
:1067F000079606464FEACB004FEACA012A46059D96
:10680000C0B2C9B2604311FB080080B29047024693
:1068100006983146079E00F06DF838800136023543
:106820000237C2E70198BDF92C10029AEFF764FB1A
:106830002E49B818098800EB4107B0E70590C8F168
:10684000000002900498874248D207EB4801069165
:106850008F4237D296F800B0BBF1000F2ED0BBF1BB
:10686000FF0F01D1288828E03C88B5F80080F82186
:106870008BF0FF0ADFF8209E01EA142001EA1821BC
:10688000EFF788F9FC21079001EAD40001EAD8016A
:10689000EFF780F94A4681464FEAC800E100C0B2EE
:1068A000C9B200FB0BF011FB0A0080B29047024610
:1068B0000798494600F01EF80699388001360235DF
:1068C0000237C5E70298BDF92C10059AEFF714FBC3
:1068D000DE49B818098800EB4107B3E7DC48EFF759
:1068E000A4F90DB0BDE8F08F9CB400200C0300208B
:1068F000152401086FF0180300F0F80003EAC10145
:1069000041EA002040EAD20070470000FF2B0BD084
:106910000B2A15D8DFE802F03436383AA6A6A6A628
:10692000062C062CC06D70470B2A15D8DFE802F044
:10693000636567699A9A9A9A06240624006E7047DE
:106940002C3A072A00F28E80DFE802F02231404B19
:1069500004140414C06E70472C3A072A00F2828097
:10696000DFE802F06372515A040C040C006F7047A8
:10697000406E7047406F7047806E7047806F704701
:10698000406C7047406D7047C06B7047C06C70477B
:106990004968002974D04A78002A77D10978F1B182
:1069A000022965D0012904BFC06970475AE04968CF
:1069B000002971D04A78002A74D10978C9B1022916
:1069C00058D0012904BF406A70474BE0496800294C
:1069D0006ED04A78002A71D10978002942D1C06A64
:1069E0007047496800296FD04A78002A72D1097827
:1069F000C1BB406B7047806C7047806D7047006C06
:106A00007047006D70474968002969D04A78002AAC
:106A10006CD1097831BB27E0496800296CD04A78ED
:106A2000002A6FD10978E9B920E0496800296FD0C0
:106A30004A78002A72D10978B1B102291CD0012903
:106A400004BF006A70470DE0496800296CD04A789D
:106A5000002A6FD1097849B102290FD0012904BF5A
:106A6000806A704700207047006B7047806B7047EA
:106A7000C068704740697047006970478069704717
:106A80003048EB4940F60302E9F7C4FD2C48E849D9
:106A900040F60B02E9F7BEFD2A48E54940F2EA72EA
:106AA000E9F7B8FD2648E24940F2F272E9F7B2FD93
:106AB0002448DF4940F62F02E9F7ACFD2048DC49C5
:106AC00040F63702E9F7A6FD1E48D94940F61C02F8
:106AD000E9F7A0FD1A48D64940F62302E9F79AFDE6
:106AE0001848FA4940F6A502E9F794FD1448F74919
:106AF00040F6AD02E9F78EFD1248F44940F69102E6
:106B0000E9F788FD0E48F14940F69902E9F782FD60
:106B10000C48EE4940F67802E9F77CFD0848EB495D
:106B20004FF40862E9F776FD0648E84940F65F024F
:106B3000E9F770FD0248E54940F66702E9F76AFDAA
:106B400070400208614202082DE9FF470020DFF88B
:106B5000448B3D4ACDE90200B248B8F800301288B3
:106B600000680028184608BF1046ADF80E0008BFA0
:106B70001A46ADF80C2008684968CDE9000102AC5E
:106B800068462146F8F730FC2046F8F71BFCBDF8B4
:106B90000800BDF80010DFF8F89A0844BDF80210AC
:106BA000ADF80000BDF80A000844ADF80200D9F8BD
:106BB0000000EFF7F9F8C00739D1D9F80000BDF9A6
:106BC0000460BDF906700168496B8847BDF90C1077
:106BD000BDF90020BDF9023013FB012100EB410497
:106BE000D9F80000EFF75DF8B8F80010BDF9002003
:106BF000BDF902304FEA460A03FB012200EB4205D1
:106C000001FB07F005EB4007D9F80000BD42016821
:106C100016D28E6B294622465346B047BDF90C006A
:106C200004EB4004B8F8000005EB4005ECE7D9F8A8
:106C3000000001680B6EDDE900129847BDE8FF8790
:106C4000096B8847BDE8FF870E0300200C03002076
:106C50009CB400202DE9F04F8BB0DFF8349A054644
:106C6000D9F80000C06C032800F0CB8014980028ED
:106C700000F0CD80DDE915B0884619461E4617465E
:106C8000ADF826001868ADF824B0089008AC20468E
:106C9000FBF726FF20463946FBF722FF5F4FDFF860
:106CA00080A12046B7F90020BAF90010FBF794FE46
:106CB0005C48006850B13888BDF92610081AB0FA4F
:106CC00080F0420988B2BDF824100AE0BAF800004A
:106CD000BDF92410081A89B2B0FA80F04209BDF853
:106CE000260009B2012963DB00B2002860DDDDE97E
:106CF00008010392ADF814B0696031882860411A28
:106D000029807188C1EB1040688028686968CDE9E6
:106D100006011698ADF816000020049006A804ACF1
:106D20002146F8F761FB08A8F8F74CFB2046F8F776
:106D300049FB3D48BDF914B000880290D8F8000026
:106D4000416B404688478046D9F80000BDF918409D
:106D5000BDF91AA00168496B8847149906460AFBD9
:106D60000BF0BDF92050BDF9227001EB440101EB9D
:106D70004004D9F80000EFF717F8C0071CD106EB64
:106D80004500039907FB08060298ABEB0000B0FA38
:106D900080F04009084001281CD1BDF91E00324690
:106DA00000FB08F3D9F8000001688D6B21460DE067
:106DB0000020686028600AE0D9F80000BDF91C30A6
:106DC00001680D6FDDE9081200932346A8470BB058
:106DD000BDE8F08FBDF91E004FEA4B0A00FB0BF037
:106DE00004EB4007BC42F2D2D9F8000032460168F9
:106DF0008D6BBDF91C104B002146A84754444644F6
:106E0000F0E743486B4940F2DD32E9F703FC0748FD
:106E1000684940F2DE32E9F7FDFB00BF0A030020BB
:106E200008030020100300200C030020183F020874
:106E3000734202082DE9F04387B0064621480068F6
:106E4000C06C03282CD00DF11A0090468946ADF88D
:106E50001A3003F0F5F807463068016B3046884772
:106E6000874223D10DF11A0003F080F820B30DF111
:106E70001A040746204603F0B5F80546204603F0FD
:106E80001BF931684A464346CC6902900DF1120065
:106E90003146CDE90075A047384607B0BDE8F0831C
:106EA0001B480A4940F2D232E9F7B4FB06480749C9
:106EB0004FF47572E9F7AEFB044905A040F2D632F3
:106EC000E9F7A8FB9CB40020DE40020873420208E8
:106ED00028626D705F6461746120213D203029203B
:106EE000262620224E6F206D656D6F727920616CB1
:106EF0006C6F636174656420666F722074686520CE
:106F0000676976656E204269746D617022000000C9
:106F1000663F02087CB5102A88BF7CBDDDE90645C6
:106F2000DFE802F009121B2424242424242424242E
:106F30002424242424000668089A3669CDE90052E6
:106F40001A462346B0477CBD0846194622462B46C2
:106F500002B0BDE87040FEF797BA084619462246CF
:106F60002B4602B0BDE87040FEF778BBB24902A0E4
:106F70004FF47372E9F74EFB66616C736520262649
:106F80002022556E737570706F727465642062692B
:106F9000746D617020666F726D617420696E204C33
:106FA000434431363A3A626C6974436F70792122F6
:106FB00000000000734202082DE9F04F91B01A9EC4
:106FC000002E00F0B6800C4610685168DDF86C8029
:106FD0001546EEF70DFE0EA8F8F7F4F90CA82946B1
:106FE000F8F702FAEEF7FDFDBDF83450BDF8367043
:106FF000EEF7CDFE04EB400978480068EEF7D4FECA
:10700000FF2E08BFB8F1000F66D0FF2E01D0400759
:1070100064D472483FB22CB2EEF717FE7049BDF946
:107020003020BDF93230FF2E098803FB012200EB2E
:10703000420563D00020DFF860B60794A0EB44005F
:10704000069001FB07F005EB4000089086F0FF007A
:1070500009900898854269D2079805EB40000A908C
:107060000A9885422BD2B5F8008039F8024BF821F6
:10707000DDF868A02E46099D01EA182001EA1421D6
:10708000EEF734FFFC210B9001EAD80001EAD401AD
:10709000EEF72CFF0746E0004FEAC801C0B2C9B2C4
:1070A00000FB0AF011FB0500354680B2D8470246C6
:1070B0000B983946FFF71EFC25F8020BD0E7069A1D
:1070C000BDF93C1009EB020000EB41094449A81846
:1070D000098800EB4105BCE7C0079AD03F48EEF7AE
:1070E0005FFD006801688C6CBDF83C10CDE900576D
:1070F00002AD85E842114946A0471AE001FB07F0BE
:10710000660005EB4007BD4210D234484A4633467C
:10711000006801688C6B2946A047BDF93C0009EB6B
:1071200040092F48008805EB4005ECE72B48EEF7B7
:107130007CFD11B0BDE8F08F15240108002B4BD069
:107140002DE9F04186B00646B1F90400012840DB84
:10715000B1F9060001283CDB086849681D46144661
:10716000CDE9040104A8F8F72DF9DFF8008BD8F871
:107170000000EEF719FEFF2D15D0000715D4D8F842
:107180000000EEF78EFD0146154802883068876AD8
:10719000CDE9004504AB3046B847D8F80000016897
:1071A000096B884715E08007E9D5D8F80000BDF8DD
:1071B0001670BDF81230BDF810204FF0000C0168B9
:1071C0004E6EBDF81410CDE9025CCDE900172146E2
:1071D000B04706B0BDE8F041704700BF9CB4002046
:1071E0000C03002080B548B103291CD80120DFE83A
:1071F00001F0040E02124FF0FF3080BD032912D8B7
:107200004FF0FF30DFE801F00302070DF5E7FFF76D
:1072100075FA400880BDFFF771FA0021A1EB50001C
:1072200080BD012080BD0348034940F2F542E9F7E3
:10723000F1F900BF4C400208734202082DE9F04FFB
:1072400099B0CDE91723279B587B9C7900F0080261
:1072500054EA42181EBFDA7900F0100052EA001713
:1072600002D119B0BDE8F08F269A2498229C93F998
:10727000093008911297B2F802C0D588B2F900A07F
:10728000928840B1C31A0FFA83FBBBF1FF3F05DCC4
:10729000A4EB0B0400E01C444FF0000B05EB0C00CA
:1072A0000FFA84F92D9FCDF83C80239E139002EBBA
:1072B0000A004D461190289832463B461590DFF85B
:1072C000CC03CA45C8BF554629460068149017A884
:1072D000FBF760F8ADF85A0017A8324629463B463E
:1072E00010954646FBF774F8ADF858000DF15A00BA
:1072F00016A9F8F7ABF8CA45AAEB0400C8BF834447
:10730000DDF8ACA0DDF89490129D5B4617B9149897
:10731000012807D12D98012840F095801498012864
:1073200040F091801399239AA5EB090009B28C1AB9
:10733000A042B8BF0446012C93DBDFF830B91F46EA
:10734000DBF80000EEF730FD2999002944D0BAF1AE
:10735000040F41D110F480713ED01199109806F1BC
:10736000010E3B462EF0010C0AB2B9B200B221B9AF
:10737000831993423B4640F36C81101A0844B04293
:10738000A8BF3046B0EB01083FF46BAF41EA0800FC
:10739000C00758D1DBF80000A4B21FFA88F5BDF889
:1073A00058304FF0000B4FF480770268966DCDE9AE
:1073B00000542A9CBDF85A20CDF808C003942C9C98
:1073C00004AD85E89008289D4FEA5E0404FB09544B
:1073D00004EB5101B04744E7BAF1080F3B4632D104
:1073E00010F400702FD01098119900B209B2081A49
:1073F00099B210FA83F5B542A8BF35468D423FF4E5
:1074000030AFDBF800001F46A4B24FF4007EBDF899
:1074100058304FF0000CED1B0268ADB2D2F8588026
:10742000CDE900540F9CBDF85A20CDF818C0029445
:107430002A9C03942C9CCDE9044E289C06FB09440D
:107440002144C0470DE7299868B108201C46B0FBCD
:10745000FAF0311801398AB2B2FBF0F358432346EF
:10746000801A08440F9043EA0900000412D00F98D4
:107470002899A5EB09051FFA83F880B200FB09F0F3
:1074800010FA83F000FB0AF001EBD00100F00709CD
:10749000159103E01FFA83F84FF0000914982D9F0F
:1074A00001383946B0FA80F04409204600F0F6F879
:1074B000834620463946FFF795FE044613982399E4
:1074C00000B2421A9542B8BF2A461098119900B2EC
:1074D00009B2081A4044B042B8BF06460C92012ACD
:1074E000FFF6BFAEA6EB0805012DFFF6BAAE4FF0D2
:1074F000FF30CDE912B94FF0FF0B00FA0AF0C0439C
:10750000C7B20F9880B2A0EB0509089810B960487F
:10751000EEF79BFBBBFBF7F1BDF95A20BDF95830E4
:107520001097149109FB0AF10B915A49098801FB44
:10753000032100EB410BA8EB0600129E61002A9C80
:107540000A9006FB05F0A1EB400009902046FEF7EB
:1075500063F8159B1190139F0C994FEA4609187810
:1075600020FA07F2E0B20F90C4F307200E90C4F3A4
:1075700007402C9C0D90002963D0DDF82880109DD9
:1075800001390C91B8F1000F4CD012EA05003BD044
:1075900014994143FF2C02D11198FE2932D801FBE6
:1075A00004F03D4C1593139280B2A047BBF80050F5
:1075B00026460446F8200D9984F0FF0A00EA1520BB
:1075C00040EA5530EEF78CFC1290EEF722FB0E9954
:1075D000EEF786FC32463E460746EEF7F3FADDE963
:1075E0000F1500FB0AF0DDF8ACA011FB04002C9C89
:1075F00080B290470246129839463746FFF77AF92B
:10760000139A159BABF800005744CB4408F10108CE
:10761000B8B2082827BF13F8012F002722FA0AF072
:10762000C2B2AFE70B9840B1384481B200F007070F
:10763000CA089A5C03EBD103FA4009980C99834479
:1076400099E7089800287FF40CAE1148EEF7EDFAA0
:1076500007E6DBF80000A4B24FF48076BDF858309E
:10766000BDF85A2001688D6DCDE900C42A9C002127
:10767000CDF808C006914FEA5E0103942C9CCDE939
:107680000446289C01FB0941A847EAE510030020B5
:107690009CB400200C0300201524010880B528B1FB
:1076A000032919D8DFE801F011160A0E032913D8AF
:1076B00008460121DFE800F00E020609FFF71EF878
:1076C000410807E04FF0FF3104E0FFF717F8002111
:1076D000A1EB5001084680BD0248034940F2D34265
:1076E000E8F798FF4C4002087342020810B50749BA
:1076F00004460020A0600831C4E9001004F10C0029
:107700008021E9F768F8204610BD00BF8C310208DF
:1077100003F000BC80B582B0019001980090FAF7A8
:107720007FFE009802B080BD80B584B003900398BE
:10773000019069464FF0FF330B6000220292114620
:10774000FBF7A6F901980299816004B080BD0000A2
:1077500080B584B00390ADF80A1003980190BDF88D
:107760000A10009102F03EFE03F01EFA0168096B58
:107770008847009902460198891A0268526B09B23B
:10778000904704B080BD1FB5044688882189A08534
:107790006089084302D1204600F03AF8206821466B
:1077A000D0F8842001A8904701AA04F1400307CA39
:1077B00007C31FBD80B584B00390ADF80A10ADF8C3
:1077C000082003980190BDF90A100268126B9047D7
:1077D0000198BDF908100268526E904704B080BD50
:1077E00080B586B00590ADF8121005990091BDF8EE
:1077F000120088860868D0F8842001A89047009974
:107800000198029A039B8B644A64086406B080BDA9
:10781000B0B504460E48EEF731FA28BFB0BD206877
:10782000416F204688470546EEF77CF90346A06B7A
:1078300040F00200022803BF29B220461A462AB2AD
:107840001CBF20461946BDE8B040FDF709BB00BF8C
:10785000ACB4002082B001908DF8031001999DF81E
:10786000030081F8360002B07047000082B0019139
:10787000009000990198086302B0704780B586B007
:107880000590ADF8121005980090BDF91210FDF7A3
:107890009BFB00990868D0F8842001A890470099C4
:1078A0000198029A039B8B644A64086406B080BD09
:1078B00080B586B00590ADF8121005980090BDF91E
:1078C0001210FDF78BFB00990868D0F8842001A8FE
:1078D000904700990198029A039B8B644A6408645C
:1078E00006B080BD80B586B0059005980190262130
:1078F000E8F771FF0198FCF703F9019843F2E811EA
:10790000C0F60201083140F8281B014602914FF6EB
:10791000FF7100F079FCFFE701983030002100F0A2
:1079200095FCFFE7019800218186FF2280F8362030
:1079300080F837108163C1634030FFF7F5FEFFE741
:10794000019806B080BD0490039106E002460298BB
:107950000492039100F074FCFFE70198FCF7E4F84F
:10796000FFE703F0C5FC03F0D5BA000080B582B094
:10797000019001980090283000F062FC0098FCF71C
:10798000D3F8009802B080BD10F10F0FA2BF0F30E6
:10799000000970476FF00E01081A10F00F0118BFB0
:1079A0004FF0FF31A1EB10107047000010B50A9C9A
:1079B00041610D490283069A83800482099C083143
:1079C00001600599C481089C01F07F010473079C44
:1079D00041EAC2118172C472049C4472039C047215
:1079E000029CC48010BD00BF78320208FEDE000099
:1079F00080B582B0019001980090FAF70FFE0098D0
:107A000002B080BDB0B50C46283005683DB1206895
:107A1000294682682046904705F11800F5E7B0BD79
:107A20002DE9F0410E4690F824109846154609B10C
:107A3000C8F8000028300768B7B197F8250080B172
:107A4000381D31462A4602F033F950B1B888434612
:107A5000301A01B2F888281A02B23868446A3846E7
:107A6000A04707F11800E6E7BDE8F081806A70479B
:107A7000FEB50D4690F8251041B3866A36B314461C
:107A800001AF1EB396F82500F0B1321D38462946E5
:107A900002F029F9BDF90800012815DBBDF90A003B
:107AA000012811DBB088BDF804102246081ABDF881
:107AB0000610ADF80400F088081A3946ADF8060043
:107AC0003068C36D30469847B669DAE7FEBD0000FE
:107AD0002DE9F04F8FB01C46189B05460020CDE9DC
:107AE00008121880199B1880604B1B68206028467C
:107AF00093F850602346FFF793FF042E304601961B
:107B0000C0F0B0800DA82946069502F08BFBD4F892
:107B100000800494B8F1000F23D00BA8414602F076
:107B200081FBBDF93030BDF932406FF00100BDF985
:107B30003450BDF92C10BDF93660099FBDF92E20D7
:107B400094FBF0F493FBF0F0089B3E44B21A2B44F4
:107B500002FA84F2591A01FA80F0404302FB020053
:107B600001E04FF0FF300590019803210138B0FB90
:107B7000F1F0032838BF0146069800910023043035
:107B8000079000208B426DD0394A039000F001002D
:107B900001330025029302EB401A01985843B0FBD1
:107BA000F1F9042D59D05AF83560089806FB090000
:107BB00007B20AEBC50044680998394604FB09007E
:107BC0000FFA80FB07985A4602F072F8002842D05C
:107BD000002039465A460A9006980AABFFF720FF64
:107BE0000A9FB7B3474534D00BA8394602F01AFBB9
:107BF000BDF93230BDF9362009996FF0010BBDF99E
:107C00002E80BDF930E0BDF93400BDF92CC00A4426
:107C100093FBFBF3A2EB08019EFBFBF201FA83F15D
:107C2000089B1844A0EB0C0000FA82F0404301FBD3
:107C30000100059988420DD2189B06FB09F104FB4F
:107C400009F2059019800A99049B196019990A8014
:107C500000E04746B8460135A3E703980099029B28
:107C600001308FE70FB0BDE8F08F00BF9CB400205B
:107C7000E420020870B514460D4600F1280630686D
:107C800038B10646224656F8181B4B6D29469847D0
:107C9000F5E770BD814217D04A69D2B90022C1E927
:107CA000050250F8282F6AB1906938B18A4202461D
:107CB000FAD11C481A493222E8F7ACFC8A420DD0AE
:107CC00002F1180001607047154917A02022E8F75B
:107CD000A1FC134904A02122E8F79CFC114810499B
:107CE0003522E8F797FC00BF642E706172656E74F0
:107CF000203D3D2030202626202243616E6E6F7489
:107D000020616464204472617761626C65206D75E6
:107D10006C7469706C652074696D65732200000075
:107D20003645020803450208266420213D20746878
:107D30006973202626202243616E6E6F7420616471
:107D400064204472617761626C6520746F20736592
:107D50006C662200836A2BB141B17BB18B4209D0A2
:107D60009B69FAE701680B6E114618478262C2E907
:107D7000050370478B69C2E905038A61704750F8B3
:107D8000282FC2B18A420BD0AAB1104692698A420A
:107D9000FAD151F8182F002341F8043C826108E021
:107DA00051F8182F002341F8043C002A14BF026048
:107DB000014600200860704700218162704700F191
:107DC00028020020C30707D112682AB1501A1832BE
:107DD000B0FA80F04009F5E700F001007047826AD0
:107DE00000212AB193695161916183621A46F8E7D3
:107DF0007047000080B582B0019001980090FDF7B7
:107E0000F7F8009843F2E021C0F602010831016062
:107E10000021816202B080BD03F07CB880B582B0E1
:107E2000019001980090FDF705F9009802B080BD1F
:107E300081B00090009801B0704703F06BB800006B
:107E4000F0B54A69D1E90A574C689FED733AB2EB35
:107E5000050EA4EB070C17BFBC4200260CFB0EF26C
:107E6000102418BF92FBF4F68A690B68D41B5D1BC3
:107E700017BFBA42002704FB05F26FF00F0318BFCB
:107E800092FBF3F7BA1900F1180600EE102A00274A
:107E9000B8EEC00A20EE031AB7EE000A80EE012AFF
:107EA0003C2F14D0CA19143792ED021A80EE011A31
:107EB00006ED061A92ED034A21EE044A06ED034A46
:107EC00092ED044A21EE041AA6EC011AE8E700EE4E
:107ED000105A90ED024A90ED011A02EE904A90ED90
:107EE000035AD0ED044AD0ED076AB8EEC00AF8EEA6
:107EF000E22A20EE036A00EE10EA62EE832AB8EE70
:107F0000C00A60EE030A90ED000A34EE407A31EECA
:107F1000444A60EE871A44EE061A22EE611A01EE18
:107F200090CAF8EEE11A80ED0A1A61EE831A22EE89
:107F3000873A04EE213A90ED054A74EE453A34EE64
:107F4000C44AD0ED084A20EEA37A62EEA33A22EEAC
:107F5000033A04EE067A44EE213A90ED064A80EDAB
:107F6000093A74EEC45A76EEE44A60EEA50A62EE6F
:107F7000233A22EE477A44EE860A80ED0C7AC0ED71
:107F80000B3A22EE606A62EEA50A44EEA10A80ED89
:107F90000E6A22EE202A63EE800A43EE450A80ED47
:107FA0000D2AF5EE400AF1EE10FA12DCF5EE400A69
:107FB000F1EE10FA0ADBB1EE455A21EE055A07EE52
:107FC000005AB5EE405AF1EE10FA02DA47F6FF71A8
:107FD00001E04FF4004122EE002AC16303EE442A7F
:107FE000B5EE402AF1EE10FA12DCB5EE402AF1EEC1
:107FF00010FA0ADBB1EE442A21EE021A06EE001A4C
:10800000B5EE401AF1EE10FA02DA47F6FF7101E020
:108010004FF400410164F0BD0000803D81B000904C
:1080200041F6A83001B0704782B00190ADF802105F
:10803000019ABDF8020041F6A83100FB012008308A
:1080400002B0704780B582B0019001980090F6F7B9
:1080500065FE009843F28431C0F6020108310160E8
:1080600002B080BD80B582B001900198009000F010
:1080700005F8009802F04EFF02B080BD80B582B0D6
:10808000019001980090F6F752FE009802B080BD72
:1080900081B00090102001B07047000082B00190C4
:1080A000ADF802100198BDF8021000EB0110083085
:1080B00002B0704780B582B0019001980090F6F749
:1080C0002DFE009843F2B831C0F60201083101607C
:1080D00002B080BD80B582B001900198009000F0A0
:1080E00005F8009802F016FF02B080BD80B582B09E
:1080F000019001980090F6F71AFE009802B080BD3A
:1081000081B000900C2001B07047000082B0019057
:10811000ADF802100198BDF8021001EB410100EB2F
:108120008100083002B0704780B582B0019001989C
:108130000090F6F7F3FD009843F2EC31C0F602012F
:108140000831016002B080BD80B582B00190019815
:10815000009000F005F8009802F0DCFE02B080BD4F
:1081600080B582B0019001980090F6F7E0FD00988C
:1081700002B080BD81B0009001B0704781B0009026
:1081800001B0704781B00090009843F22041C0F6E2
:1081900002010831016001B07047000080B582B073
:1081A00001900198009000F005F8009802F0B2FEEE
:1081B00002B080BD81B00090009801B0704700000F
:1081C00081B0009000984BF2B441C2F20001086007
:1081D00001B0704783B002900191ADF8022002987F
:1081E0004BF2A841C2F20001086001984BF2B04185
:1081F000C2F200010860BDF802004BF2AC41C2F2CD
:108200000001088003B0704782B00190ADF8021001
:10821000019843F23841C0F6020108310160BDF80F
:108220000210818002B0704780B582B00190019841
:10823000009000F005F8009802F06CFE02B080BDDE
:1082400081B00090009801B07047000082B00190AA
:10825000009101980099016002B0704781B00090D0
:1082600000980021016001B07047000080B584B023
:10827000039002910192F3F77FFDF4F713FD01984B
:10828000006830B1FFE7019800680168C968884755
:10829000FFE70198006830B1FFE7019800680168C6
:1082A00009688847FFE70398006830B1FFE7039843
:1082B0000068016849698847FFE70298006830B1A3
:1082C000FFE702980068016849688847FFE703985C
:1082D000006830B1FFE703980068016809688847C3
:1082E000FFE70298006830B1FFE702980068016874
:1082F00089688847FFE704B080BD000080B584B07E
:1083000003900291019203980168C9688847029816
:1083100001680968884703980199FBF7EFF801980D
:10832000016809698847019801684969884704B06C
:1083300080BD012180F84C107047B0B50C4621F08B
:108340000F01B1F5887F054610D0B1F5807F24D1AB
:1083500095F84D00D8B995F84C10012085F84D00DE
:1083600005F1500089B1E8F715FE10E095F84E00D0
:1083700030B9012085F84E0005F1D800E8F70EFE6F
:1083800005EBC400A0F5F56005E0E8F7FFFD05EB9F
:10839000C400A0F5F66003C8B0BDE8F7C3FDF0B5B2
:1083A00081B00E4621F00F011C461546B1F5887FBD
:1083B000074610D0B1F5807F26D197F84D00D8B987
:1083C00097F84C10012087F84D0007F1500089B153
:1083D000E8F7E0FD10E097F84E0030B9012087F88B
:1083E0004E0007F1D800E8F7D9FD07EBC600A0F56D
:1083F000F56005E0E8F7CAFD07EBC600A0F5F660FA
:10840000C0E9005401B0F0BDE8F78CFD90F881019F
:10841000704710B582B004460021D0F87801019170
:108420000091694601AA03F092FBDDE900230146B1
:108430002046EFF719FA0838B0FA80F0400902B088
:1084400010BD21F01F00A0F58070B0FA80F0400947
:10845000704780B50168CA684FF0FF31904700202F
:1084600080BD084600F096B92DE9F04F81B0536801
:108470005FEAD30C50D0D2F800E00027634600BF7B
:1084800007EB53050EEBC5041EF8358094F80190F8
:1084900094F802A0E27848EA09284AEA022648EA63
:1084A000064602F0400246EA426222446FEA530462
:1084B0001C448A4294BF6F1C5C08002C2346DFD109
:1084C00057B367450EEBC70102D14FF0FF3C13E0F5
:1084D000FA000EEB02031EF802205F789E78DD782A
:1084E00042EA072246EA052742EA074205F040072A
:1084F00042EA476202EB030C11F808BD0E1D0BD0D7
:108500003278B778F578747847EA052742EA04228A
:1085100042EA0742012A03D1002001B0BDE8F08FF2
:1085200091F8018091F8029091F803E0002A1ED49E
:1085300002F0804442EA4404A719A45D7D78BE7825
:10854000FB7844EA052446EA032344EA0345B5F1EF
:10855000FF3F0EDD05F08043EC19FD7904EB430A83
:1085600007EB850303F1080500243E4628E0154685
:1085700000E03E46C5F30364022C12D0012C0AD061
:10858000ACBB351D4AF6D17A002A48BF0025C0F69B
:10859000010A002414E04AF6D97AC0F6010A002440
:1085A00004E04AF6E17AC0F6010A0224C5F307475F
:1085B00006EB8703B2F1FF3F03F1040500DCB7B916
:1085C0004BEA082349EA0E2743EA07430EF0400727
:1085D00043EA47631944C0E9561C44EAD271C0F823
:1085E0007861C0E9585AC0F86C11012095E7E8F7A6
:1085F00099FCB0B584B0044600680D46C2682046B8
:108600004FF0FF31904730F001002DD040F20001D3
:10861000C0F20001A0EB050591B103A902AA28460A
:10862000AFF30080B0FA80F100284FEA511016D164
:10863000DDE90221CDE90012002918BF01210EE079
:1086400045F2B83045F6C051C0F60300C0F603014C
:108650000090081A4FF00101019018BF0120C007D7
:1086600018BF5FEAC17004D1012084F8800104B012
:10867000B0BD6A4620462946FFF7F6FE0028F3D033
:10868000F5E7B0B5054690F8800108B100240EE08A
:108690002846FFF7BEFE0446012808D128680121BC
:1086A000426B2846904795F880010028EED120467D
:1086B000B0BD0C2906DD0F2908D00E290AD00D29DE
:1086C00006D009E08A1C03D04A1C05D1443008E0DA
:1086D0003C3006E0403004E00C2904D8083000EBC0
:1086E00081000068704780B5E8F71CFC10B500F108
:1086F0000804204600F018FA2046BDE81040E9F7CB
:1087000031B90C2908DD0F290AD00E2904BF0264F3
:1087100070470D2906D007E08B1C03D04B1C03D1FA
:1087200042647047C26370470C299EBF083040F80E
:10873000212070478F2904BF8264704780B5E8F715
:10874000F1FBB0B590F8802122B108462821E8F766
:1087500042F8B0BDD0F86C4100F5B075D0E956CE06
:108760002CCD4C6101F108042CC4C1E900CED0F835
:108770007021D0E95E35D0F87401C1E90835C1E94E
:108780000620B0BD02310020122938BF01207047F9
:1087900070470000811C612900F26A8044F64B306A
:1087A000C0F60200DFE811F062007D00A800AC0016
:1087B0009800B000B8009200A4009E009600AA00A5
:1087C000A200880086006200C2007D007C007C0060
:1087D0007C007C007C007C007C007C007C007C00B9
:1087E0007C007C007C007C007C007C007C007C00A9
:1087F0007C007C007C007C007C007C007C007C0099
:108800007C007C007C007C007C007C007C007C0088
:108810007C007C007C007C007C007C007C007C0078
:108820007C007C007C007C007C007C008400B40028
:10883000BC00C600BA008A009A00C8009C00B600BE
:10884000A600A000C000D200AE00D000CA00CE003A
:10885000D400CC007E008000C400D8008E009400BC
:10886000D6008200B2008C009000BE00A7A0704726
:10887000A0F580701F2813D8DFE800F0108A8286E8
:10888000789298889E7C9C767A967484728E9AA44C
:108890009094A2A6807EAC70A8AAA08C6DA0704710
:1088A0009CA0704777A0704775A070476EA0704776
:1088B00088A0704788A0704788A0704780A0704744
:1088C00067A070476BA0704764A0704789A070478D
:1088D00067A0704784A0704789A0704777A0704751
:1088E00074A0704781A070476FA070477CA070474C
:1088F0007FA070476DA0704783A0704779A0704734
:1089000080A0704765A070477CA0704755A0704755
:108910006FA0704766A0704777A0704769A0704746
:108920006AA070474CA070475EA0704778A070475F
:1089300052A0704764A070475FA0704755A0704771
:1089400051A0704752A0704753A0704754A0704781
:108950004EA0704745A0704747A0704722A07047BF
:108960002CA070472DA070472FA0704735A07047EE
:108970002CA070472EA070471DA070471DA0704707
:1089800032A0704724A070472FA070472AA07047DC
:108990002FA0704710A070471DA0704719A0704706
:1089A00027A0704716A070471DA0704723A07047EE
:1089B00016A070471DA070471EA0704707A0704703
:1089C0000EA0704710A070470BA0704705A070471D
:1089D00003A0704705A07047643331006433300052
:1089E0006432390064323800643237006432360051
:1089F0006432350064323400643233006432320051
:108A0000643231006432300064313900643138003E
:108A1000643137006431360064313500643134002C
:108A2000643133006431320064313100643130002C
:108A300064390000643800006437000064360000C8
:108A400064350000643400006433000064320000C8
:108A50006431000064300000733331007333300040
:108A60007332390073323800733237007332360094
:108A70007332350073323400733233007332320094
:108A80007332310073323000733139007331380082
:108A90007331370073313600733135007331340070
:108AA0007331330073313200733131007331300070
:108AB000733900007338000073370000733600000C
:108AC000733500007334000073330000733200000C
:108AD00073310000733000007231320072313100A6
:108AE00072313000723900007238000072370000B5
:108AF00072360000723500007234000072330000DC
:108B00007232000072310000723000007370000099
:108B10006C720000756E6B6E6F776E2072656769A0
:108B2000737465720000000010B5044690F84500AB
:108B300050B194F84400002804F1480002D0E8F74E
:108B40001DFF01E0E8F716FF94F8460028B104F194
:108B5000D000BDE81040E8F715BF10BD7047704762
:108B60007047F0B581B01546DDE906720E4689689A
:108B70001C467AB1814204D040684968E9F738F868
:108B800060B931462A462346069701B0BDE8F04059
:108B900000F088B8406849688842F2D001B0F0BD62
:108BA0002DE9F0411646069A0C4689689846074614
:108BB0008AB1B94230D07D6849682846E9F718F88B
:108BC00050B32068B8420ED041682846E9F710F843
:108BD00048B1BDE8F0817868496888421CD02168B6
:108BE00049688842F5D12069B04220D06069B0421E
:108BF0001DD0D4E90901C4F8208001310128666143
:108C0000A16205D1A069022804BF012084F83600C2
:108C10000420E062BDE8F0816068B042D9D1E0692B
:108C200001281CBFC4F81C80BDE8F081D1E7B8F171
:108C3000010F18BFBDE8F08101202062BDE8F0817E
:108C400080B5D1F824E0BEF1000F10D0D1F814C0E7
:108C5000886B844502D1086990420FD00EF1010063
:108C6000486202208861012081F8360080BD886B4F
:108C70008B61C1E904200120486280BD8869022817
:108C800004BF8B6180BDF1E780B5D1F808C0D0F892
:108C900004E0DCF80400864518BF80BDBDE88040D4
:108CA000FFF7CEBF80B548684FF0010E984281F8BB
:108CB00035E000D080BD0B69DDF808C081F834E0F4
:108CC0002BB193420FD0486A0130486217E001206F
:108CD000BCF1010F0A61C1F818C04862EAD1086B03
:108CE00001280CD0E6E78A69022A04BFC1F818C03F
:108CF0006246086B012818BF80BD012ADAD1012025
:108D000081F8360080BD2DE9F04190B005464068FD
:108D10004B68984233D042F270131446C0F60203F7
:108D200042F27C12C0F602020846194600230027D0
:108D300002F02AFC20B3276837B30DF10408064679
:108D400008F104003821E7F746FD4FF0FF300490AA
:108D5000012031688DF83B000D900395CD693046B8
:108D600041463A4601230196A84707980138B0FAD0
:108D700080F04FEA501704BF0598206000E00127FB
:108D8000384610B0BDE8F081E8F7CCF82DE9F043A3
:108D900083B0DDE90A940E46896898461546074671
:108DA00084B1B94204D078684968E8F721FF68B90E
:108DB00031462A464346CDF8289003B0BDE8F0433B
:108DC000FFF770BF786849688842F1D0B8682A46D2
:108DD000016843464F693146CDE90094B84703B076
:108DE000BDE8F0832DE9F04383B0DDF828900C4610
:108DF000896898461546B9F1000F07462FD0B94249
:108E00003FD07E6849683046E8F7F2FEC8B3206874
:108E1000B84204D041683046E8F7EAFE38BB206922
:108E2000A84237D06069A84234D0E06AC4F82080F4
:108E3000042837D00020A086B868012601682A4699
:108E40004F6921462B46CDE90069B84794F83500B3
:108E500030B394F834000321E16280BB22E07868EB
:108E6000496888420DD0216849688842D7D0B868DF
:108E70002A46016843468F692146CDF80090B847DD
:108E80001DE06068A8421AD1E069012818BFC4F843
:108E90001C8014E0B8F1010F04BF012020620EE035
:108EA0000420E062D4E90901656101310128A16271
:108EB00005D1A069022804BF012084F8360003B060
:108EC000BDE8F08380B5D1F808C0D0F804E0DCF844
:108ED00004C0E64507D08068D0F800C0DCF81CC0AC
:108EE000BDE880406047BDE88040FFF7A9BE0000B4
:108EF00080B582B00190019800F002F802B080BD08
:108F000081B00090002001B070470020704700221F
:108F1000CB10002948BFA2EBE10319466FF35F2194
:108F2000B1F5807F88BFC1F50071006B012818BFC3
:108F30001946FF29A8BFFF2108467047BFB5044660
:108F400000682146826E02AD28469047002069469F
:108F50000090A06801902846F9F7C2FD20682946D4
:108F6000026920469047BFBD002141600160704703
:108F70008968002202604160704700007FB50446A6
:108F800000686E460D462146826E3046904702A824
:108F90002946324600F0A7FEA06A002857D0016893
:108FA000CA68211D9047002851D0BDF90C10012935
:108FB0004DDBBDF90E20012A49DB25480068012858
:108FC00023D0002843D1BDF80A0002AD81180EB2AB
:108FD00000B2B0423BDAECF761FDBDF80E1038B9D3
:108FE000012905D008B201304008ADF80E00F2E7C3
:108FF000BDF80A0008440144ADF80A0009B2B142C4
:10900000C4BF311AADF80E10E2E7BDF8080002AD9A
:1090100001440EB200B2B04219DAECF73FFDBDF8E0
:109020000C1038B9012905D008B201304008ADF85C
:109030000C00F2E7BDF8080008440144ADF8080050
:1090400009B2B142C4BF311AADF80C10E2E77FBDDE
:109050001003002090F826007047383001F09AB9CC
:10906000006B704710B504460068D0F8B010204679
:10907000884740B194F8250028B12068416920460E
:10908000BDE81040084710BD90F86E007047806E34
:10909000704702207047F0B5002002249842A4BF18
:1090A0000020F0BDC51895FBF4F606EB860532F8F6
:1090B00015708F4201D2701CF0E73346EED802EBF8
:1090C00045000230F0BD826C02B3A1F221639BB275
:1090D000192B05D8D06800EBC10043F2081109E054
:1090E000A1F241639BB2092B06D8106900EBC100C5
:1090F00043F20821401A7047A1F271639BB2622BC0
:1091000004D8D38B13B15269FFF7C5BF0020704755
:109110001088984205D802EB810030F8040C984280
:1091200001D20020704770B500208CB281B2A142FC
:1091300010D214FA80F525F0010132F811606908A7
:109140009E4201D2481CF1E7EFD845F0010032F809
:10915000100070BD002070BD90F82C1000200C296C
:1091600038BF0120704790F82C000C210B30B0FB69
:10917000F1F101EB4101A0EB81000130704790F863
:109180002C00704790F82D00704790F82E00704723
:1091900080B588B00690ADF816100492069801903C
:1091A000049820B1FFE70498007B20B9FFE7002076
:1091B0008DF81F0036E00198006A0090049801F0D5
:1091C0002BFC0146009800EB810003900498007B83
:1091D000ADF80A00FFE7BDF80A0001281EDBFFE733
:1091E000BDF8160003990988884205D1FFE7039866
:1091F00080788DF81F0015E0BDF8160003990988E6
:10920000884201DAFFE709E0FFE7BDF80A0001380C
:10921000ADF80A00039804300390DCE700208DF8D5
:109220001F00FFE79DF91F0008B080BD81B00090CE
:109230000098406A01B0704786B005900491059887
:109240000499039103990988029103994A88029924
:1092500041EA02410291C06901900198049989880C
:10926000C1F3C42150F821000090009802990844ED
:1092700006B0704781B000900098806A01B07047D6
:1092800080B5054800680168D1F8AC1088470138FE
:10929000B0FA80F0400980BD9CB400201CB5C468C1
:1092A000008A009001EB4200DDE905132246F9F740
:1092B0004FFD1CBDF9F77ABEF0B585B0044691F8B4
:1092C0002800FF2823D101F126060D4602A83146C9
:1092D00000F0CEFDBDF80C70304600F083FE80B289
:1092E000874214D1BDF80E70304600F0E5FE80B222
:1092F00087420CD1DDE902012060002061606946EF
:109300000090A86801902046F9F7EAFB02E00020EF
:109310006060206005B0F0BD01462630C96A09B121
:10932000F6F766B9F6F791B92DE9FF41054690F8D1
:109330002800C0B10DF108080C462946404600F04F
:1093400071FFF6F793FF07462846FFF7E5FF3968F8
:1093500042462346CE6895F82810CDE9000105F174
:1093600026013846B047BDE8FF81000081B000907B
:10937000002001B07047000082B001900091019977
:10938000009880888880012002B0704781B00090EA
:1093900001B070478088704781B000900098C06C21
:1093A00001B0704781B000900098C06C01B0704768
:1093B00081B000900098006D01B0704780B582B018
:1093C0000190019800F03AFF02B080BD80B582B0F4
:1093D0000191FEF7A9F902B080BD00002DE9F04F20
:1093E0008DB0054627480C46A98D0088814246D29B
:1093F00005F12806304601F0D7FB00283FD007468C
:10940000D5F8309095F836A0304601F067FB8346DA
:109410000494AC6BB5F83480304601F081FB8DF8D4
:109420002100E86B8DF82EA0ADF82C80CDE909491C
:109430008DF820B007970C9095F837008DF82F0025
:10944000F6F714FF074605A8294600F0EBFE304664
:1094500001F0F2FB04462868C16F2846884706469B
:109460002868D0F8801028468847DDE9051207AB48
:10947000039038468DE85800049BF7F7B3FA0DB017
:10948000BDE8F08FACB4002000224260026091F889
:109490002620FF2A00D0704789684160704790F805
:1094A000261029B190F8251011B1016849690847C3
:1094B0007047BCB50446086849686D46CDE90001AF
:1094C00020682946C26A20469047F6F7CFFE016819
:1094D000A26A94F826304C6A2946A047BCBD000019
:1094E000102984BF00207047DFE801F00B0D0F1139
:1094F000111111090909090911111111110008208F
:10950000704710207047182070472020704711497D
:1095100002A040F20932E7F77DF800BF66616C7384
:10952000652026262022556E737570706F727465E3
:1095300064206269746D617020666F726D61742061
:10954000696E20676574426974446570746828297F
:1095500022000000E24702082DE9FC4107460848C6
:10956000984615460E460489ECF768FACDE90040A6
:10957000384631462A46434600F004F8BDE8FC81EF
:1095800004030020B0B504981C4600FB02150599A1
:10959000FFF7A6FFC00805FB0040B0BD81B00090FA
:1095A000002001B07047000081B000900098C08892
:1095B00001B0704780B50268D268904730B1817AB7
:1095C000407B00F0800041EA400080BD002080BD6B
:1095D00081B00090002001B070470168096B084716
:1095E00081B000909FED010A01B0704700000000BB
:1095F00082B080B586B009930892059004910598D1
:1096000008A90391049A03990191019B002100F09C
:10961000D9F8ADF80A00BDF80A0006B0BDE88040F0
:1096200002B0704781B080B587B0099306908DF87D
:1096300017100492069809A903919DF81710049A2F
:10964000039B0193019B00F0BDF8ADF80A00BDF843
:109650000A0007B0BDE8804001B0704781B00090BB
:109660000098807A00F07F0001B0704781B00090D0
:109670000098807AC00901B07047000081B0009066
:109680000098008A01B0704781B000900098C089AE
:1096900001B0704782B02DE9F0439DB00446CDE99A
:1096A000242324A80DF10C09ECF731FBECF702FBA5
:1096B000ECF7D6FAECF7BBF9002000212246029025
:1096C00002AE48463346F4F7E5F847F6FF752FB289
:1096D00078B10A280AD0029840B1E58801F0A7F9CC
:1096E000281A00B2B842B8BF07463D46ECF7F9F970
:1096F000EDE738461DB0BDE8F04302B0704782B0D8
:109700002DE9F0439DB00446CDE9242324A80DF1B2
:109710000C09ECF7FCFAECF7CDFAECF7A1FAECF750
:1097200086F90027029702AEECF7DBF9B0B10A2800
:10973000FAD002980028F7D0E58801F078F902996C
:10974000281A3FB2CA79497B104401F0100100EB9E
:10975000011000B2B842C8BF0746E5E7B8B21DB075
:10976000BDE8F04302B0704782B02DE9F0419CB0F3
:109770000646CDE9222322A888461B9002AC20464B
:10978000F4F726FD30681B9FC16C304688470546BC
:109790003068016D304688470090204641463A4681
:1097A0002B46F3F70CFD01252046F3F768FD18B1B1
:1097B0000A2808BF0135F7E7A8B21CB0BDE8F041A0
:1097C00002B070472DE9F0479AB001AE05469846C1
:1097D00091468A463046F4F7FBFC2868C16C28465F
:1097E000884707462868016D28468847009030461C
:1097F000494642463B46F3F7E2FC00243046F3F785
:1098000036FDA7B258B93046294647F6FF7253468F
:10981000F7F76DF901B2B942C8BF0446EEE7384622
:109820001AB0BDE8F087000081B00090002001B0C0
:109830007047417A8088084480B2704781B00090B8
:10984000002001B07047000080B588B00690ADF8E8
:10985000161006980190BDF8160018B9FFE7002011
:10986000079011E00198002104918DF80F10BDF8C8
:1098700016100268D2F808C004AA0DF10F03E047E1
:10988000029002980790FFE7079808B080BD00009B
:1098900081B000900098808801B07047D1E919121A
:1098A00042600160704700002DE9F04FA3B0866A66
:1098B000044603AF0D463846214600F0B3FC20684D
:1098C000416E20468847009005A831463A462B460F
:1098D000F9F796FD00200390206C01283AD1D4E9D5
:1098E0000B01626C636D0DF10C0B101A591A5A467C
:1098F000FAF7C9F9616C626D05AD80462846F9F743
:1099000089FCA16CA26D2846F9F732FCE56E0DF1D9
:10991000040AB42D3EDAA8EB05073846FAF780F9B9
:109920000290584602A900F005FC0646D4F834908F
:109930003846FAF70FFA01905846514600F0FAFB04
:10994000A26B09EB0601121A05A8F9F711FCE06EEB
:109950000544DEE7616C626D05AD2846F9F75AFCF7
:10996000A16CA26D254E2846B047E16CE26D2846F9
:10997000B047216D226E2846B04705ACFF21204636
:10998000F9F790FC05462046F9F7A6FD284623B0D6
:10999000BDE8F08FE16CE26D05AD2846F9F7E8FB14
:1099A000216D226E2846F9F7E3FB4FF0B40B03AFAD
:1099B0000DF1040AE06EABEB000BBBF1010FDCDB39
:1099C0000BEB08063046FAF72BF90290384602A94D
:1099D00000F0B0FB0546D4F82C903046FAF7BAF9FF
:1099E00001903846514600F0A5FB226B09EB0501BA
:1099F000121A05A8F9F7BCFBDCE700BF71310108BA
:109A00002DE9F04786B0044690F82600002800F0C3
:109A1000EA8020682146826E04A89047E26A636B60
:109A20006FF01F062021E06B92FBF1F593FBF6F639
:109A300090FBF1F1AD1948BF6D42B5EB410F0FDB63
:109A4000D4F83090A66B20276FF01F05490099FBD2
:109A5000F7F796FBF5F57F1948BF7F428F4203DA8F
:109A60002068026904A9BCE000EB40014FF0000C43
:109A70001F250331ACEBA10705EBA1014909B0F1AA
:109A8000FF3FB8BFACEB571106EB0900BDF914C09E
:109A9000BDF916800225202790FBF5F000B290FB5F
:109AA000F7FA981890FBF5F0C44500B290FBF7F078
:109AB00007DA00EB010E401A93420BDA4E450CDB3D
:109AC0004BE00AEB010EAAEB0107934224DA4E4564
:109AD00025DB61E041D04E453FDDBDF81210BDF8F9
:109AE0001020ADF80000ACEB0000ADF802A0AAEB2E
:109AF00001031044ADF80A10ADF80820ADF80E309F
:109B0000AEEB0203ADF80400ADF80C30A8EB0A038D
:109B10001944ADF806105CE03ED04E453CDDBDF882
:109B20001210BDF81020ADF80000ADF80270AEEBD9
:109B30000103ADF80820ADF80A10ADF80E30831A15
:109B4000ADF80C30ACEB0003A8EB07001A44084456
:109B5000ADF80420ADF806003BE0BDF81210ADF8FA
:109B60000800ACEB0000ADF802A0AAEB0102ADF8D2
:109B70000A10ADF80E20BDF810201044ADF80020FA
:109B8000ADF80C00A8EB0A000844ADF80600AEEBF7
:109B90000200ADF804001CE0BDF81010BDF8123052
:109BA000ADF80A70ADF80000421AADF80810ADF833
:109BB0000230ADF80C20A8EB07021A44ADF80E20D5
:109BC000AEEB0302ADF80620ACEB00021144ADF899
:109BD00004102068026902A920469047206869465F
:109BE00002692046904706B0BDE8F0870A880388DE
:109BF00093420ED14A88438893420AD18A88838847
:109C0000934206D1C988C088401AB0FA80F0400952
:109C100070470020704770B5B1F90440024601203A
:109C2000012C21DBB1F90630012B1DDBB2F900005C
:109C3000B1F90060864205DBB2F90250B1F90210B9
:109C4000A94201DA002070BD3444968824B2304421
:109C500006B20020B44207DCD288194409B22A4473
:109C600012B29142D8BF012070BD10B5B1F90020E9
:109C70008B8813441CB2B0F90030A34215DA8488F3
:109C800023441BB2934210DDB1F90220C988B0F918
:109C9000023011440CB20021A34207DAC0881844F4
:109CA00000B29042C8BF012100E00021084610BD6B
:109CB0000346B0F90000884213DC10B59C882044AC
:109CC00000B28842BDE810400BDDB3F9021000205D
:109CD000914205DCDB88194409B29142C8BF0120DA
:109CE00070470020704780B50B6849684160114695
:109CF0000360F8F7F5FE80BD80B5FFF777FF80F0D1
:109D0000010080BD91F82820FF2A03D00021416086
:109D10000160704780B5263100F0AAF880BD90F848
:109D2000281029B190F8251011B101684969084738
:109D30007047F0B58BB0054600200F462C46CDE9A4
:109D4000080054F8260BC26A08A92846904704A8C0
:109D5000214600F037F9DDE90401CDE9060106AE40
:109D600039463046F8F7BCFEBDF91C00012813DB6C
:109D7000BDF91E0001280FDBF6F778FA0168BDF97E
:109D80002020BDF922308F6895F828100125029512
:109D9000CDE900612146B8470BB0F0BD82B001901B
:109DA000ADF802104AF28430C2F2000000684AF2B4
:109DB0008C31C2F200010968BDF8022051F822106E
:109DC00000EB410002B07047018A3822408A02EA63
:109DD000912141EA50307047B0B5CE4D0446A86895
:109DE00000283ED0698822888A4220D202EB820174
:109DF00000EB8101486880B32B698BB353F82220B4
:109E000072B30846FFF7E0FF0B3818BF0120238824
:109E1000A9682A6903EB830401EB84010C89498951
:109E200004FA00F0484352F82310033011E0A888E8
:109E30000844904211D9501AE968EBF7D3FD0ED0CF
:109E40000B290AD10189408948432969033051F817
:109E5000221020F003000844B0BD0020B0BD0D303A
:109E6000B0BDAF48AF4940F6AB02E6F7D3FB00BF49
:109E700010B5A84A936893B354880988A1420DD2BB
:109E800001EB810103EB8101CA6802604A8A098AF9
:109E90006FF35F326FF35F31C2801AE0938823441F
:109EA0008B420BD9091BD268C1EBC10152F81130AA
:109EB00002EB410149680360416010BD4FF6FE723C
:109EC000914208D10021016008490988C1800849F0
:109ED0000988818010BD00214160016010BD90485B
:109EE000904940F66C02E6F795FB00BF0A0300209C
:109EF0000803002087498A688AB34B880088984203
:109F000012D200EB800002EB8000028A01896FF31D
:109F10005F328A4219D3428A418900206FF35F324F
:109F20008A4238BF012070478A881A4482429CBF07
:109F300000207047C01AC968C0EBC00001EB4000A8
:109F40000189B0F904208A4201DA01207047418971
:109F5000B0F9062000208A42B8BF0120704770483F
:109F6000704940F68502E6F755FB00BF10B5694B16
:109F70009A680AB35C880188A14205D2186958B171
:109F800050F8210040B110BD98882044884208D97B
:109F9000186900EB81000DE001EB810002EB80000D
:109FA00008E04FF6FE7081421CBF002010BDED4856
:109FB00000684830006810BD59485A4940F694027C
:109FC000E6F728FB70B5054608460C4600F00AF88F
:109FD0000646204600F070F8E8800020AE80286039
:109FE00070BD00004B498A6822B34B8800889842B4
:109FF00004D200EB800002EB800009E08A881A445A
:10A00000824208D9C01AC968C0EBC00001EB400009
:10A01000008900B270474FF6FE71884208D13E4871
:10A020003E4AD1490068002808BF0A461088F0E778
:10A030000020EEE73A483B4940F64602E6F7EAFAE6
:10A04000B0B5344DA96889B304466A880088904247
:10A0500011D200EB800001EB8000FFF7B5FE29690B
:10A0600019B3228851F82210F9B1A0F10E01032989
:10A0700038BF0846B0BDA9881144814209D9801A69
:10A08000E968C0EBC00001EB4000007B00F01F005E
:10A09000B0BD4FF6FE71884206D1F6F7E7F80168C9
:10A0A000096BBDE8B04008470020B0BD1C481D4901
:10A0B00040F6DC02E6F7AEFA16498A6822B34B880E
:10A0C0000088984204D200EB800002EB800009E097
:10A0D0008A881A44824208D9C01AC968C0EBC000F5
:10A0E00001EB4000408900B270474FF6FE71884294
:10A0F00008D109489C4A09490068002808BF0A4657
:10A100001088F0E70020EEE70548064940F65902BE
:10A11000E6F780FAD8020020100300200E0300208A
:10A12000984302082844020881B000900098006813
:10A1300001B07047E0B50968006801AB4FF4004218
:10A14000F9F73EFD8CBD000083B0029002980090AC
:10A1500041680020019099B1FFE700998868CA68BA
:10A1600002F001010143002818BF0120002A18BF96
:10A170000122002918BF0121114008430190FFE787
:10A18000019800F0010003B07047E0B5002182683B
:10A190000091016801920A69694690478CBD0000F0
:10A1A00081B00090009890F8240000F0010001B008
:10A1B0007047B0B5EBF72CFCB4F9040001280BDBB9
:10A1C000B4F90600012807DB686928B101688A6ACA
:10A1D0002146BDE8B0401047B0BD0000B0B5EBF778
:10A1E00017FCB4F90400012810DBB4F906000128BB
:10A1F0000CDB686928B101680A692146BDE8B040F6
:10A200001047074800680430A84200D0B0BDF1F7FD
:10A21000B3FD0368216862681B6CBDE8B040184755
:10A22000C402002080B5024600208B6810600868D8
:10A230005360C36A08461146984780BD80B582B016
:10A2400001900198009090F82500C00728B1FFE721
:10A250000098016849698847FFE702B080BD82889D
:10A260000B881A444B880A80C28840691A444A8085
:10A2700010B10268D26A10477047000081B00090A8
:10A28000009890F8250000F0010001B07047002010
:10A290007047FCF733BA00002DE9F04F87B0019109
:10A2A000106851681546CDE9040118685968CDE970
:10A2B000020104A8F5F786F802A82946F5F794F8F4
:10A2C000BDF90870BDF81000BDF90A60BDF9142091
:10A2D000BDF90CB0BDF90E5038440092ADF808003D
:10A2E000BDF812003044ADF80A001E48EBF7ADFC93
:10A2F000DFF874A0BDF90820BDF90A30BAF80010E3
:10A3000003FB012200EB420401FB05F0019904EB81
:10A3100040090020A0EB8B08A0EB4B05009816FB32
:10A32000007001EB80074C4515D204EB4B06B4429C
:10A3300005D201CFFBF770F924F8020BF7E7BDF95E
:10A34000141007EB080000EB8107BAF80010601941
:10A3500000EB4104E7E70348EBF767FC07B0BDE813
:10A36000F08F00BF9CB400200C0300201020704729
:10A370007949828D09888A4224BF0020704728309D
:10A3800000F0ACBB80B582B00191F8F79FFB02B042
:10A3900080BD00002DE9FC4104466F48EBF76EFCE0
:10A3A00024BF0020BDE8FC8104F12806304600F0FF
:10A3B000FBFB0546304600F0B3FB8046304600F01C
:10A3C0003BFC0646EBF7D6FC0746EBF752FB296849
:10A3D00032463B46CC69009028464146A047BDE83E
:10A3E000FC8100BF81B000900098283001B0704718
:10A3F0000020704781B00090002001B0704700003D
:10A4000070B50446ED48EBF739FC24BF002070BD61
:10A4100004F1280000F010FC0546EBF7ABFC064603
:10A42000EBF727FB0346206829463246D0F878C070
:10A430002046BDE8704060471CB5044690F83600E1
:10A4400018B3DE48EBF71AFC1FD2B4F90800012854
:10A450001BDBB4F90A00012817DB04F1280000F027
:10A46000EBFBB4F94610002910D4B4F944100029CC
:10A470000CD4A16C814209D1D4E910122068CDE935
:10A48000001202696946204690471CBD2068416958
:10A490002046BDE81C40084782B02DE9F04F9BB034
:10A4A0000546C648CDE924238946A98D0088814206
:10A4B00046D224A805F128071A90384600F074FB0C
:10A4C00006460068816B304688470DF10408044653
:10A4D0004046F3F77DFE3068DDF868A0C16C304679
:10A4E000884783463068016D304688470090404673
:10A4F000494652465B46F2F762FED5F83C90384634
:10A5000000F00EFB0646384600F04EFB034695F879
:10A51000370029893246081A494600B20090404661
:10A52000F6F7AEFAB5F9341000B201FA84F2012A56
:10A5300008DB00FB04F289B2013801FB002404E0CF
:10A54000002402E00028D8BF002420B21BB0BDE8E0
:10A55000F04F02B0704700BFACB400202DE9F04FBF
:10A56000ABB08246CF488B46898D0088814273D23A
:10A570000BF12804204600F017FB074620460794FD
:10A5800000F05AFB04463868816B38468847BBF8B0
:10A590003410069001EB0008DBF83C1012A80029EB
:10A5A00060D0F3F715FE3868C16C38468847064618
:10A5B0003868016D38468847EBF70FFC8146EBF7AA
:10A5C0002EFCCDE9009012A8214632462B46F2F728
:10A5D000EDFDDBF8380040F002010BF10800022924
:10A5E00014BF0BF10A0202461488022908BF0BF1BE
:10A5F0000A0005889BF83760079800F091FABBF9CC
:10A600003410DBF83C20CDE90007A01B0DF1200938
:10A610002B46CDE9021282B212A94846F7F7FEFB9B
:10A62000002600244846F7F7C1FA20B2BDF84240A0
:10A63000A042C8BF0446BDF82000013600285AD009
:10A640009DF84600002856D1387AA5EB080500FA97
:10A6500085F00028E6DC4EE04FF0FF310020CAE92B
:10A660000001A6E0F3F7B4FD3868C16C38468847AE
:10A6700081463868016D38468847EBF7AEFB0646E1
:10A68000EBF7CDFBCDE9006012A821464A462B46E8
:10A69000F2F78CFDDBF83800CDF814A00DF1480975
:10A6A0004FF0000A40F00200022814BF0BF108002E
:10A6B0000BF10A0005880026079800F031FA0346DE
:10A6C0004846394647F6FF72F6F711FA04460FFA84
:10A6D0008AF0A042C8BF044648460136F2F7C7FDDB
:10A6E00038B9387AA5EB0805A24600FA85F00028AB
:10A6F000E2DCDDF814A0BBF8341006FB08F0069A83
:10A70000401A01B210B28142C8BF0846DBF83820B7
:10A71000797A42F00202022A14BF0BF10A020BF10D
:10A720000802B2F900604518DBF80000C16E584617
:10A730008847012807D002280BD19BF83710B0B208
:10A740002144401A07E020B20221301A90FBF1F0B8
:10A7500001E09BF83700FA7A3B7B811A1019DBF88D
:10A7600038201844032A08D0022A0ED0012A14D116
:10A77000BBF808200C46561B04E0BBF80A20014435
:10A780000026541A294605460AE0BBF80A2001446F
:10A79000541BBBF80820561A01E00E46002401465F
:10A7A0000798C1EA054500F047FAC6EA0441CAE93C
:10A7B0000015CAF808002BB0BDE8F08FACB400203B
:10A7C0002DE9F04F8FB00446D148A28D0088824217
:10A7D00065D208684E6804F12805CDE90C062846C4
:10A7E00000F02AFAB4F94620310C002A12D4B4F948
:10A7F0004420002A0ED4A26C82420BD1D4E910016D
:10A80000CDE906010CA806A9F8F76AF9BDF83610DB
:10A81000BDF8346030B2012841DB08B201283EDBCC
:10A82000284600F0C1F9D0B30646206894F8368077
:10A83000D4F83090C16E204688478246D4F838B0AC
:10A84000A78E284600F06CF98DF81D00E06B8DF89E
:10A850002A80ADF82870CDE908B98DF81CA00696BD
:10A860000B9094F837008DF82B00F5F7FFFC0646A7
:10A8700004A82146FFF7D6FC284600F0DDF905467E
:10A88000EBF778FA0746EBF7F4F8DDE9041206ABCC
:10A89000039030468DE8A8000CABF6F7A3F80FB094
:10A8A000BDE8F08FACB4002042697AB1F0B593886E
:10A8B000CC1A09D4008B431E84420ED3C3EBC300D1
:10A8C000EBF799F8002803DD0020F0BD0020704769
:10A8D0000225C41848BF93FBF5F4002602259E42CA
:10A8E000F2DCC4EBC40002EB400087888F42ECD05E
:10A8F00010D9B442E8DD631EC3EBC300EBF77BF86D
:10A900001844A042E0DA9C19B042B8BF94FBF5F0BD
:10A910000446E4E79C42D7DA661CC6EBC600EBF7B8
:10A920006AF8D1D48419F0189C42C8BF90FBF5F4A2
:10A93000D5E7F8B5002631B30A2924D0054642F2FE
:10A940000B0081421FD04FF6FF6081421BD028468A
:10A950001C461746FFF7A8FF064648B92868016954
:10A960002846884701462846FFF79EFF064660B105
:10A9700028683146C26D2846904738602868C16B08
:10A980002846884720703046F8BD0026FBE70021A6
:10A99000416001607047B0B58D6A04460020606078
:10A9A00020602DB1291D2046F8F734F8AD69F8E78D
:10A9B000B0BD90F8252062B3FEB5846A3CB30E6842
:10A9C0004F686D461CB394F82500F0B1211D284650
:10A9D000CDE90067F8F784F8BDF90400012814DB1D
:10A9E000BDF90600012810DBA088BDF80010081A88
:10A9F000BDF80210ADF80000E088081A2946ADF84D
:10AA000002002068826820469047A469DAE7BDE822
:10AA1000FE4070470120704781B000900099C87ACD
:10AA2000497B01F0070140EA012001B07047017A3B
:10AA3000407B00F02002400641EAC20148BF01F518
:10AA40007E4108B27047000082B00190ADF802105C
:10AA5000019ABDF8020041F6A83100FB0120083040
:10AA600002B0704781B00090012001B07047000033
:10AA700082B00190ADF802100198BDF8021000EB11
:10AA80000110083002B0704781B00090012001B081
:10AA90007047000082B00190ADF802100198BDF837
:10AAA000021001EB410100EB8100083002B0704759
:10AAB00081B00090012001B07047000081B000908B
:10AAC000009881884BF2AC40C2F20000028800205E
:10AAD0009142B8BF012001B0704700000B490968DE
:10AAE00079B10B4A8088128890423FBF01EB400049
:10AAF000407800F003007047064807498522E5F7D3
:10AB000089FD064804498422E5F784FDA8B40020A5
:10AB1000ACB40020F735020853490208B5350208E5
:10AB200080B584B00390039802904BF2A840C2F223
:10AB30000000006808B1FFE70AE043F2B550C0F634
:10AB4000020043F26261C0F602019022E5F762FD65
:10AB50004BF2A840C2F2000001680020019019B138
:10AB6000FFE701200190FFE702980199FFF7A6FF98
:10AB700008B1FFE70AE043F2F750C0F6020043F2E3
:10AB80006261C0F602019122E5F744FD02994BF2A1
:10AB9000A840C2F200000068898800EB41004078BC
:10ABA000C0F3810004B080BD80B584B003900398E9
:10ABB00002904BF2A840C2F20000006808B1FFE723
:10ABC0000AE043F2B550C0F6020043F26261C0F6FB
:10ABD00002016C22E5F71EFD4BF2A840C2F2000014
:10ABE00001680020019019B1FFE701200190FFE703
:10ABF00002980199FFF762FF08B1FFE70AE043F20C
:10AC0000F750C0F6020043F26261C0F602016D2205
:10AC1000E5F700FD029A4BF2B040C2F20000006876
:10AC20004BF2A841C2F200010968928811F8121093
:10AC300050F8210004B080BD80B584B00390039823
:10AC400002904BF2A840C2F20000006808B1FFE792
:10AC50000AE043F2B550C0F6020043F26261C0F66A
:10AC600002016022E5F7D6FC4BF2A840C2F20000D8
:10AC700001680020019019B1FFE701200190FFE772
:10AC800002980199FFF71AFF08B1FFE70AE043F2C3
:10AC9000F750C0F6020043F26261C0F60201612281
:10ACA000E5F7B8FC02994BF2B440C2F2000000682C
:10ACB0008988FFF773F804B080BD000081B0009070
:10ACC0000098006801B0704700A070477374643A40
:10ACD0003A6261645F657863657074696F6E0000E5
:10ACE000042100F019B970477047000080B5804713
:10ACF00004A000F0FCFD00F091F90CA000F0F7FDBD
:10AD000000F072F97465726D696E6174655F6861F7
:10AD10006E646C657220756E6578706563746564C9
:10AD20006C792072657475726E6564007465726DFD
:10AD3000696E6174655F68616E646C657220756EC2
:10AD400065787065637465646C7920746872657782
:10AD500020616E20657863657074696F6E00000015
:10AD600080B5804701A000F0C2FD00BF756E657818
:10AD70007065637465645F68616E646C657220758C
:10AD80006E65787065637465646C7920726574753E
:10AD9000726E65640000000040F21000C2F2000014
:10ADA0000068704740F21400C2F20000006870476B
:10ADB00010B500F0AEFA08B104681CB9FFF7ECFF5B
:10ADC000FFF794FF04F12800EDF7CFFB0028F5D042
:10ADD0006069FFF78BFF00F007F9000080B584B0D1
:10ADE00084460698CDF80CC0ADF80A10ADF80820DE
:10ADF000ADF806308DF8050003980438BDF90A1047
:10AE0000BDF90820BDF906309DF805C0EE46CEF824
:10AE100000C0EFF7D5FD04B080BD000080B584B060
:10AE200084460698CDF80CC0ADF80A10ADF808209D
:10AE3000ADF806308DF8050003980438BDF90A1006
:10AE4000BDF90820BDF906309DF805C0EE46CEF8E4
:10AE500000C0EFF7DFFD04B080BD000082B00190BC
:10AE60008DF80310019804389DF9031002B0EFF734
:10AE7000FBBD000080B584B084460698CDF80CC0B8
:10AE80008DF80B108DF80A208DF809308DF8080028
:10AE9000039804389DF90B109DF90A209DF909309B
:10AEA0009DF908C0EE46CEF800C0EFF7EBFD04B008
:10AEB00080BD000082B001908DF803100198043825
:10AEC0009DF9031002B0EFF707BE000081B00090BB
:10AED0000098043801B0EFF735BE000082B0009052
:10AEE00000980190043802B0EFF738BE82B00191AB
:10AEF000009000980838019902B0F3F745BB083874
:10AF000000F008B882B0009000980190083802B0B4
:10AF1000F3F774BBE5F76DBAFFF7FCBF81B00090A3
:10AF2000009800280DD4FFE7009901F01F020120CE
:10AF300090404A094EF20011CEF2000141F8220081
:10AF4000FFE701B0704700004EF60C50CEF2000053
:10AF50000068C0F30220704782B001900091019810
:10AF6000002809D4FFE70098000101994EF2004241
:10AF7000CEF2000288540AE000980001019901F025
:10AF80000F014EF61452CEF200028854FFE702B0D1
:10AF90007047000083B00290029800F00700009014
:10AFA0004EF60C51CEF200010868019001984FF660
:10AFB000FF02104001900198009A40EA022000220E
:10AFC000C0F2FA52104301900198086003B0704734
:10AFD00008461146EEF792B908461146EEF78EB9CB
:10AFE00008461146EEF78AB980B500F017F8FFF76A
:10AFF000DFFEB0B5873020F007042046EDF7D9FA20
:10B00000054630B128462146E5F7E5FB05F180000D
:10B01000B0BDFFF7CDFEFFF7E7FF000070B50546B6
:10B02000EDF7A3FA064600F06FF9044628462838E3
:10B0300000BF7EB1C169002948BF49422268013181
:10B040009042C1611CBF826120606168013961600A
:10B05000C06C70BD2168002902BF206005F1580056
:10B0600070BDFFF7A5FEFFF7BFFF10B5044600F067
:10B070004BF9D4E9001244F64E43C0F24303090AE7
:10B0800083EA122341EA026142F62B32C4F2437290
:10B0900051401943A4F128010AD154F8042C1AB9DB
:10B0A0008368816044F8083C501C44F8040C02E0BA
:10B0B000826812B98160012010BDFFF779FEFFF7A9
:10B0C00093FF00002DE9F04F87B020B90020FFF773
:10B0D000A5FFFFF76DFE0546FFF7A0FF2846EDF739
:10B0E00044FA074640B16C6B55E9060BEE6AA5F1D0
:10B0F000280A4FEAE47806E0FFF74EFE83464FF059
:10B10000000AFFF74FFEFFF72BFEFFF787FF002F28
:10B1100067D016F8011B06A80696EDF751FC0698B5
:10B120000178FF295FD0CDE9034800F10108002034
:10B130004FF0000918F9011B01F07F02824049EA33
:10B140000209002900F10700F4D4CDF8188000F0BE
:10B15000E0F806680746002E45D006F12804204690
:10B16000EDF703FAB6EB0A0118BF01210840C84405
:10B17000DDF8109001281DD1D6F808A0204603C89C
:10B1800000BF42F60132C4F22B32504044F647620F
:10B19000C4F24C325140084314BF06F1800CD6F87B
:10B1A00004C00398494642465346CDE900C5EDF731
:10B1B000DFFC60B343F29040C0F6020000F10806E5
:10B1C000059642F29413039805AFC0F60203494670
:10B1D0004246CDE90075EDF7CBFC38B105A8AFF3D9
:10B1E000008000F046F85846FFF780FD00F041F877
:10B1F0000420FFF7FEFE066042F294114AF6E74291
:10B20000C0F60201C0F6010200F0F1F80EE0F069AC
:10B2100079684042F061481C786000F02AF800F03C
:10B2200028F82046FFF7FAFE00F0B4F805A8AFF3BF
:10B23000008001E000E0FFE700F01BF800F058F8A4
:10B24000FFF7D2FE10B578B1044650F87C0C0138F7
:10B2500044F87C0C08D154F8741C09B12046884786
:10B26000A4F18000EDF795F910BDFFF7BDFEFFF7E3
:10B27000BBFEB0B500F04DF805460068D0B1014600
:10B2800051F8282F44F64E444B68C0F24304120A8A
:10B2900084EA132442EA036242F62B33C4F2437376
:10B2A0005A40224307D1C169B1F1FF3F09DD01399D
:10B2B000C1610BD0B0BD0846ECF711FA0020286040
:10B2C000B0BD0131C161F5D38069F8E781692960BA
:10B2D00090F82810012905D14168A1F18004EDF70B
:10B2E00058F920468030BDE8B040FFF7ABBF000002
:10B2F0001EB47446EDF701FCA646024CA4461EBCE3
:10B3000060470000C17700084BF25820C2F20000ED
:10B3100070474BF25820C2F200007047F0B581B080
:10B320000646A0F18007002014460D4646F87C0C26
:10B33000FFF738FD46F8700CFFF72EFD46F86C0C51
:10B3400044F6476042F6003148F65B32C4F24C30B6
:10B35000C4F22B31C0F6000246E91E5446E916102D
:10B36000384646F8502C01B0F0BD000080B501A071
:10B3700000F0BDFA50757265207669727475616C63
:10B380002066756E6374696F6E2063616C6C6564B2
:10B390002100000070B5FFF7B7FF05682DB32C46FC
:10B3A00054F8281F44F647636268C4F24C335A408D
:10B3B00042F6003321F0FF01C4F22B33594051EA29
:10B3C000020606D1E96942684942E961511C4160BF
:10B3D00001E0002101602046ECF7B6F92046FFF7B6
:10B3E0001DFE16B96869FFF781FCFFF7E1FC70B537
:10B3F00014460D460646FFF787FF41682246013195
:10B40000416030462946FFF789FF0446012060600D
:10B4100004F12800ECF798F92046EDF78EFA0000C9
:10B4200080B582B0ECF740FC4DF64421C2F2000139
:10B4300001910860ECF79AFC01994860ECF7D2FBA7
:10B4400001998860ECF7C2FD0199C860ECF7F0FC47
:10B4500001990861ECF752FD01994861ECF71AFE79
:10B460000199886102B080BD80B582B04AF2903007
:10B47000C2F200000190EFF709FC01994AF6C540BD
:10B48000C0F6000040F20002C0F60002E5F7BCF88A
:10B4900002B080BD80B582B040F24030C2F2000000
:10B4A0000190F3F76DFE01994FF23520C0F60000D0
:10B4B00040F20002C0F60002E5F7A6F802B080BD37
:10B4C00080B582B04AF29430C2F200000190F0F7E9
:10B4D000EFF901994BF65910C0F6000040F2000256
:10B4E000C0F60002E5F790F802B080BD80B582B0EA
:10B4F0004BF2CC10C2F200000190FCF7F7F8019972
:10B5000047F21570C0F6010040F20002C0F60002DA
:10B51000E5F77AF802B080BD80B54AF62970C0F62A
:10B52000000040F20401C2F2000140F20002C0F645
:10B530000002E5F769F880BD80B584B069464FF434
:10B54000A0704860F02008604BF23410C2F2000096
:10B5500003904AF29431C2F200014BF2CC12C2F2D3
:10B5600000024AF29033C2F20003EDF759FD03994D
:10B5700049F28D00C0F6000040F20002C0F6000261
:10B58000E5F742F804B080BD2DE9F04385B00746E9
:10B59000884602A8394699461546ECF7CAFF039E2D
:10B5A000294630460022ECF7FFFE029C58B1049E6B
:10B5B0003846214642462B46CDE90069ECF74FFF5D
:10B5C00005B0BDE8F083384621462A463346CDF81B
:10B5D0000090ECF77AFF10B105B0BDE8F083384673
:10B5E000214642462B46CDE90069ECF7F2FE05B054
:10B5F000BDE8F08380B5084600F06DF90921002808
:10B6000008BF0521013818BF084680BD2DE9F0416B
:10B610008CB0074600294FF0030000F086801546E5
:10B62000002A00F0828008460C46ECF79EFF27F0C7
:10B63000080102295DD00646012907F0080727D036
:10B64000002943D1002F54D102A8012132462346BC
:10B650000095ECF7C3FF089808284AD0062864D163
:10B6600000200B900BAF284600210D2200230097ED
:10B67000ECF7C2F80B98206246B10798029904AF24
:10B6800004F1240C8CCF8CE88D00616306204CE023
:10B690000020D4F8208002900DF1080C28460021EB
:10B6A0000D220023CDF800C0ECF7A6F802988045E3
:10B6B0000ED156B304F124078FCF079004A80EC013
:10B6C000F817CDE902700620089028E003202CE04E
:10B6D00047F0020102A8324623460095ECF77EFFB0
:10B6E0000898082805D006281FD12046FFF7BDFC82
:10B6F00015E020462946FFF77DFF0146052818BFC3
:10B700000920002908BF08200FE002A80621002216
:10B7100023460095ECF762FF0898062808D102AA94
:10B7200020462946EDF711F907200CB0BDE8F0815D
:10B730002046FFF773FCFFF73BFB000080B582B0AB
:10B7400001908DF80310FFE70198E9F779FE08B939
:10B75000FFE7F9E701989DF80310E9F779FE02B0D9
:10B7600080BD70B5054600681446426928460E46FD
:10B77000904740B128683146826928469047C4E91D
:10B780000001002070BD4EF27260CFF6FF7070BDF8
:10B7900010B502680C46526A904761680020002983
:10B7A00004BF4EF26B60CFF6FF7010BD70B505465A
:10B7B00000681446826828460E46904738B12868CB
:10B7C0003146C268284690472060002070BD4EF286
:10B7D0007260CFF6FF7070BDB0B5044643F24840CA
:10B7E000C0F602004BF2B8420830C2F20002C4E9CF
:10B7F000000204F1080000254022A4F84C5084F80F
:10B800004E50E4F747FF04F150004FF49971A564DE
:10B81000E4F7E1FF20460021FCF7EBFE0020B0BD7D
:10B8200080B50168896A88474EF27460CFF6FF7070
:10B8300080BD0168C96B08472DE9F04105460068E5
:10B8400016464269284698460F46904748B12868F0
:10B850003946C469284632464346A0470020BDE821
:10B86000F0814EF27260CFF6FF70BDE8F08170B5E6
:10B870008AB0044600681646826820460D46904706
:10B8800018B3206829460369204632469847681C49
:10B8900019D120686946426A2046904720680021F5
:10B8A000426B20469047049868B120686FF0010110
:10B8B000C268204690472168049A0B6902442046DA
:10B8C0006FF001019847002003E04EF27260CFF65E
:10B8D000FF700AB070BD01680A6A002110470000BD
:10B8E00080B582B00190E7F799F9FFE7FEE780B5F0
:10B8F000E5F718FB80B582B08DF80700E6F73CFB52
:10B900000021084600F062F80A20009000F092F949
:10B910000120FF2100F05AF8009800F08BF9022076
:10B92000E02100F053F8009800F084F90321084664
:10B9300000F04CF8009800F07DF99DF80710052004
:10B94000EBF748F8009800F075F99DF8071006200D
:10B95000EBF740F8009800F06DF99DF8071007200C
:10B96000EBF738F8009800F065F99DF8071008200B
:10B97000EBF730F8009800F05DF99DF8071009200A
:10B98000EBF728F8009800F055F9E6F78FF902B0C8
:10B9900080BD000080B584B0ADF80E000020C4F278
:10B9A00002000190102102910022E7F795FB9DF81B
:10B9B0000F0000F075F89DF80E0000F071F8019886
:10B9C00002990122E7F788FB04B080BD80B584B0FE
:10B9D0008DF80F008DF80E100020C4F202000190C7
:10B9E000102102910022E7F777FB9DF80F0040003D
:10B9F0000130C0B200F054F89DF80E0000F050F88D
:10BA0000019802990122E7F767FB04B080BD0000AE
:10BA100080B584B0002202928DF80F200020C4F27D
:10BA200002001021E7F758FB02988DF80E00FFE79F
:10BA30009DF80E0007282FDCFFE79DF80F0040005F
:10BA40008DF80F000020C4F2020001902021012295
:10BA5000E7F742FB01984021E7F716FB38B1FFE713
:10BA60009DF80F0040F001008DF80F0006E09DF8F2
:10BA70000F0000F0FE008DF80F00FFE70020C4F279
:10BA8000020020210022E7F727FBFFE79DF80E00C8
:10BA900001308DF80E00CBE79DF80F0004B080BD9B
:10BAA00080B584B08DF80F009DF80F008DF80E0062
:10BAB0000020C4F20200102100220292E7F70CFBE2
:10BAC00002988DF80D00FFE79DF80D00072830DC87
:10BAD000FFE79DF80E000006002808D5FFE70020CC
:10BAE000C4F2020080210122E7F7F6FA07E0002005
:10BAF000C4F2020080210022E7F7EEFAFFE70020FF
:10BB0000C4F202000090202101910122E7F7E4FA3B
:10BB1000009801999DF80E2052008DF80E20002209
:10BB2000E7F7DAFAFFE79DF80D0001308DF80D0018
:10BB3000CAE704B080BD000080B54DF25460C2F287
:10BB4000000002F0F1FF0620FFF7D4FE80BD03687D
:10BB5000002B08D401230B60C1790423043003EBCC
:10BB6000810111607047C3F3036CBCF1000F0FD06B
:10BB7000BCF1030F04D0BCF1010F1CBF00207047C3
:10BB8000C3F3074C042303EB8C034FF0020C02E0D9
:10BB90004FF0010C04231360C1F800C0704700008F
:10BBA00080B582B0ADF806000420E8F7FBFBBDF8D5
:10BBB00006004DF21041C2F200010860BDF8060017
:10BBC000009000984FF47A71484300904EF21001B3
:10BBD000CEF20001086840F00200086000984EF2C2
:10BBE0001402CEF200021060086840F00100086004
:10BBF00002B080BD80B582B0019004F04BFA0128FC
:10BC000004D0FFE7019803F03FFA11E00020009014
:10BC1000FFE700980199884209D2FFE74FF47A7054
:10BC200000F008F8FFE7009801300090F1E7FFE727
:10BC300002B080BD86B00590002001904EF2140045
:10BC4000CEF200000068009005984DF21041C2F25B
:10BC500000010968484304904EF21800CEF200003B
:10BC600000680390FFE74EF21800CEF20000006873
:10BC700002900298039988421ED0FFE70298039928
:10BC8000884207D2FFE703980299411A01980844B5
:10BC9000019008E000980299401A03990144019824
:10BCA00008440190FFE702980390019804998842A4
:10BCB00001D3FFE701E0FFE7D5E706B070470000DA
:10BCC00080B582B00190009100984DF2AC31C2F283
:10BCD0000001884209D1FFE79DF8041041F20000FD
:10BCE000C4F20100FFF72AFD11E000984DF258312F
:10BCF000C2F20001884209D1FFE79DF8041041F229
:10BD00000000C4F20100FFF719FDFFE7FFE701980B
:10BD100002B080BD80B582B04DF63820C2F200007E
:10BD200069464860022008604EF27560C0F6010066
:10BD300043F62161C0F602018022002304F020F9BD
:10BD400003F06EFB02B080BD80B582B001909DF81B
:10BD500004104DF20040C2F20000E6F723F902B0F1
:10BD600080BD000081B08DF8030001208DF8020035
:10BD7000FFE79DF80300C00758B9FFE79DF80200F0
:10BD800001308DF802009DF8030040088DF8030093
:10BD9000EFE79DF8020001B07047000000000000CE
:10BDA00080B584B0ADF80E008DF80D109DF80D0033
:10BDB000E8B9FFE7BDF80E0005F078FC41EC100B88
:10BDC0009FED251B53EC112B51EC100B05F082FC61
:10BDD00041EC100B51EC100B9FED210B53EC102B91
:10BDE00005F094FA41EC100B8DED000B2EE0BDF840
:10BDF0000E0005F05BFC41EC100B9FED1B1B53ECA0
:10BE0000112B51EC100B05F065FC41EC100B51ECC3
:10BE1000100B9FED130B53EC102B05F077FA41EC50
:10BE2000100B51EC100B9FED120B53EC102B05F087
:10BE300051FC41EC100B51EC100B05F0C3FB05F06D
:10BE40001EFC41EC100B8DED000BFFE79DED000B90
:10BE500004B080BD00BF00BF9A9999999999494053
:10BE600000000000E0FFEF40000000000000244060
:10BE70000000000000408F4082B001900199002036
:10BE8000009041B1FFE70198411E0840B0FA80F0F0
:10BE900040090090FFE7009800F0010002B07047F1
:10BEA00082B0019001990020009041B1FFE7019814
:10BEB000411E0840B0FA80F040090090FFE700986A
:10BEC00000F0010002B0704782B001900198C0F10B
:10BED000140000900098152803DBFFE71420009061
:10BEE00009E0009810F1150F04DCFFE76FF0130074
:10BEF0000090FFE7FFE79DF9000002B070470000E7
:10BF000080B582B08DF803009DF80300012807D1A9
:10BF1000FFE740F21801C2F2000101200870FFE7BC
:10BF200040F21800C2F200000078002800F00381FF
:10BF3000FFE741F20000C4F202000821E7F7A4F88D
:10BF4000002861D0FFE70020C4F202004FF4004156
:10BF5000E7F79AF8002857D0FFE740F20040C4F214
:10BF600002004FF40061E7F78FF800284CD0FFE79C
:10BF700040F20040C4F202004FF48061E7F784F819
:10BF8000002841D0FFE70020C4F202004FF4807186
:10BF9000E7F77AF8012837D0FFE740F60000C4F24F
:10BFA00002004FF40071E7F76FF801282CD0FFE78B
:10BFB00040F60000C4F202004FF48071E7F764F825
:10BFC000012821D0FFE741F20000C4F202008021E5
:10BFD000E7F75AF8012817D0FFE741F20000C4F252
:10BFE00002004FF48071E7F74FF801280CD0FFE70B
:10BFF00041F20000C4F202004FF40071E7F744F888
:10C00000012840F09880FFE70A20E6F73DFE40F265
:10C010001801C2F200010020087041F20000C4F2D1
:10C0200002000821E7F730F818B9FFE70120019076
:10C03000F0E00020C4F202004FF40041E7F724F8DA
:10C0400018B9FFE702200190E4E040F20040C4F29A
:10C0500002004FF40061E7F717F818B9FFE7032073
:10C060000190D7E040F20040C4F202004FF480613A
:10C07000E7F70AF818B9FFE704200190CAE00020AA
:10C08000C4F202004FF48071E6F7FEFF012803D1ED
:10C09000FFE705200190BDE040F60000C4F2020079
:10C0A0004FF40071E6F7F0FF012803D1FFE7062007
:10C0B0000190AFE040F60000C4F202004FF480713E
:10C0C000E6F7E2FF012803D1FFE707200190A1E096
:10C0D00041F20000C4F202008021E6F7D5FF0128FA
:10C0E00003D1FFE70820019094E041F20000C4F280
:10C0F00002004FF48071E6F7C7FF012803D1FFE784
:10C100000920019086E041F20000C4F202004FF4E1
:10C110000071E6F7B9FF012803D1FFE70A2001907B
:10C1200078E0FFE7FFE7FFE7FFE7FFE7FFE7FFE76D
:10C13000FFE7FFE76BE041F20000C4F202000821D4
:10C14000E6F7A2FF012861D1FFE70020C4F2020058
:10C150004FF40041E6F798FF012857D1FFE740F27E
:10C160000040C4F202004FF40061E6F78DFF0128A1
:10C170004CD1FFE740F20040C4F202004FF480616E
:10C18000E6F782FF012841D1FFE70020C4F2020058
:10C190004FF48071E6F778FFC0BBFFE740F6000080
:10C1A000C4F202004FF40071E6F76EFF70BBFFE7C8
:10C1B00040F60000C4F202004FF48071E6F764FF1D
:10C1C00020BBFFE741F20000C4F202008021E6F745
:10C1D0005BFFD8B9FFE741F20000C4F202004FF460
:10C1E0008071E6F751FF88B9FFE741F20000C4F221
:10C1F00002004FF40071E6F747FF38B9FFE740F25D
:10C200001801C2F2000101200870FFE7FFE70020DB
:10C210000190FFE7019802B080BD000080B588B0B2
:10C22000002003908DF81E008DF81D0040F60000E0
:10C23000C4F2020005900F2104910122E6F74CFFA1
:10C24000039A0598F021E6F747FF0498E6F71CFDEE
:10C250000598E5F79FFE00F0F0008DF81D009DF8B1
:10C260001D0020B9FFE700208DF81F005FE09DF85A
:10C270001D00102813D0FFE79DF81D0020280ED0C8
:10C28000FFE79DF81D00402809D0FFE79DF81D003D
:10C29000802804D0FFE700208DF81F0047E040F61B
:10C2A0000000C4F2020002900F2101910022E6F783
:10C2B00013FF0298F0210122E6F70EFF0198E6F73E
:10C2C000E3FC0298E5F766FE00F00F008DF81E0013
:10C2D0009DF81E00012813D0FFE79DF81E000228DC
:10C2E0000ED0FFE79DF81E00042809D0FFE79DF857
:10C2F0001E00082804D0FFE700208DF81F0016E07C
:10C300009DF81D00FFF72EFD04388DF81C009DF8E8
:10C310001E00FFF727FD8DF81B009DF81C109DF8EF
:10C320001B0000EB810004388DF81F00FFE79DF82B
:10C330001F0008B080BD000080B5E6F7F7FEB4200E
:10C34000FFF72EFCEAF78AFBE9F7FAF8E9F7C6F8F7
:10C35000E9F7EAFAE9F786F8E9F796F8E9F772FA01
:10C36000E9F798FAE9F7D6FAFFF7E6FBFFF7D2FC10
:10C37000002080BD80B588B007900798806A08B912
:10C38000FFE7C8E00798406A0690FFE70698C06894
:10C3900006990969884200F0BE80FFE70698C168E7
:10C3A000069A526811400844007D8DF817009DF8E8
:10C3B000170008B9FFE7AEE00698C068069909695A
:10C3C000884205D9FFE70799486B01304863A2E02E
:10C3D0000698C06806994968084002900698C068A7
:10C3E0009DF81710084406994968084001909DF887
:10C3F000170004380699CA680232069B5B681A4027
:10C400001144097D88420FD0FFE79DF81720069957
:10C41000C8681044C8600799886A0138886207991B
:10C42000486B01304863B1E70198029988423AD2DB
:10C43000FFE79DF817000799C969884223D8FFE7ED
:10C4400007988069069A029BD11814311268D21A93
:10C45000E4F720F907988069069951F8142B029B9C
:10C46000D21A1044019AE4F715F9079880694078C8
:10C470008DF816009DF8170004380390079880691E
:10C48000033004900EE09DF817200699C868104408
:10C49000C8600799886A013888620799486B01303B
:10C4A000486373E71CE00698C1680131069A526838
:10C4B00011400844007D8DF816000698C1680231CD
:10C4C000069A526811400844007D03900698C1689E
:10C4D0000331069A52681140084414300490FFE773
:10C4E0000798006840B1FFE70798036803989DF834
:10C4F0001610049A9847FFE70799086B0130086304
:10C500009DF817200699C8681044C8600799886A82
:10C51000013888623AE708B080BD000084B003901B
:10C5200002910398406A019000200090FFE7009874
:10C530000299884280F08A80FFE703988069009919
:10C54000405C8F280BD1FFE7039890F82000C007CC
:10C5500028B9FFE70399012081F8200072E00198D3
:10C56000407AC00778B1FFE701980169019A5268E3
:10C570001140014400200875019A116901311161CF
:10C5800001994872FFE7039880690099405C01991E
:10C590000A69019B5B681A40114408750199086992
:10C5A000013008610199087A013008720199086820
:10C5B0000969019AD268891A88420ED1FFE7019968
:10C5C0000020C86001990861039988620199087286
:10C5D0000399C86B0130C863FFE7039890F8200007
:10C5E000C00728B1FFE70399002081F8200029E067
:10C5F000039880690099405C7F2818D1FFE7019972
:10C60000087A0130D1F810C0019B1A7AD2436244F3
:10C610005B681A401144087501990020087201995D
:10C62000012048720399886A01308862FFE7039904
:10C63000886A896B884204D9FFE70399886A88630E
:10C64000FFE7FFE700980130009070E704B0704703
:10C6500080B584B000200190FFE7019801282DD813
:10C66000FFE701994DF28C70C2F2000050F82100F2
:10C670000390039808B9FFE71CE00398806808B9A5
:10C68000FFE717E00398406A08B9FFE712E0039854
:10C69000FFF770FE039A90689169D26902F0A0F9E1
:10C6A0000290029808B9FFE704E003980299FFF7A7
:10C6B00035FFFFE7019801300190CEE704B080BD5F
:10C6C00080B584B003904DF25460C2F20000029035
:10C6D00001F06CFB4DF6C541C0F60101012001904F
:10C6E00000F060F80198029980231A4600F008F8DB
:10C6F000FFE7FFF7ADFF0A2002F0C6FCF9E70000F4
:10C7000080B586B0059004910392029305980228A3
:10C7100001D3FFE743E00298FFF7AEFB08B9FFE75C
:10C720003DE005994DF28C70C2F2000050F82100F6
:10C7300098B9FFE740200090E3F72CFE00990246ED
:10C74000059B4DF28C70C2F2000040F82320059A40
:10C7500050F82200E4F73FF8FFE705994DF28C709E
:10C76000C2F2000050F821000190049801998860FD
:10C770000398E3F70FFE019988610198806908B971
:10C78000FFE70CE003980199C861029800F068F98E
:10C79000019948620198406A08B9FFE7FFE706B0CF
:10C7A00080BD000080B584B00390029103980228F8
:10C7B00001D3FFE725E003994DF28C70C2F200002F
:10C7C00050F8210098B9FFE740200190E3F7E2FD1F
:10C7D00001990246039B4DF28C70C2F2000040F8B2
:10C7E0002320039A50F82200E3F7F5FFFFE70298B1
:10C7F000039A4DF28C71C2F2000151F822100860C8
:10C80000FFE704B080BD000080B586B005900491BC
:10C8100003920598022801D3FFE746E005994DF2FF
:10C820008C70C2F2000050F8210098B9FFE7402058
:10C830000190E3F7AFFD01990246059B4DF28C7024
:10C84000C2F2000040F82320059A50F82200E3F7D6
:10C85000C2FFFFE705994DF28C70C2F2000050F85C
:10C86000210002900498029948600298C06828B19B
:10C87000FFE70298C068E3F7BCFDFFE70398E3F722
:10C8800089FD0299C8600298C06808B9FFE70CE00A
:10C890000398029908610298406930B9FFE70120C6
:10C8A00002F0FAFE02994861FFE706B080BD000081
:10C8B00080B58AB00990089107920693079818B13D
:10C8C000FFE7069808B9FFE7C8E00998022801D3F6
:10C8D000FFE7C3E009994DF28C70C2F2000050F8F6
:10C8E000210008B9FFE7B9E009994DF28C70C2F256
:10C8F000000050F8210005900598406820B1FFE73E
:10C900000598C06808B9FFE7A8E0059840694FF0AE
:10C91000FF3103F003FA0598006906990531884252
:10C9200013D8FFE70598C06806994900E3F788FD2A
:10C930000490049808B9FFE790E004980599C8604E
:10C9400006984000059908611CE0069800EB40003D
:10C95000093005990969884213D8FFE70599C86825
:10C9600009694908E3F76CFD0390039808B9FFE7EC
:10C9700074E003980599C860059908694008086142
:10C98000FFE7FFE70598C068029000200190099A30
:10C99000089941EA0211029A019BD154019901318F
:10C9A00001910699029A019BD1540199013101919B
:10C9B0000090FFE700980699884222D2FFE7079887
:10C9C0000099405C7F2806D0FFE707980099405CFB
:10C9D0008F2808D1FFE70299019A8F208854019887
:10C9E00001300190FFE707980099405C0299019A95
:10C9F0008854019801300190FFE7009801300090C1
:10CA0000D8E70299019A7F2088540198013001905B
:10CA100005984068806B58B1FFE705984068029917
:10CA2000019A02F03BF80598406801F0FDFF09E02B
:10CA3000059840680299BDF804204FF6FF73E8F7A7
:10CA4000F3FBFFE70599C86A0130C86205984069A1
:10CA5000002319461A4602F0DBFEFFE70AB080BD4C
:10CA600080B584B0029002981430E3F793FC0190F3
:10CA7000019818B9FFE70020039011E0029801998E
:10CA80000860029801380199486001990020C86047
:10CA90000199086101990120487201980390FFE70C
:10CAA000039804B080BD000081B000900098013868
:10CAB0000090009840EA50000090009840EA9000F2
:10CAC0000090009840EA10100090009840EA102072
:10CAD0000090009840EA104000900098013001B0AA
:10CAE0007047000080B588B0079006914DF6783009
:10CAF000C2F20100006804904DF2A070C2F2000082
:10CB0000006803904DF2A870C2F200000068029025
:10CB10004DF29870C2F200000268002182F85910AC
:10CB20000068043002F0E0F888B9FFE74DF2987031
:10CB3000C2F200000068C16A012000FA01F24DF65D
:10CB40007C21C2F2010108689043086000E0FFE721
:10CB50000798013028BBFFE7069810B3FFE7FFE70F
:10CB60004DF65031C2F2010148680190019A4DF230
:10CB70009870C2F2000003689A60019A9268036894
:10CB8000DA6002680432019B9B685A6002680432D2
:10CB9000019B9A6000684161086801300860FFE706
:10CBA00035E0049807990844059005984DF298716E
:10CBB000C2F20001096848600598049988420AD2C7
:10CBC000FFE702984DF29871C2F200010968043142
:10CBD00002F0F2F81AE003984DF29871C2F20001E7
:10CBE0000968043102F0E8F805984DF6DC21C2F23C
:10CBF00001010968884207D2FFE705984DF6DC215C
:10CC0000C2F20101086000E0FFE7FFE7FFE708B0BC
:10CC100080BD000080B582B0019002F02BF94DF686
:10CC20006C21C2F201010868013008604DF2987071
:10CC3000C2F20000006898B9FFE701984DF29871C0
:10CC4000C2F2000108604DF66C20C2F201000068DB
:10CC5000012803D1FFE700F083FB00E0FFE71CE0C1
:10CC60004DF64430C2F201000068A0B9FFE74DF272
:10CC70009870C2F200000068C06A0199C96A8842CF
:10CC800007D8FFE701984DF29871C2F200010860E1
:10CC900000E0FFE700E0FFE7FFE74DF67820C2F293
:10CCA0000100016801310160006801994864FFE7F3
:10CCB0000198C16A012000FA01F24DF67C21C2F20E
:10CCC0000101086810430860FFE70198C06A00EBA3
:10CCD00080004DF2B071C2F2000101EB80004068AB
:10CCE00000900098019A906000988068019AD06046
:10CCF00001980430009A9268506001980430009ABC
:10CD00009060019AD06A00EB800001EB80005061D6
:10CD10000198C06A00EB800251F82200013041F80E
:10CD20002200FFE7FFE702F0BDF84DF64430C2F203
:10CD300001000068D8B1FFE7FFE74DF29870C2F23A
:10CD400000000068C06A0199C96A88420CD2FFE7F6
:10CD50004EF60451CEF200014FF080500860BFF350
:10CD60004F8FBFF36F8F00E0FFE7FFE700E0FFE7C3
:10CD700002B080BD80B582B002F07CF84DF67C3008
:10CD8000C2F201000068B0BBFFE74DF68020C2F29E
:10CD90000100009001F0F0FF4DF69420C2F2010076
:10CDA000019001F0E9FF009901984DF29C72C2F2E6
:10CDB000000211604DF2AC71C2F200010860052062
:10CDC0001021002202F07CFC01464DF67C30C2F2BC
:10CDD00001000160006860B1FFE74DF67C30C2F2EF
:10CDE0000100006843F64061C0F6020102F0CCF891
:10CDF00000E0FFE700E0FFE702F054F802B080BD7A
:10CE000080B582B0FFE74DF67020C2F201000068E5
:10CE100008B3FFE702F02EF84DF66430C2F20100CD
:10CE2000C068C06801900198043001F05DFF4DF6C4
:10CE30006C21C2F201010868013808604DF67021CA
:10CE4000C2F2010108680138086002F02BF801986D
:10CE500000F01EF9D7E702B080BD000080B582B0B7
:10CE6000019000910198006CB8B1FFE70199C86882
:10CE70000A6C1044C86001988168C068884204D375
:10CE8000FFE701990868C86000E0FFE70098019A91
:10CE9000D168126CE3F7FEFBFFE702B080BD000033
:10CEA00080B586B005900491039200200290059809
:10CEB000806B01900598006C78B9FFE705980068D1
:10CEC00048B9FFE70598806803F032FA02900599A7
:10CED0000020886000E0FFE741E00398B8B9FFE771
:10CEE000059A04995068126CE3F7D4FB05994868D9
:10CEF0000A6C10444860059948688968884204D3E0
:10CF0000FFE705990868486000E0FFE726E0059A1A
:10CF10000499D068126CE3F7BDFB0599C8680A6CE8
:10CF2000801AC86005980168C068884206D2FFE789
:10CF3000059988680A6C801AC86000E0FFE70398CA
:10CF4000022809D1FFE7019820B1FFE701980138D5
:10CF5000019000E0FFE700E0FFE7FFE7FFE701984F
:10CF6000013005998863029806B080BD80B58AB00B
:10CF700001200990002003900290FFE702980F28FB
:10CF800013DCFFE7029A43F63B60C0F60200815CC7
:10CF900004A881540299405C08B9FFE705E0FFE767
:10CFA000FFE7029801300290E8E700200890FFE7D1
:10CFB0000898002820DCFFE74DF2C110C0F6010000
:10CFC00003900398089A4DF6D421C2F2010101EBB7
:10CFD000820269464A6000230B6004A9802202F0A5
:10CFE000CFFF0990099808B9FFE705E0FFE7FFE7E1
:10CFF000089801300890DBE709980AB080BD00006E
:10D0000070B58AB0DDF83CC0DDF838C009900891F1
:10D01000ADF81E200693BDF81E00800000F046FD0E
:10D0200004900498A0B1FFE75C2000F03FFD05905C
:10D03000059840B1FFE705985C21E3F7AAFB049847
:10D040000599086303E0049801F040FFFFE702E060
:10D0500000200590FFE70598B0B1FFE7099808990F
:10D06000BDF81E20069BDDF838C00F9C059DEE46DE
:10D070000026CEF80C60CEF80850CEF80440CEF86A
:10D0800000C000F0F7F8FFE705980AB070BD000097
:10D0900080B582B001900198006B01F017FF0198F4
:10D0A00001F014FF02B080BD82B001900198406A87
:10D0B00038B1FFE70198006B0068C0F120000090D4
:10D0C00002E000200090FFE7009802B070470000E7
:10D0D00082B001904DF29C70C2F2000000680068BE
:10D0E000B0FA80F04009019908600198006848B9D9
:10D0F000FFE74DF29C70C2F200000068C068006853
:10D10000009002E000200090FFE7009802B0704716
:10D1100084B04FF6FF7000904DF66020C2F2000020
:10D1200001909DF80400400788B1FFE7019807309F
:10D130000190019820F007000190019A4DF66021BE
:10D14000C2F200010098891A08440090FFE7019894
:10D15000029002994DF64830C2F2010001600021B0
:10D1600041600298009A104401900198083801909B
:10D17000019820F007000190019A4DF2A470C2F2CC
:10D180000000026002685160026811600299039118
:10D190000199039A891A51600068039908600398FD
:10D1A00040684DF6D821C2F201010860039840683A
:10D1B0004DF6D021C2F20101086004B070470000B2
:10D1C00080B582B00190FFE7FFF71AFE4DF2B07014
:10D1D000C2F20000006802280CD3FFE74EF60451AB
:10D1E000CEF200014FF080500860BFF34F8FBFF3C5
:10D1F0006F8F00E0FFE7E7E780B582B0019001980C
:10D2000068B1FFE7019800238360019803600198EB
:10D21000C360019819461A4602F0FAFA00E0FFE7E7
:10D2200002B080BD80B584B0DDF818C003900291D3
:10D2300001928DF80330029818B9FFE70698006054
:10D2400003E0019806990860FFE703980699C86310
:10D250000298069908640698012102F071FA9DF877
:10D260000300069981F8500006990020886404B0F4
:10D2700080BD000080B586B0DDF82CC0DDF828C088
:10D28000DDF824C0DDF820C005900491ADF80E2033
:10D2900002930A98006BBDF80E108900A522E3F7EF
:10D2A00070FA0A98006BBDF80E1000EB810004388C
:10D2B0000190019820F0070001900498F8B1FFE771
:10D2C00000200090FFE700980F2813D8FFE704988C
:10D2D000009A805C0A99114481F8340004980099FE
:10D2E000405C08B9FFE705E0FFE7FFE70098013081
:10D2F0000090E8E70A99002081F8430000E0FFE78A
:10D300000898202803D3FFE71F20089000E0FFE7DC
:10D3100008980A99C86208980A99C8640A9804305B
:10D3200001F042FD0A98183001F03EFD0A980061B4
:10D330000898C0F120000A9988610A984062019813
:10D340000599029A00F08EFC0A990860099820B1AC
:10D35000FFE70A980999086000E0FFE706B080BD82
:10D3600080B584B000200390FFE703981F2810D8F1
:10D37000FFE7039800EB80014DF2B070C2F20000AD
:10D3800000EB810001F0F8FCFFE703980130039007
:10D39000EBE74DF6A820C2F20100019001F0ECFC91
:10D3A0004DF6BC20C2F20100029001F0E5FC4DF602
:10D3B000F020C2F2010001F0DFFC4DF66430C2F251
:10D3C000010001F0D9FC4DF65030C2F2010001F02D
:10D3D000D3FC019902984DF2A072C2F200021160D2
:10D3E0004DF2A871C2F20001086004B080BD0000D7
:10D3F00083B002904DF64830C2F201000190FFE781
:10D40000019800680299884205D2FFE7FFE701987A
:10D4100000680190F4E7019800900098019949682C
:10D4200008440299884209D1FFE7029842680199AD
:10D430004868104448600198029000E0FFE70298B5
:10D440000090009802994968084401990968884247
:10D4500020D1FFE7019800684DF2A471C2F20001EB
:10D46000096888420DD0FFE7019800684268029978
:10D470004868104448600198006800680299086094
:10D4800007E04DF2A470C2F2000000680299086043
:10D49000FFE704E00198006802990860FFE701983F
:10D4A0000299884204D0FFE702980199086000E0E1
:10D4B000FFE703B07047000080B586B00590049187
:10D4C0000392029300200190049805994860059802
:10D4D000006104980399884216D8FFE703980299DF
:10D4E000401A05998969884203D3FFE7012001901A
:10D4F00009E04DF2AC70C2F20000006805990431F9
:10D5000001F05AFCFFE717E003980299884208D21D
:10D51000FFE704980299884203D3FFE701200190B6
:10D5200009E04DF29C70C2F20000006805990431D8
:10D5300001F042FCFFE7FFE7019806B080BD000064
:10D5400080B582B0019001F095FC0198806B18B90C
:10D55000FFE70120009002E000200090FFE701F0CB
:10D56000A1FC009802B080BD80B582B0019001F0AE
:10D5700081FC0198806B0199C96B884203D1FFE758
:10D580000120009002E000200090FFE701F08AFCFB
:10D59000009802B080BD000080B586B00590059867
:10D5A000806C0490002003900498806B0499C96BF0
:10D5B000884235D2FFE7049890F845008DF80B00BB
:10D5C000049805A90022FFF76BFC03909DF90B005E
:10D5D000013088B9FFE70498406A58B1FFE7049822
:10D5E000243002F0D5FF18B1FFE70120039000E0DE
:10D5F000FFE700E0FFE712E0FFE701F099FB019091
:10D600009DF90B000199884207D2FFE79DF80B00B6
:10D610000130049981F84500FFE7FFE7FFE700E0EC
:10D62000FFE7039806B080BD08480068006880F3F3
:10D6300008884FF0000080F3148862B661B6BFF32B
:10D640004F8FBFF36F8F00DF00BF000008ED00E0D9
:10D6500080B584B0039002914DF29C70C2F200003C
:10D660000068C068C06801900198043001F03CFB7C
:10D67000019890F828004007002806D5FFE7019898
:10D680000399029A00F004F907E0019991F8280043
:10D6900000F0FE0081F82800FFE70198016A884742
:10D6A00004B080BD80B58AB0002009900890079032
:10D6B0000690FFE74DF67C30C2F20100006806A933
:10D6C000002202F081FA002800F09180FFE706981E
:10D6D000B0F1FF3F09DCFFE706A804300290029991
:10D6E0000A6848688968904700E0FFE706980028C4
:10D6F00000F17C80FFE7089805900598406928B103
:10D70000FFE70598043001F0EFFA00E0FFE704A816
:10D7100000F0F6F8039006980138014601910828B8
:10D7200062D80199DFE801F00505323A4C0505326F
:10D730003A00059991F8280040F0010081F828008E
:10D740000598079B81691944039AFFF7B5FED8B184
:10D75000FFE7059890F828004007002808D5FFE764
:10D760000598079982691144039A00F091F807E03F
:10D77000059991F8280000F0FE0081F82800FFE7E5
:10D780000598016A884700E0FFE72EE0059991F8C7
:10D79000280000F0FE0081F8280026E0059991F8A5
:10D7A000280040F0010081F8280007980599886159
:10D7B0000598039B816919441A46FFF77DFE14E022
:10D7C000059890F828008007002804D4FFE7059802
:10D7D00001F07CFB07E0059991F8280000F0FE00BD
:10D7E00081F82800FFE700E0FFE7FFE762E70AB003
:10D7F00080BD000080B584B00390029101F04AFE24
:10D80000684600F07DF801900098D8BBFFE70298C9
:10D8100060B9FFE703980199884207D8FFE702F053
:10D8200079FF03980199FFF713FF2AE0029858B196
:10D83000FFE74DF2AC70C2F2000000680068B0FA79
:10D8400080F040090290FFE74DF67C30C2F2010003
:10D8500000680399019A891A029A01F0E3FB02F029
:10D8600059FF60B9FFE74EF60451CEF200014FF0C8
:10D8700080500860BFF34F8FBFF36F8F00E0FFE76A
:10D88000FFE702E002F046FFFFE704B080BD0000C2
:10D8900080B584B0039002910192FFE70398029B48
:10D8A00081691944019AFFF707FE48B1FFE7039821
:10D8B00081690298084402900398016A8847EDE75D
:10D8C00004B080BD4DF2A070C2F200000068006894
:10D8D00040B9FFE74DF6DC21C2F201014FF0FF3005
:10D8E00008600CE04DF2A070C2F200000068C06851
:10D8F00000684DF6DC21C2F201010860FFE77047C5
:10D9000080B582B0019002F0E1FB009000984DF2EA
:10D910009471C2F200010968884206D2FFE700F064
:10D9200011F801990120086003E0019900200860C6
:10D93000FFE700984DF29471C2F200010860009870
:10D9400002B080BD80B582B0FFE74DF29C70C2F29C
:10D9500000000068006870B1FFE74DF29C70C2F2F1
:10D9600000000068C0680068019001984FF0FF3126
:10D97000FFF76EFEE9E74DF29C72C2F200021068FA
:10D9800000904DF2AC71C2F200010868106000987E
:10D99000086002B080BD000082B0002000904FF00F
:10D9A000500080F31188BFF36F8FBFF34F8F01904A
:10D9B000FFE7009808B9FFE7FBE702B070470000F7
:10D9C00080B584B00390FFE701A8FFF781FB0290C8
:10D9D00002980199FFF70EFFFFF764FEF4E70000DD
:10D9E00080B582B0019001F045FA019890F84500A9
:10D9F0008DF80300FFE79DF90300012825DBFFE711
:10DA00000198806C50B1FFE70198FFF7C5FD18B190
:10DA1000FFE701F017FC00E0FFE710E00198406A23
:10DA200058B1FFE70198243002F0B2FD18B1FFE7CA
:10DA300001F008FC00E0FFE700E006E0FFE79DF8EA
:10DA4000030001388DF80300D5E70199FF2081F824
:10DA5000450001F027FA01F00DFA019890F8440012
:10DA60008DF80200FFE79DF90200012816DBFFE7B1
:10DA70000198006980B1FFE70198103002F088FD3D
:10DA800018B1FFE701F0DEFB00E0FFE79DF80200C0
:10DA900001388DF8020000E000E0E4E70199FF2082
:10DAA00081F8440001F0FEF902B080BD80B588B075
:10DAB00007900020039001F0EDFC4DF2A470C2F23B
:10DAC0000000006818B9FFE7FFF722FB00E0FFE75E
:10DAD0000798A8B1FFE7079800F00700C0F1100011
:10DAE000029007980299C943884205D8FFE7029936
:10DAF00007980844079002E000200790FFE700E045
:10DB0000FFE79DF81F000006002800F18C80FFE76A
:10DB10000798002800F08580FFE707984DF6D02190
:10DB2000C2F20101096888427BD8FFE74DF6483010
:10DB3000C2F20100059000680690FFE70698416870
:10DB4000079A00209142019007D2FFE706980068EB
:10DB5000002818BF01200190FFE70198C00730B1ED
:10DB6000FFE706980590069800680690E6E7069895
:10DB70004DF2A471C2F20001096888424FD0FFE75C
:10DB800005980068083003900698006805990860B9
:10DB9000069840680799401A112811D3FFE70698A4
:10DBA000079908440490069840680799401A049918
:10DBB00048600798069948600498FFF719FC00E050
:10DBC000FFE7069842684DF6D020C2F201000168D6
:10DBD000891A016000684DF6D821C2F20101096876
:10DBE00088420BD2FFE74DF6D020C2F20100006858
:10DBF0004DF6D821C2F20101086000E0FFE7069966
:10DC0000486840F0004048600699002008604DF6E2
:10DC1000E421C2F2010108680130086000E0FFE77A
:10DC200000E0FFE700E0FFE702F074FD039818B999
:10DC3000FFE701F083F800E0FFE7039808B080BD3C
:10DC400081B04DF29870C2F2000000680090009818
:10DC500028B1FFE70099086D01300865FFE70098DB
:10DC600001B0704783B0029001910092029804388D
:10DC7000029002994FF08070086002980438029078
:10DC8000019820F00100029908600298043802907F
:10DC900002994DF69910C0F60100086002981438F8
:10DCA0000290009802990860029804380290029944
:10DCB0006FF002000860029820380290029803B0CA
:10DCC0007047000080B58EB00D908DF833100B9228
:10DCD00000200290ADF82800099008900790069067
:10DCE0000590049003900B9838B1FFE79DF833102E
:10DCF0000120B0EB111F01D0FFE754E09DF8330085
:10DD0000000708B1FFE74EE00D980E2801D0FFE7AD
:10DD100049E00B9A9089ADF8280010685168926824
:10DD2000099208910790012003904DF66421C2F2F8
:10DD30000101009108680130086004900798DDF83F
:10DD40001F10CDF81710059003A8019000F07EFF7A
:10DD5000009A019802210391116801311160049128
:10DD6000DDF82310DDF82620CDF81720059100F00E
:10DD70006DFFE5F7C7F94DF63021C2F200010968E1
:10DD8000401AC9280FD3FFE7E5F7BCF94DF630215B
:10DD9000C2F20001086040F60040C4F2020008210F
:10DDA000E5F786F9FFE70EB080BD000080B584B0CE
:10DDB0000390039808B9FFE71BE003990020029045
:10DDC0001422FEF721FD029B4DF63420C2F2000022
:10DDD00069464860032008604DF6F950C0F601001E
:10DDE00043F68651C0F602014FF4007202F0C8F803
:10DDF000FFE704B080BD000080B592B01190002014
:10DE000001908DF843008DF842008DF841008DF8A7
:10DE100040000F900E900D900C900B908DF8280004
:10DE20000990089007900690059002F04FF9049031
:10DE300002F04CF9019A03900820102101F040FCF7
:10DE400001464DF66020C2F201000160006820B971
:10DE5000FFE7002001F03EF9FFE7FFE7FEF7DEF9FC
:10DE60008DF840000120FEF74BF88DF841000BA81B
:10DE70000A21282200F04EFB9DF8410030B1FFE757
:10DE80009DF8410010308DF84000FFE70F988DF8A5
:10DE900043009DF840008DF824000B98FEF714F81D
:10DEA0008DF827000C98FEF70FF88DF828000D98D4
:10DEB000FEF70AF88DF825000E98FEF705F88DF8A4
:10DEC00026000021009109AA05230846FEF7F0FC70
:10DED000009805904DF66421C2F2010108680130F6
:10DEE000086006909DF843008DF81C009DF82800FE
:10DEF0008DF821000998CDF81D0005A800F0A6FEB8
:10DF00009DF824008DF80B009DF80B009DF8421041
:10DF100088425DD0FFE79DF8420050B3FFE7FFE77E
:10DF20009DF84200012822DBFFE79DF842001228FD
:10DF30001DDCFFE79DF8420000EB40014DF2A460BC
:10DF4000C2F2000000EB810050F8040C78B1FFE74A
:10DF50009DF8420000EB40024DF2A461C2F20001C4
:10DF600001EB820151F8042C02219047FFE7FFE703
:10DF7000FFE79DF80B0050B3FFE7FFE79DF80B00AC
:10DF8000012822DBFFE79DF80B0012281DDCFFE7CC
:10DF90009DF80B0000EB40014DF2A460C2F20000BE
:10DFA00000EB810050F80C0C78B1FFE79DF80B00F6
:10DFB00000EB40024DF2A461C2F2000101EB8201CC
:10DFC00051F80C2C00219047FFE7FFE7FFE72EE018
:10DFD0009DF80B0050B3FFE7FFE79DF80B00012809
:10DFE00022DBFFE79DF80B0012281DDCFFE79DF800
:10DFF0000B0000EB40014DF2A460C2F2000000EB08
:10E00000810050F8080C78B1FFE79DF80B0000EB99
:10E0100040024DF2A461C2F2000101EB820151F80D
:10E02000082C01219047FFE7FFE7FFE7FFE79DF896
:10E030000B008DF8420002F049F80399401AC928F4
:10E040000BD3FFE702F042F8039040F60040C4F221
:10E0500002000421E5F72CF8FFE7FFE704A80A21F6
:10E0600001F0BAFFFFE7F9E680B586B004900391AE
:10E070000292049840B1FFE70398FDF711FF18B929
:10E08000FFE70020059045E01C20E2F783F90190AE
:10E09000019818B9FFE7002005903BE00398B0F124
:10E0A000FF3F04DCFFE76FF000400390FFE70398B9
:10E0B000FEF7FAFC0390049898B9FFE70398E2F79B
:10E0C00069F9019908610198006930B9FFE7019881
:10E0D000E2F78FF9002005901CE0019901204861CA
:10E0E00006E0049801990861019900204861FFE762
:10E0F000019900204860019908600398019988609F
:10E10000039801380199C8600298019988610198C3
:10E110000590FFE7059806B080BD000080B58CB083
:10E120000A90099108920A9840680A990968401A69
:10E1300006900A988069A8BBFFE70420039000209E
:10E1400002900A99886809680A9AD2681140401AB0
:10E15000039988420DD2FFE70A99886809680A9AEC
:10E16000D2681140401A0290029903980844039023
:10E17000FFE7069818B9FFE700200B905EE00A99C8
:10E1800008690968029A11440A9AD26811404058F5
:10E19000079008980799884203D2FFE700200B9068
:10E1A0004CE015E00020039008980699884203D9B6
:10E1B000FFE70698019002E008980190FFE70198B8
:10E1C0000790079818B9FFE700200B9036E0FFE7AB
:10E1D0000A980068039908440A99C968084005909C
:10E1E00007980A998968059A891A884206D9FFE72B
:10E1F0000A9880680599401A009002E007980090FC
:10E20000FFE70098049009980A990969059A114452
:10E21000049AE2F73FFA0998049B18440A9909699D
:10E22000079AD21AE2F736FA0798039942180A9920
:10E2300008681044086007980B90FFE70B980CB033
:10E2400080BD000080B58CB00A90099108920A99AF
:10E2500088684A680A990968891A084406900A98E1
:10E260008069C8BBFFE704200390002002900A9950
:10E27000886849680A9AD2681140401A039988420E
:10E280000DD2FFE70A99886849680A9AD268114056
:10E29000401A02900299039808440390FFE70898F7
:10E2A000039908440699884203D9FFE700200B90A0
:10E2B0005EE008980790079818B9FFE700200B90D8
:10E2C00056E007980A9A11695268029B1A440A9B01
:10E2D000DB681A40885015E00020039008980699E2
:10E2E000884203D9FFE70698019002E00898019060
:10E2F000FFE701980790079818B9FFE700200B90F7
:10E3000036E0FFE70A984068039908440A99C9680B
:10E310000840059007980A998968059A891A8842E1
:10E3200006D9FFE70A9880680599401A009002E034
:10E3300007980090FFE7009804900A9800690599F3
:10E3400008440999049AE2F7A5F90A98006909991D
:10E35000049B1944079AD21AE2F79CF9079803998B
:10E3600042180A9948681044486007980B90FFE7E4
:10E370000B980CB080BD000086B002AB0093034642
:10E380000098ADF814308DF813108DF8122049F66E
:10E390004041ADF8101045F20821ADF80E104FF4D1
:10E3A000FA61ADF80C10BDF81010BDF80C20891AF8
:10E3B0009DF81320514348F21F52C5F2EB1251FB56
:10E3C00002F2511101EBD27100EE101AB8EEC00A40
:10E3D00080ED000ABDF80E10BDF80C20891A00EE81
:10E3E000101AB8EEC00A90ED001A30EE410A30EE75
:10E3F000000A9DF8121001EE101AB8EEC11A80EE54
:10E40000010ABDEEC00A10EE101AADF80610002188
:10E410008DF80510BDF8141000EE101AB8EEC00A01
:10E42000BDF80E1001EE101AB8EEC11A90ED002AD8
:10E4300031EE421AB4EE410AF1EE10FA1CDBFFE7AE
:10E440000098BDF8141000EE101AB8EEC00ABDF81E
:10E450000E1001EE101AB8EEC11A90ED002A31EE3E
:10E46000021AB4EE410AF1EE10FA05DCFFE7BDF83E
:10E470000E00ADF81400FFE7BDF81400BDF80E1053
:10E48000884225DDFFE70098BDF81410BDF80E2086
:10E49000891A00EE101AB8EEC00A90ED001A30EE9C
:10E4A000410ABDF8060001EE100AB8EEC11A80EE6E
:10E4B000010AB3EE041A30EE010ABDEEC00A10EEF6
:10E4C000100A8DF805009DF80500ADF816001CE057
:10E4D000BDF81400BDF80E10884210DAFFE7BDF851
:10E4E0001400BDF80C10401ABDF8061090FBF1F0B6
:10E4F0008DF805009DF80500ADF8160005E09DF8C3
:10E5000012004008ADF81600FFE7BDF8160006B08F
:10E510007047000080B588B007908DF81B108DF80B
:10E520001A200799002008600799486007998860B9
:10E530000799C860079908610590FFE70598632867
:10E540005EDCFFE70520FDF7FFFB4DF20040C2F265
:10E550000000019000889DF81B109DF81A20FFF71D
:10E560000BFF03460198079A11681944116040880F
:10E570009DF81B109DF81A20FFF7FEFE0346019838
:10E58000079A51681944516080889DF81B109DF8C6
:10E590001A20FFF7F1FE03460198079A9168194483
:10E5A0009160C0889DF81B109DF81A20FFF7E4FECB
:10E5B00003460198079AD1681944D1600089002167
:10E5C000FDF7EEFB8DED020B07980490006903F058
:10E5D0006DF89DED021B41EC100B53EC112B51EC2F
:10E5E000100B02F0EBFD41EC100B51EC100B03F0A3
:10E5F00019F804990861FFE70598013005909DE737
:10E600000799086848F21F52C5F2EB12A0FB0230CE
:10E610004009086007994868A0FB0230400948603B
:10E6200007998868A0FB0230400988600799C8688C
:10E63000A0FB02304009C86007990869A0FB0220CE
:10E640004009086108B080BD81B0EFF305800090FB
:10E650000098002818BF012001B0704780B5FFF76F
:10E66000F3FF18B1FFE700F0B5F802E000F09EF804
:10E67000FFE780BD80B584B0039000F0FBFB4DF652
:10E680003C20C2F2000069464860022008604EF259
:10E690004570C0F6010043F6F851C0F60201802231
:10E6A000002301F06DFC02900298012804D0FFE7DE
:10E6B00000F0F8FBFFE7FEE740F21830C2F200007E
:10E6C000694648600220086046F6F550C0F6000032
:10E6D00043F6FE51C0F602014FF48052002301F0D0
:10E6E0004FFC02900298012804D0FFE700F0DAFB0B
:10E6F000FFE7FEE74DF28870C2F20000694648600D
:10E70000022008604CF2C160C0F6010043F60C61C3
:10E71000C0F602018022002301F032FC0290029830
:10E72000012804D0FFE700F0BDFBFFE7FEE74DF650
:10E730003820C2F20000006800F0CCFC00F0B2FB10
:10E7400004B080BD80B582B00190FFE740F6004084
:10E75000C4F202000121E4F7ABFC4FF47A7000F040
:10E7600093FCF3E740F21430C2F2000000787047E7
:10E7700080B584B084460698CDF80CC0ADF80A1078
:10E78000ADF80820ADF80630ADF804000398BDF8E8
:10E790000A10BDF80820BDF80630BDF804C0EE46EA
:10E7A000CEF800C0E7F750FD04B080BD80B54AF256
:10E7B0008830C2F20000006858B1FFE74AF28830A2
:10E7C000C2F200000068002319461A4601F020F842
:10E7D000FFE780BD80B582B04AF28830C2F2000007
:10E7E0000068E8B1FFE7002001904AF28830C2F2E9
:10E7F0000000006801A901F06FF9FFE7019860B11E
:10E80000FFE74EF60451CEF200014FF08050086051
:10E81000BFF34F8FBFF36F8F00E0FFE7FFE7FFE726
:10E8200002B080BD80B5F0F79FFFF1F73DFEEDF738
:10E830000DF980BD7047000080B584B0EAF77EFE18
:10E840000190EAF781FE014601986A46002302938F
:10E8500013601A46F4F714FC4BF2C810C2F2000021
:10E86000F9F7AEFC0298F4F705FA40F20400C2F2A0
:10E870000000EEF797FAEAF713FC03904BF234101E
:10E88000C2F20000EAF754FB04B080BD80B54BF241
:10E890003410C2F20000F1F7E7FF80BD80B586B00A
:10E8A0000590059800F0A2F90490049808B9FFE7D4
:10E8B00033E00598808D03900498C2680598818D97
:10E8C000B2FBF1F000FB1120029003980299401A6C
:10E8D0000190019A0499C8681044C86004980068BF
:10E8E0000599896A029A1144019AFFF7ABFC0598D1
:10E8F000C06BC069B0F5807F0FD0FFE7FFE70598D8
:10E90000816A828DE6F74EFC30B1FFE7FFE705999B
:10E9100000200864FFE7F2E7FFE706B080BD0000D3
:10E9200080B586B00590059800F060F904900498D1
:10E9300008B9FFE722E00598818D01F0010000EBA6
:10E94000510003900498C2680598818DB2FBF1F0E4
:10E9500000FB1120029003980299401A0190019A3D
:10E960000499C8681044C860049800680599896AC9
:10E97000029A1144019AFFF765FCFFE706B080BDDB
:10E9800080B586B00590059800F030F904900498A1
:10E9900008B9FFE722E00599888DC96B09684968C5
:10E9A000401A03900498C2680598818DB2FBF1F07B
:10E9B00000FB1120019003980199401A0290029ADD
:10E9C0000499C8681044C860049800680599896A69
:10E9D000019A1144029AFFF735FCFFE706B080BDAB
:10E9E00080B586B0049003910292039818B1FFE7B6
:10E9F000029818B9FFE70020059011E0049800F094
:10EA0000F5F80190019818B9FFE70020059007E09C
:10EA1000019800680399029AFFF780FB0590FFE7D1
:10EA2000059806B080BD000080B584B002900298C1
:10EA300000F0F4F80190019818B9FFE70020039066
:10EA400028E00298806B18B9FFE70020039021E0CE
:10EA5000019840680090009818B9FFE700200390E3
:10EA600018E0FFE702980068006800F0400100200D
:10EA7000B0EB911F01D1FFE7F4E702980199096813
:10EA8000BDF80020E6F75CFC019900204860009882
:10EA90000390FFE7039804B080BD000080B586B006
:10EAA000049003910292039818B1FFE7029818B9F5
:10EAB000FFE70020059033E0049800F0AFF80190E4
:10EAC000019818B9FFE70020059029E001984168F6
:10EAD0008068401A009000980299884210D2FFE79F
:10EAE00001990868496808440399009AE1F7D2FD42
:10EAF000009A0199486810444860009805900FE01A
:10EB000001990868496808440399029AE1F7C2FD2F
:10EB1000029A019948681044486002980590FFE7FE
:10EB2000059806B080BD000080B584B003900398BE
:10EB3000406C8006002803D4FFE7E3F727FAFFE7DD
:10EB40000398C06BB0B3FFE7039800F04FF8029052
:10EB5000029870B3FFE702980069E1F71BFC029985
:10EB6000886002984069E1F715FC029948600299B3
:10EB7000486849690122FFF777FA0299086003980B
:10EB80000168C86840F01000C860FFE700200190ED
:10EB9000039800680068019003980068406801903D
:10EBA0000198FFE70398029A9168128AE6F7FAFA49
:10EBB000FFE702E0E3F7EAF9FFE70398806B78B13B
:10EBC000FFE7039800F02AF80090009838B1FFE7BB
:10EBD00000988068E1F7DEFB00990860FFE702E03B
:10EBE000E3F7D4F9FFE704B080BD000082B00090E5
:10EBF0000098006841F20001C4F20101884206D188
:10EC0000FFE740F21C00C2F20000019003E0FFE7C2
:10EC100000200190FFE7019802B0704782B0009099
:10EC20000098006841F20001C4F20101884206D157
:10EC3000FFE740F23400C2F20000019003E0FFE77A
:10EC400000200190FFE7019802B0704780B588B0BE
:10EC500007904DF66020C2F20100006818B1FFE78E
:10EC6000079808B9FFE723E04DF66020C2F20100E3
:10EC70000068079900231A4600F0CAFD012817D042
:10EC8000FFE70022019206920592049203924DF64C
:10EC90006020C2F201000290006803A900F094FF16
:10ECA000019B0298006807991A4600F0B1FDFFE742
:10ECB00008B080BD017809B1002070474178012972
:10ECC00003D08A0705D402224270481E18BF0120D3
:10ECD000704780B544F6B820C0F60200FCF707FE86
:10ECE000012101704170704782B001900198006964
:10ECF0000090019841688068886001994868896837
:10ED00004860009840680199884205D1FFE7019862
:10ED100080680099486000E0FFE7019900200861E1
:10ED200000990868013808600098006802B07047D0
:10ED30004DF66C20C2F201000068704780B54DF2BC
:10ED40005830C2F2000043F69051C0F60201E1F7DC
:10ED500051FC80BD80B582B001900091009A4DF2C7
:10ED60005830C2F2000043F6AA51C0F60201E1F7A2
:10ED700041FC02B080BD000081B00090009901F11B
:10ED80000800486000994FF0FF308860009901F159
:10ED90000800C860009901F108000861009900208E
:10EDA000086001B07047000081B000900099002019
:10EDB000086101B07047000084B00390029102988E
:10EDC000006800900098013020B9FFE703980069BF
:10EDD000019010E0039808300190FFE70198406827
:10EDE00000680099884205D8FFE7FFE7019840686E
:10EDF0000190F3E7FFE701984068029948600298A4
:10EE00004168886001980299886002980199486079
:10EE1000039802990861039908680130086004B0FA
:10EE20007047000083B00290019102984068009002
:10EE3000009801994860009880680199886001985D
:10EE40000099896848600198009988600298019942
:10EE50000861029908680130086003B0704700003B
:10EE6000DFF80C00016841F4700101607047000098
:10EE700088ED00E081B04FF0500080F31188BFF3BF
:10EE80006F8FBFF34F8F009040F24800C2F2000036
:10EE90000168013101600068012801D1FFE7FFE747
:10EEA00001B0704781B040F24800C2F20000016832
:10EEB00001390160006830B9FFE700200090009838
:10EEC00080F31188FFE701B07047000080B584B07F
:10EED000039003980290039888B3FFE702980838DC
:10EEE0000290029801900198C1790020B0EBD11FE7
:10EEF00023D0FFE701980068E8B9FFE70199486867
:10EF000020F00040486000F0C5FA019842684DF6D4
:10EF1000D021C2F201010868104408600198FEF790
:10EF200067FA4DF6E821C2F2010108680130086075
:10EF300001F0F0FB00E0FFE700E0FFE7FFE704B0CF
:10EF400080BD00004EF21001CEF2000100200860EA
:10EF50004EF21802CEF20002106040F20000C2F23F
:10EF60000000006844F6D352C1F26202A0FB020224
:10EF70004FF0FF3000EB92104EF21402CEF200027E
:10EF8000106007200860704784B003900291002051
:10EF900000900298C8B3FFE700200190FFE70198B6
:10EFA000072831D8FFE70398019A4DF60431C2F2E1
:10EFB000010101EBC2014968884209D1FFE70199CB
:10EFC0004DF60430C2F2010000EBC10000901BE0DE
:10EFD000009890B9FFE701994DF60430C2F20100A4
:10EFE00050F8310048B9FFE701994DF60430C2F2FC
:10EFF000010000EBC100009000E0FFE7FFE7FFE742
:10F00000019801300190CAE7FFE7009838B1FFE7A7
:10F01000029800990860039800994860FFE704B0DF
:10F020007047000080B584B003900291019203986C
:10F030000090FFF71FFF009890F94400013028B9B5
:10F04000FFE70099002081F84400FFE7009890F95D
:10F050004500013028B9FFE70099002081F84500FC
:10F06000FFE7FFF71FFF0098806B38B9FFE70098B4
:10F0700024300299019A00F001F900E0FFE70098BE
:10F08000FEF7AEFC04B080BD80B582B001900020D8
:10F090000090019850B1FFE700F0FCF901980021C1
:10F0A000FDF720FD01F036FB009000E0FFE700983F
:10F0B00060B9FFE74EF60451CEF200014FF08050E8
:10F0C0000860BFF34F8FBFF36F8F00E0FFE702B020
:10F0D00080BD000080B586B0059000200390FFF74A
:10F0E000C9FE059838B9FFE74DF29870C2F20000EA
:10F0F0000068019002E005980190FFE701980490F4
:10F1000004980430FFF7F0FDE0B9FFE7FFE704984B
:10F11000C06A00EB80014DF2B070C2F2000050F8FE
:10F12000210068B9FFE70498C16A012000FA01F2E2
:10F130004DF67C21C2F20101086890430860FFE7A8
:10F14000FFE700E0FFE70498806A28B1FFE7049832
:10F150001830FFF7C9FD00E0FFE74DF67821C2F255
:10F16000010108680130086004984DF29871C2F2FC
:10F1700000010968401AB0FA80F0400902904DF68B
:10F180004430C2F201000068A8B1FFE7029890B1D4
:10F19000FFE70498011D4DF66430C2F20100FFF74D
:10F1A00041FE4DF67021C2F201010868013008608D
:10F1B0000120039009E04DF66C21C2F201010868BC
:10F1C00001380860FEF77EFBFFE7FFF76BFE039850
:10F1D000012804D0FFE70498FDF75AFFFFE74DF63A
:10F1E0004430C2F201000068B8B1FFE704984DF264
:10F1F0009871C2F20001096888420CD1FFE74EF60F
:10F200000451CEF200014FF080500860BFF34F8FE1
:10F21000BFF36F8F00E0FFE7FFE706B080BD00009F
:10F2200081B000904DF6E020C2F201000068009924
:10F2300008604DF67830C2F201000068009948601D
:10F2400001B070474DF68431C2F20101012008601F
:10F250007047000080B582B00190009101984DF296
:10F260009871C2F2000109681831FFF7A5FD0098F6
:10F270000121FDF737FC02B080BD000080B584B0ED
:10F28000039002910192FFE7039840680090009874
:10F290004DF29871C2F200010A68D061009880684E
:10F2A0000A68106208681830009A9268506008680E
:10F2B0001830009A9060039809688862039908687A
:10F2C00001300860FFE7019820B1FFE74FF0FF3001
:10F2D0000290FFE702980199FDF704FC04B080BD9D
:10F2E00080B588B00790069107980590012002909C
:10F2F0000798002800F09180FFE70598C06C0699F8
:10F30000884203D2FFE70698039003E00598C06C9B
:10F310000390FFE70598C06A039988427BD0FFE716
:10F320000598006D012874D1FFE70598C06A049024
:10F3300003980599C8620598C07E0006002806D487
:10F34000FFE70398C0F120000599886100E0FFE71E
:10F3500005984069049901EB81024DF2B071C2F247
:10F36000000101EB8201884251D1FFE7059804308A
:10F37000FFF7BAFC68B9FFE70598C16A012000FAF7
:10F3800001F24DF67C21C2F2010108689043086049
:10F3900000E0FFE7FFE70598C16A012000FA01F2EB
:10F3A0004DF67C21C2F20101086810430860FFE7B6
:10F3B0000598C06A00EB80004DF2B071C2F2000106
:10F3C00001EB8000406801900198059A90600198D7
:10F3D0008068059AD06005980430019A9268506060
:10F3E00005980430019A9060059AD06A00EB80007D
:10F3F00001EB800050610598C06A00EB800251F873
:10F400002200013041F82200FFE7FFE700E0FFE7BC
:10F4100000E0FFE700E0FFE700E0FFE708B080BDA5
:10F4200080B582B0FDF7A2FD00900098012804D1BC
:10F43000FFE701F087FA009000E0FFE7009801285D
:10F440001FD1FFE74FF0500080F31188BFF36F8F9B
:10F45000BFF34F8F01904DF6DC21C2F201014FF056
:10F46000FF3008604DF64431C2F20101012008600E
:10F470004DF67831C2F201010020086000F094F8E6
:10F4800000E0FFE744F65430C0F60200006802B026
:10F4900080BD00004DF67421C2F201010868013000
:10F4A0000860704780B588B04DF67420C2F2010044
:10F4B000006838B1FFE74DF68431C2F20101012046
:10F4C00008606FE04DF68431C2F20101002008604F
:10F4D000FFE74DF29870C2F200000068006B0590E3
:10F4E0004FF0A530049005980068B0F1A53F12D107
:10F4F000FFE705984068B0F1A53F0CD1FFE70598FC
:10F500008068B0F1A53F06D1FFE70598C068B0F16B
:10F51000A53F0CD0FFE74DF29870C2F200000168E1
:10F520003431039100680399FFF714FCFFE7FFE70C
:10F53000FFE74DF67C20C2F20100006807900798B3
:10F54000B0FA80F08DF81B009DF81B00C0F11F0081
:10F550000290FFE7029800EB80014DF2B070C2F21A
:10F56000000000EB81000190019948684068486004
:10F57000019948680831884204D1FFE70199C868B9
:10F580004860FFE701984068C0684DF29871C2F288
:10F5900000010860FFE7FFE74DF29870C2F200003B
:10F5A0000068FFE708B080BD80B582B04EF6085015
:10F5B000CEF20000006801904EF62051CEF200011C
:10F5C000086840F47F000860086840F07F400860E9
:10F5D0004EF61C51CEF20001002000900860FFF7AB
:10F5E000B1FC009840F24801C2F200010860FFF748
:10F5F00037FC4EF63471CEF20001086840F040400E
:10F600000860FEF711F8FFF74DFFFEF7C5F9009807
:10F6100002B080BD80B582B04FF0500080F31188F9
:10F62000BFF36F8FBFF34F8F009000F059FD40B1D3
:10F63000FFE74EF60451CEF200014FF08050086013
:10F6400000E0FFE700200190019880F3118802B0EC
:10F6500080BD000080B584B003900291002001902D
:10F660000398A0B1FFE70298039988420FD8FFE7FB
:10F6700003980021022200F023F80190019820B1A4
:10F68000FFE702980199886300E0FFE700E0FFE7E9
:10F69000019804B080BD000080B584B08DF80F00E3
:10F6A00001200190002100919DF80F2000F008F842
:10F6B00002900298FDF7A0FD029804B080BD000002
:10F6C00080B588B0079006918DF81720002004902F
:10F6D000079880B3FFE707994FF0FF30B0FBF1F0D8
:10F6E0000699884227D3FFE707980699484310F107
:10F6F000550F20D8FFE707980699484303900398D1
:10F700005430FEF7D3F90490049890B1FFE70498C1
:10F71000029002985430029007980699029A9DF838
:10F720001730DDF810C0EE46CEF800C0FDF77AFDC8
:10F7300000E0FFE700E0FFE7049808B080BD0000AC
:10F7400080B584B00390029101200190039800904D
:10F750000098002856D0FFE70098C06B002851D0D1
:10F76000FFE70098C26B016C4FF0FF30B0FBF2F086
:10F77000884247D3FFE7FFF77DFB00990B68C86B12
:10F780000A6C00FB023088600099002088630099B1
:10F790000868486000990B68C86B0A6C013800FB68
:10F7A0000230C8600099FF2081F84400009981F878
:10F7B00045000298D0B9FFE700980069A0B1FFE7C3
:10F7C0000098103000F0E4FE60B1FFE74EF60451FF
:10F7D000CEF200014FF080500860BFF34F8FBFF3AF
:10F7E0006F8F00E0FFE700E0FFE708E000981030CF
:10F7F000FFF7C2FA00982430FFF7BEFAFFE7FFF7E1
:10F8000051FB02E000200190FFE7019804B080BDA9
:10F8100080B58CB00A900991089207930020069059
:10F820000A980290FFE7FFF725FB0298806B029988
:10F83000C96B884204D3FFE70798022858D1FFE735
:10F840000298806B019002980999079AFDF728FBAE
:10F8500005900298806CE0B1FFE70798022804D178
:10F86000FFE7019808B1FFE712E00298FDF794FE68
:10F8700060B1FFE74EF60451CEF200014FF0805028
:10F880000860BFF34F8FBFF36F8F00E0FFE7FFE724
:10F8900029E00298406AA0B1FFE70298243000F006
:10F8A00077FE60B1FFE74EF60451CEF200014FF053
:10F8B00080500860BFF34F8FBFF36F8F00E0FFE70A
:10F8C00010E0059860B1FFE74EF60451CEF200015A
:10F8D0004FF080500860BFF34F8FBFF36F8F00E091
:10F8E000FFE7FFE7FFE7FFF7DDFA01200B9065E098
:10F8F000089828B9FFE7FFF7D5FA00200B905DE0E4
:10F90000069830B9FFE703A8FFF78AFC01200690AC
:10F9100000E0FFE7FFE7FFE7FFF7C4FAFFF7BAFDF4
:10F92000FFF7A8FA029890F94400013028B9FFE7E0
:10F930000299002081F84400FFE7029890F9450001
:10F94000013028B9FFE70299002081F84500FFE760
:10F95000FFF7A8FA03A808A900F0B0FA28BBFFE750
:10F960000298FDF701FEC8B1FFE702981030089930
:10F97000FFF770FC0298FEF733F800F0CBFE60B999
:10F98000FFE74EF60451CEF200014FF080500860C0
:10F99000BFF34F8FBFF36F8FFFE705E00298FEF7CD
:10F9A0001FF800F0B7FEFFE707E00298FEF718F82F
:10F9B00000F0B0FE00200B9000E034E70B980CB094
:10F9C00080BD000080B58EB00A900991089207931F
:10F9D0000A980490EFF311814FF0500080F31188E2
:10F9E000BFF36F8FBFF34F8F0C910B900C98059066
:10F9F0000498806B0499C96B884204D3FFE7079889
:10FA000002285DD1FFE7049890F845008DF80F00BB
:10FA10000498806B029004980999079AFDF740FAC0
:10FA20009DF90F000130A8BBFFE70498806CC8B1B6
:10FA3000FFE70798022804D1FFE7029808B1FFE723
:10FA40000FE00498FDF7A8FD48B1FFE7089820B142
:10FA5000FFE708990120086000E0FFE700E0FFE70A
:10FA6000FFE716E00498406A88B1FFE70498243065
:10FA700000F08EFD48B1FFE7089820B1FFE7089934
:10FA80000120086000E0FFE700E0FFE700E0FFE79B
:10FA9000FFE712E0FFE7FFF74BF901909DF90F0038
:10FAA0000199884207D2FFE79DF80F0001300499C1
:10FAB00081F84500FFE7FFE7FFE70120069002E03D
:10FAC00000200690FFE705980D900D9880F31188AF
:10FAD00006980EB080BD000080B58CB008900791EC
:10FAE00008980490EFF311814FF0500080F31188D3
:10FAF000BFF36F8FBFF34F8F0A9109900A9805905B
:10FB00000498806B039003980499C96B884250D283
:10FB1000FFE7049890F845008DF80B00039801303A
:10FB2000049988639DF90B00013060BBFFE70498DE
:10FB3000806C80B1FFE70498FDF72EFD48B1FFE728
:10FB4000079820B1FFE707990120086000E0FFE770
:10FB500000E0FFE716E00498406A88B1FFE70498E8
:10FB6000243000F015FD48B1FFE7079820B1FFE70A
:10FB700007990120086000E0FFE700E0FFE700E0F0
:10FB8000FFE7FFE712E0FFE7FFF7D2F801909DF9EA
:10FB90000B000199884207D2FFE79DF80B00013066
:10FBA000049981F84500FFE7FFE7FFE70120069091
:10FBB00002E000200690FFE705980B900B9880F379
:10FBC000118806980CB080BD80B58AB00890079166
:10FBD00006920020059008980290FFE7FFF74AF987
:10FBE0000298806B0190019830B3FFE70298079963
:10FBF000FDF734F901980138029988630298006989
:10FC0000A0B1FFE70298103000F0C2FC60B1FFE73E
:10FC10004EF60451CEF200014FF080500860BFF361
:10FC20004F8FBFF36F8F00E0FFE700E0FFE7FFF7C4
:10FC300039F9012009906DE0069828B9FFE7FFF730
:10FC400031F90020099065E0059830B9FFE703A875
:10FC5000FFF7E6FA0120059000E0FFE7FFE7FFE786
:10FC6000FFF720F9FFF716FCFFF704F9029890F967
:10FC70004400013028B9FFE70299002081F84400D0
:10FC8000FFE7029890F94500013028B9FFE7029993
:10FC9000002081F84500FFE7FFF704F903A806A953
:10FCA00000F00CF930BBFFE70298FDF749FCD0B13A
:10FCB000FFE7029824300699FFF7CCFA0298FDF787
:10FCC0008FFE00F027FD60B9FFE74EF60451CEF23B
:10FCD00000014FF080500860BFF34F8FBFF36F8F6C
:10FCE00000E0FFE705E00298FDF77AFE00F012FD64
:10FCF000FFE70EE00298FDF773FE00F00BFD02989F
:10FD0000FDF71EFC18B1FFE70020099002E0FFE7B5
:10FD1000FFE763E709980AB080BD000080B58AB0AC
:10FD20000890079100200690089903910290FFE740
:10FD3000FFF7A0F80398806B0190019860B3FFE78C
:10FD400001980138039988630398006828B9FFE790
:10FD5000FDF776FF0399886000E0FFE703980069EC
:10FD6000A0B1FFE70398103000F012FC60B1FFE78C
:10FD70004EF60451CEF200014FF080500860BFF300
:10FD80004F8FBFF36F8F00E0FFE700E0FFE7FFF763
:10FD900089F8012009908DE0079828B9FFE7FFF75F
:10FDA00081F80020099085E0069830B9FFE704A8A3
:10FDB000FFF736FA0120069000E0FFE7FFE7FFE7D4
:10FDC000FFF770F8FFF766FBFFF754F8039890F918
:10FDD0004400013028B9FFE70399002081F844006E
:10FDE000FFE7039890F94500013028B9FFE7039930
:10FDF000002081F84500FFE7FFF754F804A807A9A1
:10FE000000F05CF8A8BBFFE70398FDF799FB48B347
:10FE1000FFE70398006850B9FFE7FFF72BF8039856
:10FE2000806800F003FB0290FFF73CF800E0FFE77A
:10FE3000039824300799FFF70DFA0398FDF7D0FDDA
:10FE400000F068FC60B9FFE74EF60451CEF2000105
:10FE50004FF080500860BFF34F8FBFF36F8F00E00B
:10FE6000FFE705E00398FDF7BBFD00F053FCFFE75B
:10FE70001FE00398FDF7B4FD00F04CFC0398FDF77C
:10FE80005FFBA0B1FFE7029870B1FFE7FEF7F2FF5A
:10FE90000398FDF709F90090039880680099FFF72F
:10FEA0001FFAFEF7FFFFFFE70020099002E0FFE7DF
:10FEB000FFE73DE709980AB080BD000080B586B035
:10FEC00005900491FEF7D6FF4DF67830C2F201009E
:10FED00000680290029805994968401A01904DF215
:10FEE0009870C2F20000006890F8590058B1FFE71E
:10FEF0004DF29870C2F200000168002081F85900AC
:10FF00000120039037E004980068013018B9FFE73A
:10FF1000002003902EE04DF6E020C2F201000068C0
:10FF20000599096888420CD0FFE70298059949684D
:10FF3000884206D3FFE7012003900499002008605F
:10FF400017E001980499096888420BD2FFE7019AEB
:10FF500004990868801A08600598FFF761F9002085
:10FF6000039005E004990020086001200390FFE75A
:10FF7000FFE7FFE7FFE7FEF795FF039806B080BDB8
:10FF800010B588B0DDF82CC0DDF828C007900691C8
:10FF9000ADF81620049307980699BDF81620049B27
:10FFA000DDF828C00B9CEE46CEF80440CEF800C029
:10FFB000FDF726F80390039830B1FFE70398FCF7AC
:10FFC00029FE0120029003E04FF0FF300290FFE78E
:10FFD000029808B010BD000080B586B0059004916D
:10FFE00000200190FFF756FA4DF67830C2F201007A
:10FFF00000680090059800680499084403900098F0
:020000040802F0
:1000000005990968884210D2FFE7039805990968A5
:10001000884208D2FFE703980099884203D9FFE796
:100020000120019000E0FFE70FE0039805990968BF
:10003000884205D3FFE703980099884203D9FFE778
:100040000120019000E0FFE7FFE7039805990860B1
:10005000019838B1FFE703980099401A0021FCF796
:1000600041FD00E0FFE700F055FB0290029860B907
:10007000FFE74EF60451CEF200014FF080500860C9
:10008000BFF34F8FBFF36F8F00E0FFE7019806B01B
:1000900080BD000081B04DF64430C2F2010000681E
:1000A00018B9FFE7012000900DE04DF67420C2F270
:1000B0000100006818B9FFE70220009002E000206C
:1000C0000090FFE7FFE7009801B0704781B04DF660
:1000D0007830C2F2010000680090009801B07047CB
:1000E00080B588B0002005904DF67420C2F2010062
:1000F0000068002840F01081FFE74DF67831C2F229
:100100000101086801300490049808600498D0B98F
:10011000FFE7FFE74DF2A072C2F200021068039001
:100120004DF2A871C2F200010868106003980860DF
:100130004DF6E021C2F20101086801300860FDF7C8
:10014000C1FBFFE700E0FFE704984DF6DC21C2F2B7
:10015000010109688842C0F0BE80FFE7FFE74DF269
:10016000A070C2F200000068006840B9FFE74DF6D9
:10017000DC21C2F201014FF0FF300860AAE04DF22D
:10018000A070C2F200000068C068C06807900798BD
:100190004068069004980699884207D2FFE70698BF
:1001A0004DF6DC21C2F20101086093E0FFE7FFE7B2
:1001B00007984069029007988168C068886007992D
:1001C0008868C96848600298406807990431884285
:1001D00005D1FFE70798C06802994860FFE70799D3
:1001E000002048610299086801380860FFE7079815
:1001F000806A08B3FFE7FFE70798806A01900798D5
:10020000C169006A88600799C869096A48600198ED
:10021000406807991831884205D1FFE70798006ABE
:1002200001994860FFE707990020886201990868F2
:1002300001380860FFE700E0FFE7FFE70798C16AC1
:10024000012000FA01F24DF67C21C2F2010108689A
:1002500010430860FFE70798C06A00EB80004DF28A
:10026000B071C2F2000101EB80004068009000987C
:10027000079A906000988068079AD06007980430C9
:10028000009A9268506007980430009A9060079A2C
:10029000D06A00EB800001EB800050610798C06AD3
:1002A00000EB800251F82200013041F82200FFE704
:1002B000FFE70798C06A4DF29871C2F20001096821
:1002C000C96A884203D9FFE70120059000E0FFE7F3
:1002D000FFE744E7FFE74DF29870C2F200000068C4
:1002E000C06A00EB80014DF2B070C2F2000050F81D
:1002F0002100022803D3FFE70120059000E0FFE77B
:100300004DF68430C2F20100006818B1FFE7012009
:10031000059000E0FFE707E04DF6EC21C2F2010195
:10032000086801300860FFE7059808B080BD00004C
:1003300080B584B003900398029000200190039848
:1003400000286ED0FFE70299086D01380865029910
:10035000C86AC96C884262D0FFE70298006D002825
:100360005BD1FFE702980430FEF7BEFC68B9FFE7F7
:100370000298C16A012000FA01F24DF67C21C2F216
:10038000010108689043086000E0FFE70299C86C2B
:10039000C8620299C86AC0F120008861FFE702982C
:1003A000C16A012000FA01F24DF67C21C2F201017E
:1003B000086810430860FFE70298C06A00EB8000FD
:1003C0004DF2B071C2F2000101EB80004068009074
:1003D0000098029A906000988068029AD060029813
:1003E0000430009A9268506002980430009A90603D
:1003F000029AD06A00EB800001EB80005061029805
:10040000C06A00EB800251F82200013041F822005E
:10041000FFE7FFE70120019000E0FFE700E0FFE7D2
:1004200000E0FFE7019804B080BD000080B584B013
:10043000039003980290002001900398002800F098
:10044000A380FFE70298C06A4DF29871C2F20001E2
:100450000968C96A884280F08680FFE70298C07EFA
:10046000000600280BD4FFE74DF29870C2F200009E
:100470000068C06AC0F120000299886100E0FFE7CF
:1004800002994869C96A01EB81024DF2B071C2F26A
:10049000000101EB8201884259D1FFE70298043044
:1004A000FEF722FC68B9FFE70298C16A012000FA52
:1004B00001F24DF67C21C2F2010108689043086008
:1004C00000E0FFE74DF29870C2F200000068C06AD9
:1004D0000299C862FFE70298C16A012000FA01F29E
:1004E0004DF67C21C2F20101086810430860FFE765
:1004F0000298C06A00EB80004DF2B071C2F20001B8
:1005000001EB8000406800900098029A906000988B
:100510008068029AD06002980430009A9268506015
:1005200002980430009A9060029AD06A00EB800032
:1005300001EB800050610298C06A00EB800251F824
:100540002200013041F82200FFE7FFE708E04DF20A
:100550009870C2F200000068C06A0299C862FFE7A2
:10056000012001900FE00298C06C4DF29871C2F228
:1005700000010968C96A884203D2FFE7012001909F
:1005800000E0FFE7FFE700E0FFE7019804B080BD6F
:1005900087B006900698C068C0680590FFE7059888
:1005A000806A03900598C169006A88600599C869E6
:1005B000096A48600398406805991831884205D156
:1005C000FFE70598006A03994860FFE70599002056
:1005D00088620399086801380860FFE74DF67420C7
:1005E000C2F20100006800285DD1FFE7FFE705982F
:1005F0004069029005988168C0688860059988689C
:10060000C96848600298406805990431884205D15C
:10061000FFE70598C06802994860FFE70599002048
:1006200048610299086801380860FFE7FFE705980C
:10063000C16A012000FA01F24DF67C21C2F20101EB
:10064000086810430860FFE70598C06A00EB800067
:100650004DF2B071C2F2000101EB800040680190E0
:100660000198059A906001988068059AD060059875
:100670000430019A9268506005980430019A9060A5
:10068000059AD06A00EB800001EB8000506105986C
:10069000C06A00EB800251F82200013041F82200CC
:1006A000FFE7FFE71DE0FFE74DF6F021C2F2010191
:1006B000486800900098059AD06100988068059A73
:1006C000106205981830009A9268506005981830AA
:1006D000009A906005988162086801300860FFE721
:1006E000FFE70598C06A4DF29871C2F200010968EF
:1006F000C96A884208D9FFE7012004904DF6843189
:10070000C2F20101086002E000200490FFE70498B3
:1007100007B0704780B588B0002000900790069021
:10072000FEF7A8FB009805904DF67420C2F2010078
:100730000168013901600068002840F0FC80FFE793
:100740004DF66C20C2F201000068002800F0F28033
:10075000FFE7FFE74DF6F020C2F201000068002835
:1007600000F09A80FFE74DF6F020C2F20100C06869
:10077000C0680790FFE70798806A04900798C169EE
:10078000006A88600799C869096A486004984068E7
:1007900007991831884205D1FFE70798006A049944
:1007A0004860FFE7079900208862049908680138CB
:1007B0000860FFE7FFE707984069039007988168A2
:1007C000C068886007998868C9684860039840686D
:1007D00007990431884205D1FFE70798C06803995B
:1007E0004860FFE7079900204861039908680138CD
:1007F0000860FFE7FFE70798C16A012000FA01F2ED
:100800004DF67C21C2F20101086810430860FFE741
:100810000798C06A00EB80004DF2B071C2F200018F
:1008200001EB8000406802900298079A906002985D
:100830008068079AD06007980430029A92685060E6
:1008400007980430029A9060079AD06A00EB800003
:1008500001EB800050610798C06A00EB800251F8FC
:100860002200013041F82200FFE7FFE70798C06A45
:100870004DF29871C2F200010968C96A884209D92B
:10088000FFE7059A4DF68431C2F20101012041F8DB
:10089000220000E0FFE75DE7079818B1FFE7FDF7EA
:1008A00011F8FFE74DF6EC20C2F20100006801905C
:1008B0000198F0B1FFE7FFE7FFF712FC48B1FFE74F
:1008C000059A4DF68431C2F20101012041F822005F
:1008D00000E0FFE7019801380190FFE70198002848
:1008E000EAD1FFE74DF6EC21C2F2010100200860D9
:1008F00000E0FFE705994DF68430C2F2010050F8A0
:100900002100A8B1FFE701200690FFE74DF29870A3
:10091000C2F2000000684EF60451CEF200014FF022
:1009200080500860BFF34F8FBFF36F8FFFE700E089
:10093000FFE7FFE700E0FFE7FEF7B4FA069808B02C
:1009400080BD000080B584B000200390FCF712FA4F
:100950004DF67C30C2F201000068B8B1FFE74DF6F9
:100960008030C2F20100694648601F2008604DF6E1
:10097000C110C0F6010043F64561C0F602014FF414
:1009800080720023FFF7FCFA039000E0FFE7039872
:1009900004B080BD5FEA400C08BF91F0000F4FEA41
:1009A0008C234FEAC12243EA51514FEA1C5018BF31
:1009B00000F5F0404FEA300018BF41F000415FEA17
:1009C0006C5C00F02980BCF1FF3F08BF40F0804024
:1009D0007047130C06BF12044FF0100C4FF0000CC0
:1009E000130E04BF12020CF1080C130F04BF120106
:1009F0000CF1040C930F04BF92000CF1020CD30F06
:100A000004BF52000CF1010C11464FF00002A0F19E
:100A10001F00A0EB0C00704711F0004F08BF70479B
:100A200031F000413FF4D5AF0B0C06BF09044FF085
:100A3000100C4FF0000C0B0E04BF09020CF1080C57
:100A40000B0F04BF09010CF1040C8B0F04BF8900CC
:100A50000CF1020CCB0F04BF49000CF1010CCCF1DE
:100A6000200322FA03F341EA030102FA0CF2A0EB9D
:100A70000C0000F10100704723F07F4720F07F4C0D
:100A800080EA030000F00040ACEB070303F57C5361
:100A900003F1FF032DE9804909B44FEA144324EA26
:100AA00003484FEA154B25EA0B4E0FF2042606EBDE
:100AB00013273E7803FB0667C7F5000707FB06F61A
:100AC0004FEAD64606F102064FEA543707FB066C9A
:100AD000CCF1005C4FEA1C472CEA074C0CFB06F5F6
:100AE00007FB06F404EB15464FEA961649085FEA41
:100AF000320234BF00204FF000404FEAD13706FBEE
:100B000007FC4FEA1C4C0CFB0BF7D21B03FB0CF74A
:100B100061EB07010CFB0EF7B0EB074072EB1742DD
:100B20000CFB08F734BFA2EB0742B2EB074261EBC4
:100B300017414FEA0C444FEA910706FB07FC4FEAC6
:100B40001C4C0CFB0BF7B0EBC74072EB573203FBAE
:100B50000CF734BFA2EBC742B2EBC74261EB57318F
:100B60000CFB0EF7B0EBC70072EB57720CFB08F7EB
:100B700034BFA2EBC702B2EBC70261EB57714FEA79
:100B8000816141EA92114FEA826242EA90124FEA91
:100B9000806004EBCC04039F4FEAD13706FB07FCCF
:100BA0004FEA1C4C0CFB0BF7D21B03FB0CF761EB61
:100BB00007010CFB0EF7B0EB074072EB17420CFB82
:100BC00008F734BFA2EB0742B2EB074261EB1741D3
:100BD0004FEA8C5504EB9C244FEA910706FB07FC77
:100BE0004FEA1C4C0CFB0BF7B0EBC74072EB5732D3
:100BF00003FB0CF734BFA2EBC742B2EBC74261EB79
:100C000057310CFB0EF7B0EBC70072EB57720CFBC1
:100C100008F734BFA2EBC702B2EBC70261EB577112
:100C20004FEA816141EA92114FEA826242EA9012F0
:100C30004FEA806015EB4C2544F100044FEAD137B0
:100C400006FB07FC4FEA1C4C0CFB0BF7D21B03FB0B
:100C50000CF761EB07010CFB0EF7B0EB074072EBF2
:100C600017420CFB08F734BFA2EB0742B2EB074276
:100C700061EB17414FEA813141EA92414FEA8232FA
:100C800042EA90424FEA80304FEA0C7615EB1C1591
:100C900044F1000448EA03434EEA0B484FF0000ECB
:100CA000B2EB080C71EB030724BF624639464EEBEA
:100CB0000E0E4FF0000B0018524149414BEB0B0B4D
:100CC000B2EB080C71EB03077BF1000B24BF62460B
:100CD00039464EEB0E0E4FF0000B001852414941C1
:100CE0004BEB0B0BB2EB080C71EB03077BF1000B2A
:100CF00024BF624639464EEB0E0E51EA020718BF7A
:100D000046F0010616EB0E7655F1000254F1000193
:100D100003D5BDE88901BDE80088BDE88901BDE8CB
:100D20000048B619524141EB0101A3F1010370479C
:100D300080807F7E7D7C7B7A797877767675747318
:100D4000727171706F6E6E6D6C6C6B6A6A696868D7
:100D5000676666656464636362616160605F5F5E6D
:100D60005E5D5D5C5C5B5B5A5A59595858575756E3
:100D70005655555554545353525252515150505048
:100D80004F4F4F4E4E4D4D4D4C4C4C4B4B4B4A4A9A
:100D90004A494949484848474747474646464545DE
:100DA0004544444444434343434242424241414117
:100DB0009C46002B30D477002BD04FEA37071CB568
:100DC00003B44FF010004FF01001BAF1000F06D03D
:100DD000BCF1000FDCBF40F0080040F008014FF00C
:100DE00000000FBCBDE810400BF1010BBBF1010F7F
:100DF00008BF5FEA170722BF12F1010211F10101DA
:100E00004FF0004143F1000300F0004043EA0000CE
:100E10007047F9D35708D0E746EA06464FEA164628
:100E200013F1400F1FDD13F1200FDFBF16430A46F9
:100E3000002120335B42BED0C3F1200746EA0646BC
:100E40004FEA164602FA07F746EA070622FA03F2C5
:100E5000C3F1200701FA07F742EA070221FA03F17A
:100E60004FF00003A7E746EA020646EA06464FEAC5
:100E7000164646EA0106BCBF46EA0646360C4FF067
:100E800000034FF000024FF0000194E72DE9804C81
:100E900070B49A46934691E8380007C831EA400C8E
:100EA00048BF34EA430C03D5FFF7E6FDFFF780FFA8
:100EB000F0BCBDE8008C2DE9804C70B49A46934696
:100EC00091E8380007C810F0804F08BF13F0804F3A
:100ED00003D100F005F8FFF76BFFF0BCBDE8008C14
:100EE00020F07F4723F07F4C80EA030000F00040B1
:100EF00007EB0C03A3F57C53A3F1FE0392F0000F64
:100F000000F0B38095F0000F00F077802DE90149E3
:100F10004FEA114021EA00484FEA144624EA064706
:100F200000FB06FC08FB06F607FB08F818EB064872
:100F30004CEB164C00FB07F718EB07484CEB17403F
:100F40004FEA124B22EA0B4E4FEA154625EA0647B6
:100F50000BFB06FC0EFB06F607FB0EFE1EEB064E19
:100F60004CEB164C0BFB07F71EEB074E4CEB174BED
:100F700018EB0B0840F1000018EB0E0B58EB0008C3
:100F800040F100008F1A4FF000014FF000063CBF07
:100F9000C943661B14BFB5EB040C00213CBFC94319
:100FA000F61B4FEA174427EA04454FEA1C472CEA90
:100FB000074C04FB076205FB07F70CFB05F616EB75
:100FC000074642EB174204FB0CFC16EB0C4642EBC7
:100FD0001C421BEB060658EB020241414EEA8E0E04
:100FE00046EA9E0601D5BDE80189B619524141EB9A
:100FF0000101A3F10103BDE801894FEA144524EA88
:1010000005464FEA114721EA074C05FB07F406FBAA
:1010100007F70CFB06F111EB074144EB174405FB06
:101020000CFC11EB0C4144EB1C444FEA124722EA42
:10103000074C05FB07F206FB07F70CFB06F616EB61
:10104000074642EB174205FB0CFC16EB0C4642EB45
:101050001C456A1854F1000148BF7047B619524147
:1010600041EB0101A3F10103704795F0000F37D068
:101070004FEA114221EA02464FEA144724EA074C9C
:1010800002FB07F106FB07F70CFB06F414EB074421
:1010900041EB174102FB0CFC14EB0C4441EB1C41EF
:1010A0004FEA154725EA074C02FB07F506FB07F751
:1010B0000CFB06F616EB074645EB174502FB0CFC4E
:1010C00016EB0C4645EB1C42121951F1000148BFCA
:1010D0007047B619524141EB0101A3F1010370477A
:1010E0004FEA144524EA05464FEA114721EA074C26
:1010F00005FB07F106FB07F70CFB06F212EB0742B4
:1011000041EB174105FB0CFC12EB0C4251EB1C416F
:101110004FF0000648BF7047921841EB0101A3F160
:101120000103704703B401984100009850EAC120C0
:1011300018BF04204A0D18BF40F0010040F2FF72B2
:10114000B2EB515F08BF40F00200012808BF052044
:1011500002B0704730380A2801D2012070470020C1
:101160007047000010B500290AD00878002807D081
:1011700005487844E0F73CFD002801D0002010BD70
:101180000248784410BD00000E41010006410100F4
:1011900010B500290AD00878002807D005487844FF
:1011A000E0F726FD002801D0002010BD0248784459
:1011B00010BD0000FE400100F640010010B591EAAC
:1011C000030F48BF83F0004300F18A83841A71EB58
:1011D000030C05D2121943EB0C03001B61EB0C014D
:1011E0004FEA1154A4EB135CDFF81CE11EEA430F35
:1011F00018BF9EEA445F00F0748021EA045123EA9C
:101200000E0343F48013DCF1200E32D322FA0CFEDD
:1012100010EB0E0023FA0CFE41EB0E01CCF1200E78
:1012200003FA0EFE10EB0E00CCF1200E51F100017E
:10123000B1F5801F32D201EB045112FA0EF2BDE873
:10124000104058BF7047401C38BF5FEA420218BFC9
:101250007047002814BF20F0010041F100014FEA5F
:10126000410313F5001F38BF7047A1F1C04100F0E2
:1012700029BB012A43EB0302ACF1200CDCF11F0E69
:1012800032BF4FF0000E23FA0CF310EB030041EBDA
:101290000451B4EB115FD0D0A1EB045101F58011E2
:1012A000490801EB04515FEA30000ED350F1000011
:1012B00038BF12FA0EFE08D1BDE81040C9E7401C45
:1012C00038BF5FEA4202CAD1C3E7BDE810404FEA27
:1012D000410313F5001F38BF7047A1F1C04100F072
:1012E000F1BA9EEA445F08D011EA5E0FBDE81040F3
:1012F00004BF01F0004100207047BDE8104070B508
:1013000000F092FA64FBBE3E0000E0FF2DE9C04110
:1013100030B4DFF8A8C23CEA111418BF3CEA131439
:1013200000F0F0801CEA111481EA030544EAD57448
:1013300018BF1CEA131500F0CB80A4EB050404F1E0
:101340007F7404F500344FF0004545EAC12145EAB9
:10135000C32341EA505143EA52534FEAC0204FEAB7
:10136000C222994208BF904200F0A0804FEA136564
:101370000FF24816765D4FEA134506FB05F7C7F1F5
:10138000807706FB07F74FEAD737A7FB036876425B
:10139000A7FB06CEC8F5803838BFA8F1010807FBC7
:1013A00008E6A6FB028C4FF0000EE6FB03CED8F158
:1013B00000086FEA0C0C5CF1000C6FEA0E0E4EF1A7
:1013C000004EA6FB0C584FF00007E6FB0E87A1FB72
:1013D00008C6A0FB07CE16EB0E064FF0000545F140
:1013E0000005E1FB076515F1E04E7EBFA4F58034F2
:1013F0005FEA46066D4116F1800745F100054FEAA8
:10140000172747EA05674FEA15254FEA0666A6F152
:10141000DE46B6F1805F20D9384605EBC47124F072
:10142000010C01EB0C11BCF1FE6F02D8F0BCBDE861
:10143000008124425CBF01F5801E9EEAC47F02D475
:10144000F0BCBDE80081244200F13980A1F1C04127
:10145000F0BCBDE8004100F035BA4FEAD02040EAC8
:1014600041504FEAD1214FEAD22242EA43524FEA99
:10147000D323A7FB028607FB036605FB02661EEA71
:101480000E0F58BFA6EB0056B6EB00564FEA520EB1
:101490004EEAC37E18EB0E0E56EB530EBCD518EB7E
:1014A00002085E417F1C55F10005B5E74FF4801539
:1014B0004FF000074FF000064FF00008ACE701F1D5
:1014C000C04101F000414FF00000F0BCBDE80081D8
:1014D0000CEA131511EA0C1F00D00CE013EA0C1FE4
:1014E00000F025804FF0000081EA030101F0004187
:1014F000F0BCBDE80081F0BCBDE8004181EA030119
:1015000000F0E0B9F0BCBDE8004170B500F08CF926
:10151000097EFC3E00F007B84FF0000081EA0301AD
:1015200001F00041704781EA030100F0CBB9F0BC43
:10153000BDE8004122494FF000007047FFFDFBF974
:10154000F7F5F4F2F0EEEDEBE9E8E6E4E3E1E0DEF6
:10155000DDDBDAD8D7D5D4D3D1D0CFCDCCCBCAC868
:10156000C7C6C5C4C2C1C0BFBEBDBCBBBAB9B8B78F
:10157000B6B5B4B3B2B1B0AFAEADACABAAA9A8A882
:10158000A7A6A5A4A3A3A2A1A09F9F9E9D9C9C9B50
:101590009A999998979796959594939392919190FB
:1015A0008F8F8E8E8D8C8C8B8B8A8989888887878C
:1015B0008685858484838382828181800000FF0701
:1015C0000000F87F4FEA41034FEA5353A3F58063CD
:1015D000D3F11E03C8BFD3F1210C0CDD4FF0004244
:1015E00042EAC12242EA505232FA03FC8CEAE17C20
:1015F000ACEBE1707047102BC4BF0020704703F5BF
:10160000787CBCF1FF3F04D06FF0004282EA2100F9
:10161000704770B500F008F94992248000207047A7
:10162000F2E700004FEA1153A3F58063D3F11E03E4
:10163000A8BFD3F1200C08DB4FF0004242EAC122E0
:1016400052EA505232FA03F0704709420BD4102B81
:10165000C4BF0020704703F5787CBCF1FF3F05D084
:101660004FF0FF3070474FF00000704770B500F04A
:10167000DBF800BF4992248000207047F0E710F0AB
:10168000004248BF4042B0FA80F310FA03F10AD09A
:10169000C3F11D0303F5806302EB03524FEA41508F
:1016A00002EBD12170474FF000007047B0FA80F391
:1016B00010FA03F10AD0C3F11D0303F580634FEA6A
:1016C00003524FEA415002EBD12170474FF0000026
:1016D0007047000070B5DFF848C11CEA111E1EBF3C
:1016E0001CEA13159EEA0C0F95EA0C0F00F06F80B0
:1016F00081EA03044EEAD47EAE4421EA4C1123EA87
:101700004C1341F4801143F48013AEF17F7EA1FBB2
:10171000024CA0FB0365361955EB0C05A1FB034CED
:101720004CF10003A0FB021C16EB0C06654153F1C3
:101730000003094218BF46F0010613F4007F0BD1E5
:101740004FEA03314FEA053041EA155140EA16509D
:1017500034036FF003020AE04FEAC3214FEAC520C9
:1017600041EA555140EA5650F4026FF0020202EB92
:101770002E4201EB025585EACE710AD05FEA440C95
:1017800018BF24F0004450F1000041F1000120EAAC
:10179000D47040F2FE7C624500D270BDA84214BFF6
:1017A0004FF080444FF04044002E08BF0024BEF1AB
:1017B000806FA8BFA1F1C041BDE8704080F2828077
:1017C00001F1C04101F000414FF0000070470CEA08
:1017D00013159EEA0C0F18BF95EA0C0F06D081EA8C
:1017E000030E4FF000000EF0004170BD00F01CF839
:1017F0008900013E00F007B800F009B84FEA430C39
:101800005FEA5C5C08D081EA030100F05BB84FEA54
:10181000410C5FEA5C5CF6D102494FF00000704772
:101820000000FF070000F87F0EF1020E2EF0030EFD
:101830005EF8046B364205D4012A43EB030515F527
:10184000001F12D8012841EB010C1CF5001F0CD819
:101850000ED14FEAD17C0CEB4C0C0CF1020C15F5BF
:10186000001F08BF4CEBD37C04E04FF0080C01E0F4
:101870004FEAD37C0CEB4C0526FA05F606F007067A
:10188000B6F1040C06D20EEB860CBDE870404CF0AD
:10189000010C6047DFE80CF0090B02024FF0004139
:1018A000A1F500214FF0000070BD19461046012837
:1018B00051EB010418BFD4F5001484BF002001F0DF
:1018C000004170BD0808A0F500114FEA31017047D2
:1018D00010B591EA030F48BF83F000433FF576ACA3
:1018E000841A71EB030C07D28CF0004C121943EBF5
:1018F0000C03001B61EB0C014FEA1154A4EB135CC9
:10190000DFF8A4E11EEA430F18BF9EEA445F00F02F
:10191000B48021EA045123EA6E035242C3EB6E0302
:1019200038BF5B1EDCF1200E25D322FA0CFE10EB33
:101930000E0043FA0CFE41EB0E01CCF1200E03FA2F
:101940000EFE10EB0E00CCF1200E51F1000129D457
:1019500001EB045112FA0EF2BDE8104058BF704777
:10196000401C1CBFB2F1004F704700280CBF491C3F
:1019700020F00100704712EB020E43EB030218BF88
:101980004FF0010E4EEA4202ACF1200CDCF11E0ECB
:1019900056D943FA0CFE10EB0E00CCF11E0E51F19D
:1019A000FF31D5D50EF1010E12FA0EFE404141EB8A
:1019B000010101EB445C5FEA5C5C10D901EB04516E
:1019C00010EBDE7038BFBEF1004FBDE8104018BF0D
:1019D000704700280CBF491C20F00100704734D22A
:1019E0004FEAD42C24F4006411F500111BD0B1FA95
:1019F00081F20B3AA41AA41ED2F12003914030FACE
:101A000003F31943904001EBCC7101EB0451002C1E
:101A1000BDE81040A8BF704701F1C04101F000418E
:101A20004FF000007047B0FA80F310FA03F102D1D2
:101A3000BDE810407047E41A173C4805C90AE2E7C0
:101A400001EB0451BDE81040704749104FEA3000E7
:101A500001EB0451BDE8104002E04FF00001704777
:101A60004A0008BF0042F8D0B2F5001F28BF7047F7
:101A700001F000414FF0000070479EEA445F07D03C
:101A800011EA5E0FBDE8104004BF0021002070473E
:101A9000BDE8104070B5FFF7C7FE00BF40DFF63E5F
:101AA000104683F0004170470000E0FFF1EE100A9D
:101AB0004FF6FF71C0F2C03120EA010040F04070E3
:101AC000E1EE100A7047DFF705BCDFF739BD000013
:101AD0003D9BFF7F08840F00FFFF01092A4CAE01E8
:101AE00000764E0000000000259BFF7F08840F0059
:101AF000FFFF01092A4CAE0100764E0000000000F5
:101B00000D9BFF7F08840F00FFFF01092A4CAE01E7
:101B100000764E0000000000F59AFF7F08840F0059
:101B2000FFFF01092C50B401007C4E0000000000B2
:101B3000DD9AFF7F08840F00FFFF010A2C54B801D3
:101B40000080014E00000000C59AFF7F08840F004E
:101B5000FFFF01092A4EB00100784E00000000008E
:101B6000AD9AFF7F08840F00FFFF01092C50B401DC
:101B7000007C4E0000000000959AFF7F0884010061
:101B8000FFFF0108280C6C00344E0000819AFF7F93
:101B900008840B00FFFF0123004400004404A60159
:101BA000005204AC01006404B20100721CB80100D0
:101BB0009C0102BE01009E0152000000519AFF7F6D
:101BC0008447B201B0B0B008FFFF018D04002400CB
:101BD00000240496200030189C20005204A220000B
:101BE0006004A820007004AE2000800104B420002E
:101BF000900104BA2000A00104C02000AE0112C66A
:101C00002000CC0104CC2000DA0112D22000F8011F
:101C100004D82000880204DE2000980204E420009A
:101C2000A80204EA2000B80204F02000C80204F66A
:101C30002000D80204FC2000E80204822100F802FF
:101C4000048821008803048E210098030494210055
:101C5000A803049A2100B60318A02100DA0304A601
:101C60002100EE038A02AC2100FA051CB22100A873
:101C70000614AC2100BE0608BE2100D60658AC21D1
:101C800000B0071CCA2100DE0722AC210082080830
:101C9000D621009C0860AC2100FE081CE22100ACAB
:101CA0000916AC2100C40908EE2100DE0960AC2150
:101CB00000C00A1CFA2100EE0A16AC2100860B08AF
:101CC000862200A00B9403AC2100B60E08922200DD
:101CD000D00E60AC2100B20F089E2200CC0F60AC89
:101CE0002100AE101CAA2200DC1016AC2100F4105A
:101CF00008B622008E1160AC2100F0111CC2220037
:101D00009E1216AC2100B61208CE2200D01260AC92
:101D10002100B2131CDA2200E01316AC2100F813E4
:101D200008E62200921460AC2100F4141CF2220098
:101D3000A21516AC2100BA1508FE2200D4158601A2
:101D4000AC2100DC161C8A23008A1716AC2100A2E5
:101D50001708962300BC1760AC21009E181CA22314
:101D600000CC1816AC2100E41808AE2300FE186061
:101D7000AC2100E0191CBA23008E1A16AC2100A673
:101D80001A1CC62300D41A16AC2100EC1A08D22360
:101D900000861B60AC2100E81B1CDE2300961C168D
:101DA000AC2100AE1C1CEA2300DC1C16AC2100F4A4
:101DB0001C08F623008E1D52AC2100E21D0882246F
:101DC00000F81DE801AC2100E21F088E2400FC1F72
:101DD00010AC21008C20E205000000003198FF7F4C
:101DE00008840100FF000D010516049A020101009C
:101DF000000000001998FF7F08840500FFFF01081C
:101E000014043600183000000598FF7F088407008E
:101E1000FFFF01100028000028045E003C1A640047
:101E200056280000E997FF7F08840B00FFFF010C94
:101E300034066E004C087400543A0000D197FF7FBE
:101E400008840100FF000D010416063201010000A4
:101E500000000000B997FF7F08840500FFFF010C18
:101E60000014000014043200182C0000A197FF7F1A
:101E700008840900FFFF0109300882010038620070
:101E8000000000008997FF7F08840500FFFF01081C
:101E90001E064800243C00007597FF7F088403005D
:101EA000FFFF010C002C00002C063A00321A000043
:101EB0005D97FF7F08840500FFFF0110002A0000E6
:101EC0002A086200382268005A280000840501812F
:101ED000B0B001080000000084060181B0B0000825
:101EE000000000002997FF7FB0088400FF00150163
:101EF0000C02080A010A0400000E06140101000089
:101F0000000000000997FF7FB0B0A800FF000D019E
:101F100004021A260101000000000000F196FF7F74
:101F2000B00B8400FF00110108080624010E1A00FE
:101F30000001000000000000D596FF7FB0B0AA00AD
:101F4000FF001101080A044A010E400000010000D0
:101F500000000000B996FF7FB0B0A800FF0011019B
:101F600008040454010850000001000000000000B3
:101F70009D96FF7FB0AF0600FF0051014700420071
:101F800000420446018A0104F402009A0106F202AA
:101F900000B80136F00200FE0118E80200960212B5
:101FA0000000A80204E80200AC02080000B4021419
:101FB000E80200D60212F00200F40204FC0201F86A
:101FC0000208000001000000000000004196FF7FB1
:101FD000B0B0A800FF00110108180426011C082A4F
:101FE00001010000000000000000000000000000EF
:101FF000303132333435363738394142434445463F
:102000004030580030313233343536373839616238
:10201000636465664030780004000008000000003A
:102020000000000200010000103031323334353638
:1020300037383961626364656678700030313233F5
:10204000343536373839414243444546585000000C
:1020500002400000000000A0000000000540000059
:10206000000000C8000000000C4000000000409C80
:1020700000000000194000000020BCBE000000006D
:1020800034400000BFC91B8E00000004B5400000B2
:10209000504BCFD06607E2CF010000006C4100003A
:1020A0003E8251AADFEEA73401000000D9420000B1
:1020B000DCB5A0E23A301F97FFFFFFFFB4450000F8
:1020C000FD25A0C8E9A3C14FFFFFFFFFFF3F0000B0
:1020D0000000008000000000FF3F000000000080C2
:1020E0000000000000000000FFFFFFFFFFFFFFFFF8
:1020F00000000000010000000000000000000000DF
:1021000001000000FFFFFFFFFFFFFFFF01000000D5
:10211000FFFFFFFFFFFFFFFF0100000001000000C5
:1021200001000000000000000000000001020304A4
:10213000060708090000000001020304000610164B
:102140000006101658EE02080000000032003200AF
:1021500027000C0003001840584B02080000000044
:10216000A300800000000000A3008000F0500308DE
:102170007C260208B0210208A82102087C26020859
:10218000D1210208702102087C260208F3210208EE
:102190007C2102087C26020818220208A0210208DD
:1021A000542602082A22020854260208372202086E
:1021B0004E31305F5F637878616269763131365FC6
:1021C0005F7368696D5F747970655F696E666F458E
:1021D000004E31305F5F6378786162697631313704
:1021E0005F5F636C6173735F747970655F696E665E
:1021F0006F45004E31305F5F637878616269763198
:1022000032305F5F73695F636C6173735F747970A1
:10221000655F696E666F4500537431336261645F58
:10222000657863657074696F6E005374396578639F
:10223000657074696F6E00537439747970655F6985
:102240006E666F0000000000000000000D8F0008A7
:10225000F58E00082F370108898D00081D3501080B
:10226000998D00081536010825350108C536010885
:10227000A98D000809350108BD8B00080000000089
:10228000000000008D90000875900008C9FC00084F
:10229000ADFA0008318F000869080108A18F000815
:1022A0008D8F000885FA00089F07010875F7000860
:1022B00099F900089DFA0008F18E010805900008C0
:1022C00039F70008E90401081D060108D1050108D5
:1022D0007DF7000805F80008DDF90008BDF80008E2
:1022E0009D060108C9FD000859060108BFFC000849
:1022F000ADFB00081DFC000871F90008D58F00082F
:102300007D8F0008B18F0008E58F000839080108AB
:102310006500010889FB000805FE0008F9000108B6
:1023200079FA00089D9501084508010891FA00080E
:10233000FDF60008A1FE0008B5FE0008FDFD00083E
:10234000B9020108218F0008F58F0008C18F00082D
:102350003D040108C30401089501010869F900085A
:10236000DDF60008E1FC00080000000000000000AD
:102370002D9200081592000879AB000800000000BB
:10238000000000003195000819950008E19400084C
:10239000B5940008C194000875940008959400084D
:1023A000000000000000000099A8000881A80008B3
:1023B0002F370108559500081D350108153501080E
:1023C0001536010825350108C53601085D95000858
:1023D000093501084D9500080000000000000000CC
:1023E000F5AA0008B9A900085DAB000845AB0008D4
:1023F000D9AA000869AA000885AA0008C1A900088E
:1024000015AA0008FCFFFFFF00000000DDAE010878
:10241000CDAE0108B5AE01085DAE010875AE01088C
:10242000DDAD01081DAE0108000000000000000045
:10243000E1AB0008C9AB000879AB00080000000060
:10244000000000007DCC00080DCC00088DCC0008F9
:10245000DDBE000805AC000851E6000861AC0008CC
:1024600049AC00083DAF000855BE000819C500087A
:10247000C1BE0008A5BE000875CC000825C500082F
:1024800065BD0008F1BE000801CD0008B9CC000808
:102490000000000000000000C5AC0008ADAC000862
:1024A00085AC000875AC00080000000000000000CA
:1024B00085AE00086DAE0008C9FC0008ADFA000842
:1024C000E9AC00086908010895AD000839AD0008BD
:1024D00085FA00089F07010875F7000899F90008B8
:1024E0009DFA0008018F0108FDAD000839F70008CA
:1024F000E90401081D060108D10501087DF700085F
:1025000005F80008DDF90008BDF800089D0601087F
:10251000C9FD000859060108BFFC0008ADFB000812
:102520001DFC000871F90008C1AD000829AD0008C4
:10253000A5AD0008D5AD00083908010865000108FF
:1025400089FB000805FE0008F900010879FA000877
:102550009D9501084508010891FA0008FDF600085C
:10256000A1FE0008B5FE0008FDFD0008B902010843
:10257000D9AC0008DDAD0008B5AD00083D04010888
:10258000C30401089501010869F90008DDF6000897
:10259000E1FC0008000000000000000099AE000807
:1025A00029AF000811AF0008000000000000000083
:1025B0007DCC00080DCC00088DCC0008DDBE0008E5
:1025C0001DCC000851E6000859B0000841B00008D1
:1025D0003DAF000855BE000819C50008C1BE00087F
:1025E000A5BE000875CC000825C5000865BD00081B
:1025F000F1BE000801CD0008B9CC000800000000C1
:102600000000000005B30008B5E2000861E300081F
:102610009DB2000873E30008EDB7000891B200080E
:1026200059B9000841B9000895E3000819E300080A
:102630000BE3000811B30008C1B6000807E3000867
:1026400009E300085FE3000851E300080000000010
:102650007C210208478500084B8500085F8B010834
:10266000618B0108078D0108638B0108A18B0108AC
:10267000898C0108000000008821020847850008B5
:102680005B8500085F8B0108618B0108078D0108DD
:102690008D8D0108E58D0108C58E01080000000040
:1026A000000000001D2C01088FB900080B8F0108E5
:1026B000000000000000000059BD000841BD0008F6
:1026C000FDBC00081DBD000815BD0008E9BC0008E0
:1026D00005BD000800000000000000007DCC0008DF
:1026E0000DCC00088DCC0008DDBE00081DCC000814
:1026F000B7CC00081DE900088DCD00089DCC00086E
:1027000055BE000819C50008C1BE0008A5BE0008D6
:1027100075CC000825C5000865BD0008F1BE00089D
:1027200001CD0008B9CC0008000000000000000046
:10273000355001087DCE00087D8F0108698F0108A2
:10274000DDA101083D8F01083DA20108354E0108B9
:10275000294F0108CD3A0108B3A101085FA2010881
:10276000454F0108594F0108C94F0108DD4F0108C5
:10277000F14E0108C54E0108D14E0108B14E0108C5
:10278000BD4E0108B34D0108994F01088D4E010857
:102790004DCE000855900108718F01086DB30108F6
:1027A000000000000000000025D1000821D1000831
:1027B000B3A901088FA90108DDA101088BA10108B7
:1027C000659001086D7A0108294F0108217A0108F6
:1027D000B3A101085FA20108454F0108594F010844
:1027E0009FD00008BDD00008F14E0108C54E010879
:1027F000D14E0108B14E0108BD4E0108B34D01088C
:10280000994F0108717A0108957C01087F7D0108C4
:10281000DF7D0108B97D0108BF7D0108557D0108F4
:10282000D17A0108057A010897A90108757C010889
:102830002DE2000809E2000895CE000801D000084A
:102840003DD000088DD000088F90010871D000089D
:102850006190010887D00008899001085B90010809
:1028600000000000000000001D2C01084BD10008F2
:1028700093900108000000000000000099D10008BA
:1028800081D1000851D100081DBD000815BD000808
:10289000E9BC000805BD00080000000000000000C1
:1028A000355001089DE20008B3A901088FA901086D
:1028B000DDA101088BA101083DA201086D7A010884
:1028C000294F0108217A0108B3A101085FA201087C
:1028D000454F0108594F0108C94F0108DD4F010854
:1028E000F14E0108C54E0108D14E0108B14E010854
:1028F000BD4E0108B34D0108994F0108717A0108D6
:10290000957C01087F7D0108DF7D0108B97D010804
:10291000BF7D0108557D0108D17A0108057A0108BB
:1029200097A90108757C01082DE2000809E200085A
:102930006DB3010800000000000000006DB3010845
:10294000B5E2000861E3000805E3000873E300084E
:102950006DB3010801E3000871E400086FE40008AA
:1029600095E3000819E300080BE300086DB30108C4
:102970006DB3010807E3000809E300085FE30008FE
:1029800051E30008000000000000000075E50008A9
:102990005DE5000833A901084998010889960108F6
:1029A0007D960108F195010825960108B595010865
:1029B00095960108FF960108DB950108A995010885
:1029C00033980108919801085D9601086D960108F9
:1029D00091910108699701082D92010875920108EB
:1029E00029980108E19501083992010800000000CA
:1029F00000000000FDE50008F9E5000881920108EB
:102A000079930108B59201089D92010889E50008B3
:102A1000F8FFFFFF0000000005AF0108FFAE01084E
:102A2000EDAE010800000000000000003550010874
:102A300039E6000829930108B9920108DDA10108CF
:102A40008BA101081F9D0108354E0108294F01087F
:102A5000CD3A0108B3A101085FA20108454F010862
:102A6000594F0108C94F0108DD4F0108F14E010817
:102A7000C54E0108D14E0108B14E0108BD4E0108F6
:102A8000B34D0108994F01088D4E01081F2C010814
:102A90001DE6000819E60008000000000000000024
:102AA0007DCC00080DCC00088DCC0008DDBE0008F0
:102AB0001DCC000851E60008E9E60008D1E6000850
:102AC0009DCC000855BE000819C50008C1BE00080D
:102AD000A5BE000875CC000825C5000865BD000826
:102AE000F1BE000801CD0008B9CC000800000000CC
:102AF00000000000ADE80008A5E800086D9301089B
:102B0000799301088D9301086DB30108000000005E
:102B100000000000D9E80008D1E800086DB3010802
:102B20006DB30108000000000000000011E900087A
:102B300009E900086DB301086DB301080000000049
:102B4000000000002FED00082DED0008B1EC00089A
:102B5000B1EB00089593010835EC00082FEC000854
:102B60006DB301086DB301086DB301086DB30108C1
:102B700000000000000000001BEE000803EE00084B
:102B800031ED0008317E010841EE000899ED0008A2
:102B9000F5ED0008000000000000000059EE0008FC
:102BA00035F10008EDF00008B5EF000849F0000825
:102BB00081EF0008A5F0000835F200081DF20008BA
:102BC000000000000000000095F200087DF20008FF
:102BD00049F2000800000000000000006DB3010889
:102BE0006DB301086DB301086DB301086DB3010841
:102BF0006DB301086DB301083DF3000835F300081B
:102C00000000000000000000B1F30008A9F3000874
:102C10006D930108799301088D9301086DB3010844
:102C2000000000000000000031F5000819F5000860
:102C3000DD93010885A30108DDA101088BA101082E
:102C4000BD930108354E0108294F0108CD3A01080E
:102C5000B3A101085FA20108454F0108594F0108BF
:102C60007D780108B1780108F14E0108C54E0108D0
:102C7000D14E0108B14E0108BD4E0108B34D010807
:102C8000994F01088D4E01085578010851770108C8
:102C9000B577010871A3010801A4010895A30108F3
:102CA00099A4010899930108F5A30108CD9301089F
:102CB0000000000000000000A5F500088DF50008E8
:102CC000DD93010885A30108DDA101088BA101089E
:102CD000BD930108354E0108294F0108CD3A01087E
:102CE000B3A101085FA20108454F0108594F01082F
:102CF0007D780108B1780108F14E0108C54E010840
:102D0000D14E0108B14E0108BD4E0108B34D010876
:102D1000994F01088D4E0108557801085177010837
:102D2000B577010871A3010801A4010895A3010862
:102D300099A40108A5930108B1930108CD93010856
:102D400000000000000000006D790108D9F50008BE
:102D5000DD93010885A30108DDA101088BA101080D
:102D6000BD930108354E0108294F0108CD3A0108ED
:102D7000B3A101085FA20108454F0108594F01089E
:102D80007D780108B1780108F14E0108C54E0108AF
:102D9000D14E0108B14E0108BD4E0108B34D0108E6
:102DA000994F01088D4E01085578010851770108A7
:102DB000B577010871A3010801A4010895A30108D2
:102DC00099A40108F1A30108F5A30108CD93010816
:102DD000000000000000000035500108C5F60008A2
:102DE000B394010889940108DDA101088BA10108B1
:102DF0009F940108354E0108294F0108CD3A01087A
:102E0000B3A101085FA20108454F0108594F01080D
:102E1000C94F0108DD4F0108F14E0108C54E0108F8
:102E2000D14E0108B14E0108BD4E0108B34D010855
:102E3000994F01088D4E01080000000000000000BD
:102E4000D9090108D5090108C9FC0008ADFA000834
:102E500011F70008690801082DFA000829FA00088E
:102E600085FA00089F07010875F7000899F900081E
:102E70009DFA00086DB30108A707010839F700089B
:102E8000E90401081D060108D10501087DF70008C5
:102E900005F80008DDF90008BDF800089D060108E6
:102EA000C9FD000859060108BFFC0008ADFB000879
:102EB0001DFC000871F900086DB301086DB301082D
:102EC0006DB301086DB301083908010865000108F8
:102ED00089FB000805FE0008F900010879FA0008DE
:102EE0009D9501084508010891FA0008FDF60008C3
:102EF000A1FE0008B5FE0008FDFD0008B9020108AA
:102F0000E5F60008850701086DB301083D040108D6
:102F1000C30401089501010869F90008DDF60008FD
:102F2000E1FC00080000000000000000355001082E
:102F3000C12901087D8F0108698F0108DDA1010801
:102F40003D8F0108019A0108354E0108294F0108FB
:102F5000CD3A0108B3A101085FA20108454F01085D
:102F6000594F0108C94F0108DD4F0108F14E010812
:102F7000C54E0108D14E0108B14E0108BD4E0108F1
:102F8000B34D0108994F01088D4E01084DCE000840
:102F9000559001089D980108A998010800000000BB
:102FA00000000000952B01087D2B01082F37010838
:102FB000F53401081D3501081535010815360108DD
:102FC00025350108C53601080D3601080935010807
:102FD0000000000000000000355001085D2C0108D1
:102FE000339D0108059D0108DDA101088BA10108A1
:102FF0001F9D0108354E0108294F0108CD3A0108EF
:10300000B3A101085FA20108454F0108594F01080B
:10301000C94F0108DD4F0108F14E0108C54E0108F6
:10302000D14E0108B14E0108BD4E0108B34D010853
:10303000994F01088D4E01081F2C01080000000067
:1030400000000000D9340108C934010871310108B9
:103050000000000000000000193A0108153A0108BC
:103060002F370108F53401081D3501081535010811
:103070001536010825350108C53601080D36010849
:10308000093501080000000000000000293B01088C
:10309000213B01086DB301086DB30108DDA10108F2
:1030A0008BA101083DA20108354E0108294F0108F6
:1030B000CD3A0108B3A101085FA20108454F0108FC
:1030C000594F0108C94F0108DD4F0108F14E0108B1
:1030D000C54E0108D14E0108B14E0108BD4E010890
:1030E000B34D0108994F01088D4E01080000000002
:1030F00000000000293E0108113E01080000000008
:10310000000000007D44010879440108000000002F
:1031100000000000394D0108214D0108794C0108DB
:1031200049A101080000000000000000355001081E
:10313000315001086DB301086DB30108DDA101082C
:103140008BA101083DA20108354E0108294F010855
:103150006DB30108B3A101085FA20108454F010842
:10316000594F0108C94F0108DD4F0108F14E010810
:10317000C54E0108D14E0108B14E0108BD4E0108EF
:10318000B34D0108994F01088D4E01080000000061
:103190000000000021240108117701085162010894
:1031A000D1570108B96F0108156F0108356E010884
:1031B000556C0108496B01083D710108E95201088D
:1031C0006DA301088FA2010893A2010881230108C1
:1031D000050E0108412001080D1A01080D690108BA
:1031E0009D1E01083D720108000000000000000063
:1031F0006D79010867790108C1A7010885A3010855
:10320000DDA101088BA1010839A40108354E010890
:10321000294F0108CD3A0108B3A101085FA20108B6
:10322000454F0108594F01087D780108B178010820
:10323000F14E0108C54E0108D14E0108B14E0108FA
:10324000BD4E0108B34D0108994F01088D4E01088C
:103250005578010851770108B577010871A3010875
:1032600001A4010895A3010899A40108F1A301088C
:10327000F5A301085DA501080000000000000000A2
:103280001D260108ED79010833A9010849980108B4
:10329000899601087D960108F19501082596010897
:1032A000B595010895960108FF960108DB95010880
:1032B000A995010833980108919801085D960108C5
:1032C0006D9601086DB3010869970108D195010851
:1032D0003D98010829980108E19501086DB301089E
:1032E000000000000000000035500108197E0108B0
:1032F000B3A901088FA90108DDA101088BA101086C
:103300003DA201086D7A0108294F0108217A0108C0
:10331000B3A101085FA20108454F0108594F0108F8
:10332000C94F0108DD4F0108F14E0108C54E0108E3
:10333000D14E0108B14E0108BD4E0108B34D010840
:10334000994F0108717A0108957C01087F7D010879
:10335000DF7D0108B97D0108BF7D0108557D0108A9
:10336000D17A0108057A010897A90108757C01083E
:1033700000000000000000001D2C01083B7E010839
:1033800015AA010800000000000000007D8001086F
:1033900065800108B1EC0008B1EB000895930108C5
:1033A00035EC00082FEC000865AA01081D80010813
:1033B0002980010849AA010800000000000000005F
:1033C000ED800108D5800108B1EC0008B1EB0008E0
:1033D0009593010835EC00082FEC000889AA010834
:1033E000918001089D80010871AA01080000000079
:1033F000000000006181010849810108B1EC00086A
:10340000B1EB00089593010835EC00082FEC00089B
:10341000B1AA0108018101080D81010895AA0108DE
:1034200000000000000000007D8101087581010896
:10343000B58101089D810108000000000000000026
:1034400041820108298201080000000000000000FC
:103450005D8B01089187010885870108B386010803
:1034600003870108438401083B8301089F83010807
:103470008386010843870108ED8601080D84010851
:1034800053840108F385010863840108338301082C
:103490000000000094210208E7AC0108E1AC01083B
:1034A000C9AC010800003C027804B306EE08280B02
:1034B000610D990FD01106143A166C189D1ACB1C89
:1034C000F71E212148236C258E27AC29C72BDF2D21
:1034D000F32F0332103418361D381C3A183C0E3EB8
:1034E0000040ED41D443B74594476B493D4B084DEF
:1034F000CE4E8E504752FA53A6554C57EB58825A2F
:10350000135C9D5D1F5F9A600E627A63DE643A66AB
:103510008E67DA681E6A5A6B8D6CB86DDA6EF46F5E
:1035200004710D720C730274EF74D375AE768077EC
:1035300048780779BC79687A0B7BA37B337CB87CAD
:10354000347DA67D0E7E6D7EC17E0C7F4C7F837F99
:10355000B07FD37FEC7FFB7F00800000010102027F
:1035600003030404040505060607070808090909FA
:103570000A0A0B0B0C0C0D0D0E0E0E0F0F10101176
:1035800011121213131414151516161717171818ED
:1035900019191A1A1B1B1C1C1D1D1E1F1F20202160
:1035A0002122222323242425262627272828292AC6
:1035B0002A2B2B2C2D7479706564546578747320D4
:1035C000213D2030202626202254797065645465E0
:1035D000787420646174616261736520686173202E
:1035E0006E6F74206265656E20696E697469616CC6
:1035F000697A65642E220068617356616C6964495A
:103600006428292026262022747970656454657800
:10361000744964206C6172676572207468616E2001
:103620006E756D6265724F66547970656454657825
:1036300074732E2200547970656454657874206424
:103640006174616261736520686173206E6F7420BC
:103650006265656E20696E697469616C697A65641A
:103660002E00437562654D582F4D6964646C657713
:10367000617265732F53542F746F75636867667832
:103680002F6672616D65776F726B2F696E636C75F3
:1036900064655C746F7563686766782F54797065CC
:1036A00064546578742E6870700073697A656F660B
:1036B000285472616E735479706529203C3D2068EE
:1036C0006561702E7472616E736974696F6E537484
:1036D0006F726167652E656C656D656E745F736989
:1036E0007A65282920262620225472616E73697417
:1036F000696F6E20616C6C6F636174696F6E2065B9
:1037000072726F723A20436865636B2074686174EB
:1037100020616C6C207472616E736974696F6E7372
:103720002061726520616464656420746F20467254
:103730006F6E74656E64486561703A3A5472616E7A
:10374000736974696F6E5479706573220073697A56
:10375000656F662850726573656E74657254797012
:103760006529203C3D20686561702E707265736527
:103770006E74657253746F726167652E656C656DEA
:10378000656E745F73697A65282920262620225089
:10379000726573656E74657220616C6C6F636174C1
:1037A000696F6E206572726F723A20436865636B51
:1037B000207468617420616C6C2070726573656E32
:1037C000746572732061726520616464656420743D
:1037D0006F2046726F6E74656E64486561703A3A28
:1037E00050726573656E74657254797065732200EA
:1037F00073697A656F662853637265656E54797074
:103800006529203C3D20686561702E736372656593
:103810006E53746F726167652E656C656D656E744D
:103820005F73697A652829202626202256696577E4
:1038300020616C6C6F636174696F6E206572726F6A
:10384000723A20436865636B207468617420616C10
:103850006C207669657773206172652061646465A8
:103860006420746F2046726F6E74656E6448656183
:10387000703A3A56696577547970657322004375DA
:1038800062654D582F4D6964646C6577617265732C
:103890002F53542F746F7563686766782F66726153
:1038A0006D65776F726B2F696E636C7564655C6DA7
:1038B00076702F4D56504170706C69636174696FFA
:1038C0006E2E68707000636F6D70617469626C65F4
:1038D0004672616D65627566666572284269746DCF
:1038E00061703A3A52474235363529202626202241
:1038F0005468652063686F73656E207061696E74CB
:103900006572206F6E6C7920776F726B73207769A8
:1039100074682052474235363520646973706C6193
:1039200079732200437562654D582F4D6964646C4C
:103930006577617265732F53542F746F7563686771
:1039400066782F6672616D65776F726B2F696E6333
:103950006C7564655C746F7563686766782F7769EA
:1039600064676574732F63616E7661732F41627350
:1039700074726163745061696E7465725247423546
:1039800036352E6870700025730075736564203EAF
:1039900020300075736564203E2031006F666673C9
:1039A0006574203C207573656400437562654D58ED
:1039B0002F4D6964646C6577617265732F53542F62
:1039C000746F7563686766782F6672616D65776F6F
:1039D000726B2F696E636C7564655C746F75636878
:1039E0006766782F5465787450726F766964657273
:1039F0002E687070004B6579256400257500286677
:103A000072616D655F6275666665725F73656D2074
:103A1000213D204E554C4C292026262022437265FC
:103A20006174696F6E206F66206672616D65627584
:103A3000666665722073656D6170686F7265206679
:103A400061696C65642200287673796E635F7175B5
:103A500065756520213D204E554C4C292026262099
:103A6000224372656174696F6E206F662076737988
:103A70006E63206D6573736167652071756575652B
:103A8000206661696C656422004372656174696FC8
:103A90006E206F66206672616D656275666665721E
:103AA0002073656D6170686F7265206661696C6511
:103AB00064004372656174696F6E206F662076736F
:103AC000796E63206D6573736167652071756575C7
:103AD00065206661696C6564002E2F437562654DD3
:103AE000582F546F7563684746582F746172676525
:103AF000742F4F5357726170706572732E637070BC
:103B0000006672616D6542756666657220213D20B2
:103B100030202626202241206672616D656275661E
:103B20006665722061646472657373206D75737469
:103B30002062652073657422007769647468203E92
:103B40003D20444953504C41595F57494454482003
:103B5000262620686569676874203E3D20444953E5
:103B6000504C41595F484549474854202626202259
:103B70004672616D656275666665722063616E6E20
:103B80006F7420626520736D616C6C65722074685F
:103B9000616E20646973706C61792200437562659F
:103BA0004D582F4D6964646C6577617265732F534E
:103BB000542F746F7563686766782F6672616D65E0
:103BC000776F726B2F696E636C7564655C746F756B
:103BD00063686766782F68616C2F48414C2E687067
:103BE000700041206672616D65627566666572205F
:103BF00061646472657373206D75737420626520EF
:103C0000736574004672616D6562756666657220E3
:103C100063616E6E6F7420626520736D616C6C659C
:103C200072207468616E20646973706C6179003011
:103C30002026262022556E737570706F727465642D
:103C400020466F726D6174212200302026262022CA
:103C5000556E737570706F7274656420666F726DE7
:103C6000617422002E2F437562654D582F546F7575
:103C700063684746582F7461726765742F67656E75
:103C80006572617465642F53544D3332444D412E37
:103C90006370700073746174655B64726177696EE0
:103CA00067426C6F636B5D203D3D20414C4C4F4340
:103CB000415445440073746174655B73656E646957
:103CC0006E67426C6F636B5D203D3D2053454E44F3
:103CD000494E470073746174655B6E657874536513
:103CE0006E64696E67426C6F636B5D203D3D20447E
:103CF0005241574E0073746174655B73656E6469FD
:103D00006E67426C6F636B5D203D3D2044524157AE
:103D10004E0073746174655B64726177696E6742AB
:103D20006C6F636B5D203D3D20454D505459004301
:103D30007562654D582F4D6964646C657761726575
:103D4000732F53542F746F7563686766782F66728C
:103D5000616D65776F726B2F696E636C7564655CFE
:103D6000746F7563686766782F68616C2F4672613F
:103D70006D65427566666572416C6C6F6361746FE8
:103D8000722E6870700073656E64207461736B00CE
:103D90004672656552544F53206D616C6C6F6320A1
:103DA0006661696C656421200A00537461636B204D
:103DB0006F766572666C6F7721205461736B6E61EC
:103DC0006D653A2025732E200A00467265655254AF
:103DD0004F5320617373657274206661696C65640A
:103DE0002E2046696C653A2025732C206C696E651F
:103DF0003A2025752E200A007461736B3100546FD0
:103E00007563684746585F5461736B006D657373E3
:103E10006167655F706F6C6C696E675F7461736B0F
:103E20000073746172745F7461736B0009256309B8
:103E300025750925750925750D0A0049444C45006D
:103E4000546D725100546D72205376630073697A19
:103E500065203C3D20656C656D656E745F73697AA5
:103E60006528290030203D3D202873746174696302
:103E70005F636173743C75696E7431365F743E289C
:103E8000287374617469635F636173743C636F6EFC
:103E900073742075696E74385F742A3E2861646497
:103EA0007265737329202D207374617469635F6375
:103EB0006173743C75696E74385F742A3E28656C52
:103EC000656D656E74283029292929202520656CA7
:103ED000656D656E745F73697A65282929002E2ED9
:103EE0002F2E2E2F2E2E2F2E2E2F6672616D657780
:103EF0006F726B2F736F757263652F636F6D6D6F6C
:103F00006E2F41627374726163745061727469746C
:103F1000696F6E2E637070002864737420213D20D9
:103F200028766F69642A29302920262620224120FC
:103F3000636F72726563742064657374696E617413
:103F4000696F6E206D656D6F727920706F696E7428
:103F50006572206D7573742062652070726F76696A
:103F60006465642122002848414C3A3A67657449E7
:103F70006E7374616E636528292D3E6765744672A1
:103F8000616D6552656672657368537472617465BC
:103F90006779282920213D2048414C3A3A5245462C
:103FA000524553485F53545241544547595F50411D
:103FB000525449414C5F4652414D45425546464553
:103FC00052292026262022436F7079206672616D67
:103FD0006562756666657220726567696F6E2074CA
:103FE0006F206D656D6F7279206973206E6F74201C
:103FF000737570706F7274656420696E20506172A1
:104000007469616C204672616D6562756666657281
:10401000206D6F646521220066616C736520262621
:104020002022556E6B6E6F776E204C385F52474280
:1040300035363520636F6D7072657373696F6E20EE
:10404000616C676F726974686D21220066616C73C0
:10405000652026262022556E657870656374656438
:10406000207465787420726F746174696F6E2200B9
:1040700028636F6D7072657373696F6E416C676FE3
:10408000726974686D203D3D204269746D61703ABB
:104090003A434F4D5052455353494F4E5F4C385F52
:1040A0004E4F4E452920262620225465787475727D
:1040B000656D6170706572206F6E6C7920737570BC
:1040C000706F72747320756E636F6D707265737349
:1040D0006564204C3820696D616765732200286231
:1040E0006D702E676574466F726D61742829203D6E
:1040F0003D206672616D65627566666572466F72B7
:104100006D6174282929202626202254686520679D
:104110006976656E206269746D61702068617320D4
:10412000616E20696E76616C696420666F726D6184
:1041300074220048414C3A3A4652414D455F42553F
:10414000464645525F5749445448203E2030202679
:1041500026202248414C20686173206E6F742062D3
:1041600065656E20696E697469616C697A65642041
:1041700079657422002A7265696E74657270726561
:10418000745F636173743C636F6E73742075696EE2
:104190007431365F742A3E28636C757444617461AF
:1041A00029203D3D204269746D61703A3A434C5577
:1041B000545F464F524D41545F4C385F5247423531
:1041C0003635002A7265696E746572707265745F47
:1041D000636173743C636F6E73742075696E7431C0
:1041E000365F742A3E28636C7574446174612920BB
:1041F0003D3D204269746D61703A3A434C55545FBD
:10420000464F524D41545F4C385F41524742383817
:104210003838002A7265696E746572707265745FF1
:10422000636173743C636F6E73742075696E74316F
:10423000365F742A3E28636C75744461746129206A
:104240003D3D204269746D61703A3A434C55545F6C
:10425000464F524D41545F4C385F524742383838D0
:1042600000746578747572652E6578747261446146
:104270007461002E2E2F2E2E2F2E2E2F2E2E2F66D7
:1042800072616D65776F726B2F736F757263652FD7
:10429000706C6174666F726D2F6472697665722FCF
:1042A0006C63642F4C434431366270702E637070BF
:1042B000002E2E2F2E2E2F2E2E2F2E2E2F66726199
:1042C0006D65776F726B2F696E636C7564655C707A
:1042D0006C6174666F726D2F6472697665722F6C93
:1042E00063642F4C434431366270702E68707000E6
:1042F0005F73697A65203C206361706163697479DA
:104300002026262022566563746F722063617061D7
:104310006369747920657863656564656422006902
:104320006E646578203C205F73697A65002E2E2FBD
:104330002E2E2F2E2E2F2E2E2F6672616D65776FEB
:10434000726B2F736F757263652F746F7563686717
:1043500066782F4170706C69636174696F6E2E634B
:104360007070002E2E2F2E2E2F2E2E2F2E2E2F66DB
:1043700072616D65776F726B2F696E636C756465C2
:104380005C746F7563686766782F68616C2F547909
:104390007065732E687070006269746D617073204F
:1043A000262620224269746D617020646174616206
:1043B00061736520686173206E6F74206265656E3D
:1043C00020696E697469616C697A65642E220028BF
:1043D0006373697A65203E202873697A655F63613B
:1043E0006368655F7461626C6573202B2073697A02
:1043F000655F64796E616D69635F6269746D617038
:104400005F6461746129292026262022496E737514
:104410006666696369656E742063616368652073AD
:10442000746F7261676522002E2E2F2E2E2F2E2E76
:104430002F2E2E2F6672616D65776F726B2F736FE3
:10444000757263652F746F7563686766782F42694C
:10445000746D61702E63707000627566666572536C
:10446000697A65203E3D2032202A2073697A656F83
:10447000662843656C6C2920262620224E6F742006
:10448000656E6F756768206D656D6F727920616C00
:104490006C6F636174656420666F722043575222AB
:1044A000006861734275666665722829002E2E2F9A
:1044B0002E2E2F2E2E2F2E2E2F6672616D65776F6A
:1044C000726B2F736F757263652F746F7563686796
:1044D00066782F63616E7661735F77696467657470
:1044E0005F72656E64657265722F43616E7661738B
:1044F00057696467657452656E64657265722E6390
:104500007070006865616420213D202664202626A5
:10451000202243616E6E6F74206164642044726176
:104520007761626C65206D756C7469706C65207460
:10453000696D657322002E2E2F2E2E2F2E2E2F2EDC
:104540002E2F6672616D65776F726B2F736F757248
:1045500063652F746F7563686766782F636F6E7419
:1045600061696E6572732F436F6E7461696E6572F7
:104570002E637070002E2E2F2E2E2F2E2E2F2E2ECD
:104580002F6672616D65776F726B2F736F757263D3
:10459000652F746F7563686766782F68616C2F4448
:1045A0004D412E637070006672616D65427566667E
:1045B0006572416C6C6F6361746F722026262022D5
:1045C00048414C3A3A6672616D654275666665723D
:1045D000416C6C6F6361746F72206E6F7420696ED2
:1045E000697469616C697A656421220028626C696A
:1045F000744F702E6F7065726174696F6E20262023
:10460000676574426C697443617073282929202698
:10461000262022626C69742066696C6C206F70655C
:10462000726174696F6E206E6F7420737570706F35
:1046300072746564220028626C69744F702E6F700A
:1046400065726174696F6E202620676574426C69BB
:1046500074436170732829292026262022626C6900
:1046600074206F7065726174696F6E206E6F742054
:10467000737570706F7274656422005553455F41A5
:104680004E494D4154494F4E5F53544F5241474557
:104690002026262022416E696D6174696F6E207339
:1046A000746F7261676520726571756972656420E7
:1046B000666F722074686973206F706572617469C7
:1046C0006F6E2E205365652048414C3A3A736574ED
:1046D000416E696D6174696F6E53746F7261676565
:1046E000220066616C7365202626202248414C3AE0
:1046F0003A524546524553485F53545241544547F8
:10470000595F5041525449414C5F425546464552CB
:104710005F5446545F4354524C206F6E6C79207343
:104720007570706F7274732031366269742C203228
:10473000346269742C206F7220333262697420668F
:1047400072616D65627566666572220066616C7382
:1047500065202626202248414C3A3A524546524589
:1047600053485F53545241544547595F5041525446
:1047700049414C5F4652414D4542554646455220BF
:104780006F6E6C7920737570706F72747320313630
:10479000626974206F7220323462697420667261BB
:1047A0006D65627566666572220028776964746853
:1047B000203E2030292026262028686569676874F5
:1047C000203E203029202626202243616E6E6F7401
:1047D00020626C697420656D7074792072656374F1
:1047E00022002E2E2F2E2E2F2E2E2F2E2E2F6672A3
:1047F000616D65776F726B2F736F757263652F7460
:104800006F7563686766782F68616C2F48414C2E1E
:104810006370700021757365456C6C6970736973A2
:104820002026262022576964652054657874206804
:1048300061732073746F7070656420776974682089
:10484000616E20656C6C6970736973202D20646FD4
:10485000206E6F74207363616E20616E79206675BF
:1048600072746865722122002862697473506572DF
:10487000506978656C203D3D2031207C7C20626948
:104880007473506572506978656C203D3D2032200C
:104890007C7C2062697473506572506978656C2005
:1048A0003D3D2034207C7C206269747350657250D9
:1048B0006978656C203D3D20382920262620224934
:1048C0006C6C6567616C20626974735065725069C5
:1048D00078656C20666F7220676C79706822002E94
:1048E0002E2F2E2E2F2E2E2F2E2E2F6672616D65BF
:1048F000776F726B2F736F757263652F746F75634B
:10490000686766782F6C63642F4C43442E63707025
:10491000002E2E2F2E2E2F2E2E2F2E2E2F66726132
:104920006D65776F726B2F696E636C7564655C740F
:104930006F7563686766782F776964676574732F2E
:1049400063616E7661732F4357525574696C2E689C
:104950007070002E2E2F2E2E2F2E2E2F2E2E2F66E5
:1049600072616D65776F726B2F696E636C756465CC
:104970005C746F7563686766782F547970656454EA
:104980006578742E6870700075736564202B206ED6
:10499000756D203C3D2073697A65002E2E2F2E2EDA
:1049A0002F2E2E2F2E2E2F6672616D65776F726BF4
:1049B0002F696E636C7564655C746F756368676698
:1049C000782F5465787450726F76696465722E68BA
:1049D00070700043616E76617357696467657452E5
:1049E000656E64657265723A3A68617342756666AF
:1049F0006572282920262620224E6F206275666661
:104A0000657220616C6C6F636174656420666F729F
:104A10002043616E76617357696467657452656E91
:104A200064657265722064726177696E6722002E18
:104A30002E2F2E2E2F2E2E2F2E2E2F6672616D656D
:104A4000776F726B2F736F757263652F746F7563F9
:104A5000686766782F776964676574732F63616E22
:104A60007661732F43616E7661732E637070002ED2
:104A70002E2F2E2E2F2E2E2F2E2E2F6672616D652D
:104A8000776F726B2F736F757263652F746F7563B9
:104A9000686766782F63616E7661735F77696467B4
:104AA00065745F72656E64657265722F4F75746CA4
:104AB000696E652E637070005F5F6378615F677514
:104AC0006172645F616371756972652064657465A4
:104AD00063746564207265637572736976652069B5
:104AE0006E697469616C697A6174696F6E3A206489
:104AF0006F20796F75206861766520612066756E1C
:104B00006374696F6E2D6C6F63616C207374617474
:104B10006963207661726961626C652077686F7382
:104B20006520696E697469616C697A6174696F6E18
:104B300020646570656E6473206F6E2074686174A4
:104B40002066756E6374696F6E3F007063000000CD
:104B5000445203081F000000C921C921C921C921ED
:104B6000C921C921C921C921C921E921CA21C921D4
:104B7000EA29EA21EA29E921EA29EA29EA21EA21BE
:104B8000EA29EA21EA290A2A0A2AEA210A2A0A2A19
:104B90000A2A0A2A0A2A0A2A0A2A0A2A0A2A0B2A74
:104BA0000A2A0B2A0B2A0B2A2A2A0B2A2B2A2B2AFF
:104BB0002B2A2B2A2B2A2B2A2B2A2B2A2B2A2B2A4D
:104BC0002B2A2B2A2B2A2B2A2B2A4C324B2A4B2AD4
:104BD0004B2A2B2A2B2A2C2A4C324B2A4B2A4C327A
:104BE0004C2A4C2A4B2A4C324C324C2A4C324C2AFE
:104BF0004C2A4C324C324C2A4C324C2A4C326C32BD
:104C00004C2A6C326C324C326C2A6C326C326C3204
:104C10006C326C326C2A6C326C326C326C326C32AC
:104C20006C326D326C328C326C326C324C324C2ABB
:104C30004C324C2A6C324C324C2A4C326C324C2A5C
:104C40004C326C324C2A6C324C326C326C326C32DC
:104C50006C326C326C326C326C326C326C326C3264
:104C60006C326C326C326C326C326D326C326C3253
:104C70006C326D326C326C328D328C328C328D32C1
:104C80008D328C326C328D328D328C328D328D324F
:104C90008C328C328D328D328C328D328D32C921F4
:104CA000C921C921C921C921EA29EA29C921EA2939
:104CB000C929E921EA29EA21E929EA21EA29EA2997
:104CC000EA21EA29EA29EA29EA21EA29EA29EA2164
:104CD0000A2A0A2AEA290A220B2AEA290B220B2A83
:104CE0000B2A0A2A0B2A0A2A0A2A0B2A2B2A0B2AFF
:104CF0000B2A2B2A2B2A0B2A0B2A0B2A2B2A2B2A8C
:104D00002B2A2B2A2B2A2B2A2B2A2B2A4B2A4B2ABB
:104D10002C2A2B322C2A2C2A4B2A4C322B2A4B2A77
:104D20004C2A2B2A4C324C2A4B2A4C324C2A4C32DD
:104D30004C324C324C2A4B2A4C326C326C2A6C323C
:104D40004C2A4C326C324C2A4C326C326C2A6C320B
:104D50006C326C326C2A6C326C326C326C326C326B
:104D60006D326D326C326C326D326C328D326C322F
:104D70004C2A4C2A4C324C2A4C324C326C2A6C3223
:104D80004C324C2A6C324C326C2A4C324C326C2AEB
:104D90006C324C326C2A6C326C326C326C326C324B
:104DA0006C326C326C326C326C326D326C328C32F2
:104DB0008D326C326C326D328D328C326D326D329E
:104DC0008C326D326C326C326D326C328D326C32B0
:104DD0008D328D326C328D328D326C328C328D321E
:104DE0006D328C32C921C921C929CA29EA21E92990
:104DF000C921CA21E929CA21E921EA29CA21E921CF
:104E0000E921EA29EA21EA29EA29EA21EA29EA212B
:104E10000A2AEA210A2A0A2A0A2AEA210B2A0A2A43
:104E20000A2A0A2A0A220A2A0B2A0B2A0B2A2A2AC7
:104E30000B2A2A2A2B2A0B2A2B2A0A2A0B2A2B2A4C
:104E40002B2A2B2A2B2A2B2A2B2A2B2A2B2A2B2ABA
:104E50002B2A2B322B2A2B2A2B2A4B324C2A4C3230
:104E60004B322B2A4C324C324B2A4C324B324C3286
:104E70002B2A4C2A4C2A4B2A4C324B2A4C324C2A95
:104E80004C2A6C324C324C2A4C2A6C326C326C32CA
:104E90006C324C2A6C324C326D326C324C2A6D3290
:104EA0006D326C326C2A6C326D326C326D326C3217
:104EB0006C326C324C324C2A4C324B2A6C2A4C32BB
:104EC0006C324C326C326C2A4C326C326C2A4C2A6A
:104ED0006C326C326C326C2A6C324C326C326D3209
:104EE0006C2A6C326C2A6D326D326C326D326D32DE
:104EF0006C326C326C326C326D328C326C326C32A1
:104F00008D328C326C328D326C326C328D328D320D
:104F10008D328D326C326C328D328C326D328D3AF4
:104F20008D328D328D3A8C328D32C921C929C921F9
:104F3000C921C921C921C921C921EA21C921CA29F7
:104F4000E921C929EA21EA29C921EA21EA29E92135
:104F5000EA21EA210A2AEA29EA21EA210A2A0A2A76
:104F60000A2A0B2A0A2A0B2A0B2A0A220A220A2AAE
:104F70000A2A0B2A2B2A0A2A0B2A2A2A2B2A0B2A2C
:104F80002A2A2B2A0B2A2B2A2B2A2B2A0B2A2B2ABA
:104F90002B322B2A2B2A2B2A2C2A2B322B2A2C2A57
:104FA0004B324B2A4C2A2B2A2B2A4C2A2B2A4B2AAF
:104FB0004C2A4C324B2A4C324C324B2A4C2A4B2A2C
:104FC0004C324C324C2A4C2A6C324C324C2A6C32C9
:104FD0004C326C2A6C326C324C2A4C2A6C326D3258
:104FE0006C326C326C326D326C326C2A6D326C32D7
:104FF0006C2A6D326C326C326C2A4C2A4C324C3238
:105000004C2A4C326C2A4C2A4B326C2A4C326C3271
:105010006C324C2A4C326C326C326C324C326C3208
:105020006C326C2A4C326D326C326C326C2A6C32BF
:105030006C326C326D326C326C326D326C326D327D
:105040008D326C326C326D328C326D328D326C320C
:105050008C328C328C328D326C328C326D328D329D
:105060008C328C328C328D3A8C328D328D326C3265
:10507000C921C921C921C921C929EA29C921C921AF
:10508000EA29C929EA21CA21C929EA29EA29EA2102
:10509000EA29E929EA21EA29EA29EA29EA21EA2989
:1050A0000A2AEA21EB29EA210A2A0A2AEA210B2AFA
:1050B0000A2A0B2A0B2A0A2A0B2A2B2A0B2A0B2A2A
:1050C0000A2A2B2A0B2A2B2A2B2A0B2A2A2A2B2A9A
:1050D0002B2A2B2A2B2A2B322B2A2B2A2B2A2C2A1F
:1050E0004B2A2B2A2C2A4B322B2A2C2A4C324B2A85
:1050F0002B2A2C2A4C324C2A2B2A4C2A4B2A4C3253
:105100004C324B2A4C324C324C324C324C324C2AC0
:105110006C324C2A6C324C324C2A4C2A4C326C3257
:105120006C2A6C2A6C2A6C326C326C2A6C326C32AF
:105130006C326C326C326D328D326C324C2A4C2AAD
:105140004C326C324C326C324B2A4C326C326C32F8
:105150004C2A6C324C2A4C324C326C2A6C326C2AFF
:105160004C324C2A6C326C326C326C324C326C2ABF
:105170004C326C326C326C326D328C326C326C323E
:105180006C2A6D328C326C326D326C326C328D32F4
:105190006C326D328D326C326C328D328D326C32BB
:1051A0006D328C326C326D326C328D328C328C328C
:1051B0006C328D328D32C921C921CA29C921EA2117
:1051C000EA29C921CA29EA21E921C921EA29EA21D2
:1051D000E921EA21E929EA21EA29EA21EA29EA2959
:1051E0000A22EA21EA290A2A0A2AEA210A2A0A2A9A
:1051F0000A2A0A2A0A2A0A2A0B2A0B2A0A2A0A2215
:105200000B2A0A2A0B2A0B2A0A2A2B2A2B2A0B2AB8
:105210002B2A2B2A2B2A2B2A2B322B2A2B2A2B2ADE
:105220002B2A2B2A2B322B2A4B2A4C322B2A2B2A85
:105230002B2A4C324B2A2B2A2B324C2A2B2A4B322C
:105240004C324C2A4B2A4C2A4C324C2A6C2A6C3257
:105250004C2A4C326C324C2A4C2A6C326C324C2A1E
:105260006C326C326C324C326D326C326C326D2A74
:105270006C326C326D2A6D326C326C2A6C326C324C
:105280006C324C2A4C2A4C324C2A4C2A4C326C320E
:105290004C2A6C324C2A4C324C326B2A6C324C32D7
:1052A0006C326C324C2A6C326C326C2A6C326C323E
:1052B0006C326C326C326C326D326D326C326D32FB
:1052C0006C326D326C326C326D328C326C326D32CB
:1052D0008C326C328D328C326C326C326D328D325B
:1052E0008C326D328C328D326D328D328C3A8D3AF9
:1052F0006D328D328D3A8C328C328D32C921C9217A
:10530000C929C921E921C921E929C921C921EA29D4
:10531000C921EA29EA21E921EA29CA21E929EA2160
:10532000EA29EA210A2A0A2AEA29EA210A2A0A2A71
:105330000A2A0A2AEB210B2A0A2A0B2A0B2A0A2AF2
:105340000A2A0A220B2A0A2A0A2A2B2A0B2A0A2AA2
:105350002B2A0A2A2B2A2B2A0A2A2B2A2B2A0B2A07
:105360002B2A2B2A2B2A2B2A2B2A2B2A2B2A4B326D
:105370002B2A4C324B322B2A2B2A4C2A4C324B32C2
:105380002C2A2B2A4C324B2A2B2A4C324C324C2AB8
:105390004B2A4C324B2A4B2A4C2A6C324C2A4C3228
:1053A0004C2A4C2A4C326C324C2A4C2A6C326D32CC
:1053B0006C326C324C326D326C324C326D326D323A
:1053C0006C2A6C2A6C324C2A4C324B324C324B32A7
:1053D0006C2A4C2A4C324C2A4B2A6C326C324C2AA6
:1053E0006C326C326C2A6C324C2A4C2A6C326C3225
:1053F0006C326D324C2A6C2A6D326C326C326D32EA
:105400006C326C326C2A6C328D326C326C326D3292
:105410006C326C328D328D326C326D326C326C3259
:105420006C326C326C326C326C328D328C326C324B
:105430008D328C328C328D328C328D326D328D3A8F
:105440008C32C921C921CA29EA29C921CA21C92105
:10545000C921EA29CA21EA29C921C929EA29EA294F
:10546000EA21EA29EA29EA29EA21EA29EA290A2A93
:10547000EA21EA21EA290B2A0A220A2AEA210B2A2E
:105480000A2A0A220A2A0B2A0A2A0B2A0B2A0A2289
:105490000B2A2B2A0A2A2B2A2B2A2B2A2B2A0B2AC5
:1054A0002B2A2B2A2B2A2B2A2B2A2B322B2A2B2A4C
:1054B0002B2A2C322B2A2B2A4C324C2A2B2A2B2AF1
:1054C0004C2A2B2A4C2A4B324C2A4C2A2B2A4C325F
:1054D0004C2A4B2A4C324B2A4C324C324C324C2AFE
:1054E0004C326C324C2A4C324C2A4C2A4C2A6C32AC
:1054F0006C326C324C2A6C2A6C326D326C2A6C32F3
:105500006C326C326C326C326C324C2A4C2A4C2A23
:105510004C324C2A4C326C324B324C2A4B324C2A95
:105520006C324C324C2A4C324C2A4C2A6C324C3263
:105530004C326C2A4C326C326C326C326C326D32C2
:105540006C326C326C2A6D326C326C326C326C3272
:105550006D326C2A6C326C326C328C328D326D3220
:105560006C328D326D326C326D328D328C326D32E6
:105570006C326D328C326D326D326C328C326D32F7
:105580008C328D328D328D3AC921C921C921C92170
:10559000C921C929EA29CA21C921C921EA29E92140
:1055A000C921EA21E921E929EA21EA29EA21EA21B6
:1055B000EA290A2A0A2AEA29EA21EA29EA210A2A00
:1055C0000A2AEA290A220A2A0B2A0B2A0A220B2A69
:1055D0000A2A2B2A0A2A0B2A0B2A0A2A2B2A2B2AC6
:1055E0000A2A0B2A0B2A2B2A2B2A2B320B2A2B2A8C
:1055F0002B2A2B2A2B2A2C322B2A2B2A2B2A2B2AFA
:105600002B2A4C324B322B2A2B2A4C322B2A2B3270
:105610004C2A4C324C324C2A4B2A4C324C2A4C2AC3
:105620004B2A4C324C2A4B326C326C324C2A6C3244
:105630004C326C326C324C2A4C2A4C326C326D3209
:105640006C326C2A6C326D326C2A6C326D324C2AA0
:105650004C2A4B324C324C2A6C324B2A4C2A4C325C
:105660006C324C2A4C324C324B2A4C326C326C32FB
:105670004C326C326C326C326C326C2A6C326C3262
:105680006C324C326C2A6C326C326C326C2A8D3239
:105690006C326C326D326C326C326C328D326D32F7
:1056A0006C326C326C328C328D328D326C326C32A8
:1056B0008D328C326C328D328C326D328D328C3236
:1056C0006D326D328D3A8D3A8C328C326C32C9210A
:1056D000C921C921C921C921EA21E929E921C92111
:1056E000C921EA29EA29EA21EA29E921C921EA2985
:1056F000E921EA29EA21EA21EA21EA21EA290A2A1A
:105700000A2AEA290A2A0B2AEA290A2A0B220A2A41
:105710000A2A0A220B2A0A2A0B2A0B2A2A2A0B22D5
:105720000B2A0A2A0B2A2B2A0A2A2B2A2B2A2B2A53
:105730002B2A0B2A2B2A2B2A2B2A2B2A2B2A2B2AE1
:105740002B2A4C2A4C322B2A2B2A4C2A4C324B2AFD
:105750004C2A4C324B324C2A4B324C2A4C2A4C327B
:105760004C324C324B2A4B2A4C326C2A4C2A6C322B
:105770006C324C2A6C326C324C2A4C326C324C2AD1
:105780004C326C326C2A4C326C326C326C326C2A79
:105790006C324C324C2A4B2A4B324B2A4C324C3214
:1057A0004B2A4B2A4C2A4C326C324C2A6C324C2AF3
:1057B0004C2A4C324C2A4C2A6C326C326C2A6C3299
:1057C0004C326C2A6C324D326C326C326D326C322F
:1057D0006C326D326C326C2A6C328D326D326C2AC6
:1057E0006C326C326C2A8D326C328D326C326C328F
:1057F0008D326C326C326D326C328D328D326C3255
:105800008C328D328C328C328D328C328D3A6C32BD
:105810008D326D32C921C929C929C921CA21C9219D
:10582000E921C921EA29EA29E921EA29C921EA214C
:10583000EA29EA21EA29EA29EA29E929EA21EA29E1
:105840000A2A0A2AEA290A220A220A2A0B220A2AF0
:10585000EA210A2A0B2A0A2A0B2A0B2A0B2A0A2ACD
:105860002A2A0B2A2B2A2B2A0B2A0A2A2B2A2B2AF2
:105870000B2A2B2A2B2A0B2A0B2A2B2A2B2A2B2AE0
:105880002B2A2B2A2B324B2A2B2A2B2A4C322B2A1F
:105890002B2A4C324B2A4B2A4C2A4C322B2A4B2A8D
:1058A0004B324C324B2A4B2A4C324C2A4C324C3223
:1058B0004C324C2A4C326C2A4C324C324C2A4C2AF8
:1058C0006C326C326C326C326C2A4C2A6D326C3217
:1058D0006C2A6D326C324C2A4C2A4C324B2A4C2AA0
:1058E0004C324C2A6C324C324C324B2A4B2A4C2ACA
:1058F0004C326C324C2A6C324C324C2A4B2A4C3291
:105900004C326C324C2A4C2A6C326C326C2A4C2A47
:105910006C326C2A6C326D326C326C326C2A6C32A6
:105920006C326C326C326D326C326C328D328C3245
:105930006D328D326C326C326D328C328C326C3214
:105940008D328C326D328D328D326C328D328D32A1
:105950006C326C326D328C328D32C921C921C92131
:10596000CA29C921C929EA29CA21C921C921C921AC
:10597000E921EA29E921CA21EA29E921EA21EA29DA
:10598000E921EA29EA290A22EA29EA21EA29EA2977
:105990000A2AEA210A2AEA290A2A0B2A0B2A0A22B7
:1059A0000A2A2B2A0A2A0B220B2A0A2A2B2A2B2AFA
:1059B0000A2A0B2A2B2A0A2A0B2A2B2A2B2A2B2AC1
:1059C0002B2A0B2A2B2A2B2A2B2A2B2A2B2A2B2A4F
:1059D0002B2A2B2A4C322B2A4C2A2C324B324B2A84
:1059E0002B2A4C2A2C2A4B2A2B2A4C2A2B2A4C2A8B
:1059F0004C324C2A4C2A4C324B2A4C2A6C326C3298
:105A00004C2A4C2A4C2A6C326C326C326C324C323E
:105A10004C326D2A6C324C2A6D324C324C2A4B2A55
:105A20004C322B2A4C2A4C324B2A4C326C324C32A0
:105A30004C324C324C326B2A6C324C2A4B326C3228
:105A40004C326C326C2A4C326C324C324C326C32EE
:105A50006C326D326C326C324C2A6C326C2A6C3285
:105A60006C326C2A6D326D326C326C326C326D324B
:105A70006C326C328C326C326D328D328C326D32D3
:105A80008D328C326D326C328C328D328C326C3283
:105A90006D326C328D3A8D328D328C326C328C326A
:105AA000C921C921C921CA21E921E929CA21C9215C
:105AB000E929CA21CA29EA29E921EA29EA29EA29A0
:105AC000E921EA29EA21EA21EA21EA21EA29EA2967
:105AD0000A220A2AEA290B2A0A2A0A2A0B2A0B2A4C
:105AE0000A2A0A2A0A2A0A220B2A0A2A0B2A2A2AFC
:105AF0000A2A0B2A2B2A2B2A0A2A2B2A2B2A2B2A60
:105B00000A2A0B2A2B2A2B2A2B2A2B322B2A2B2A26
:105B10002B2A2C322B2A2B2A2B2A4C324B322B2A83
:105B20002B2A4C2A4C322B2A2C2A2B324C322C2A50
:105B30004C324B2A4C324B2A4C326C2A6C324C324F
:105B40004C2A6C324C326C324C2A4C326C326C2AFD
:105B50004C2A6C326D326C326C326C326C326C327C
:105B60004C2A2B2A4C324C324B2A4C2A4C324B3288
:105B70004C2A4C2A4B2A4B2A4C324C2A4C2A6C3247
:105B80004C324B2A4C2A4C326C326C324C2A6C32DE
:105B90006C2A4C2A4C326C326C326D326C326D3263
:105BA0004C326C326C326C326C326D326C2A6C322C
:105BB0006D328D328D326C326C326D328D326C3290
:105BC0006C326C326C326C326D326C328D328D3A9A
:105BD0008D328C328D3A8D326C328D328D326C3208
:105BE0006D328D3A8D32A921C921C921C929EA21F5
:105BF000CA21C921C921C921EA29EA29EA21E921C1
:105C0000CA29E921EA21EA29E929EA29EA29EA2136
:105C1000EA29EA290A2A0A2AEA210A2A0A2A0A2A4F
:105C20000B220A2A0A2A0A220B2A0B2A0B2A0A2AE0
:105C30000A2A0B2A0B2A2B2A0A220B2A2B2A0A2A87
:105C40002B2A2B2A2B2A2B2A2B2A2B2A2B2A0B2ACC
:105C50002B2A2B2A2B2A2B2A2B324C2A2B2A2B2A73
:105C60004C324B2A4C324C2A2B2A2B2A4B2A2B2AD9
:105C70004C2A4C322B2A4B2A4C2A4C2A4C324C327E
:105C80004C2A4B324C324C2A4C2A4C2A6C326C3205
:105C90004C324C2A4C324C2A6C324C2A6C2A6C32D4
:105CA0006D326C2A4C324B2A4B2A4C324C2A4B32E6
:105CB0004B2A4B2A4C2A4C324C324B2A6C324C32F7
:105CC0004C2A4C326C324C324C2A6C324C2A4C2AC4
:105CD0004C326C2A6C324C326C2A6C326C326C2A2C
:105CE0006C326C326C2A4C2A4C326C2A6C326D321B
:105CF0006C326C328C326C326C326C326D326C3293
:105D00006C326C326C326D328D326C326C326D3280
:105D10006C326C326C326D328C326D328D326C3250
:105D20008D328C326C328D328D328C32C921C92148
:105D3000C929C921C921EA29E929C921EA29EA2170
:105D4000C921C921EA29E921EA21E921EA29EA212F
:105D5000EA29EA29EA29EA21EA21EA21EA29EA21CB
:105D60000A2AEA21EA290B2A0A2A0A2A0B2A0A2ADB
:105D70000A2A0A220A2A0A220B2A0B2A0A2A0B2A90
:105D80002B2A0A2A0B2A2B2A2B2A2B2A2B2A2B2AAC
:105D90002A2A0B2A2B2A2B2A2B2A2B2A2B2A2B2A7C
:105DA0002B2A2B2A2B2A2B2A2B2A2B2A4C322B2A22
:105DB0004B2A4C322B2A4B2A2C2A4B324B2A4C3260
:105DC0004C324B2A4C2A4C324C2A4B2A4B324C3206
:105DD0004C2A6C326C326C2A6C326C326C324C3223
:105DE0004C2A6C326D324C2A4C2A2B2A4C324C2ACB
:105DF0004B2A4B2A4C324C324C2A4C324C324B2AD6
:105E00004C324C2A4C324B2A4B2A4C324C2A6C32A4
:105E10006C324C326C2A6C324C326C326C324C2A02
:105E20004C326D326C2A4C326C326C326C326C32C9
:105E30006C326C2A6C326C326C2A6D326C326C3281
:105E40006C326C326C326C328D326C326C328D3220
:105E50006C326D328D326C326C328C326D328C32EF
:105E60008C328D326C328D328D3A6C326C328C3297
:105E70008D32C921C929CA21C921C921E929EA21AB
:105E8000CA21EA29E929C921CA21EA29E921C92126
:105E9000EA29EA21EA29EA21E921E921EA29EA298C
:105EA000EA29EA210A2A0A2A0B2AEA210A2A0B2AC3
:105EB0000B2A0A2A0A2A0B220A2A0A2A0B2A0A2A47
:105EC0000A2A0A2A0B2A2B2A2B2A0B2A2B2A2B2AAC
:105ED0000A2A0B2A2B2A2B2A2B2A2B2A2B2A2B3253
:105EE0002B2A2B2A2B2A2B2A2B2A2B2A2B2A2B2A0A
:105EF0004C322B2A4B2A4C322C2A2B2A2B2A4C2A66
:105F00004C324B2A4C324C324B2A4C2A4C324C2AC3
:105F10004C2A4B2A4C2A4C324C2A4C324C2A4C2AC2
:105F20004C326C326C2A4C326C326C324C322B2A32
:105F30004B324C322C324B2A4C324C324B2A4C32A4
:105F40004C2A4B2A4B2A4C2A4B324C326C2A4C326C
:105F50004B2A4C324C2A6C324C326C326C324C3202
:105F60004C2A6C2A6C326C326C326C326C326C3271
:105F70006D326C326C326D326C326C326D326C322E
:105F80006D326D328C326D328D326C2A6C326D32E4
:105F90006C2A8D328D328C326C326C328D326D3295
:105FA0008D326C326C328C326D326C328D328D327D
:105FB0006C328D326D328D3AC921C921C929E92946
:105FC000C921CA29E929C921C921EA21EA29E921E6
:105FD000EA29CA29EA21CA29E929EA21EA29EA2182
:105FE000EA290A2AEA290A2AEA21EA290A2A0A2A9D
:105FF0000A2AEA210B2A0A220A2A0A2A0B2A0A2A30
:106000000B2A0B2A2B2A2B2A0A2A0B2A0A2A2B2A8A
:106010000A2A0A2A2B2A0B2A2B2A0B2A2B2A2B2A5A
:106020002B2A2B2A2B2A2B2A2B2A2B322B2A2C2ABF
:106030002B322C2A4C2A2B2A2B2A4C322B2A4B2A45
:106040004C322C322B2A2B2A4C2A2B2A4C324B2A0C
:106050004C324B324C2A4C324C326C324C2A6C3221
:106060004C2A4C326C324C2A6C2A4C326C326C32D8
:106070004C2A4C2A4B2A4C2A2B2A4B324C2A2B2AAC
:106080004B2A4B2A4C324B2A4C2A4C324B324C3244
:106090004C2A4C326C324C2A4C324C2A4C324C2A10
:1060A0004C2A6C324C2A6C324C324C2A6C326C3298
:1060B0006C326C2A6C326C326C2A4C2A6D326C3227
:1060C0006C326C2A6C326C326C2A6C326D326C32EF
:1060D0006D326C326C328C328D326C326C326D328D
:1060E0006C326C326C328C328D326D328D328C3A35
:1060F0008C328D328D328C328D326C326C32C921C1
:10610000C921CA21C921EA29E921C921C921C921F5
:10611000EA29C921C921C921EA29E921E921CA219C
:10612000EA29EA29EA29EA21EA21EA21EA29EA29EF
:106130000A220A2AEA21EA210A2A0A2AEA290B2A39
:106140000B2A0A220A220A2A0A220B2A0B2A0A22CC
:106150000A2A0B2A0B2A0A2A0B2A2B2A2B2A2B2A39
:106160002B2A0A2A2B322B2A0B2A2B2A2B2A2B2AC0
:106170002B2A2B2A2B322B2A2B2A2B2A2B324C323E
:106180002C2A2B2A4B2A4C322B2A4B2A4C322C2AD3
:106190004B2A4C324C2A4B2A4C2A4C324B2A4C323A
:1061A0004B2A4C326C326C2A4C2A6C326C2A4C32A0
:1061B0006C324C2A6C2A4C322B2A2B2A2C2A4C2A41
:1061C0004C324B324B2A2C324C324C2A4B324C2A1A
:1061D0004C2A4B324C2A4C324B2A4B2A4C326C32D2
:1061E0006B326C2A6C324C324C2A4C326C326C3230
:1061F0004C2A4C2A6C326C324C2A4C2A6C326D324E
:106200006C326C326C2A6C326C326C2A6C326C2AB6
:106210006C326C326C328D326C326C328D326C324C
:106220006C328D328D326C326C326D326C328C321B
:106230006C326D328D328D328C326C326D328C32EA
:106240008D328D32C921C921C929C921C921C9214C
:10625000CA21EA29EA21EA29EA29C921EA21EA210F
:10626000C921EA29EA21E921EA21EA29E921EA29E1
:10627000EA21EA21EA290A2AEA29EA21EA290B2A5B
:106280000A2AEA290A220A2AEA290B2A0A2A0A2AB7
:106290000A220B2A0B2A0A2A0B2A0B2A2B2A0A2A41
:1062A0000B2A2B2A0A2A0B2A0B2A2B2A2B2A2B2AC7
:1062B0000B2A2B2A2B2A2B2A2B2A2B2A4C2A4B2A15
:1062C0004B2A4B322B2A4B2A2B2A2C2A4C322B2A94
:1062D0004B2A4C322B324B2A4C2A4C324B2A4C3212
:1062E0004C2A4C2A6C324C2A4B2A4C324C326C329F
:1062F0004C2A4C326C324C2A6C2A4C2A2B2A4B32B8
:106300004C324B322B2A4C2A4C324B2A4C2A2B2A09
:106310004B2A4C324C324B2A4C324C2A4C2A4C32AF
:106320004C2A6C326C2A4C2A4C326C326C324C3215
:106330004C2A6C326C324C2A6C326C326C324C32DD
:106340006C326D326C326C324C326D326C326D327A
:106350006C326D326C326D326D328C326C326C322A
:106360006C326D326C326C328D328D328C326D32D9
:106370008D326C328C328C326C326C326D328D32AA
:106380006C328D328D328D326C32C921C929CA21CD
:10639000E929C921C921C921E929C921C921EA213C
:1063A000C929EA29C921C921CA29EA29EA29EA21F0
:1063B000E929EA29EA21E921EA290A2A0A2A0A22FC
:1063C000EA290A2AEA21EA21EA290A2A0A2A0A2AC1
:1063D0000B2A0B220A2A0A2A0B2A0B2A0A2A0A2229
:1063E0002B2A0A2A0B2A2A2A0B2A2B2A2A2A0B2A88
:1063F0000B2A2A2A0B2A2B2A2B2A2B322B2A2B2A2E
:106400002B322B2A2C2A2B2A4C2A2B2A4B324C3269
:106410002B2A4B2A2C2A4C2A4C324B2A4C324C2AFF
:106420004C324B2A4C2A4C324B2A4B2A4C324C2AA7
:106430004C2A4C324C2A4C2A4C326C324C2A4C326C
:106440002B2A2B2A4C2A2B2A4B2A2B2A4B322B2A3B
:106450004C324B322B2A4C2A4C324B2A4C2A4C328F
:106460004B324B2A4C324C324C2A4B324B2A4C2A60
:106470004C2A4C324C2A6C324C324C2A6C324C3204
:106480006C324C2A6C2A4C326C326C326C326C2A74
:106490006C324C326C326C326C326C2A6C326D3233
:1064A0006C326D328D326C326C326C326D328C32B9
:1064B0006C326D328C328D326C326D328D328C3268
:1064C0008D328C328D326C328D3A6C326C328D3230
:1064D000C921C921C921CA29EA29C921C921CA2139
:1064E000C921C929EA21C921EA29EA29EA29E92198
:1064F000EA21EA29EA29EA21EA290A2AEA21EA29FB
:106500000A2AEA21EA290A2A0A22EA29EA210A2A87
:106510000B2A0B2A0A220A2A0B2A0B2A0A2A0A2ADF
:106520000A2A0B2A0B2A2B2A0A2A0B2A2B2A0B2A85
:106530002A2A0A2A0A2A0B2A2B2A0A2A2B2A2B2A37
:106540000B2A2B2A2B2A2B322B2A2B2A4C322B328A
:106550002B2A2C2A2B2A4B2A2B2A4B322C2A4B2A29
:106560004C324C2A2B2A4C324C324C324C324B2A75
:106570004C324C324C326B2A4C324B2A6C326C2AE5
:106580004C324C324B2A2B322B2A4C322B2A2C2ABF
:106590004C324B322B2A4C2A4C324B2A4C324C3246
:1065A0004B2A4C2A4C324B2A4C324C324C2A4B321E
:1065B0004C324C2A4C326C324B2A4C326C326C329C
:1065C0004C326C324C2A4C2A6C324C326C2A6C3273
:1065D0006C326C2A6C326C326C2A6C326D326C32DA
:1065E0006C326C2A6C326C326C326C326C326C32C3
:1065F0006C326D328C328C326C328D326C326D3248
:106600008D326C326D328D328C3A8C326D328D32ED
:106610006C326C328D32C921C929C921C921C921E5
:10662000CA29CA21C921EA29EA29C921E921EA217D
:10663000EA29EA21E921E929EA21EA29E921EA21ED
:10664000EA29EA29EA210A2AEA29EA210A2AEA2980
:106650000A2A0A2AEA210B2AEA210A2A0B2A0A2AEA
:106660000B2A0B2A0A2A0A220A2A0B2A2B2A0A2276
:106670000A2A0A2A0A2A0B2A0B2A0B2A0A2A0B2A76
:106680002B2A2B2A2B2A2B2A2B2A2B2A2B2A2B2A62
:106690002B2A2B2A2B2A2B2A2B2A2B324C324C2A00
:1066A0004B324B2A4C2A4C324B2A4B324C2A4B2A27
:1066B0004C324C2A4C2A4C2A4C324B2A4C326C32EB
:1066C0004C2A4C326C2A4C2A4B2A4B2A2B2A2B2A36
:1066D0002B2A4C324B2A4C2A2B2A4C2A2B2A4C2A66
:1066E0004B2A2B2A4C324C2A4B324C2A4C2A4B3206
:1066F0004C2A6C324C324C2A4C2A4B326C326C2A6B
:106700006C324C326C2A6C2A4C326C326C326C32E9
:106710006C324C2A4C326C326C324D326D326C32EF
:106720006C326C2A6D326C326C326C328D326D325E
:106730006C326D326C2A8C326C326C326D328C322F
:106740008D326C328C328D326C326C328D328D32B5
:106750008C326D328C328D328D326C32C921CA212D
:10676000EA29C921C921E921C921C921EA29EA2146
:10677000C921C921EA29EA21E921EA29CA21EA2114
:10678000EA29EA29E921EA29EA29EA21EA290A2A61
:106790000A22EA210A2AEB21EA290A2AEA210A2AFC
:1067A0000B2A0A2A0A2A0A2A0A220B2A0B2A0A2A4E
:1067B0000A2A0A2A0A2A0B220A2A0B2A0B2A0A2A3E
:1067C0000A2A0B2A0A2A0B2A0B2A2B2A2B2A2B2AC3
:1067D0002B2A2B2A2B322B2A2B2A4C2A4B2A2B2AC8
:1067E0002B2A4C2A4C322B2A4C322B2A2B2A4C3265
:1067F0004C2A4B2A4C2A4B324B2A4C324C2A4B2ADD
:106800004C324C326C2A6C324C324C2A2B2A2B2ABA
:106810004C324B322B2A4C322B2A2B2A4B324C3205
:106820004C322B322B2A4C322B2A4B2A4C2A4C32FC
:106830004B324C2A4B2A4B324C2A6C326C2A4B2A54
:106840004C324C2A4C2A6C324C324C2A6C326C3210
:106850006C326C326C326C2A4C326C2A6C326C3278
:106860006C2A6C324C326C326C2A6C326D326C3267
:106870006C2A6D326C2A6C328D326C326D326C3215
:106880006C2A6C328D326C326C326C328D326C32DE
:106890008C326D3A8D328C328C326C326D328C325D
:1068A0006C32C921C921C921C929EA21C921C929B3
:1068B000CA21C921C921E929CA29EA29EA21EA29E3
:1068C000EA29C921EA29EA21EA29EA21EA210A2A50
:1068D000EA21EA29EA29EA21EA290A2A0A22EA29F6
:1068E0000B2A0A2A0A2A0B2A0A2A0A2A0A220A2216
:1068F0000A2A0A2A0A220A220B2A0A2A0A2A0B2A06
:106900000B2A0A2A0A2A0B2A2B2A2B2A2B2A2B2A61
:106910002B2A0B2A2B322B2A2B2A2C2A2B322B2ADE
:106920004C324B2A2B322C2A2B2A2B2A4C2A2B2A4C
:106930002B2A4C324C2A2B324C2A4C324C324C2AC9
:106940004C324C326C2A4C324C2A4C326C324C2A2F
:106950004B2A4B322B322B2A2B2A4C324B2A2B2AF6
:106960004C2A2B2A4C2A2B2A4B2A4C324C324C32A2
:106970004C324B2A4C2A4C324C324C2A4C324C3240
:106980004C324C2A4C326C324C2A4B326C326C2AD0
:106990004C326C326C2A4C2A4C2A6C324C326C2AA7
:1069A0006C326C324C326C2A6C326C326D326C321E
:1069B0006C326C326C326C326C326C326C326C32E7
:1069C0006D326C326C326D326C326C326C326C32D5
:1069D0006D326C326C328D326C328C328D328D3243
:1069E0008D3A8C328D326D32C921C921C921CA2913
:1069F000C921EA29E929C921CA21E921E921C921B5
:106A0000EA29EA21E921E921EA29E921E929EA211A
:106A1000EA29EA29EA210A2AEA21EA21EA29EA29D5
:106A2000EA290A22EA290A2A0A220A2A0A220B2A1F
:106A30000A2AEA29EA21EA290A2AEA210A2A0B2A49
:106A40000A2A0A2A0A2A0B2A0A2A0B2A0A2A2B2A83
:106A50002B2A2B2A2B2A2B2A2B2A0B2A2B322B2AA6
:106A60002B2A2B2A2B2A2B2A2B2A2C2A4B322B2A55
:106A70004B2A4C322B2A4B2A4C2A4B322B2A4B2A9C
:106A80004B2A4C324C2A4B2A4B2A4C2A4C324B2A4A
:106A90004C2A4C324B2A2B2A2B2A2C2A2B2A2B2AE3
:106AA0004B2A2B2A2B324B2A2C2A4B322B2A2C2ACC
:106AB0004B324B2A4C2A4B2A4B324B2A4C2A4B2A1C
:106AC0004C324C2A4C324C2A4C324B324C2A4C2AF7
:106AD0006C324C324C2A6C324C324C326C326C324E
:106AE0004C2A4C324C324C2A6D326D324C2A4C2A94
:106AF0006C326C326D326C326C2A6D326C326C32AC
:106B00006D326C326C326D328C326C326C328D3252
:106B10008D326C326D326D326C326C326D326C3261
:106B20006C326D326C328C326D328C328C32C921C7
:106B3000C921C921C921C921EA21E921EA29C9219B
:106B4000CA29C921E921C921EA29EA21EA29EA2930
:106B5000EA21E929EA21EA21E929EA29EA290A2A96
:106B6000EA210A22EA29EA210A2AEA29EA21EA2173
:106B7000EA29EA21EA29EA290A2AEB21EA290A2A4A
:106B8000EA210B2A0B2A0B2A0A220A2A0B2A0B2299
:106B90000A2A0B2A0A2A0B2A2B2A2A2A0B2A2B2AF0
:106BA0002B2A2B2A2B2A2B2A2B2A2B2A2C2A4C2A1B
:106BB0004B322B2A2B2A4C322B2A2C2A4C322B2AB2
:106BC0002C2A4C324C324B2A4C324C324C324B2A0F
:106BD0004C324C2A4B2A4C324C2A2B2A2B322B2A51
:106BE0002B2A4C324B322B2A2C2A2C324B2A2B2A82
:106BF0004C324B2A2B2A2C322B2A4C2A4C322B2A51
:106C00004C324C2A4B324B2A4C2A6C324B2A4C3297
:106C10006C324B2A4C326C326C2A4C2A6C324C321D
:106C20006C326C326C326C2A6C326C326C2A4C32A4
:106C30006C324C324C2A6C326C326C326D326C32AB
:106C40006C326C2A6C2A6C326C326C2A6C326D326B
:106C50008C326C326D328C328D328C326C326C32C2
:106C60008D328D328C328C326D328C326D326D328F
:106C70008C326C32C921C921C929C921C921C9292C
:106C8000CA21C921C921CA21EA29CA29C921EA2957
:106C9000EA21EA29EA21E929EA21EA29EA21EA297D
:106CA000EA21EA21EA29EA29EA29EA29EA21EA216C
:106CB000EA29EA21EA29EA21EA29EA210A220A2A1A
:106CC000EA290A220A2AEA290A2A0A2A0A2A0A2276
:106CD0000A2A0B2A0A220A2A2B2A2B2A0B2A2B2AB7
:106CE0002B2A0A2A2B2A2B2A2B2A2B322B2A2B320D
:106CF0002B2A2B2A4B322B2A2C2A4C2A2B2A4B2A82
:106D00004C324B324B2A4C2A4C324C322B2A4C2AD6
:106D10004C324C2A4B2A4C324C2A4B324C322B2AC6
:106D20002B2A2B2A2B2A2B2A4B324C322B2A2B2A6A
:106D30002B2A2B2A2B2A2B2A4C2A4B324B2A2C2A41
:106D40004C324B2A4C2A2B324C2A4C2A4B324C3296
:106D50004C2A4B2A4C324C324C2A4C324C324B2A65
:106D60004C2A4C2A6C324C2A6C326C324C2A4C32F3
:106D70006C324C2A4C2A6C326C326C326C2A6C327B
:106D80006C326C2A6D326C326C326D326C326C2A21
:106D90006C326C326C326D326C326C326C328D32E1
:106DA0008D328C326C326C328D326D328C328D324F
:106DB0008C328C328D328D326D32C921C921C9217C
:106DC000CA29C921C921CA29C921E921E929C92119
:106DD000EA21E929C921C921E921EA29EA21EA2987
:106DE000E921EA29EA29E921EA21EA21EA29EA292D
:106DF000EA21EA21EA29EA21EA29EA29EA21EA291B
:106E0000EA290A22EA29EA290A2A0A220A2A0B2A54
:106E10000A2A0A2A0A2A0A2A0B2A0A2A0B2A2B2AAF
:106E20000B2A0A2A2B2A2B2A0B2A2B2A2B2A2B2A1B
:106E30002B2A2B2A2B2A2B2A2B2A4C322B2A4B3259
:106E40004C322B2A4C324B2A2B2A4C324B2A4B2ABF
:106E50002B2A4C2A4B324C2A4B2A4C324C324C2A8D
:106E60004C2A2B2A2B2A2B2A2B322B2A2B2A2B2A51
:106E70002B2A4B2A2B322C2A2B2A2B322B2A4C2A18
:106E80002B324B2A4B324C324B2A4B2A4C324B2A58
:106E90004B2A4C324C2A4B324C2A4C2A4C2A6C320C
:106EA0004C2A4C324C324C326C324C2A4C2A6C32CA
:106EB0006C324C326C326C2A4C326C326C2A6C2A3A
:106EC0006C326C324C2A6C326C326C2A6C326C3202
:106ED0006D326D326C326D326C328D326C326D329D
:106EE0008C326C326C326D326C326C326D326C3290
:106EF0006C326C328D326D326C328D328C326C323F
:106F0000C921C921CA21C921C921E921C921CA2907
:106F1000EA21E929C921CA21EA29E921CA21EA2964
:106F2000E921CA21E921EA29EA21E921E929EA211D
:106F3000E921E921E921E921EA29E929EA21EA29E6
:106F4000EA29EA21EA210A2A0A2AEA21EA290B2A5D
:106F50000B2A0A22EA290B220A2A0B2A0B220A2AC6
:106F60002B2A2B2A0B2A2B2A2A2A0B2A0B2A2B2ADA
:106F70002B2A0B2A2B2A0B2A2B2A2B2A2B2A2B2AA9
:106F80004C322B2A2B2A2B2A4C322B2A2B2A2C2A06
:106F90004C322B2A4B2A4C322C2A4C2A4C324B2A6C
:106FA0004C2A4C2A4B324B2A2B2A2B2A2B2A2B2AAF
:106FB0002B322B2A2B2A2B2A2B2A2B2A4C322B2AF8
:106FC0002B2A4C2A4C324C2A2B2A2B2A2C324C2A84
:106FD0004B324C324C322B2A4C2A4B2A4B324B32FE
:106FE0004C2A4B324C326C2A4B2A6C324C2A4C3293
:106FF0006C326C324C2A4C2A6C326C324C2A6C3219
:107000006C326C324C2A6C326C324C324D326C32F7
:107010006C326C326C2A6C326C326C326C2A6C3290
:107020006D326C328C326D328D326C326C326C322D
:107030006C326D326C326C326D328D326C326C323D
:107040008D328D326C32C921C921C929C921CA2981
:10705000E921C921CA21EA29C921CA21EA29C9216C
:10706000EA29CA21EA29E921E921CA29C929E9210C
:10707000E921CA21C929E929CA21EA29EA29E921FC
:10708000EA21E921EA29EA29EA21EA290A2AEA2960
:107090000A2AEA210A2A0B2A0A2A0A2AEA290B2A98
:1070A0000A2A0A2A0B2A0B2A2B2A0A2A2B2A2B2ADB
:1070B0000B2A2B2A0B2A2B2A2B2A2B2A2B2A2B2A68
:1070C0002B322B2A2B2A2B2A2B2A2B2A2B2A4C32E7
:1070D0002B2A4B2A4C324C2A2B2A2B2A4C324B324D
:1070E0004C2A4C324C324C2A4C2A2B2A2B322B2A3B
:1070F0002B2A2B2A2B2A4B2A2C2A2C2A2B2A2B2AC6
:107100002C2A4B322B2A2B2A4B2A4C322B322C2A5C
:107110004C2A4B322C2A4B2A4C2A4C324B2A2C2AF2
:107120004C324B2A4C2A4B2A4C324C324C324C3289
:107130006C2A4B2A4B2A4C324C2A6C324C324C2A49
:107140006C324C326C326C324C326C326C326C2A97
:107150006C326C326D326C324C2A6C326C326C2A6E
:107160006D326C326C326D326C326C326C326D322C
:107170006C328D326D326C328D328C326D326C32BB
:107180006C328D328C3A6D326D328C32C921C9210C
:10719000C921C929CA21C921C929EA21C921E92945
:1071A000C921EA21E929C921C921E929C921CA211D
:1071B000C929C921CA21C921E929CA21CA21E92924
:1071C000EA29EA21C921EA21EA21EA29EA21EA2178
:1071D000EA29EA21EA210A2AEA290A220A2A0A22B3
:1071E0000A2A0A2A0B2A0A2A0A2A0B2A0B2A0A2AFC
:1071F0000A2A2B2A0B2A2A2A2A2A0B2A0A2A2B2A6B
:107200002B2A2B2A2B322B2A2B2A2B2A2B2A2B2ACE
:107210002B2A4C324B2A2B2A2C324B2A4B2A2C2A33
:107220004B2A4C324B2A2B2A4B2A4C324C324B2ABB
:107230002B2A2B2A2B322B2A2B2A2B322B2A2B2A96
:107240002B324B322B2A2B2A4B322B2A2C2A4B3215
:107250004B2A4C2A4B324B2A4C324B322B2A4C2A8B
:107260002B2A4B324B2A4C322C2A2B2A4B2A4C32BB
:107270004B2A4C324C324C2A6C324C326C2A6C32D7
:107280006C324C324C2A6C324C2A6C324C2A6C2AAE
:107290004C326D326C326C2A6C2A6C324C326C2A55
:1072A0006D326C326C2A6C326C326C2A6C326C32FD
:1072B0008D326C326C328C328D328D326C326C325B
:1072C0008D328D328C326D328D326C328C328D3209
:1072D0008C32C921C921C921C921C921C921EA2961
:1072E000EA21C921CA29C921C921C921C921C92124
:1072F000C921C921C921C921EA29C921CA21E929EC
:10730000EA21C921C921EA29E921EA29EA29E92151
:10731000EA29EA29EA21EA29EA290A2AEA21EA29C4
:107320000A2AEA21EA290B2A0B220A2A0B2A0A2214
:107330000A2A2B2A0B2A0B2A2B2A0B2A0B2A2B2A46
:107340002B2A2B2A2B2A2B2A2B2A2B2A2B2A2B2A95
:107350002B322C2A2B2A2B2A2C2A2B2A2B2A4C3252
:107360002B2A2B2A4C322B2A2C2A4C324B2A4C2AE1
:107370004B2A4C322B2A2B2A2B2A2B2A2B2A2B2A1C
:107380002B2A2B2A2B2A2B2A2C2A2B2A2B2A4C322B
:107390002B2A4B2A2C324C2A4B2A4C322B2A2B2AB2
:1073A0004C322B2A2B322C2A4C324B2A4C324B3269
:1073B0004C2A4C324C2A4B2A4B2A4C2A4B324C2A10
:1073C0006C324C324C2A6C326C324C2A4C326C325D
:1073D0006C324C2A6C326C324C2A6C324C326C322D
:1073E0006C326C326C326C326C326D326C326D32AB
:1073F0006C328C326D326C2A6D326C326C326C3283
:107400008D326C328C326D326C328C328D326C3209
:107410006C326D328D328C32C921C921C921C9210A
:10742000CA29C921C921C921C921C921C921C92103
:10743000C921C921CA29CA29C921C921C921C921EA
:10744000C921C929EA21E929C921EA21EA29E92929
:10745000EA21EA29C929E921EA29E921EA29EA29CF
:10746000EA21EA29EA290A2A0A2A0A22EA290A2A10
:107470000B2A0B2A0A2A0B2A2B2A0A2A0A222B2A2F
:107480002A2A0B2A0B2A0B2A2B2A2B2A0B2A2B2AD5
:107490002B2A2B2A2B2A2B2A2B2A2B2A2B2A2B2A44
:1074A0004C324B2A2B2A4C324B2A4B322C2A4C2A58
:1074B0004B324C322B2A2C2A2B2A2B2A2B2A2B2AD2
:1074C0002B2A2B2A2B2A2B2A2B2A2B2A2B2A2B2A14
:1074D0002B2A2B2A4C324B2A2B2A2B2A2B2A2B2ABB
:1074E0002B2A2C324B2A2B2A4B2A4C2A4B324C2A41
:1074F0004B2A4C324C2A4B2A4B324C2A4B324C2AC8
:107500004C2A4C324B2A4C2A4C326C2A4C324C328C
:107510004C2A6C324C326C324C2A6C326C326C32EB
:107520006C326C324D326C2A4C326C2A4C326C32DA
:107530006C326C326D326C326D326C326C326D3258
:107540008D326C326C2A6C326D328C326C326C3211
:107550006D326C326C326C328D328C328D32A921AC
:10756000C921C921C921C921C921C921C921C921CB
:10757000C921C921C921C921C921C921C929E9298B
:10758000C921C929C921C921C921EA29C921C92972
:10759000EA21EA21C929EA21EA21E929EA21EA299D
:1075A000EA290A22EA290A22EA21EA290A2A0B2AD6
:1075B000EA210A2A0A2A0B2A0A2A0A220B2A0A2A5A
:1075C0002B2A0B2A0A2A0B2A0A2A2B2A0B2A2B2AB5
:1075D0002B2A2B2A2B2A2B2A2B322B2A2B2A2B2AFB
:1075E0002B2A2B322B2A4B2A2B2A2B2A2C324B2AA2
:1075F0002B2A2B2A4C2A2B2A4C2A4B322B2A2B2A79
:107600002B2A2B2A0B2A2B2A0B2A2B2A2B322B2A0A
:107610002B322B322B2A4B2A2B322B2A4B324C3239
:107620002B2A2B322C2A2B2A2B2A4C322B2A2B2A80
:107630002C2A4B322B2A2B2A2B324C322B2A4B2A28
:107640004C324C324B2A4C324C324B2A4B324C2A65
:107650006C326C324C2A4C326C2A6C2A6C324C32B2
:107660006C324C2A4C2A6C326C2A6C326D326C3281
:107670006C326D326C2A6C2A6C326C2A6C2A6C3239
:107680006C326C326C326C326C326C326C326D3209
:107690006D2A6C326D326C326D326C328D328C32BE
:1076A0006D328D32C921A921A929A921C921A92178
:1076B000A921A929A921A921A921C929C921C9210A
:1076C000C921C921CA21C921CA21CA29E921CA213E
:1076D000C921EA29C921CA21C929EA21EA29E921BE
:1076E000EA21EA29EA29EA21EA29EA290A22EA29F9
:1076F0000A2AEA21EA21EA290A220B220B2A0A2A6B
:107700000A220B2A0A2A0B2A0B2A2B2A2B2A0A2A9C
:107710000A2A2B2A2B2A2B322B2A0B2A2B2A2B2AFA
:107720002B2A2B2A2B322C2A4B2A2B2A2B2A2B2A88
:107730004C324C2A4C322B2A4C2A2B322C2A2B2A04
:107740004B2A2B2A0B2A2B2A2B2A2B2A2B2A2B2A91
:107750000B2A2B2A2B2A2B2A2B2A2B2A4C324B2A58
:107760002B2A2B2A4C2A2B2A2B2A4B322B2A2B2A28
:107770004C322B2A4C2A4C324B2A2C322B2A4B2AA5
:107780004C324C322C2A4C2A4B324C2A4B2A4C324B
:107790004C324C2A4C326C324B2A4C2A4C326C32D2
:1077A0004C2A4C326C326C2A4C324C324C2A4C2AC9
:1077B0006C324C2A6C326C326C324C326D326C3220
:1077C0006C326C326C2A6D326C326C2A6C326D32D7
:1077D0008C326D328C326C328D326C328D328C3216
:1077E0008D326D326C326C328D32A921A821A921E3
:1077F000A921A821A821A921A821C921A921A9211C
:10780000C921A921A921C921C921C921C921C92168
:10781000C921EA29E929CA21EA29E929E921EA2134
:10782000EA29E921CA21EA29E921EA21EA29EA2902
:10783000EA210A2AEA290A2A0A22EA290A2A0B2A1A
:107840000A2A0B2A0A2A0B2A0B2A2A2A0A222B2A5C
:107850000B2A2B2A2B2A0B2A0A2A0B2A2B2A2B2A01
:107860002B2A2B2A2B2A2B2A2B2A2B2A2B2A2B2A70
:107870002B2A2C2A2B322B2A4B2A2B2A4C2A4C2AF5
:107880004C324C322B2A2B2A0B2A0B2A2A2A2B2A3F
:107890000B2A2B322B2A2B2A2B2A2B2A2B2A2B2A58
:1078A0002B2A2B2A2B2A2B2A2B2A2B2A2B2A4B3208
:1078B0004C2A2B2A4C322B2A2B2A4B2A4B324B2A6E
:1078C0002C2A4C324B2A4C2A4B324B2A4C2A2B3234
:1078D0004C324B2A4B2A4C324B2A4B2A4C324C2AE4
:1078E0004C2A6C326C324C324C2A6C326C326C2A20
:1078F0006C326C324C326C326C326C2A6C326D32BF
:107900006C2A6C326C326D326C326C326C326D328D
:107910006C326C326C326C326D328D326C326C3255
:107920006C328D328C326C328C326C326C328D32E5
:10793000A821A8218821A921A821A921A821C921FC
:10794000A821A821C921C921C921A921C921C92149
:10795000C921C929C929C921C921E921CA21E92186
:10796000C929EA29EA21C921C929EA21E929EA29FB
:10797000EA21EA21EA21EA210A2AEA29EA21EA2976
:107980000A2AEA210B2A0A2A0A220A220B2A0B2A8D
:107990000A2A0A2A0A2A0B2A2B2A2B2A0B2A2B2AE2
:1079A0002A2A2B2A2B2A2B2A2B2A2B322B322B2A20
:1079B0002B2A2B2A2B2A2B2A4C322B2A4B322B2ACE
:1079C0002B2A2B322B2A4B2A4B2A2B2A0B2A0B2A07
:1079D0000A2A2B2A2B2A0B2A2B2A2B2A2B2A2B2A40
:1079E0002B2A2B322B2A2B2A2B2A2B2A2B2A2B32DF
:1079F0002B2A2B2A2B322B2A4C322B2A4B2A2B2A8E
:107A00002C324B2A4C2A4B324C324C322B2A4B2AEA
:107A10004C324B2A4C2A4B2A4C2A4C324C324C2AA0
:107A20004B324B2A4C324C324B2A4C2A4C324C2A89
:107A30006C324C324C2A6C326C326C326C326C2AA6
:107A40004C326C326C326C326C326C326D326C3265
:107A50006C326C326C328D326C326D328C326C32F4
:107A60008C328D326C326C328D326D326D326C32C2
:107A70006D328D328D32A821A821A821A921A921FA
:107A8000A921A921C921C921A921C921C821A92127
:107A9000C929C921C921C921C921C929CA21C92185
:107AA000C921CA21C921EA21EA29E929EA29EA21C9
:107AB000E929EA29EA29EA29E929E929EA210A2A18
:107AC000EA21EA290A2A0B2A0A2A0A2A0A2A0B2A5E
:107AD0000A220A2A0B2A0B2A0B2A0A2A0A2A0A2A0B
:107AE0002B2A2B2A2B2A2B2A2B2A2B2A2B2A2B2AEE
:107AF0002B2A2B2A2B2A2B322C322B2A2B2A2B2ACD
:107B00002B2A4C2A2C2A4C324B324C2A2B2A2B2A39
:107B10000B2A2B2A2B2A2B2A0B2A0A2A2B2A2B2A1E
:107B20000A2A2B2A2B2A2B2A2B322B2A2B322B2ABE
:107B30002B322C2A2C2A2B2A2C2A2B2A2B2A4C3269
:107B40002B2A2B2A2C322B322B2A4C322B2A2B2A53
:107B50004C324C324B2A4C324C324C322B2A4B2A70
:107B60004C324C2A4C324C2A4C324B2A4C2A4B2A4F
:107B70004C326C326C2A4C324C326C324C2A6D32A4
:107B80006C326C2A6D324C326C2A6C324C326C2A5C
:107B90006C2A6C326D328C2A6C2A6D326C326D32EA
:107BA0006C326C2A6C326C326D326D328C326C32CB
:107BB0006C326C328D326C326C328C32A921A9213C
:107BC000A821A821A921A821A821A921A821C9214A
:107BD000C929A921C921A921C921C929C921C92185
:107BE000C921C929E921C929EA29E921C921CA21CB
:107BF000C921C921EA21EA21C921EA21EA29EA2980
:107C0000EA21EA29EA210A2A0A2A0A220A2A0B2A4E
:107C10000A220B2A0A2A0B2A0A2A0A2A0B2A0B22D0
:107C20002B2A2B2A0B2A0A2A2B2A0B2A0A2A0B2A4E
:107C30002B2A0B2A2B2A0B2A0B2A2B2A2B2A2B2AFC
:107C40002B2A2B2A2B2A2B2A2B2A2B2A4B324C2A43
:107C50002B2A2B2A0B2A2B2A0B2A2A2A0A2A2B2ADE
:107C60000B2A0A2A0B2A2B2A0A2A0B2A2B2A2B2A0E
:107C70002B2A2B2A2B2A2B2A2B2A2B322B2A2B2A54
:107C80002B2A4B324C324B2A2B2A2B2A2B2A4B2ABB
:107C90004C2A2B2A2B2A4C2A4B324C2A4C2A4B3268
:107CA0002B2A4C2A4B324B324B2A4B2A4C324C2A31
:107CB0004B324C2A4C324C326C2A4C326C326C3285
:107CC0006C326C326C2A4C324C2A4C326C326C2A3C
:107CD0006C2A6D326C326C326C326C326C326C2AC3
:107CE0006C326C2A6C2A6C326D326C326C326C32B3
:107CF0008D328D326D328C326C326C326C326C3231
:107D00008D32A821A921A821A821C921A921A82112
:107D1000A821A921A821A921C921C921A921C921B5
:107D2000C921C929C921C921C921CA21C921C921FA
:107D3000C929C921CA21EA29C921EA29EA21E9294F
:107D4000EA29EA21EA21EA29EA21EA29EA29EA21BB
:107D50000A2A0B2A0A2A0A2A0A2A0B2A0A2A0A2289
:107D60000A2A0B2A0A2A0A220B2A2B2A0A2A0B2A57
:107D70002B2A0B2A0A2A0B2A0B2A2B2A2B2A2B2ADC
:107D80002B2A2B2A2B2A2B2A2B2A2C2A2B2A2B2A4A
:107D90004C322B2A2B2A2B2A2B2A2B2A0B2A2B2A32
:107DA0000A2A0B2A2B2A2B2A2B2A0B2A2B2A2B3284
:107DB0002B2A2B2A2B322B2A2B2A2B2A2B2A2B2A13
:107DC0002B2A2B2A4B322B2A4B2A2B2A2B322B2ABB
:107DD0004C2A4C322B2A4B2A4C324B2A4B2A2C321F
:107DE0004C324B2A4B2A4C2A4C324C322C2A4B2AEE
:107DF0004C324C324C2A4C324B324C2A4B2A4B2AB6
:107E00004C324C326C2A6C326C324C2A4C326C3212
:107E10006C324C2A4C326C326C324C326C324C2A02
:107E20006C326D326C326C326D326C326C326D325F
:107E30006D326C326C328C326C328D326D326C320F
:107E40006D328D328D326C328821A821A921A82172
:107E5000A921A921A921C921C921A921C921C92152
:107E6000A921A921C929C921C921C921CA21C921F9
:107E7000C929CA21C921C921C921E929EA29EA292F
:107E8000C921C921EA29E929EA21EA29E929EA21BE
:107E9000EA29EA210A2AEA210A2A0A2AEA210B2ADD
:107EA0000B2A0A220B2A0B2A0B2A0A2A0A2A2B2A15
:107EB0000B2A0A2A0B2A2B2A2B2A2B2A2B2A0B2A9B
:107EC0002B2A2B2A0B2A2B2A2B2A2B2A2B2A2B3222
:107ED0002B2A2B2A2B324C2A2B2A2B2A2B2A0B2AF1
:107EE0000A2A2B2A0A2A0B2A0B2A0A2A2B2A2B2A8D
:107EF0000A2A2B2A2B2A2B2A0B2A2B2A2B2A2B2A1B
:107F00002B322B2A2B2A2B322B2A2C2A2B2A2B2AB8
:107F10002B2A2B2A2B2A2B2A2B324B322C2A4B3260
:107F20004B2A2B2A4C2A4B322B2A2B2A4C324B2AF7
:107F30004C2A4B2A4C2A4B324C2A4C2A4B324C327C
:107F40004C2A4C324C324C2A6C324C2A4C2A6C3221
:107F50006C326C326C326C324C2A4C326C326C2A81
:107F60006C324C326C2A6C326D326C326C326D3247
:107F70006C326C326C328D326C326D328D326C32CE
:107F80006C328D328C326C326D328C326D32882193
:107F90008821A821A821A921A821A821A921A821B7
:107FA000A921C921C921C921C929A921C921C921B9
:107FB000C921C921C929C921C921C921EA29C92140
:107FC000C921EA21C929C921EA21EA21EA29EA29A4
:107FD000E921E921EA29EA21EA210A2A0A2A0A2AC8
:107FE0000B2AEA210A2A0B2A0A2A0A2A0B2A0A2A17
:107FF0000B220B2A0A2A2B2A0B2A0A2A0A2A2B2AA4
:108000000B2A2A2A0B2A0B2A2B2A2B2A2B2A2B2A29
:108010002B2A2B2A2B2A4C322B2A2B2A2B2A2B2A8F
:108020002B2A0B2A0A2A0A2A0B2A0B2A0A2A0B2A8B
:108030000A2A2A2A2B322B2A0A2A0B2A0A2A2B2A14
:108040002B2A2B2A0B2A2B2A2B2A2B322B2A2B2AA0
:108050002B2A2C322B2A2C324B2A4B322B2A2B2A1E
:108060004C2A2B2A4C322B2A2C2A2B2A4C322B2AF4
:108070002C2A2B324B2A2B322B2A4C324B2A4B2ABE
:108080004C2A4B324C2A4B2A4C324C324C324C2A22
:108090004C324C2A6C324C2A6C324C2A6C2A6C3290
:1080A0006C326D326C2A6C326D326C326C326C32E6
:1080B0006C2A6C326C326C326C2A6D326C326C32DF
:1080C0006C326D326C2A6C326C326C326D328C32A6
:1080D0006C326C3288218819A821A821A919A821FD
:1080E000A921A821A921C921C921A821A921C921E2
:1080F000C921C921C921C929C921C921CA29C9211F
:10810000E921C921CA21C921E921CA21E929CA21B4
:10811000EA21EA29EA21EA21EA290A2A0A2A0A2A7C
:108120000A2A0A22EB290A2A0A2A0B2A0A2A0A22DE
:108130000B2A0A2A0B2A2B2A0A2A0A2A0B2A0B2A7A
:108140000A2A0B2A2B2A0A2A2B2A2B2A0A2A2B2A0A
:108150002B2A2B2A2B2A2B322B2A2B2A2B2A2B2A6F
:108160002B2A2B2A2B2A0B2A0A2A0B2A0B2A0A2A09
:108170002B2A2B2A0B2A2B2A2B2A2B2A0B2A0B2AB7
:108180002B2A2B2A2B2A2B2A2B2A2B2A2B322B2A3F
:108190002B2A2B2A2B2A2B2A2B2A2B2A2B2A4C320E
:1081A0002B2A2B2A2C2A4B322B2A2B2A4C324B2AB5
:1081B0002B2A4C324B2A2B2A4C324C2A4C2A2B2A63
:1081C0002C2A4C324C324C2A4C2A4B324C2A4B2A09
:1081D0006C324B2A4B2A4C324C324C2A6C324C3289
:1081E0004C2A6C324C326C326C324C326C2A6C2A17
:1081F0004C326C326D326C2A6D326D328C326C3294
:108200006D326C326C326C326C326C326D328C325C
:108210006D326C326D326C328D32A8218821881912
:1082200088218821A821A821A921C921C921C921E2
:10823000A821C921C921C929C921C921C921CA2106
:10824000C921C929CA21C921C929EA29E929CA217B
:10825000E929EA29E929EA21E929E921EA29EA21A2
:10826000EA21EA290A2A0A2AEA210A2A0A220A2AE9
:108270000A2A0B2A0A2A0A2A0A220B2A0B2A0A2A63
:108280000A2A0B2A2B2A0A220B2A2B2A0B2A0B2A10
:108290002B2A2B2A2B2A2B2A2B2A2B2A2B2A2B2A36
:1082A0002B2A2B2A2B2A2B2A2B2A0B2A0B2A0A2A87
:1082B0000B2A0B2A0A2A0A2A0A2A2B2A0B2A0B2AF9
:1082C0000A2A0A2A2B2A2B2A2B2A0B2A2B2A2B2A68
:1082D0002B2A2B2A2B2A2B2A2B2A2B322B2A2B2AEE
:1082E0002B2A2B2A4B324B2A2B2A2B322B2A4C2A75
:1082F0002B2A2B322B2A4C2A4C322B2A2B324C3253
:108300004B324C2A4B324C324C324B2A4C324C2A98
:108310004C324B2A4C324C2A4C324C2A4C324C3286
:108320004C2A6C324C2A6C326C324C2A4C2A6C32FD
:108330006C2A4C326C326C324C2A6C326C326C329D
:108340006C326C2A6C326C326C326D2A6C328C322C
:108350006D326C326D328D328D326C328D326C32C8
:108360008821882188198819A8218821A821A92174
:10837000A821A921A921C921C921C929C921A92126
:10838000C929C921C921C921C921E929C921C9216D
:10839000EA29CA21C921C921EA21E929EA21CA21F8
:1083A000E929EA21EA29EA29EA210A2A0B2AEA2903
:1083B000EA210B2A0A2A0B2A0A2A0A2AEA210B2A6C
:1083C0000A2A0A2A0B2A0B2A0A2A2B2A0B2A0A2AE9
:1083D0000A2A2B2A2B2A2B2A2B2A0B2A2B322B2A2E
:1083E0000B2A2B2A2B2A2B2A2B2A2B2A2B2A0B2A25
:1083F0000A2A0A2A0B2A2A2A0A2A2B2A2B2A2B2A59
:108400000A2A2B2A2B2A0A2A0A2A2B2A2B2A2B2A27
:108410002A2A0B2A2B2A2B2A2B2A0B2A2B322B2AED
:108420002B2A2B2A4B322B2A2C2A2B2A2B2A2B2A7B
:108430002B2A2B2A2B2A4C324B2A2B2A2B2A4C3222
:108440004C2A4B2A4B322C2A4B2A4B2A4C2A4B2A99
:108450004B2A4C324C324C2A4C324B2A4C324C3246
:108460004B2A4C324C324C2A4C2A4C324C2A4C2A45
:108470006C326C324D2A4C326C326C326C326D3252
:108480006C326C2A6C326C326D2A6C328D326C32EA
:108490006C326D326C326C326C326C326C326C32EB
:1084A0006C328D326C328821A821A8218821A82124
:1084B00088198821A821A821A821A821C921A9219A
:1084C000C921C921C921C929C921C921C921C92154
:1084D000CA29E921C921EA21C921C921EA21C921E1
:1084E000CA21E929EA29EA29EA21EA290A2AEA2904
:1084F0000A22EA290A220B2AEA29EA210A220B2A5D
:108500000B2A0A2A0B2A0B2A0A2A2B220A2A0B2AAE
:108510000A2A2B2A0A220B2A2B2A0A2A0B2A0B2A7E
:108520002B2A2B2A2B2A2B2A2B2A2B2A2B322B2A9B
:108530002B2A0B2A0A2A0B2A0A2A0A2A0B2A0B2A76
:108540002B2A0A2A0B2A2A2A0B2A2B2A2B2A0B2A05
:108550002B2A2B322B2A2B2A2B2A2B322B2A2B2A63
:108560002B2A2B2A2B322B2A2B2A2B2A2B2A2B2A5B
:108570002C322B2A2B2A2B322C2A2B2A2B2A2B2A41
:108580004C324B2A2B2A4B2A2C2A4C324B322C2A87
:108590004C324C324C2A4B2A4C324B2A4B2A4C2A16
:1085A0004B324C324C2A6C324B2A4C2A6C324C32B5
:1085B0004C324C2A4C2A6C326C324C326C326C2A63
:1085C0006C326D326C326C324C326C326C326C32DA
:1085D0006C2A6C326C326C2A6C326D328D328C3279
:1085E0006D328C326C328D326C326C32A821A82103
:1085F0008821A8218821882188198821A821A821DB
:10860000A821A921C921A921A921A921C921C921BB
:10861000C921C921C921C921C921C929CA21C92101
:10862000C929EA29EA29E921E921EA29EA21EA21F5
:108630000A2AEA29EA21EA290A2AEA210A2A0A2A2E
:108640000A2A0A2A0A220A2A0A220B2A0A2A0A22A1
:108650000A2A0B2A0A2A2B2A0A2A0B2A0B2A2B2A35
:108660002A2A2B2A0B2A2B2A2B2A0B2A2B2A2B2AA3
:108670002B2A2B2A2B2A0B2AEA290A2A0B2A0A2A16
:108680000A2A0B2A0B2A0A2A2B2A0A2A0B2A2B2A05
:108690000A2A0A2A2B2A2B2A0B2A2B2A0B2A2B2AB4
:1086A0002B2A2B2A0B2A2B2A2B2A2B322B2A2B2A3A
:1086B0002B322B2A2B2A2B2A2B2A4B2A2B2A4B32C2
:1086C0004C322B2A4C322B2A4B2A2B322C2A4B2A67
:1086D0002B2A4C324B2A4B324B324C324B2A4C32E7
:1086E0004B2A4B2A4C324C2A4B2A6C326C324B2A86
:1086F0004C324C326B2A6C324C324C2A4C326C2A43
:108700004C324C2A6C326C326C2A6C326C2A6C32D1
:108710006D326C326C326C326C2A6D326C326C326F
:108720006C326C326C2A6C328D326D326C328D321E
:108730008D3288218821A8198821A921A82188198A
:108740008821882188218821A821A821A821A92160
:10875000C921C921C929C921C929C921CA21C929B0
:10876000C921C921CA21C921E929CA21EA29EA293D
:10877000EA21EA290A2A0A2AEA290A22EA29EA290E
:108780000A2A0B2A0A220A2AEB29EA290A2A0B2A90
:108790000A220B2A0B2A0A2A0B2A0B220A2A0A2A45
:1087A0000B2A0A2A0B2A2B2A2B2A0A2A0B2A2B2AC3
:1087B0000B2A2B2A2B2A2B2A2B2A0B2A0A2A0A2A93
:1087C0000B2A0A2A0A2A0A2A0B2A0A2A0B2A0A2A06
:1087D0000A2A2B2A2B2A0B2A0B2A2A2A0A2A0B2A94
:1087E0000A2A0A2A0B2A2B2A2B2A2A2A2B2A2B323C
:1087F0002B2A2B2A2B2A2B2A2B2A2B2A4B322C2AA8
:108800002B2A2B2A4B2A2B2A4C322B2A4B2A2B2A57
:108810004C324B2A2B2A2B324C2A4C2A2B2A4C2AFC
:108820002B2A4C2A4C324B2A4C324C324C2A4B2AA3
:108830004C324C324C324C2A4C2A4C324B2A6C3241
:108840006C324C2A4C2A4C326C326C324C326C2AD0
:108850004C326C326C326D324C2A6C326C326D326E
:108860006C2A6C326D326C2A6C326D326C326C3226
:108870006C2A6C328D326C328821A821A92188198A
:10888000A821A82188198819A821A8218821A82110
:108890008821A821A921A921C921C921C921C92922
:1088A000C921C921CA21E929E929EA21EA21C921E5
:1088B000C921EA29EA21EA21EA290A2AEA210A2A1F
:1088C0000A2AEA210A2AEA21EA21EA290A2A0B22AB
:1088D0000A2A0B2A0A2A0A2A0A2A0A2A0B220A2AFE
:1088E0000B2A0A2A0A222B2A0B2A2A2A0B2A0B2AAB
:1088F0002A2A2B2A2B2A2B2A2B322B2A2B2A2B2AC9
:108900000A2A0A2A0B2A0B2A0B2A0A220A2A0B2ACB
:108910000B2A2B2A0A2A2B2A0A2A0A2A2B2A0B2A52
:108920002B2A2B2A2B2A0A2A0B2A2B2A2B2A2B2AE0
:108930002B2A2B2A2B2A2B2A2B2A2B2A2B2A2B3287
:108940002B2A2B2A2B2A2B2A2B2A2B2A2B2A2B2A7F
:108950002B2A4C322C322B2A4C2A2B2A4C2A2B2AFB
:108960002B324C2A4B324B2A2C2A4B322C2A4C329B
:108970004B2A4C2A4C324B2A4C2A4C324C324C3229
:108980004C2A4C2A4C324C2A4C324C324C2A4C2A1F
:108990006C326C326C326D324C326C2A6C326D320D
:1089A0006C2A6C326C326C326C326D326C326C32DE
:1089B0006D326C326D326C326C326C326C328821BA
:1089C0008821A821A8218821A921A82188218819E6
:1089D0008821A921A921A821A821A921A821A9216B
:1089E000A921C921C921C921C921C921C921C92157
:1089F000C929C921E921EA29EA29E921EA21EA2943
:108A0000EA21EA29EA21EA21EA29EA290A2A0A22AC
:108A1000EA290A2A0B220A2A0A2AEA210A2A0A2A07
:108A20000B220A2A0A2A0B2A0B220A2A0B2A0A22BA
:108A30000B2A2B2A2B2A2B2A0B2A0A2A0B2A2B2A0F
:108A40002B2A0B2A0A2A0A2A0A2A0A2A0A2A0B2A63
:108A50000B2A0A2A0A2A0B2A2B2A0B2A2B2A0B2A30
:108A60000A2A2B2A0B2A0A2A2B2A2B2A2B2A2B2AC0
:108A70000A2A2B2A2B2A2B2A0B2A2B2A2B2A2B2A8F
:108A80002B2A2B2A2C322B2A2B2A2B2A2B322B2A2D
:108A90002B322B322B2A2B2A4C324B2A2B2A2B32CD
:108AA0004C324C2A4B324C2A2B322B324C2A4B3232
:108AB0004B2A4C2A4B2A4B324C324C324C2A4B2AF2
:108AC0004B324C324B2A6B324C324C324B2A6C2A92
:108AD0006C326C324C2A4C326C326C2A6C326C32F6
:108AE0004C2A6C326C326D326D326C326C2A6D32C3
:108AF0006C326C326C2A6C326D328C328C326D324C
:108B00008D328D3288218819A821A921A8218819A0
:108B1000A921A921A821A8198819A821A921A92139
:108B2000A821A821A821A921C921C921C921C92970
:108B3000CA29C921C921CA21E929EA29EA21C92961
:108B4000EA29EA21EA29EA29EA29EA29EA21EA299D
:108B5000EA290A220A2AEA290B2A0A2AEA290A2ADF
:108B60000B2A0B2A0B220A2A0B2A0B2A0A2A0A2A68
:108B70002B2A0B2A0A2A0B2A2B2A0A2A0B2A2B2AEF
:108B80002B2A0A2A0B2A0B2A0A2A0A2A0A2A0B2A21
:108B90000A2A0A2A0B2A0A2A0A220A2A0A2A2B2A1B
:108BA0000A2A0A2A2B2A0B2A0A2A0B2A2B2A0A2AE1
:108BB0000B2A2B2A2A2A0B2A2B2A2B320B2A2B2A66
:108BC0002B2A2B2A2B2A2B2A2B322B2A2B322B2AED
:108BD0002B2A2B2A2C2A2B2A4B2A2B2A2C2A4B32A3
:108BE0002B2A4C2A4B322B2A2B2A4B2A4C2A2B2A53
:108BF0002B2A4C2A4C322B2A4C2A4B324C2A4C2AF8
:108C00004B2A4C324C2A4B2A6C324C2A4C2A4C327E
:108C10004C2A6B324C2A6C324C324C2A4C2A4C3245
:108C20006C326C2A6C326D326C326C326C326D325A
:108C30006C326C326C2A6C326D326C326C326C324B
:108C40006D326C328C326C326D328821A8218821D1
:108C50008819A921A8218821A821A821A821882133
:108C6000A821A821A921A821A821A921A821A921B9
:108C7000A921A921C921C929C921EA29E921EA296A
:108C8000CA21EA21E921EA29EA29EA210A2AEA2174
:108C9000EA21EA29EA21EA29EA21EA290A2AEA213B
:108CA0000A2AEA21EA210A2A0B2A0A2A0A2A0A2A75
:108CB0000B2A0A220A2A0B2A2B2A0A220A2A2B2AE0
:108CC0000B2A2A2A2B2A0B2A2B2A2B2A0A2A0A2A7F
:108CD000EA290B2A0A2A0B2A0A2A0B2A0A220B2A19
:108CE0000B2A0A2A0B2A0B2A0A2A2B2A2B2A2B2A7E
:108CF0002B2A0B2A0A2A0A2A2B2A2B2A0B2A0A2A6F
:108D00002B2A2B2A2A2A0B2A2B2A0B2A2B2A2B2AFC
:108D10002B2A2B2A2B2A2B2A2B2A2B2A2B2A2B2AAB
:108D20002C2A2B2A2B2A2B2A2B2A4B2A2C324B2A51
:108D30002C2A2B324C324C324B2A4C322C2A2B32DE
:108D40004C2A4B2A4B324C324C2A4C324B324C324E
:108D50004C2A4B324C2A4B2A4C2A4C324B2A4C2A56
:108D60006C324C326C2A4C326C326C326C326C2A63
:108D70006C326C326C2A6C326C326C326D326D3209
:108D80008C326D328C326C326D326C326C326C32B1
:108D90008821A8218821A821A821A921A8218821EA
:108DA000A921A921A821A819A821A921A821A9217F
:108DB000A821A821A921C921A921C921C921C921E5
:108DC000C921C929E921EA29EA29EA21EA21EA296E
:108DD000EA29EA21EA210A2AEA21EA290A2AEA21D9
:108DE000EA290A2A0A22EA290A2AEA21EA210A2A7F
:108DF0000A2AEA210A2A0B2A0B2A0A2A0A2A0B2AF9
:108E00000B2A0B2A2B2A0B2A0B2A2A2A0B2A2B2A5B
:108E10000A2AEA29EA21EA210A2A0A220B2A0A2234
:108E20000A2A0B2A0A2A0A220A2A0A2A0B2A0A2AA8
:108E30000A2A0A2A0A2A2B2A0A2A0B2A2B2A0B2A4E
:108E40000B2A2A2A0B2A2B2A2B2A2B2A2B2A2B32B3
:108E50002B2A0B2A2B2A2B322B2A2B2A2B2A2B327A
:108E60002B322B2A2B2A2B324B322C2A2B2A2B2A21
:108E70002C2A4B324C2A4C322B2A4B2A4C324C3265
:108E80004B2A4B2A2B324C2A4B2A4C324C2A4B2A47
:108E90004C324C2A4C2A4C324B324C324C2A4C32FB
:108EA0004C324C324C324C2A4C2A4C324C2A4C32EA
:108EB0006C324C2A6C324C326C326C324C2A6D3231
:108EC0006C326C326C326C2A6D326C328C326D3298
:108ED0008D326C326D32A8218821A8218921882108
:108EE0008819A819A821A821A921A921A821A92167
:108EF0008821A821A921A821A921A921C921A82126
:108F0000C921C921C921C921C921EA29E921E929A0
:108F1000EA29E921E921EA29EA29EA29EA29EA21D3
:108F2000EA210A2AEA21EA29EA210B2AEA290B2A5C
:108F30000B2A0A2A0A2A0B2A0A220A2A0B2A0A229E
:108F40000B2A0A2A0A2A0B2A0A2A0A2A0B2A2B2A5D
:108F50000B2A2B2A0A2A0A2A0A2AEA290A220A2A78
:108F6000EA290A2A0B2A0A220A2A0B2A0A2A0A2290
:108F70000B2A0A2A2B2A0B2A0A2A0B2A2B2A0A2A0C
:108F80000A2A2B2A2B2A2A2A0B2A2B2A2B320A2A94
:108F90000B2A2B2A2B2A2B2A2B2A2B2A2B2A2B3241
:108FA0002B2A2B2A2C2A2C2A2B2A2B2A2B2A4C32EE
:108FB0002B2A2B324C2A2B2A2B2A4B2A2B2A4C2A9F
:108FC0004B2A4B322C2A4B2A2C324C2A4B322C2A3D
:108FD0004B2A4B324B2A4C2A4C324B2A6C2A4C32AD
:108FE0004B2A4C326C2A4B2A4C326C2A4C324B3274
:108FF0006C2A4C2A4C326C326C326D326C2A4C32F8
:109000006C326C326C2A6C326C2A6C326C326C3280
:109010006D326C326C328D326C326C328821A82108
:10902000A8198819A921A821A921A921A821882145
:10903000A921A921A821A8218819A921A921A8210C
:10904000A821A921A921A921A921C921C921C92171
:10905000C921EA29CA21EA21EA29E921EA21EA29E2
:109060000A22EA21EA29EA29EA21EA29EA290A2A3E
:10907000EA210A22EA210A2AEA210A2A0A2AEB21FB
:109080000A2A0A2A0A220B2A0B220A220B2A0A2A55
:109090002B2A0A2A0A2A2B2A0A2A0A2AEA210A2A17
:1090A000EA290B2A0A2A0A2AEA290B2A0A2A0A2268
:1090B0000B2A0A2A0B2A0B2A2B2A0A2A0A220A2AF4
:1090C0000B2A0A2A2B2A2B2A0A2A0A2A2B2A2B2A7B
:1090D0000A2A2B2A2B2A2B2A0B2A0A2A2B2A2B2A4A
:1090E0002B2A2B2A2B2A2B2A2B2A2B2A2B2A4B32B0
:1090F0002B2A2B2A4B2A2B2A2B2A4B324B2A2C3257
:109100002B324B2A4C324C2A4B2A2B324C2A4B32D4
:109110004C2A4B324C322C2A4B324C324C2A4B2AA2
:109120004B324C2A4C2A4B2A4C324C324C2A4B2A7A
:109130004C326C2A6C326C324C326C2A6C326C328F
:109140006C2A4C2A6C326D326C326C326D326D325C
:109150006C2A6C326C326D326C326C326D328C3205
:109160008D3288218821A8218821A821A821882141
:10917000A921A921A821A821A921A921A821A921A2
:10918000A821A921A821A921A821A921A921C92172
:10919000C929C921C921C921C929CA21C921EA2945
:1091A000EA29EA21EA29EA210A2AEA290A220A2ADC
:1091B0000A2AEA210A2AEA210A2AEA29EA21EA29CC
:1091C000EA210A2A0A2A0B2A0A2A0A2A0A2A0B2A26
:1091D0000B2A0A2A0B2A0B220B2A2B2A0A2A0A22DA
:1091E000EA290A2AEA210A220A2A0B2A0A220A2240
:1091F0000B2A0A2AEA210A2A0A2A0A2A0B2A0A2AF6
:109200000B2A0A2A0B2A0A2A0A2A2B2A0B2A0A2A9A
:109210000A2A0B2A2B2A0B2A2B2A2B2A2B2A2B32FF
:109220002B2A2B2A0B2A2B2A0B2A2B2A2B2A2B2AD6
:109230002B2A2B322C2A2B2A2C322B2A4C322B2A4B
:109240002B2A2B2A2B2A4B2A2C322B2A2B2A2C2A4C
:109250004B2A2B324C2A4B322B2A4C2A4C324C2A8A
:109260004B324C324C2A4B324C324C2A4C324C3220
:109270004C2A4C324C326C324C2A4C2A4C324C32F6
:109280004C2A6C326C324C2A4C326C326C2A4C3286
:109290006C326C326C326D326C2A6C326C326C32E5
:1092A0008D326C326C2A6C328821A8198821882171
:1092B000A921A821A819A821A821A921A821A9216B
:1092C000A921A921A921A921A821A921A921C9212F
:1092D000A821A821C921C929C921C921C929CA216F
:1092E000C921C921E921EA29EA21EA29E929EA294A
:1092F000EA21EA210A2AEA29EA21EA29EA290A2AAC
:10930000EA210B2A0A2A0B2A0A2A0A2AEB210B2A0B
:109310000A2A0B2A0A2A0A2A0A2A2B2A0A220B2A92
:109320002B2A0A22EA290A2A0A2AEA21EA290A2AEF
:109330000A2A0B2A0A2A0A2A0A2A0B2A0A2A0B2A8A
:109340000A220A2A0B2A0B2A0B2A0A2A0B2A0B2A80
:109350002A2A0B2A0B2A0A2A2B2A0A2A0B2A2B2A08
:109360002B2A0A2A0B2A2B2A2B2A2B2A2B2A2B328E
:109370000B2A2B2A2B2A2B2A2B2A2B2A4B2A2B2A45
:109380002B2A2B2A4C324B2A2B2A2C2A4B2A4B2AAB
:109390002B2A4C324C324B2A2B2A4C2A4C324B2A49
:1093A0004B2A4B2A4C324B2A4C2A4C2A4B2A4B2A0A
:1093B0004C324C2A4B324B2A4B2A4C326C324B2AC1
:1093C0004C2A4C324C2A4C326C324C2A4C326C3285
:1093D0004C2A4C2A6C326C2A6C326C326C326D32F4
:1093E0006C326D326C2A6C326D326C326C32881990
:1093F000A821A821891988198821A821A8198921BB
:10940000A821A821A821A821A821A921A821A82113
:10941000A821A921C921C921C921A921C921C9215D
:10942000C921C921C921CA29C921C921C921E929BB
:10943000EA21EA21EA29EA21EA29EA29EA21EA29B4
:10944000EA29EA21EA290A2A0A2A0A2A0B220A2AEE
:10945000EA210A2A0A2A0B2A0A220A220B2A0A2AA3
:109460000A2A0B2A0A2A0A2AEA29EA21EA210A2ACE
:10947000EA290A2A0A22EA29EA210A2AEA290B22E7
:109480000A2AEA290B2A0B2A0A222A2A0A2A0A224B
:109490000B2A0A2A0B222B2A0A2A0A2A0B2A2B2AEF
:1094A0002B2A0A2A0B2A0A2A0B2A2B2A2B322A2A8F
:1094B0000B2A2B2A2B2A2B2A2B2A2B322B2A2B2A1C
:1094C0002B2A2B2A2B2A2B2A2B2A4B324C322B2AA3
:1094D0002B322C2A2B2A4B324B2A4C2A2B322B2A6A
:1094E0002C322B2A4C324C322B2A4B2A4C324C3207
:1094F0004B2A4C2A4C324C324B2A4C324C324C2A9E
:109500004C326C324C2A6C326C324C2A4C326C32FB
:109510004C2A4C2A6C324C324C326C2A4C326D3212
:109520006C326C2A6C2A6C326C326D326C326C325A
:109530006D326C3288218821A821A8218821A92197
:10954000A921A821A921A821A921A919A821A921D6
:10955000A921A921C921A821A821C921A921A9217D
:10956000C921C921A929C921C921C929CA21C921BA
:10957000CA29EA21C921E929EA21EA21EA29EA21BD
:109580000A2A0A22EA290A22EA290A22EA210A2ABE
:10959000EA210A2A0A2A0B2A0A2A0A220B2A0A2A5A
:1095A0000B2A0B2A0A220B2A0B2A0A22EA29EA2969
:1095B0000A2AEA290A2AEB290A220A2AEA21EA299E
:1095C0000B2A0A22EA290A2A0A2A0A220B2A0A2A2A
:1095D0000B2A0A2A0B2A2A2A0A2A0A2A0B2A0A2AC8
:1095E0000A2A0B2A2B2A2B2A0A2A0B2A2B2A2A2A56
:1095F0002B2A2B2A0B2A2B2A2B2A0B2A2B2A2B32FB
:109600002B2A2B2A2B2A2B2A2B322B2A2C2A2B2AA9
:109610004B322B2A2C2A4B322B2A2C2A2B2A2B2A50
:109620004C322B2A4B2A4B2A2B2A4C2A4C324C32B6
:109630004C2A4C324B324B2A4C2A4C324B2A4C2A65
:109640004C324C324C2A4C324C2A4C2A4C324C3242
:109650004C2A4C326C324C324C326C326C326C2AAA
:109660004C324C2A4C2A6C326C326D326D326C2A80
:109670008C326D326C326C326D32882188218819BF
:10968000A821A821A921A821A821A821A921A9218F
:10969000A821A921A821A821A921C921A821A9215E
:1096A000C921A921A821C921C921C921C929CA21A2
:1096B000C921E921E929E929EA21CA21C929E921A0
:1096C000E929E929EA21EA29EA21EA21EA29EA291C
:1096D0000A2A0A2AEB21EA29EA290A220A2A0A2A5C
:1096E0000A220A2A0B2A0A2A0B2A0A2A0B2A0A2ADF
:1096F000EA21EA21EA29EA210A2AEA290A22EA29B0
:109700000A2A0A2A0B2A0A2AEA29EA210B2A0A2A01
:109710000A2A0A220B2A0A2A0B2A0B2A0B2A0A2AAD
:109720000B2A2B2A0B2A2A2A0B2A0B2A2A2A0B2A33
:109730000B2A2B2A2B2A2B322B2A0A2A2B2A2B2ABA
:109740002B2A2B2A2B2A2B2A2B2A2B2A2B2A2B2A71
:109750002B2A2B324C2A4B2A2B2A2B2A4C324B32C7
:109760002B2A2B2A2B2A4C2A2B324C2A4C322B2ADE
:109770002B2A4B2A4C324B2A4B2A2C2A4B324C3266
:109780004C2A4B324C2A4C2A6B324B2A4C2A4C32F4
:109790004B324C326B2A4C2A6C326C2A4C2A4C329B
:1097A0006C326C2A4C326C326C326C324C2A6C3219
:1097B0006C326D326C326C328D326C328C328D3256
:1097C0008821881988218821A821A819A819892108
:1097D000A821A921A921A821A921A821A921A9213C
:1097E000C921A921A921C921A821A921C921C921AA
:1097F000C921C921C921C921C921CA29C921C92110
:10980000EA29C921E921EA29C921E921EA29EA212C
:10981000EA29EA29EA21EA290A2A0A220B2A0A2A3B
:109820000B2AEA210B2A0B2A0A2A0B2A0A2A0A2ABD
:109830000B220A2A0A22EA21EA290A2AEA210A2A0A
:109840000A2AEA290B2AEA21EA210A2AEA210A2A13
:109850000A2AEA210A2A0A2A0B2A0A2A0A2A0B2297
:109860000A2A2A2A0B2A0A2A0B2A0A220A2A0B2A3D
:109870002B2A2A2A0B2A2A2A2B2A0B2A2B2A2B2A82
:109880000B2A2B2A2B2A2B322B2A2B2A0B2A2B2A68
:109890002B322B2A2B2A2B2A2B2A2B322C2A2B2A0F
:1098A0002B2A4C2A4C322B324B2A4B2A2B2A2C3275
:1098B0004C324C322B2A4C324B2A4C324B2A4B2AFC
:1098C0004C324C2A4C324C324B2A4C324C324B2AC2
:1098D0004B326C324C324C2A6C324C2A4B326C324A
:1098E0006C2A4C324C2A6C2A4C324C326C2A6C3228
:1098F0006C326C324C2A6C2A6C326C326D326C32A7
:109900006C326D326C32A82188218821A821A921CE
:10991000A8218821A821A921A821A821A921A81925
:10992000A921A921A821A821A921A921A821C921CA
:10993000C921C921C929C921C921C921C921CA29C6
:10994000C921C921C921C921CA21C921CA29C921BD
:10995000C921EA21E929EA290A220A22EA29EA2177
:109960000A2A0A220A2A0A2A0A2A0B2A0A2A0A2A5E
:109970000B2A0A220A2A0B2A0A22EA29EA29EA21C0
:10998000EA29EA210A2A0A2AEA21EA290A2AEA21F4
:109990000A2A0A220A2A0A2AEA29EA21EA290A2A9A
:1099A0000B2A0B2A0A222A2A0B2A0B2A0A2A0A2AFB
:1099B0000B2A0A2A0B2A0B2A0A2A0B2A0B2A0A2A02
:1099C0000A2A0B2A2B2A0A2A0B2A2B2A2A2A2B2A72
:1099D0002B2A2B2A2B2A2B322B2A2B2A2B322B2ACF
:1099E0002B2A2B2A2B322B2A2B2A2B2A2B2A2C2AC6
:1099F0004C322B324B2A2B2A4B2A4C324C2A4B2AE4
:109A00002C324C324B2A2C2A4B2A4B2A4B2A4C2ADA
:109A10004C2A4B324C2A4C2A4C324C2A4C326B2A60
:109A20004C2A4C324C2A4C326C326C326C326C32D6
:109A30004C2A4C326C326C326C324C2A6C326C32A6
:109A40006C2A6C2A6C326C326C326C328821882120
:109A50008819A82188218821A921A821A821A8192D
:109A6000A921A821A921A921C821A921A821C92169
:109A7000C921A921C921A921A921C921C921C929EE
:109A8000C921C921C929C921CA21E929C921CA2154
:109A9000EA29E921CA21CA29E921CA21EA29EA29B0
:109AA000EA29EA21EA29EA290A2AEA21EA290A2AEC
:109AB0000A22EA290B2A0A2A0A220B2A0A2AEA215E
:109AC000EA29EA29EA21EA29EA29EA210A2AEA29ED
:109AD000EA21EA290A2AEA290B2A0A22EA290B2A78
:109AE0000A220B2A0A2A0A2A0B2A0A2A0B2A0A2ADB
:109AF0000B2A0A222B2A2B2A0B2A2A2A2B2A0B2A48
:109B00002A2A2B2A2B2A2B2A0B2A2A2A2B2A2B2ACF
:109B10002B2A0B2A2B2A2B2A2B2A2B2A2B2A2B2ABD
:109B20002B2A2B2A4B2A2B2A2C2A4B2A2B2A2B2A4C
:109B30002B322B2A2B2A4B2A4B2A2B2A4C2A4B2AF4
:109B40004B322B2A2B2A4C324C324B324C2A2B32A2
:109B50004C324B2A4C324C2A4B2A4C324C2A4B2A40
:109B60004B324C324C2A4C324C2A4B2A4C324C2A27
:109B70004C326C326C326C326C2A6C326D326C2A24
:109B80004C2A6C326C324C2A6C326C326D326C3234
:109B90006D3288218821A819A92188218819A82136
:109BA000A921A821A921A921A821A921A821A92168
:109BB000C921A921C921C921C921C921C921A92195
:109BC000C921C921C921C921C921CA29C921E9211C
:109BD000CA29C921E921E929CA21E929EA29EA2171
:109BE000E921C921EA21EA29EA21EA210A2A0B2AE4
:109BF000EA210B2A0B2AEA210A2A0A2A0A220A2A1D
:109C00000A2AEA21EA21EA29EA29EA210A2A0A2A71
:109C1000EA21EA290A2A0A2AEA210A22EA29EA2169
:109C20000A2AEA210A2A0B2A0A2A0A220A2A0A2AC4
:109C30000B2A0A220A2A2B2A0A2A0A2A0B2A0B2A68
:109C40002A2A2B2A0B2A2A2A0B2A0B2A2B2A0A2AEF
:109C50000B2A2B2A2B2A0A2A2B2A2B2A0A2A0B32D6
:109C60002B2A2B2A2B2A2B2A2B322B2A2B2A2B323C
:109C70002C2A2B2A4B322C2A2C2A4B324C322B2AC0
:109C80002B2A2C322C2A2C2A4B324C324B2A4C3287
:109C90004B2A2B2A4C324C2A2B2A4C324C324B2A40
:109CA0004C324C2A4B2A4C324C2A4C326C326C329D
:109CB0004C2A4C2A4C324C2A6C324C324C2A6C3294
:109CC0004C2A4C326C326C326C326C324C324C2A34
:109CD0006C326C326C326C3288198821A821882150
:109CE0008819A821A821A921A821A821A921A82152
:109CF000A821A921A921A921C921C921C921C92195
:109D0000C921C921C921C921C929C921C921C929F3
:109D1000C921C921C921CA29C921C921CA21E921C9
:109D2000E921CA21EA29E929EA21C921EA21EA2906
:109D3000EA21EA21EA210A2A0A2A0A2A0A2A0B2AFD
:109D40000A2AEB29EA21EA29EA29EA29EA21EA2171
:109D5000EA21EA29EA29EA21EA21EA290A2A0B2A40
:109D6000EA210A2AEA21EA290A2A0A2A0B2A0A2AC5
:109D70000A2A0B2A0A220A2A0A2A0B2A0B2A0A2A48
:109D80000A2A0B2A0B2A2A2A0B2A0A2A0B2A2B2AEE
:109D90000A2A0A2A2B2A0B2A2B2A2B320B2A0A2AB6
:109DA0002B2A2B2A2B2A2B2A2B2A2B2A2B2A2B2A0B
:109DB0002B2A2B324B2A2B2A4C324B2A2B2A2B2A8A
:109DC0004B322C2A2B2A4B322B2A2B2A4B2A4C2A59
:109DD0002B2A2B2A2B2A4C324B2A4C2A4B2A4B2A31
:109DE0004C324C2A4C324B2A4B324C324C324C2A9D
:109DF0004B2A4C324B2A4C326C324C324C2A6C324D
:109E00006C324C2A4C324C324C324C2A6C324C2A3A
:109E10004C326C326C2A6C326C326C2A6C32882177
:109E20008821A821A8218821A921A8218819A92150
:109E3000A821A821A821A821A921C921C821A92197
:109E4000C921C921A921A921A921C921C921C9291A
:109E5000C921C921CA21C921C921C921CA29C921A8
:109E6000EA21C929EA29C921E929EA29EA21EA29B5
:109E7000E921EA29EA29EA29EA29EA21EA29EA2163
:109E8000EA21EA21EA21EA290A2AEA21EA29EA2939
:109E9000EA21E929EA29EA21EA29EA290A2AEA2122
:109EA000EA29EA210A2AEA29EA29EA210A2AEA21F0
:109EB000EA21EA290A220A2A0A2A0A2A0B2A0A2A53
:109EC0000B2A0B220A2A0B2A0B2A0A2A0A2A2B2AD5
:109ED0002B2A0A2A2B2A2B2A0B2A2B2A2A2A0B2A3C
:109EE0000B2A2B2A2B2A2B2A2B2A2B2A0B2A2B2A0A
:109EF0000B2A2B2A2B2A2B2A2B2A2C2A2B2A2B2AD9
:109F00002B2A2B2A2B322B2A2B2A2B2A4C322B2A78
:109F10004B2A4C322B2A4B2A2C324C322B2A2B32F6
:109F20004C322C2A4C324B2A4B2A4C2A4C324C2A8B
:109F30004C2A4C324C326C324C2A4C324C324C3221
:109F40006C2A4C2A4B2A4C324C326C2A6C326C2ACA
:109F50004C324C326C2A4C326C326C324C2A6D32A0
:109F60006C326C328821A8218819A821892188198E
:109F7000A8218821A921A821A921A921A921A921B4
:109F8000A821A921A921A821A921C921C921C92123
:109F9000C921C921C921C921CA29C921C921C92168
:109FA000C921C921E921C921EA29CA21C921C92117
:109FB000CA21EA21E921CA29E921E921EA21EA297C
:109FC000EA29EA21EA29EA290A2A0A2A0A22EA29A6
:109FD000EA21EA21EA21EA29E921EA29EA29EA2112
:109FE0000A2AEA21EA29EA29EA21EA210A2AEA29AF
:109FF0000A2A0A2A0A22EA290A2AEA210B2A0B2A11
:10A000000A2A0A2A0A220A2A2A2A0B2A2A2A0B2A76
:10A010000A2A0B2A0A2A0B2A2B2A0B2A0B2A2B2A5A
:10A020002B2A2B2A0A2A0B2A2A2A0B2A0B2A0A2A2B
:10A030002B2A2B2A2B322B2A2B322B2A2B2A2B2A68
:10A040002B2A2B2A2B2A2B2A2B2A2B2A2B2A2B2A68
:10A050004B322C2A2B2A4B2A4C324C322B2A4B2A9D
:10A060004C2A2B2A4B2A4C324B2A4C324B2A4C324C
:10A070004B2A4C324B2A4C2A4B2A4B324C2A4C321C
:10A080004C2A6B2A4C324C324B2A4C324C2A6C32C2
:10A090004C326C2A6C324C2A6C326C324C2A6C3248
:10A0A0006D324C2A6C326C326C32882188198819D6
:10A0B000A821A8218821A819A821A821A921A9217E
:10A0C000A921A921C821A921A921A921C821C921E2
:10A0D000A921C921C921A929C921C921C929C92160
:10A0E000C921C921C929CA21C921C929CA21C9210E
:10A0F000C921EA29EA29C921E929EA29EA21EA212B
:10A10000EA29E921EA21EA29EA29EA210A2A0A2A8E
:10A11000EA21EA29EA21EA29EA29E921E929EA21C9
:10A12000EA29E921EA21EA21EA29EA210A2AEA2997
:10A13000EA290A22EA21EA290A2AEA210B2A0B2A19
:10A140000A2A0A2AEA290A2A0A2A0B2A0A2A0B2A8E
:10A150000A2A0B2A2A2A0B220A2A0A2A2B2A0A2A24
:10A160000A2A2A2A0B2A2B2A0B2A2A2A2B2A2B2AAA
:10A170000B2A0A2A0B2A2B2A2B2A0B2A2B2A2B2AB8
:10A180002B2A2B322B322B2A2B2A2B2A2B2A2B2A17
:10A190002B322B2A2B2A2B2A2B2A2B2A2B324C2AE6
:10A1A0004C2A4B322B2A4C324C2A4B2A4B2A2B322C
:10A1B0004C324C2A4C322C2A4C324C324C324C2AE7
:10A1C0004C2A4C324B2A4C324C326C2A4C326C3278
:10A1D0004C2A4C2A6C324C324C324C2A4C326C3267
:10A1E0004C2A4C2A6C326C324C2A6C326C326C2AFF
:10A1F0008821882188218819A8218821A921A921BD
:10A20000A821A819A821A921A921A821A921C921EA
:10A21000A821C921C921C921C921C929C921C92107
:10A22000C921C921C921CA21C921C921C921C929D5
:10A23000C921EA29C921C921EA29EA29E921EA2112
:10A24000EA29EA29E921EA29EA29E921EA21EA2198
:10A25000EA21EA29EA21EA21EA21C921E921EA29B8
:10A26000EA29E921EA29EA21EA29EA29E921EA2178
:10A27000EA29EA21EA210A2A0A2AEA21EA290A2AFB
:10A28000EA210A2AEA210A2A0A220B2AEA290B22AF
:10A290000A2A0B220A220A2A0A2A0B2A0B2A0A2A2B
:10A2A0000B2A0B2A0A2A0B2A0B2A0A2A2B2A0A2AE9
:10A2B0002B2A0B2A2B2A2B2A2B2A0A2A0B2A2B2A57
:10A2C0002B2A2B2A0B2A2B2A2B2A2B2A2B322B2AFE
:10A2D0000B2A0B2A2B2A2B2A2B2A2B2A2B2A2B2A16
:10A2E0002C322B2A2B2A2B2A4C2A4C322B2A2B326B
:10A2F0004C324C2A2B2A4B324B2A4C2A4B324B2ABB
:10A300004C2A4C324B324C2A4B324C2A6C324C3257
:10A310004C2A4C326C324C2A4C324C2A4C324C3245
:10A320006C326C324C2A6C326C326C326C326C3265
:10A330004C2A6C326C32A82188198821882188190E
:10A34000A821A8218819A921A821A821A921C921CA
:10A35000A921A921C821A921A921A921C921A9216E
:10A36000C921C921C921C921C921C929C921C92195
:10A37000C929C921C921C921EA21E929E921EA21FB
:10A38000C921C921EA21C921EA29E921C921EA21F2
:10A39000EA29E929EA29EA21EA29EA29EA21E92937
:10A3A000C929C921EA21EA29EA21EA29EA29EA296F
:10A3B000EA29EA21EA29EA21EA29EA290A2AEA29F4
:10A3C000EA210A2AEA29EA290A22EA29EA21EA29CB
:10A3D000EA210A2A0A2A0A2A0A2A0A2A0B220B2A0C
:10A3E0000A2A0A2A0B2A0B222A2A0A2A0B2A0A22BA
:10A3F0000A2A0B2A0B2A2A2A0A2A0A2A2B2A0B2A79
:10A400002B2A2B2A2B2A2B2A2B2A2B322B2A2B2A9C
:10A410002B2A2B2A2B2A2B2A2B2A2B322B2A2B2A8C
:10A420002B324C322B2A2B2A4B2A2B324B2A2B2A0B
:10A430002B2A2B2A4B2A2C324C324C2A2B2A4C2AE0
:10A440004C324B2A4B2A4C324B2A4C2A4C324B2A48
:10A450004C324C2A4B2A4B324C326C2A4C324C3206
:10A460006C2A4C2A6C326C326C2A4C324C326C2A7C
:10A470004C324C2A4C324C324C2A6C32881988218E
:10A48000882188218821A81988218821A921A9212A
:10A49000A821A921C921C821A821A921C921A9210F
:10A4A000C921C921C921A921C921C921C921C9217C
:10A4B000C921C929CA21CA29C921C921CA21E92911
:10A4C000C921C921C921C929EA29C921EA29EA29B9
:10A4D000EA21CA21C921EA29EA29EA29EA21EA214D
:10A4E000E921E921CA29EA21C921C921E921E92172
:10A4F000EA29EA29EA21E921EA29EA21E929EA21E6
:10A50000EA210A2A0A2AEA29EA210A2A0A220B2A25
:10A510000A2AEA290A2A0A220B2A0A2A0B2A0A2AC2
:10A520000A2A0B2A0A2A0A2A0A2A0A2A0B2A0A2A89
:10A530002B2A2B2A0B2A0B2A2B2A0B2A2B2A0B2AF3
:10A540002B2A0B2A2B2A0A2A2B2A2B2A2A2A0A2AC6
:10A550002B2A2B2A0B2A2B2A2B2A0B2A2B2A2B2A93
:10A560002B322B2A2B2A2B2A4B322B2A2B2A2B2A13
:10A570002C2A2B322B2A2C2A4C2A4B2A2B2A4B32C0
:10A580002B2A4C324C324C324C324C324B2A4C2A15
:10A590004C324C2A4B324C324C2A4C2A4C324B2AED
:10A5A0004C2A6C326C326C324C2A4C326C324C2A53
:10A5B0006C326C326C326C324C2A4C2A4C326C321B
:10A5C0006C3288218821A81988218821A821A921F5
:10A5D000A821A821A921A921A821A921A821A9212F
:10A5E000C921A821C821C921C921C921C929C9292D
:10A5F000A921C921C921CA21C921C929C921C92122
:10A60000C921CA29CA21C921CA21EA29EA21C921A5
:10A61000C921CA21E921EA29EA21C921EA29EA2135
:10A62000EA21EA29E921C921C929EA21EA21CA291D
:10A63000C929EA29E921C921EA21E929EA21EA29E6
:10A64000EA29EA290A2AEA210A220A2AEA21EA2927
:10A650000A2AEA29EA210B2A0A2A0A2A0B2AEA21CB
:10A660000A2A0A2A0A220A2A0B220B2A0A2A0B225F
:10A670000A2A0A2A0B2A2B2A0A2A0A2A0B2A0A2A17
:10A680002B2A2B2A0B2A2A2A2B2A0B2A2A2A0B2A84
:10A690002B320B2A0A2A0B2A2B2A2B2A2B322B2A63
:10A6A0000A2A0B2A2B2A2B2A2B2A2B2A2B2A2B2A43
:10A6B0002B2A2B2A2B2A2B2A4C324B322B2A4B3279
:10A6C0004C324C2A4B324C2A2B2A4B324B2A4C2AE6
:10A6D0004C324B2A4C2A4C324B2A4C2A4C324C32AC
:10A6E0006C326C324C2A4B2A6C324C324B2A4C3234
:10A6F0004C2A4C324C326C326C324C326C326C2AFA
:10A700006C324C2A6C326C3288218819A82188213D
:10A71000A8218819A921A821A921A821A821A92116
:10A72000A921A821A921A921C921A921A821C9219B
:10A73000A921C921C921C921C929C921C921C921E1
:10A74000C929C921C921C929E921E929C921C92161
:10A75000C921EA29EA29EA29E921EA29EA29E9219C
:10A76000EA21EA29EA29E921E929C921C921CA29D5
:10A77000E921C921C921CA21E929EA29EA21C921F6
:10A78000EA29E921E921EA21EA29EA29EA29EA294B
:10A79000EA210A2AEA210A2AEA290A2AEA210A2AB5
:10A7A0000B2A0A22EA29EA210A2AEB290A220A2A82
:10A7B0000A2A0B2A0A2A0B2A0A220B2A0B2A0A2AFD
:10A7C0000B2A2A2A0A2A0A2A0B2A2B2A0A2A0B2AA5
:10A7D0002A2A0B2A0B2A2B2A0B2A2B2A0B2A0A2A73
:10A7E0002B2A0B2A0A2A2B2A2B2A2B2A2B322B2AFA
:10A7F0002B2A2B2A2B2A2C2A2B2A2B322C2A2B2AA7
:10A800002B2A2B2A2B322B2A2B2A2B2A2C324B2A6F
:10A810004C2A4C324B2A4C324B2A4C324C324B2A6B
:10A820004C324B2A4B324C324C2A4C324C326C2A32
:10A830006C324C324C2A6C324B2A4C2A6C326C2AC9
:10A840006C324C2A6C326C324C2A4C2A6C32882185
:10A850008821A8218821A821A921A921A821A821EE
:10A86000A919A821A821A921A921A821A821A921A4
:10A87000C921A921A921A921A921C921C921C92900
:10A88000C921C921C921CA21C921C921C921CA296E
:10A89000C921C921C921C921C921C921C921EA293F
:10A8A000EA21C921EA29EA29E921EA21EA29C9217B
:10A8B000C921C921C921C929C921C921C921EA211F
:10A8C000E929C929EA21C921C929EA21EA290A2A4B
:10A8D000EA21EA21EA29EA29EA21EA290A2A0A22BE
:10A8E0000A2AEA21EA21EA210A2AEA29EA210A2A8D
:10A8F0000A2A0A2A0A2A0A220A2A0A2A0A222B2AA7
:10A900000B2A0A2A0B2A2B222B2A2B2A0A2A0B2A49
:10A910002B2A2B2A0B2A2B2A2A2A0B2A2B2A0A2AF1
:10A920002B2A2A2A0A2A0B2A2B2A0B2A2B2A2B2AE1
:10A930002B2A2B2A2B2A2B2A2B322B322B2A2B2A5F
:10A940002B2A2B2A2B2A2B2A2B2A2B2A4B324C2A16
:10A950002B2A4B322C2A4B322B2A4C324C2A2B2AB4
:10A960004B324C2A4C2A4B324C2A4C2A4C324B2A22
:10A970004B324C2A4C324C2A4C2A4C326C326C32C0
:10A980004C326C324C2A4C326C324C326C326C325F
:10A990004C2A6C328819A821A8218819A821A8213D
:10A9A000A8218821A921A921A821A821A921A9217B
:10A9B000C821C921A921A921C821C921C921C92189
:10A9C000C929A921C921C929CA29C921C921EA2915
:10A9D000C921C921CA29C921CA21C929C921CA2114
:10A9E000C921C921EA29C921C921EA29EA21EA297B
:10A9F000EA21C921C921CA29C929C921CA29E929A4
:10AA0000CA29C921C921CA21E929CA21EA21E9297A
:10AA1000EA29EA21E921EA29EA210A2AEA21EA299E
:10AA2000EA29EA210A2A0A2A0A2AEA290A2A0B2AF0
:10AA30000A2A0A22EA29EA290B220A2A0B2A0A22CE
:10AA40000A2A0B2A0A2A0A2A0A2A0B2A0A2A0B2A63
:10AA50002B2A0A2A0B2A2B2A2B2A0B2A0A2A0B2AF0
:10AA60000A2A0A2A2B2A0B2A0B2A0A2A2B2A0A2A02
:10AA70002B2A2B2A2B2A2B2A2B2A2B322B2A2B2A26
:10AA80002B2A2B2A2B2A2B322B2A4C2A2B2A2C2AF4
:10AA90004B324B2A2C2A2B2A4B2A4C324B2A4B3234
:10AAA0004C2A4C324B2A4B2A4C324C324B2A4C32D9
:10AAB0004C2A4C326C326C2A4B324C2A4B324B2A89
:10AAC0006C326C324C2A4C2A6C324C326C2A6C320E
:10AAD0004C2A6C324C2A4C326C32882188218821D5
:10AAE00088198821A921A921A821A8218821A92183
:10AAF000A821A921C921C921A921C921A821C92188
:10AB0000A921A921C929C921C921C921C921C9212D
:10AB1000C921C921C921C929E921C921E921C92995
:10AB2000E921C921CA29C921CA21EA29E921EA2939
:10AB3000EA21E929EA29C921C921C921C921C92153
:10AB4000C921E921CA21C929EA21C921C929EA2142
:10AB5000C921E929EA21C921EA29EA29E921EA29C1
:10AB6000EA29EA210A2A0A2AEA29EA290A22EB29F9
:10AB7000EA29EA210A2AEA210B2A0A2AEA29EA21F1
:10AB80000A2AEA290B2A0A2A0A220A2A0B2A0B2A4B
:10AB90002B2A0A2A0B2A0A2A0A2A0A2A0B2A0A2AF2
:10ABA0002B2A0B2A0B2A0A2A0A2A0B2A0B2A2B2ABF
:10ABB0002B2A2B2A0B2A2B2A2B2A2B2A2B2A0B2A2D
:10ABC0002B2A2B2A2B2A2B322B2A2B2A2B2A2B2AD5
:10ABD0002B324B2A2B2A2B2A2B2A4B322C322B2A74
:10ABE0002B2A2B2A2C2A2B2A4B324C2A4C324C3221
:10ABF0004B2A4C324B2A4B324C2A4B2A4C2A4C3291
:10AC00004C326C2A4C324C2A4C2A6C324C326C320C
:10AC10006C324C2A6C324C326C324C2A4C2A6C32DC
:10AC2000881988218821A8218819A821A921881993
:10AC3000A821A921A921A821A821A821A921A921C8
:10AC4000A921A921A821A921A921A821C921C92176
:10AC5000C929C921C921C921C921C921C921C9219C
:10AC6000CA21C929EA21C921C921EA29E921EA29F8
:10AC7000C921E921CA29C921EA21C921C921C9213A
:10AC8000C921C921C929C921CA21C921C921EA2942
:10AC9000EA21C921C929EA29CA21C921EA21EA21CF
:10ACA000EA29E921E921EA21EA29EA21EA210A2A15
:10ACB000EA210A2AEA210A220A2AEA29EA210B2A97
:10ACC0000A2A0A2A0B2A0A2A0A220A2AEB290A2213
:10ACD0000B2A0A2A0A2A0A220B2A0A2A2B2A2B2A98
:10ACE0002B2A0A2A0A2A2B2A2B2A0A2A0B2A2B2A3F
:10ACF0002A2A0A2A0B2A2B2A2A2A0B2A2A2A2B3208
:10AD00000B2A2B2A2B2A2B2A2B2A2B2A2B2A2B2ABB
:10AD10002B2A2B2A2B2A2B322B2A2C2A2B322B2A7A
:10AD20002B2A4B324C2A2B2A4C324B2A4C2A4C329F
:10AD30004B2A2B2A4C2A4C2A4C324C2A4C324C326D
:10AD40004C2A4B324C324C2A4C2A4B326C326C32ED
:10AD50004C2A4C326C326C324C2A4C326C326C2A9B
:10AD60006C326C326C328821A8218819A821A92163
:10AD7000A821A8218819A921A821A921A819A921B8
:10AD8000A821A821A921C921C821A921C921C821F7
:10AD9000C921C921C921C929C921C921C921C92953
:10ADA000CA21C921C929C921CA21C921EA29E929F8
:10ADB000C921EA21C921EA29EA29EA21E921CA2986
:10ADC000C921C921C929C921C921CA29C921E929FA
:10ADD000E929C921C921C921C921CA21E929CA29C9
:10ADE000E921C929C921EA29EA29EA21EA29E92927
:10ADF000EA29EA21EA21EA29EA290A2A0A2A0B2A67
:10AE00000A2AEA210A2AEA210A2A0B2A0A2A0A2AF3
:10AE10000A220B2A0A2A0A2A0B2A0A220B2A0A2A9F
:10AE20000B2A0B2A2B2A0B2A0B2A0B2A0A2A0A2A5C
:10AE30000A2A0B2A2B2A0A2A2B2A0A2A0A2A0B2A2E
:10AE40000B2A0B2A0B2A0B2A2A2A2B2A0B2A2B32F3
:10AE50002B2A2B2A2B2A0B2A2B2A2B2A2B2A4B2A4A
:10AE60002B324C322B2A2B2A2B2A2B2A4C324B32B8
:10AE70002B2A4C2A4B324C324B2A4C324B2A4C3226
:10AE80004B2A4C2A4B324C324C2A4C324C324C2AF4
:10AE90004B2A4C324C2A4C2A4C324C2A6C2A6C32AB
:10AEA0004C326C2A6C324C324C2A4C32A821A821EC
:10AEB00088218821A921A921A821A821A819A82190
:10AEC000A921A821A921A921A821C921C921A921F4
:10AED000A921C921A921C921C929A921C921C9217A
:10AEE000A921C921C921C929CA21C921E929C92101
:10AEF000C921EA29C921C921CA29E921C921CA29A7
:10AF0000EA29E921C921C921C929C921C921C921A0
:10AF1000C921C921C921C921C921C921C929C921D9
:10AF2000C921C921E921EA29EA29EA21E921EA29F5
:10AF3000EA29EA29E921EA29EA29EA21EA21EA2992
:10AF4000EA21EA29EA210A2A0B2A0A2A0A2AEA21FC
:10AF50000B2AEA290A2A0B2A0A2A0A2A0B2A0B2A6E
:10AF60002B2A0A2A0B2A0A2A0A2A0A2A0B2A0B2A1D
:10AF70000A2A0B2A0B2A0A2A0B2A0A2A0A2A0B2A2D
:10AF80000B2A0A2A2B2A2B2A2A2A2B2A2B2A2B2A5B
:10AF90002B2A0B2A2B2A2B322B2A2B2A0B2A2B3239
:10AFA0002B2A2B2A4B324C2A4B2A2B2A2B2A4B3268
:10AFB0002B2A2C2A2B2A2B324B2A4C2A2B2A4C3276
:10AFC0004B2A4B2A4C324C324C2A4C2A4B324C2ABC
:10AFD0004B2A4C326C324C2A4C324B2A6C324C325B
:10AFE0004C326C2A4C324C326C2A6C324C2A4C2A31
:10AFF0006C328821A821A921A821A821A821A8195B
:10B00000A921A921A921A821A821A921A821A921F3
:10B01000A921A821A921C821A921A921C921C92182
:10B02000A921C921C929C921C921C921C921C921E8
:10B03000C921C921C921EA29E921C921EA29EA212D
:10B04000C921E921C921C921C929C921C921C92188
:10B05000C921CA29C921C921C929C921CA21C9218E
:10B06000CA29EA29EA21EA29CA21C921CA29EA21E9
:10B07000C921EA21E921E921EA21EA21E921EA2994
:10B08000EA29EA21EA29EA29EA21EA290A2AEA211F
:10B09000EA210A2A0A2A0B2A0A22EA290B2A0A2268
:10B0A0000A2A0A220B2A0A2A0A2A0A2A0B2A0B2A05
:10B0B0000A220A2A2A2A0A2A0B2A0B2A0A2A0B2AD5
:10B0C0000B2A0A2A0B2A0B2A0A2A2B2A0B2A0A2ABB
:10B0D0002B2A0B2A2B322B2A0A2A2B2A2B2A2B2A01
:10B0E0002B322B2A2B2A2C322B2A2B2A2B2A2B2AA7
:10B0F0002B324C324C2A2B2A4B324C2A2B2A2B2A0D
:10B100004C324C2A2B2A4C324C2A4B2A4B324C3292
:10B110004B2A4C324C324B2A4B2A4C324C2A4C3262
:10B120006C326C2A4C2A4C326C324C2A4C324C32E7
:10B130004C326C326C326C3288218821881988211B
:10B14000A821A8218821A821A821A921A821A921D5
:10B15000A821A821A921A921A821A821A921C92183
:10B16000A921A921C921A921C921C921C929C921E7
:10B17000C929C921C921C921C921CA21C929E9214E
:10B18000C921CA29C921CA21CA29EA29C921C92133
:10B19000C921C921C921C929C921CA21E929C9212E
:10B1A000C921C929C929C921C921C921C921EA2916
:10B1B000E921C929E929CA21E929EA29C921EA2974
:10B1C000EA29EA29E921E921EA29EA21EA21EA2111
:10B1D000EA21EA290A2A0A2AEA21EA29EA210A2A8C
:10B1E000EA290A2A0A2A0A2A0B2A0A2A0A2A0B2ADE
:10B1F0000A220A2A0B2A0A2A0B2A0B2A0A220A2ABC
:10B200000A2A0B2A0A2A2B2A0B2A2A2A2B2A2B2A19
:10B210000B2A0A2A2B2A0A2A0B2A2B2A0A2A2B2A29
:10B220002B2A2B2A2B2A2B2A2B2A2B2A2B324B2A4E
:10B230002B2A2B2A2C2A2B2A2B2A2B2A2B2A2B2A65
:10B240002B2A2B2A4C322B2A2B322B2A2B322B2A1D
:10B250004C2A4C2A4C324B2A4C2A4C324C324B2A28
:10B260004B2A4C2A4C326C324C2A4C2A4C326C32CF
:10B270004C2A6C2A6C324C326C2A4C324C32A8214B
:10B28000A8218819A8218821A921A9218821A921DB
:10B29000A821A921A921A821A921C921A821A92141
:10B2A000A921A921C821A921A821C921C921C929C8
:10B2B000A921C921C921A921C921C929CA29C9216D
:10B2C000C921C929C921CA21C921E929E921C921DD
:10B2D000C921C921C921C921C921C921C921C9211E
:10B2E000C921C921C921C921C921C921C921EA21ED
:10B2F000C921C921C921CA21C921EA29E921EA298B
:10B30000CA29C921EA21EA29EA21EA21EA29EA2906
:10B31000EA21EA29EA29EA29EA210A2A0B2A0A2A41
:10B32000EA21EA290B2A0A22EA290B2A0A2A0B2AED
:10B330000B2A0B2A2B2A0A220A2A0B2A0A220A2A59
:10B340000B2A0A220A2A0B2A0A2A0A2A0B2A0A2A62
:10B350000A2A0A2A2B2A2A2A0B2A2B2A2A2A0A2ACA
:10B360002B2A0B2A0B2A2B2A2B2A2B2A0B2A2B2A95
:10B370002B2A2B2A2B322B2A2B2A2B2A2B2A2B2A1D
:10B380002B322B2A2B2A2B322B2A4B2A4C2A4B2AA4
:10B390004C324C324B2A4B322C2A4C2A4B324B2A01
:10B3A0004C2A4C324C324B2A4C324C324B2A4C32C7
:10B3B0004C326C2A4C326C326C326C326C2A6C32ED
:10B3C0004C324C2A8819A821A821A9218819A82122
:10B3D000A921A821A921A821A8218819A921A92149
:10B3E000A821A821A921A921C921A921A821C921D0
:10B3F000A921A921C921A921A921C921C921C9217D
:10B40000C921CA21C921C921CA21C921C921C921EA
:10B41000EA29C921C921C921A921A921C929C929E3
:10B42000A921C921C921C929C921CA21CA29C921DA
:10B43000C921CA29C929EA29C921C921CA29EA2158
:10B44000EA29C921EA21C921E921C921EA21E92101
:10B45000EA29EA29EA21EA21E929EA21EA29EA296D
:10B46000EA21EA290A2A0A22EA290A2A0A22EA29D8
:10B470000A220A220A2A0A220A2A0B2A0B2A0A2A42
:10B480000A2A0A220A2A0A2A0B2A0A220B2A0B2A29
:10B490000A2A0B2A0B2A0B2A0A2A0A2A0B2A2B2AE7
:10B4A0000B2A2B2A2B2A0B2A2B2A2A2A2B2A2B2A35
:10B4B0000B2A2B2A2B2A2B322B2A2B2A2B2A2B2AFC
:10B4C0002B2A2B2A2B2A2B324B2A2C2A4C324B2A62
:10B4D0002B324C322B2A2B2A4C2A2B2A4C324B2A29
:10B4E0004B324C324B2A4C2A4B2A4C324C324C2A8F
:10B4F0004C324C2A4B2A6C326C324B2A4C2A4C2A46
:10B500006C324C326C326C2A6C3288218821882152
:10B51000881988218821A821A821A819A921A82152
:10B52000A921A821A821A921C921A821A821C9218F
:10B53000A821A921C921C921A921C921C921C9211C
:10B54000C929C921C921C921C921C929C921C9219B
:10B55000C929C921C921CA29C921C921C921A921AA
:10B56000A921C921C921C921C921C929C921C921A3
:10B57000C921C921C921C921C921C921E921C9215B
:10B58000C929E921EA21E929C921CA21EA29EA29A7
:10B59000CA21E929EA29CA21EA29E921EA29EA2175
:10B5A000E921EA210A2AEA21EA29EA21EA290A2AE2
:10B5B000EA21EA290A2AEA290B2A0A2A0A2A0A225D
:10B5C0000A2A0A2A0B2A0A2AEA290A2A0A2A0A2AFB
:10B5D0000A2A0A220B2A0A2A2A2A0B2A2B2A0A2298
:10B5E0000A2A2B2A0A2A0A2A0B2A0B2A2A2A0B2A77
:10B5F0002B2A2B2A2B2A2B2A2B2A2B2A2B2A2B2AA3
:10B600002B2A2B2A2B322B2A2B322B2A2B2A2B2A82
:10B610002B2A2B2A4C2A2B2A2B2A4C2A2B2A4C3217
:10B620002B2A2B2A4C324C2A4B2A4C324C324B2A96
:10B630004C2A4C324C326C324C324C2A4C2A6C32F2
:10B640004C2A4C324C2A4C324C2A4C324C326C3202
:10B650008821A821A8218819A82188218819A82132
:10B66000A8218921A921A921A821A921A921C9218C
:10B67000A921A921C921C921A821A921C921C921FB
:10B68000C929C921C921C929C921A921C921C92972
:10B69000C921C921C921CA29E921EA21C921C92110
:10B6A000A921A921C921C921C921C921C929C92182
:10B6B000C921C921C921C921C921C921C929C92132
:10B6C000C921CA21EA29E921C921C929EA29C921AF
:10B6D000C921EA29EA29EA21E921EA21E929EA211D
:10B6E000EA29E929EA21EA29EA29EA21EA290A2AB2
:10B6F0000A2AEA290A22EA29EA290A22EA290B2A3D
:10B700000B2A0A2A0A2A0A22EA210A2A0A2AEA21F2
:10B710000A220B2A0A2A0A2A0B2A0B2A0A2A0A2A8E
:10B720000A2A0B2A0A2A0B2A2B2A0B2A0A2A2B2A34
:10B730002A2A0B2A0B2A0B2A0A2A2B320B2A2B2AFB
:10B740000B2A0B2A2B2A2B322B2A2B2A2B2A2B2A89
:10B750002C2A2B2A2B2A2B324B322C2A4B324B32BF
:10B760002C2A4B324C2A4C322B2A2B2A4C324B2A75
:10B770002C2A4C324B324C2A4C324B2A4C2A6C32FB
:10B780004C324B2A4C324C324C2A4C324C2A6C2ACA
:10B790004C326C2A4C2A8821A819882188218821BA
:10B7A000A82188198821A921A821A821A821A92197
:10B7B000A821A821A821A821A921A821A921A8213F
:10B7C000C921A921A821A921A921C921C929C921A2
:10B7D000C921C921C921C921CA21C929C921C92110
:10B7E000C929C921A921A921C921A821A921A921A2
:10B7F000C921C921A921C921C929C921C921C92909
:10B80000CA21C929E929CA21C921E929EA21CA216C
:10B81000C921C929EA21C921E921EA29C921E92146
:10B82000EA29C929EA21EA29EA21EA29EA29EA29B1
:10B83000EA21EA29EA21EA210A2A0A2AEA210A2A2D
:10B84000EA29EA21EA210A2A0A2A0B2AEA29EA2114
:10B850000A2AEA290A2AEA210B2A0A2A0A220A2A99
:10B860000A220B2A0A2A2B2A0A2A0B2A0B2A2A2AFC
:10B870002B2A0B2A0B2A0A2A0B2A2A2A2B2A0B2AC2
:10B880002B2A2B2A2A2A2B2A2B2A2B2A0B2A2B2A31
:10B890002B2A2B322B2A2B2A2B2A2C2A2B2A2B2AF7
:10B8A0002B2A4C322B2A2B2A4B2A2B2A4C324B2A5E
:10B8B0002B2A2B324C2A4B2A4C324C2A4B2A4C3204
:10B8C0004C2A4C324C324C2A6B2A4C326C324C2A69
:10B8D0004C326C324C2A6C324C324C3288218819F2
:10B8E000881988218821A9218821A821A821A92196
:10B8F000A821A821A921A819A921A921A821A92104
:10B90000A921A921C921C921A821C921A921A82189
:10B91000A921C921A921C921C929C921C921CA2906
:10B92000C921C921C921C921C921A921C921C821E8
:10B93000A921C921A921A921A921A921C921C92157
:10B94000C921C921C921C921CA21C929C921C9219E
:10B95000C921C929C921C921CA21E929C921EA293D
:10B96000E929CA21EA21EA29EA21E929EA29EA2181
:10B97000E921E921EA290A22EA21EA29EA21EA2938
:10B98000EA29EA210A2A0A2AEA210A2AEA29EA21D4
:10B990000A22EA290A2A0B22EA290A2AEA290B2A78
:10B9A0000A2A0A2A0B220A2A0B2A0B2A0A2A0B2AFB
:10B9B0000A2A0A2A2B2A0A2A0B2A0A2A0B2A0B2AC3
:10B9C0002A2A2B2A0B2A0A2A2B2A2B2A2B322B2A09
:10B9D0002B2A2B322B2A2B2A2B2A2B2A2B2A2B32AF
:10B9E0002B2A2B2A4B2A2B2A2B2A4C324C2A2B2A45
:10B9F0002B2A4C324C324C2A2B2A4B324C2A4B32BB
:10BA00004B2A4C2A4B324C2A4B2A4C324C2A4C3271
:10BA10004C324B2A6B2A4C324C2A4C2A6C324C3218
:10BA20006C2A8821A8218821A82188198821A92188
:10BA3000A821A8218819A921A921A821A821A921E3
:10BA4000A921A821A921C821A821C921A921C92149
:10BA5000C921A921A821C921A921A921A921C92137
:10BA6000C921C921C921C921CA29C921A921A921BD
:10BA7000A921A921A921A921C921C929C921C921EE
:10BA8000A929C921A921C921C921C921C929C92196
:10BA9000C921C921CA21CA29C929E921C921CA2123
:10BAA000EA29CA21C929EA29E921EA29C929EA2179
:10BAB000E921EA29EA29EA21EA29EA29EA29EA2107
:10BAC000EA29E929EA21EA29EA290A2AEA210A2AAD
:10BAD0000A2AEA21EA29EA21EA290A2AEA290A2283
:10BAE000EA290A2A0A2AEB210A2A0A2A0B2A0A2AFE
:10BAF0000A2A0B220A2A0B2A0B2A0B2A0B2A2A2A89
:10BB00002B2A2B2A0A2A2B2A0B2A2A2A0B2A2B2AEF
:10BB10002B2A0A2A0B2A2B2A2B2A2B322B2A2B2AB6
:10BB20002B2A2B2A2B2A4C322B2A2B2A2C2A2B2A43
:10BB30002B2A4C322B2A4B324C2A4B2A4C322B2AA2
:10BB40004C2A4C322B2A4C2A4B324C324C2A4B3248
:10BB50004C324C2A4C324C2A4C324C326C2A6C32CD
:10BB60004B2A6C324C324C2A88198821A821A821F2
:10BB70008819A821A821A9218921A821A821A921C2
:10BB8000A921A821A821A921A921C921C921A82128
:10BB9000A921A921A821C921C921C921C921C921B6
:10BBA000A921A921C921C921C929C921C921C9217D
:10BBB000A921A921A821A821A921A921A821C82119
:10BBC000A921C921C921A921C921C921A929C9217D
:10BBD000C921C921C921CA29C921C921CA29EA21E2
:10BBE000C921C921E929EA29E921C921EA21E92153
:10BBF000E929EA21CA21EA29EA21EA29EA21EA29EE
:10BC0000E921EA29EA21EA21EA29EA21EA21EA29C5
:10BC10000A2A0A2AEA29EA21EA21EA29EA29EA2162
:10BC20000A2AEA290A22EB21EA290A2A0A22EA290F
:10BC30000A220B2A0A2A0A2A0A220A2A0B2A2A2A52
:10BC40000A2A0A2A0B2A0A2A0B2A2A2A0B2A2B2A10
:10BC50002A2A2B2A2B2A2B2A0B2A2B2A2B2A2B2A5D
:10BC60002B2A2B322B2A2B2A2B2A2B2A2B2A2B321C
:10BC70002B2A4B322B2A2B2A2B2A2B2A2C2A2B2AF3
:10BC80004B324C324B324B2A4C2A4B324C2A4B2AE9
:10BC90004B2A4C2A4B2A4B324C326C2A4B2A4C32C0
:10BCA0004C326C324C324C2A4C324C2A6C32881951
:10BCB00088198821881988218821A821A919A821F3
:10BCC000A8218821A819A821A921A821A821A92152
:10BCD000A921A921A921C921A821A921A921C921D5
:10BCE000A821A921C929C921C929C921C929C9212D
:10BCF000C921C929C921A921A921A821A921C8216E
:10BD0000A921A921C921A821C921A821A921C92185
:10BD1000C921C921C921C921C921C929C921C921CB
:10BD2000C921C929C921CA21CA21C921E921C92199
:10BD3000C921CA29CA21E921EA21E929EA21E921FF
:10BD4000E929EA21EA21E9290A2AEA290A22EA2933
:10BD50000A2A0A2AEA21EA210A2AEA29EA29EA29F8
:10BD6000EA210A2AEA21EA290A2AEA290A2A0A2AC7
:10BD70000A2AEA290B2A0A2A0A2A0B2A0B2A0A2A41
:10BD80000A2A0B2A0B2A0A2A0B2A0B2A2B2A2A2ACE
:10BD90002B2A0B2A0A2A0B2A2B2A2B320B2A2B2A74
:10BDA0002B2A2B2A2B322B2A2B2A2B2A2B2A2B32DB
:10BDB0002B2A2B2A2B2A2B2A2B2A4C324B324B3262
:10BDC0004C322B2A4B2A4C2A2C324B2A2B2A2C322F
:10BDD0004C2A4C322B324C2A4C324B2A4C2A4C32B5
:10BDE0004C324B2A6C324C2A4C2A4B2A4C324C2A6D
:10BDF0004C2A6C328821A821A82188198821A821E1
:10BE0000A8218819A821A9218819A821A921A92137
:10BE1000A919A821A821A821A821A921C921C9219E
:10BE2000A821A921A921C921A921A921C921A92183
:10BE3000A921C921C921A921A921A921A921A82173
:10BE4000A921A921A821A921A921A921C921C9295B
:10BE5000A921C921A929A921C921C921A921C9210A
:10BE6000C921CA21C921C921C921C929E921EA2930
:10BE7000C929C921EA29E929CA21C929CA21C9210F
:10BE8000EA29EA29E921EA21EA29EA21EA21EA293B
:10BE9000EA290A2AEA21EA290A2A0A2AEA21EA21BF
:10BEA000EA21EA21EA29EA21EA29EA29EA21EA2122
:10BEB0000A2AEA21EA210A2A0B2A0A2A0A2A0A2A33
:10BEC000EA210A2A0A2A0B2A0B2A0A220A2A0B2A00
:10BED0002B2A0A2A0B2A2B2A0A2A0B2A2B2A2A2A3D
:10BEE0000B2A2B2A2A2A0B2A0B2A2B2A2B2A2B3203
:10BEF0002B2A2B2A2B322B2A2B2A2B2A2B2A2B2A92
:10BF00002B2A4C2A2B2A2B324C2A4B322B2A2B2A17
:10BF10002B2A2B2A2B324C2A4B324B2A2C2A4C32DE
:10BF20004C324B2A4C324B2A4C324C324C2A4B2A44
:10BF30006C326C326C326C324C328821A8218821F0
:10BF4000A82188198821A921A8218921A921A8210E
:10BF5000A8218821A821A921A821A921A921A921B5
:10BF6000A821A821C921A921A821A921A921C92144
:10BF7000C921C921A921C921C929C921A921A921C9
:10BF8000A821A821A821A921A921C821A921A82146
:10BF9000C921C921C921C921A921C929A921C92189
:10BFA000C929C921C921C921C929C929E921C92109
:10BFB000C921C921E929EA21CA21EA29E921E92976
:10BFC000EA21E929E929EA21EA29CA21E921EA291C
:10BFD000E929EA21E921EA290A220A2AEA21EA29A9
:10BFE000EA29EA21EA29EA29EA21EA21EA29EA29D1
:10BFF000EA21EA21EA29EA29EA29EA21EA21EA21D1
:10C000000A2A0A2A0B2A0A220A2A0A220A2A0A2A9F
:10C010000A220A2A0B2A0A2A0A2A0B2A0A2A0B2A85
:10C020002B2A2B2A0B2A2A2A0B2A0B2A2A2A2B2ACA
:10C030002B2A2B2A2B322B2A2B2A2B2A2B2A2B2A50
:10C040002B322B2A2B2A2B2A4B322B2A2B2A4C2AF7
:10C050002B324C2A4C2A4B322B2A4C2A4B2A4C325C
:10C060004C324B2A4C324B2A4C324C2A4B2A4C3203
:10C070004C2A4C324C324B2A4C326C324C2A6C2AB1
:10C08000882188198821A82188218821A819882138
:10C090008821A821A819A921A821A821A921A9217D
:10C0A000A821A921A921C921A921A921C921C929D9
:10C0B000A821A921C821C921C921A921A921C921B2
:10C0C000A921A921A921C921A921A821A821A92102
:10C0D000C921A821A921C821C921C921A921C82173
:10C0E000C921A921A921A921A921C921C921C92180
:10C0F000C921CA29CA21C921C929EA21C921C921BD
:10C10000EA29EA21CA21EA21EA29EA29C921EA29F8
:10C11000E929EA21EA29EA29EA29EA21EA29EA2998
:10C12000EA21EA29EA21E921EA29EA29EA29EA2198
:10C13000EA29EA21EA21EA29EA290A2AEA21EA295E
:10C140000A2AEA29EA290A220B2A0A2AEA290B2AB8
:10C150000B2A0A2A0A2A0B2A0B2A0A2A0B2A0A2A3B
:10C160000A2A0B2A0A2A2B2A0B2A0A2A2B2A2B2ACA
:10C170000B2A0B2A2B2A2B2A2B2A2B2A2B2A2B2A57
:10C180002B2A2B2A2B2A2B2A2C322B2A2B2A2C2AFD
:10C190002B2A2B2A4B322B2A2B2A2B2A4C324C2A85
:10C1A0004B2A4C322B2A4C2A4B2A4B2A4C2A4B32F4
:10C1B0004C324C2A4B2A4C324C2A4B2A4C2A4C2AC1
:10C1C0004B2A4C326C328821882188198819A82181
:10C1D000A8218821A819A821A821A9218921A9215C
:10C1E000A821A821A919A821A821A921A921A9210B
:10C1F000A821A821A921A921C921A921C921C92989
:10C20000A821C921C921A821A821A921A921A921A1
:10C21000C821A921A821A921A921A821C921C92171
:10C22000A929A821C921C921C929C921C921C921EF
:10C23000C921C929CA21C921C921C921C921C921A5
:10C24000C921CA21C921C929EA29C921C921C9216C
:10C25000C921CA21EA21E921EA29EA29EA21EA29B0
:10C26000EA29EA21EA21E921E921EA29E921EA2169
:10C27000E921EA29EA29EA21E9290A2AEA21EA2127
:10C28000EA21EA29EA210A2A0A2AEA21EA290A2ACB
:10C290000A220A2AEA290A220B2A0B2A0A220A2A35
:10C2A0000B2A2B2A0B2A2A222B2A2B2A0A2A0B2A70
:10C2B0000A2A0B2A2A2A2B322B2A2B2A0B322B2A28
:10C2C0002B2A2B320B2A2B322B2A2B2A2B2A2B2AD6
:10C2D0002B2A2B2A2B322B2A4C324C2A2B2A2B2A64
:10C2E0002B2A4B324B2A2C322B2A2B2A4C322B3224
:10C2F0002B2A2B2A4C2A4B324C324B2A4B2A4C32BB
:10C300004C324B324C326C324C2A4C3288218821D0
:10C3100088218821A8218919A921A8218821A91962
:10C32000A821A821A821A821A821A921A921A821C3
:10C33000C921A821A821C921A921A821C921A92150
:10C34000A821A921C921A921C921A821A821A92160
:10C35000A821A821A921A921A821A821A921A92191
:10C36000A821A921A921C921C921C921A921C921FE
:10C37000A921A921C929C921C921C921C929C9219D
:10C38000C929C921C929C921C921CA21E929C92124
:10C39000E929EA29E921C921EA29EA21E921CA2171
:10C3A000EA21E921E921EA29E921EA29EA21C92941
:10C3B000EA21EA29C929EA21EA29EA29EA21EA291E
:10C3C000EA29EA29EA21EA29EA29EA210A2A0A2AA3
:10C3D000EA29EA210A2AEA210B2A0A2A0A220A2A37
:10C3E0000A2A0A2A0A2A0B220A2A0A2A0B2A0A2AB3
:10C3F0002B2A2B2A0A2A0B2A0B2A0A2A2B2A0A2A38
:10C400000A2A0B2A2B2A2B2A0B2A2B2A2B2A2B2AE5
:10C410002B2A2B2A2B2A2B2A4B322B2A2B2A4B3224
:10C420002C2A4B322B2A4C2A2B322B2A4C2A4B32C9
:10C430004B2A2C2A4C324C324B2A4C324C2A4C324E
:10C440004B2A4C2A4C324C324B2A4C2A4C324C321E
:10C450004C2AA8218819882188218821A821A8216F
:10C46000A821A8218921A821A8218921A921A821C1
:10C47000A821A821A921A921A921A821A921A9216F
:10C48000C921C821C921A921A821C921A921A821DF
:10C49000A921A821A821A821A921C821A821A92131
:10C4A000C921A821A821A921A921A821C921C921DF
:10C4B000A921A921C921A921A921C921C929C921A4
:10C4C000C921C921C921EA29C921C921C929C921EB
:10C4D000EA21EA21CA21CA29EA29EA29C921C92966
:10C4E000E929EA21E929C929EA21EA29EA21EA29EF
:10C4F000E929EA21EA21E921EA29EA29EA21E929C7
:10C50000E921EA21EA21E9290A2AEA29EA290A2273
:10C51000EA29EA21EA290A2AEA210A2A0A2AEA2930
:10C520000B2A0A2A0B2A0B2A0A220A2A0B2A0A2A6F
:10C530000B2A0B2A0A2A0A2A0B2A0B2A2B2A0A2A36
:10C540000B2A0B2A2B2A2B2A0B2A2B2A0A2A2B2AC4
:10C550002B2A2B2A2B322B322B2A2B322B2A2C2A1A
:10C560002B2A2B2A2B2A4C322B2A2B2A2C2A4B2AD9
:10C570002C2A4B322B2A2B2A4B2A4C324B2A4C2A60
:10C580004B324C2A4C2A4B324C2A4C2A4C324B2AE6
:10C590004C2A4C326C324B2A882188198819A821E0
:10C5A0008819881988218821A8218819A821A921FA
:10C5B000A9218819A821A821A821A819A921A92160
:10C5C000A821A921A821A921A821C921A921A921FE
:10C5D000A921A821A821A921A921A821A821A9210F
:10C5E000C921A821A921A921A921C821A921A921BD
:10C5F000C821C921C929C921C921C929C921C921DC
:10C60000C921C921C921C921C921C921CA21C921D9
:10C61000C921CA29C921C921E929C921C921E92179
:10C62000C921EA29EA21EA21C921EA29CA21E929FD
:10C63000EA29EA21E921C921C921EA29C921EA21F6
:10C64000EA21E929EA29EA21EA29EA21E921EA2974
:10C65000EA21EA21EA290A2AEA21EA21EA29EA2941
:10C660000B2AEA21EA290A2A0A220A2A0B2A0A2A7A
:10C670000A2A0B2A0A2A0A220A2A0B2A0B2A0A2A1F
:10C680000B2A2A2A2B2A2B2A2B2A0B2A2A2A2B2A44
:10C690000B2A2B2A2B2A2B2A2B2A2B2A2B2A2B2A12
:10C6A0002B2A2B2A2B2A2B2A2B2A2B2A2B2A2B2AE2
:10C6B0004C324B324B2A4C324B2A2B2A2C324B2AEF
:10C6C0002B2A2C324B2A4B2A2B324C2A4C324B32FF
:10C6D0004B2A4C324C2A4B2A4B2A4C324C32882162
:10C6E000882188218821A82188198821A8218819D2
:10C6F00088218821A821A821A921A921A921A8212F
:10C70000A821A921A821A921A921C921C921A9219B
:10C71000C929A821A821A921A821A8218821A821C7
:10C72000A821A921A921A921A821A921A821A921BC
:10C73000A921A821A821A921A921A921A821A821AD
:10C74000C929A921A921C921C929C921C921C929C1
:10C75000C921C921C929C921C921CA29C921C92970
:10C76000C921C921E921CA21E929C921CA21E92907
:10C77000CA21E921EA21EA29E929C921CA21EA29AC
:10C78000C929C921EA21E921EA21EA29E929EA217D
:10C79000EA29EA29EA210A2AE921EA21EA290A2AD8
:10C7A000EA290A2A0A220A2AEA290A220B2AEA295B
:10C7B0000A220A2AEA290A220A2A0B2A0A2A0A2A09
:10C7C0000B2A0A2A0A2A2B2A2B2A0A2A0B2A2B2A64
:10C7D0000A2A0A2A2B2A2B2A2B2A2B2A2B2A2B2AF3
:10C7E0002B2A2B2A2B2A2B322B2A2B2A2B2A2C3290
:10C7F0002B2A2B2A2B2A4C322B2A2B2A2B2A4C2A47
:10C800004C2A4C324C2A2B2A2B2A2C324C2A4B2ACB
:10C810004C324C324B2A4C2A4C324C324B324C2A42
:10C820004C2A6C32882188218821A821A821A8219E
:10C830008821A821A921A821A9218819A821A821F6
:10C84000A8218921A921A821A921A921C921A8219B
:10C85000A821A921C921A921A821A821A921A8216C
:10C86000A921A821A821A921A821A821A821A9217D
:10C87000A821A821A921C921A821A821A921C9212C
:10C88000C921A921A821C921A921C921C921C921B9
:10C89000A921C921C921C921C929C921CA21C9215F
:10C8A000E929C921CA21C921C929CA21EA29C921DD
:10C8B000CA21E929E921EA21EA21EA29C921C92174
:10C8C000CA29EA29E921EA21EA29E929CA21EA292A
:10C8D000EA21E921E929EA21EA29EA29EA29EA21E2
:10C8E000EA29EA29EA210A2A0A2AEA210A2A0B2A3B
:10C8F000EA21EA290A2A0A2A0B2A0B2A0A2A0B2ADF
:10C900000B2A0A2A0A2A0B2A0B220A2A2B2A0B2A6A
:10C910000A2A0A2A0A2A2B2A0B2A0B2A2B2A2B2A12
:10C920002B2A0B2A2B2A2B2A2B322B2A2B2A2B2A77
:10C930002B2A2B322B2A4B2A4C322B2A2B2A4C32D5
:10C940002B2A2B324B322B2A4B324C324C2A4B3275
:10C950002B324C2A4C2A4B324C324C2A4B2A4B2A33
:10C960004C2A4C324C324B324C2AA821A819881937
:10C970008819882188198821881988198821A8216F
:10C980008819A921A819A821A921A821A821A8218D
:10C99000A821A821A921A921C821A921C921A9210A
:10C9A000A821A821A8218821A921A9218821A9217C
:10C9B000A821A921A921A921A821C921A821A9210A
:10C9C000A921A821C921A821A821A921C921C921BA
:10C9D000A921C921C921C921A921C921C921C92147
:10C9E000CA21C921C929C921CA29C921C921C921E5
:10C9F000EA29E921EA29C921EA29C921EA29C9291B
:10CA0000C921E921CA21C921E929C921CA21E92964
:10CA1000C921CA21E929EA21C921EA29EA29EA2109
:10CA20000A2AEA21EA290A2AEA21EA29EA210A2A23
:10CA30000A2A0B2AEA210A2AEA21EA210A2A0A2AD0
:10CA40000A2A0A220A2A0A2A0B220A2A0B2A0A2A54
:10CA50000A220A2A0B2A0B2A0A2A0B2A0B2A2B2A19
:10CA60002A2A2B2A0A2A2B2A2B2A0B2A2B2A2B2A60
:10CA70002B2A2B2A2B2A2B2A2B2A2B2A2B2A2C2A0D
:10CA80002B2A2B2A4C324C2A2B2A4C324C2A4B2A4A
:10CA90004B2A4C2A2B2A4B2A4C324B2A4C324C2AFA
:10CAA0004B2A4B324C2A4B2A4C324B2A4C2A4C32C2
:10CAB0008821A8218821882188198821882188191E
:10CAC0008821A8218821A821A921A821A819A92164
:10CAD000A921A821A921A921A821A921A921A82109
:10CAE000A921C921A821A82188218821A921A8211B
:10CAF000A821A821A921A821A921A821A821A921EB
:10CB0000A921A821C921A921C921A821A921A92197
:10CB1000A821A921A821C921C929C921C929C9290F
:10CB2000C921C921C929C921C929E921CA21C92184
:10CB3000C921C921C921C921C921EA29E929CA2153
:10CB4000EA21C921C929C921C921EA29C921C92143
:10CB5000EA29CA21C921EA21C929EA21EA29EA29BF
:10CB6000EA29EA21EA29E921EA29EA21E9210A2A2E
:10CB70000A2AEA29EA29EA21EA290A2A0A2A0A2AA1
:10CB8000EA29EA290B2A0B2A0A2A0A2A0B2A0A224C
:10CB90000A2A0B2A0A2A0A2A0B2A2A2A0B2A0B2AD1
:10CBA0002A2A2B2A0B2A0B2A2B2A2B2A2B322B2A16
:10CBB0002B2A2B2A2B2A2B2A2B2A2B2A2B2A2B32C5
:10CBC0002B2A2B2A2B2A2B2A2B324B324B2A2B2A6D
:10CBD0002B2A2B2A4C324C322B2A2B2A4C324C2A11
:10CBE0002B2A4C324B2A4B2A4C324C324C324B2A99
:10CBF0004C2A4C324B2A88218821A821882188215F
:10CC0000882188198821882188218819A821A821AC
:10CC1000A9218821A821A821A921A921A821A921E8
:10CC2000A821A821A921A921A821A821A8218921D9
:10CC30008819A821A921A819A821A821A921A821DA
:10CC4000A921C821A821A921A821A921A921C92157
:10CC5000C921C921C929A921C921A921A921A921FC
:10CC6000C921C921C921C921C921C921C921C92174
:10CC7000C921C929C921C921CA21C929C921CA2152
:10CC8000E929C921EA21E929C921C921C921EA29BA
:10CC9000C921C921C921EA29E929EA21CA29E921A9
:10CCA000EA29E921E921EA29EA21E921EA290A2AEE
:10CCB000EA29EA21EA29EA210A2A0A2AEA210A2A91
:10CCC000EA21EA210B2A0A2A0A2A0B2A0A220B2A1B
:10CCD0000A2A0A220A2A0B2A0A2A0B220B2A0A2AC1
:10CCE0000A2A0B2A0B2A2A2A0A2A0B2A2B2A0A2A60
:10CCF0000B2A2B2A2B2A2B2A2B322B320B2A2B2ABC
:10CD00002B2A2B2A2C322B2A2B2A2B2A4B2A4C3229
:10CD10002B2A2C2A4C322B2A2B2A2B2A4C324C2AF7
:10CD20002B2A4C322B2A2B2A4C324C322B2A4C2ABF
:10CD30004B2A4C324C2A4B2A4C324C2A88218819D7
:10CD4000A819A8218821881988218821A821A81933
:10CD500088218821A821A8198821A921A821A821F2
:10CD6000A821A921A821A821A821A921C921A82158
:10CD7000A821A821A821A8218821A921A9218821A9
:10CD80008819A821A921A921A921A821A921A9217E
:10CD9000A821C921A821A921C921A821A921C921E6
:10CDA000C821C921A921A921C921C921C929C9216C
:10CDB000CA21C921C921C921C921C929CA29C92111
:10CDC000C921C921C921EA21C921C921C921C929EA
:10CDD000C921CA21C929C921C921EA29C921E929A9
:10CDE000CA21C921C921EA21CA21E921EA29EA295E
:10CDF000EA29EA21EA29EA290A2AEA21EA29EA2192
:10CE0000EA29EA29EA210A2A0A2A0A2AEA210B2A15
:10CE10000A2A0A22EA210A2A0B2A0A2A0A2A0A2AA2
:10CE20000A2A0B2A0A2A0A2A0B2A2B2A2B2A0B2A1D
:10CE30002B2A2A2A0B2A2B2A2B2A0B2A2B2A0A2AAC
:10CE40002B2A2B2A0B2A0B2A2B2A2B2A2B2A2B2A7A
:10CE50002B2A2B322B2A2B2A4B324C2A2B2A2B2AD9
:10CE60002B2A4B2A4B322B2A4B2A4B2A2B324B2A6A
:10CE70004C2A4C324B324C2A4B2A4C324B2A4C2AED
:10CE80004C3288218821A821A82188218821A8192D
:10CE90008819A821A821A92188218821A821A921B0
:10CEA000A821A921A821A921A921A821A821A92136
:10CEB000A821A821A821882189218821A8218819B1
:10CEC000A821A821A821A9218821A821A821A92138
:10CED000A821A821A921A821A821A921A821A82108
:10CEE000C921A821A921C921C821C921C929C9212C
:10CEF000A921C921C929C921C921C921C929C921F2
:10CF0000C921C921EA29C921EA29E929CA21C92156
:10CF1000C921C921C921C921C929C921EA21C92198
:10CF2000EA29CA21E921EA29E929EA29E921C921CD
:10CF3000EA29EA21E921EA29EA29EA210A22EA2161
:10CF4000EA29EA290A220A2AEA29EA290A2AEA29EE
:10CF50000A2A0A220A2A0B2AEA290A2A0A2A0B2A58
:10CF6000EA210B2A0A2A0B2A0B2A0A220B2A0A2A4E
:10CF70000A2A0B2A0B2A2B2A2B2A2B2A2B2A2A2A6B
:10CF80002B2A0B2A0B2A2B2A2B2A2B2A2B2A2B3231
:10CF90002B2A2B2A4B322B2A2C2A2B2A2B2A2B2AC0
:10CFA0002B2A2B2A2B2A2C322B2A4C2A2C2A4B2A8E
:10CFB0002C322C2A4B2A4B2A4C324C322B2A4B2A0D
:10CFC0004C324C324C2A4B328819881988198821E6
:10CFD00088218819A821A82188218821A819A82199
:10CFE000A921A921A8218819A821A921A821A9211D
:10CFF000A921A821A921A8218821A8218821A82127
:10D00000A8198821A921A9218821A921A819A82125
:10D01000A821A921A921A821A921A821A921A921C3
:10D02000C921C921A921A921C921A921A921A92150
:10D03000A921C929C921C921C921C921C921C921B8
:10D04000C921CA21CA21C921C929C921C921CA2185
:10D05000C921C929C921C929C921CA21C929E92147
:10D06000C921C921C921C921C921C921C921EA2947
:10D07000EA29EA29EA21EA29EA29EA21EA29EA2928
:10D08000E921E929EA21EA290A2AEA21EA290A2AE0
:10D090000A22EA290A220A2A0A2A0A2A0A2A0A2A21
:10D0A0000A2AEA290A2A0B2A0A2A0A2A0B2A0A2AFF
:10D0B0000A222B2A0B2A0A2A2A2A2B2A0A2A0A2A75
:10D0C0002B2A0B2A0B2A2B2A2B2A2B2A0B2A2B2A18
:10D0D0002B2A2B2A2B2A2B2A2B2A2B2A2B322B2AA0
:10D0E0002B2A2B2A2B2A2B322B2A2B2A2B322B2A88
:10D0F0004B2A2C324B2A4B324C2A4C322B2A4B2AAD
:10D100004C2A4C324C324B2A4C2A4B2A4C2A88212E
:10D1100088218819A821A8218821A821A819882157
:10D12000882188198821A8218821A821A821881967
:10D130008821A821A819A821A821A919A8218821F6
:10D140008821A921A82188218819A8218819A92125
:10D15000A821A821A821A921A921A821A921C92163
:10D16000A821A821A921A821C921A821A821C9292C
:10D17000C921A821A821C921C921A921A921C929D9
:10D18000C921A921C921C929C921C921C921C9295F
:10D19000C921CA21C929C921C921C921C921C92136
:10D1A000C929C921C921CA29C929C921C921EA29ED
:10D1B000C921C921EA21E921C921E921E921C9219E
:10D1C000EA29EA29E921EA29EA29EA21EA21EA29E0
:10D1D000EA21EA210A2AEA29EA210A2AEA210B2A73
:10D1E000EA29EA210A2A0B2AEA21EA290A2A0B2A31
:10D1F0000A220A2A0B2A0B2A2B2A2B2A0B2A0A2A52
:10D200000A2A0B2A0B2A0B2A0A2A0B2A2A2A2B2A39
:10D210002B2A0A2A2B2A2B322B2A2B2A2B320B2A97
:10D220002B2A2B2A2B2A2B2A2C2A2B322B2A4B2A2D
:10D230002C2A2B2A2B2A4C322B2A2B2A4B2A4C32D3
:10D240002C2A4B322B2A4B2A4C2A4C324B2A4C325A
:10D250004C324C32882188218821A821A82188219C
:10D260008821A8218819A82188198821A821A92105
:10D270008921A821A8218821A921A821A819A821AC
:10D280008821A8198819A821A8218821A821A921C5
:10D29000A8218821A82188198821A921A819A821B5
:10D2A000A821A821A919A921A821A821A921A9213A
:10D2B000A821A921C921A821A921A921C921A921E0
:10D2C000A921A921C921C929C921C921CA29C9213D
:10D2D000C921CA29C921C921C921C921C921C921F5
:10D2E000A921C921C921C921C921C921CA29EA21E4
:10D2F000E929C921EA29EA29E921CA29C921CA2932
:10D30000EA29EA29EA21EA21E929EA21EA21EA29A6
:10D31000EA29EA29E921EA290A2AEA21EA29EA216D
:10D32000EA29EA290A220A2AEA210B2AEA290A22F8
:10D330000A2AEA210A2A0B2A0A2A0A220A2A0A2A7D
:10D340000B2A2B2A2B2A0A2A0B2A0A2A0A2A0B2AF8
:10D350002A2A0B2A0B2A2B2A2B2A0A2A2B2A2B2A87
:10D360002B2A2B2A2B2A2B2A2B2A2B2A2B2A2B2A15
:10D370002C2A2B2A2B324B2A2C2A2B324B2A4C2A92
:10D380002B2A2B2A2B2A4C324C322B2A4C322B2A7A
:10D390002B2A4B324C2A4B2A4C3288218819881967
:10D3A000882188198821A92189218819A821882103
:10D3B0008821A821A821A821A921A821A821A92143
:10D3C0008921A8218821882188218819A8218821DC
:10D3D000A8198821A821A8218821A819A921A82154
:10D3E000A9218821A821A921A921A921A921A9210F
:10D3F000A821A921A821A921C921A921A821A921C0
:10D40000A821A821C921C921A921A921C921C9214E
:10D41000C921C921C921C921C921C921C921C921BC
:10D42000C921A921C929C921C921C921C921C921C4
:10D43000C921C921C921EA21C921C921C921C9217B
:10D44000E929CA21E921E921CA29EA29EA21E929A8
:10D45000EA21EA21E921E9290A2AEA21EA21EA293D
:10D46000EA29EA210A2AEA210A2AEA21EA210A2AE1
:10D47000EA290A2A0B2A0A2A0A2A0A220B2A0A2A33
:10D480000A2A0B2A0A220A2A0B2A0A2A0B2A0A2A01
:10D490002B2A0B2A0B2A2A2A2B2A2B2A0A2A2B2A46
:10D4A0002B2A2B2A2B2A0B2A2B2A2B322B2A2B2AEC
:10D4B0002B322B2A2B2A2B2A4B322B2A2B2A4B326C
:10D4C0004B2A2B2A4B324C322C2A4B2A4B2A2B2A02
:10D4D0004C324C324B2A4C2A4C324C324B2A4C2A7E
:10D4E0008821882188218821881988198821A821E4
:10D4F000A82188218819881988218821A8218819BC
:10D5000088198821A82188198821881988218821CB
:10D51000882188198821A92188198819A821A92179
:10D52000A921A8218821A821A921A821A821A821D1
:10D53000A821A921A921C921A821A821A921C9215E
:10D54000C921A821A921C921C921A921C921C921EC
:10D55000A921A921C921C921C929C921C921C929AB
:10D56000C921C921C921A921C921C921C929C92183
:10D57000C929C921C929C921C929C929C921C9213B
:10D58000EA29C921C921C921CA29EA21E921E929B0
:10D59000EA21E929EA21E929EA29EA21EA29EA290D
:10D5A000EA21EA21EA290A2A0A2AEA210A2AEA2998
:10D5B000EA29EA210A2A0A2AEA21EA290B2A0A2A5E
:10D5C0000A2A0A2A0A220B2A0A2A0B2A0A2A0A2AC1
:10D5D0000B2A0A222B2A0B2A0A2A0B2A2B2A2B2A4D
:10D5E0002B2A0A2A0B2A0B2A2B2A2B2A2B2A0B2A14
:10D5F0002B322B2A2B2A2B2A2B2A2B2A2B2A2B2A7B
:10D600002B2A2B2A2B2A4C322C2A2B2A4B2A2C321F
:10D610004C324B2A2B2A2B2A4C2A4B324B2A4C2A8F
:10D620004C324B324C2A881988218821A821882124
:10D6300088198821881988218821A921A821A82151
:10D640008921A82188218819A821A9218821881940
:10D65000882188198819882188218819A821A92159
:10D6600088218821A821A8218819A821A921A921D8
:10D67000A821A919A921A821A821A921A921C92145
:10D68000A821A821A921C921A821A921C921A8210E
:10D69000A921A821C921C929A921C921C921C92193
:10D6A000C921CA21C921C921A921A921C921A92189
:10D6B000C921C921C921C921A921C921CA21C92139
:10D6C000CA29C929C921EA29EA29C921C921C9299F
:10D6D000CA29EA29C921C921CA21E921EA29C92976
:10D6E000EA21EA29EA29EA29EA29EA21EA290A2299
:10D6F000EA29EA29EA21EA290A2A0B2AEA210A2A3E
:10D700000B2A0A2A0A22EB290A2A0A2A0A220B2AA7
:10D710000B2A0A220A2A0B2A0A2A0B2A2A2A0B2A4D
:10D720000A2A0B2A0B2A0A2A2B2A2B2A2B322B2ACB
:10D730000B2A2B2A2B2A2B2A2B2A2B2A2B2A2B3259
:10D740002B2A2B2A2C2A4B2A4C322B2A2B2A4C32BE
:10D750002B2A4B2A2B2A2B2A4C2A2B324C2A4C328E
:10D760004C322B2A4B2A2B2A4C324B2A88218819DF
:10D77000A821A82188218821A82188218819A821E9
:10D78000A9218821A819A8218821A8218821A821B8
:10D790008821881988218821882188198821882151
:10D7A00088198821A821A821881988218821891908
:10D7B0008821A821A821A921A821A821A921A8213F
:10D7C000A821C921C921A821A921A921A821A821CD
:10D7D000A921A821A921A921C921C921A921C9219A
:10D7E000C921A929C921C921C921A921A921A92161
:10D7F000C921C929A921C921C921C929C921C921E9
:10D80000C921C921C929C921EA21C921C921E9217F
:10D81000CA21CA21C921E921CA21EA29C921CA2963
:10D82000CA21EA21EA29E921EA21E921E9210A2A92
:10D83000EA29EA21EA29EA29EA21EA29EA21EA2968
:10D840000A2AEA210A2A0A2AEA210A2A0A22EB29B2
:10D850000A2A0A2A0A2A0A2A0B220A2A0A2A0B2236
:10D860000A2A0A2A2B2A0B2A0A2A2B2A2B2A2B2A93
:10D870002B2A2B2A2B2A2A2A0A2A2B2A2B2A2B2A22
:10D880002B2A2B2A2B322B2A2B2A2B322B2A2B2AE0
:10D890002B322B2A2B2A4B324B2A2B324C2A4C323E
:10D8A0004B2A4B2A4C2A4C322B2A4C324C2A4B2ADC
:10D8B0004C32882188218819A8218819882188213B
:10D8C00088198819A821A82188218821A8198821C8
:10D8D000A819A921882188198819882188218819DF
:10D8E0008821882188198821882188218819A821E0
:10D8F000A921A821A82189218819A821A921A82125
:10D900008821A921A921A821A921A921A821A821EB
:10D91000A921A921A921A921C921A821C921A92178
:10D92000C921A821A921C921C921C929C921A92100
:10D93000A921A821A921C921A921A921A921C92950
:10D94000C921C921C921C921C929C921C921C92977
:10D95000C921C921C929E929CA21C929C921EA211D
:10D96000EA29E929E921E929EA29EA29EA29EA292A
:10D97000EA29EA21EA29EA29EA210A2AEA210A2AE5
:10D98000EA29EA21EA210A2AEA290A22EA210A2ABC
:10D990000B2A0A2A0A2A0B2A0A220A2A0B2A0A2AEC
:10D9A0000A2A0B2A0A2A0A220B2A0A2A0B2A2B2ABB
:10D9B0002A2A0B2A0B2A0A2A0A2A0B2A0B2A0B2AA2
:10D9C0000B2A2B2A2B2A2B322B2A2B2A2B2A2B2AC7
:10D9D0002B322B2A2B2A4B2A2B2A2B2A4C322B2A4E
:10D9E0002B2A4C324B2A4C322B2A2B2A2B322B2A15
:10D9F0002C324C2A4B2A4C328821882188198821C4
:10DA000088218819A821882188218819A82188219E
:10DA1000A821892188218819A82188198819882195
:10DA200088218819882188218819882188198819CE
:10DA3000A821882188198819A821A821A821881936
:10DA4000A921A921A821A821A921A821A821A9218A
:10DA5000A921A921A821A821A821A921C921C92139
:10DA6000A921C821A921C929C921A921A921C921DF
:10DA7000A921A921C921C929A821C921C921A821D0
:10DA8000C921A921C921C921A921C929C921C9217E
:10DA9000C921C921CA29E921C921CA21C921E921EC
:10DAA000EA29EA29C921C921CA21E921E921EA2172
:10DAB000E921EA21EA29EA29EA21E921EA29EA21F8
:10DAC000EA21EA21EA290A2AEA21EA290A2A0B2A72
:10DAD0000B2A0A2A0A2A0B2A0A2A0A220A2AEA21D5
:10DAE000EA290A2A0B220A2A0B2A0A2A2B2A0B2A9B
:10DAF0000A2A2B2A2B2A0B2A0A2A2B2A2B2A0B2A00
:10DB00002B2A2B2A2B2A2B2A2B2A0B2A2B322B2A85
:10DB10002B2A2B2A2B2A4B2A2C2A2B2A2B324C320B
:10DB20004C322B2A2B2A2B2A2B2A4C2A2B322B2AFB
:10DB30004C2A4B2A4B324C324B322B2A4C2A88210E
:10DB40008821A8218821881988218819882188217D
:10DB500088198819A821A821882188218819882155
:10DB6000882188218821871988218821881988217E
:10DB70008721882188218821A82188218819882146
:10DB80008821A921A821A821A8218921A819A82193
:10DB9000A921A821A819A921A821A921A921A92140
:10DBA000A821C921A821A821C921A921C921C821A9
:10DBB000A921C921A821A921A821C921A921C921B7
:10DBC000A821A921A921A821C921C921C921C92187
:10DBD000A921C921C921C921C921C921C929C9210D
:10DBE000C921C921C921E921EA29EA29C921C92173
:10DBF000CA21EA29EA29E921E921EA21E929E921D9
:10DC0000EA21EA29EA29EA21EA29EA29EA21EA2994
:10DC1000EA290A2A0A220A2A0A2AEA210A2AEA21DF
:10DC2000EA290B2AEA290A220A2A0A2A0B220B2AA3
:10DC30000A2A0A2A0B2A0A2A0A2A2B2A2A2A0B2A01
:10DC40002A2A2B2A2B2A2B322B2A2B2A2A2A2B2A26
:10DC50002B2A2B2A2B2A2B2A2B2A2B322B2A2B2A14
:10DC60002C2A2B2A4B2A4C322B2A2B2A4C324B2A79
:10DC70002C2A2B2A4B2A4C324C2A4C2A4B324C2A27
:10DC80004B2A4B32881988218821882188198821BC
:10DC90008821A8198821882188218821A819A819F4
:10DCA000A92188218819882188218819882188211B
:10DCB0008821881988198821881988198821881944
:10DCC00088218821881988218821A821A8198821DC
:10DCD000A821A9218821A821A921A821A821A92119
:10DCE000A821A921A921A821A921A921A921C921C6
:10DCF000A921A921C921C921A821A821A921A92196
:10DD0000A821A921C921A921A821A921C921C92165
:10DD1000A921C929C921C921A921C929C921C921E3
:10DD2000C921C921C929C921C921CA29C921C92192
:10DD3000EA29EA29C921C921C929EA29EA29EA29BE
:10DD4000EA21E921EA29EA29EA21E9290A2A0A2A13
:10DD5000EA21EA290A22EA21EA29EA29EA290A2A01
:10DD60000B2AEA21EA290A2A0A2A0B2A0A2AEA2184
:10DD70000A2A0A2A0B2A0A2A0A220A2A0B2A0A2211
:10DD80000A2A2B2A0B2A0A2A0A2A2B2A2B2A0A2A8F
:10DD90002B2A2B320B2A2B2A2B2A2B2A0B2A2B2A13
:10DDA0002B2A2B2A2B2A2B322B2A2B2A2B2A4B2AA3
:10DDB0004B322B2A4C322B324B2A2C2A2B322B2A39
:10DDC0002B2A2B2A4C2A4C322B2A88218819A8214D
:10DDD00088218819882188218821A82188218819EB
:10DDE00088218821A82188218821881987218819DC
:10DDF000871988218821A7198821882188218819D5
:10DE00008821882188198821A821A8198821A8217A
:10DE1000892188218819A821A9218821A921A81947
:10DE2000A821A921A921A821A821A821A921C92186
:10DE3000A821A921C921C921A821A921A921A82155
:10DE4000A821A921A921A821A821A921A821C92166
:10DE5000C921C921C921A921C921C929C921C9218A
:10DE6000C929C921CA21C929C921CA21C921C92948
:10DE7000C921C921C921C921EA21EA29C921C92108
:10DE8000C921EA21EA21EA29E929EA21EA29EA293C
:10DE9000EA21EA21EA29EA21EA29EA29EA21EA290A
:10DEA000EA210A22EA290A2A0B2AEA210A220A2A54
:10DEB0000A2A0B220A2A0A220A2A0B2A0B2A0B2ACE
:10DEC0002B2A0B2A0B2A0A2A0B2A2B2A0A2A0B2A6C
:10DED0000B2A2B2A2B2A0B2A0B2A0A2A0B2A2B2A3B
:10DEE0002B2A2B2A2B2A2B2A2B2A2B2A2B324C2A61
:10DEF0002B2A2B2A4C322B2A2B2A2C2A4C324B2A07
:10DF00004B322B2A4C2A2B324C324C322B2A4C329D
:10DF10008821882188198721A821881988198821B2
:10DF20008821881988198821A821A8218821882179
:10DF300088198821882188218819882188218819B1
:10DF40008821872188218821A8218819882188197A
:10DF50008821A821A8218819A821A8218819882109
:10DF6000A921A8218819A921A821A921A921A81995
:10DF7000A921A921C921C821A921A921C829A921EB
:10DF8000A821A821A921A821A821C921A821A92126
:10DF9000C921C921C921C929C929A821A821C92163
:10DFA000C921C921C921C929C921C921C921CA2910
:10DFB000C921C921C929CA21CA21C929C921E921DF
:10DFC000CA29C921EA21EA29E921E921CA29E92145
:10DFD000EA21EA21E929EA29EA21EA290A2AEA21A9
:10DFE000EA290A2AEA29EA210A2AEA21EA290A224E
:10DFF0000A2AEA29EA290A2AEB290A2A0A220A2AEB
:10E000000A220A2A0A2A0A2A0A2A2B2A0A2A0A2A57
:10E010000B2A0A2A0B2A2B2A2A2A2B2A0B2A2A2ADB
:10E020002B2A2B2A2B2A2B2A0B2A2B322B2A2B2A60
:10E030002B322B2A2B2A2C322B2A2B2A2B2A4B32FF
:10E040002B2A2B2A4C322B2A4B2A4C2A2B2A2C2ABD
:10E050004B2A4B2A4C2A8819872188198821882124
:10E060008819882188218819A82188218821A81940
:10E070008819881988218819881987218821881981
:10E080008821872188198819A8218821871988194A
:10E090008821882188218819A82188218821882120
:10E0A000A8218821A819A921A821A821A921A8214E
:10E0B000A821A921A921A821A821A921A921A82114
:10E0C000A921A921A821A921A921A821A921A92102
:10E0D000A921A821A821A921A821A921A921C921D3
:10E0E000A921C921A921A921C921C921C921C92140
:10E0F000C921A921C921C929C921C921C921C929E0
:10E10000E921C921EA29E921C929EA29EA29E929D4
:10E11000EA21C921E929EA29EA29E921EA29EA29A2
:10E12000EA21EA21EA29EA210A2AEA29EA29EA2156
:10E130000A2A0A2AEA210B2AEA29EA210B2A0A2AB0
:10E14000EA290B2A0A2A0B2A0A220A220A2A0A2A5E
:10E150000B220B2A0A2A0B2A0A2A0B2A2A2A0B2A02
:10E160002B2A0A2A2B2A0B2A0A2A2B2A2B2A0B2A89
:10E170002B2A2B2A2B2A2B2A2B2A2B2A4B322B2ACF
:10E180002B2A2C2A4B2A2B2A2B2A4C322B2A2C2A9C
:10E190004B322B2A4C324B322B2A4C32882188218D
:10E1A0008819872188218719882188218821882139
:10E1B0008821A82188198819882188218719882110
:10E1C0008821871988218821872188218819882119
:10E1D000882188198821881988218819A821A821CF
:10E1E0008819A82188218819A92188218821A82196
:10E1F000A921A921A821A821A921A921A821A821D3
:10E20000A821A821A921A921A821A821A821A921C3
:10E21000A821A921A921A821A921A921A821A921B1
:10E22000C921C821C921A821C921A921A921C92100
:10E23000C929A921C921C921A921C921C921C921C6
:10E24000C921EA29C921C921EA29CA21C921E9210B
:10E25000CA21C921E929CA21CA21E921EA29EA21D9
:10E26000EA21EA21E9290A2AE921EA29EA21EA211F
:10E27000EA290A22EA290A2AEA290B2A0A2A0A2270
:10E28000EA210A2A0A2A0A2A0B2A0A2A0B2A0B2A14
:10E290000B2A0B2A0B2A0A2A2A2A0B2A2B2A0B2A98
:10E2A0000A2A2B2A0B2A2B2A2B2A0B2A2B2A0B2A47
:10E2B0000A2A2B2A2B2A2B2A0B2A2B2A2B322B2AEF
:10E2C0002B2A2B2A4C2A2B322B324C2A2B2A2B324C
:10E2D0002B2A4C2A2B324C2A4C2A4B324C322B2ADA
:10E2E0004C3288218819882188218719882188192A
:10E2F000A8218821881988198821882188218719CF
:10E3000088218821681988218821881988198821FD
:10E3100087218819882187218819882188218819CF
:10E3200088198821A8218821A81988218821A82155
:10E33000A8218819A821A921A8218819A821A921E3
:10E34000A921A821A921A921A821A821A821A82182
:10E35000A921A821A821A821A921A821A821A92172
:10E36000A821A921C921C921A921A821A821A92120
:10E37000C921C821C921C921A921C921A921C9218E
:10E38000C921C921C921C929CA21C921C921C9292C
:10E39000C921C921EA29E921C921EA21E929EA2972
:10E3A000EA21EA29E929EA21E929EA29EA21EA29EF
:10E3B000E921EA29EA290A2AEA21EA290A22EA21A4
:10E3C000EA290A2A0A2AEA21EA290A2A0A220A2228
:10E3D0000A2A0A2A0A220A2A0A2A0B2A2B2A0A2A83
:10E3E0000A2A0A2A0A2A0B2A2B2A0A2A0A2A2B2A4A
:10E3F0002B2A0A2A2B2A2B2A2B2A2B320B2A2B2AAE
:10E400000B2A2B2A2B2A2B2A2B2A2B2A2B2A2B2A84
:10E410004B322B2A2B2A2B2A2B2A2B2A4B2A2B2A0C
:10E420004B2A2C2A2C2A4B2A8819882187198821C3
:10E430008821871988218821A82188198821882185
:10E440008821882187198821882187198721882197
:10E450008719882188218819882188218819871996
:10E46000882188218821881988218821882188216C
:10E47000A821A821A9218819A8218821A821A819A3
:10E480008821A821A921A821A819A921A921A82169
:10E49000A821A821A821A921A921A821A821A92131
:10E4A000A821A921A921A821A921A921C821A921FF
:10E4B000A821A921C921C921C921C921C929A92165
:10E4C000A921C921C929C929C921C921CA29C929FB
:10E4D000C921E921CA21C921E929CA21CA29E92179
:10E4E000CA21C929E921EA21EA29E921EA29EA21FF
:10E4F000EA29EA29EA21EA29EA21EA210A2AEA297B
:10E500000A22EA29EA290A2AEA29EA21EA290B2A1F
:10E510000A2AEA29EA290B2A0A220A2A0A2A0A22AC
:10E520000A2A0B2A0B2A0A220A2A0B2A0B2A0A2A4F
:10E530000B2A0B2A2A2A0B2A0B2A2B2A0B2A0A2AF5
:10E540000B2A2B2A2B2A2B2A2B2A2B322B2A2B2A3B
:10E550002B2A2B2A2B2A2C2A4B324C322B2A2B32B9
:10E560002C2A4B322B2A4C324B2A4B324C2A8819FC
:10E570008721881988218821881987198821881975
:10E58000882187198819671988198819871988199E
:10E59000882187198821882188198821882188194C
:10E5A000882188218821871988218821881988193C
:10E5B000881988198821A82188218821A8218821E3
:10E5C00089218819A821A921A821A819A821A82151
:10E5D000A921A821A821A921A9218821A821A9210F
:10E5E0008821A921A821A921A921A821A921A821FF
:10E5F000A821A921A921A821A921C921A821A921AE
:10E60000C921C929A921C921C929C921C921C921CA
:10E61000C921C921C921C921EA29C921C929CA2178
:10E62000C921C921C921EA29C921C921EA29E92128
:10E63000EA29EA21E921E929EA29EA21E929EA2165
:10E64000EA21EA290A2AEA29EA210A2A0A2AEA21E7
:10E650000A220A2A0A2AEA21EA290A2A0A22EA2995
:10E660000B2A0A2A0A220B2A0A2A0A2A0B2A0A2A0F
:10E670000B2A0A2A2B2A0B2A0A2A0B2A2B2A2A2A95
:10E680002B2A0B2A2A2A2B2A2B2A2B2A2B322B2AFB
:10E690002B2A2B2A2B2A2B322B2A2C2A2B2A4B32A1
:10E6A0004B2A4C2A2B2A2B2A2C2A4B322C2A4B2A37
:10E6B0002B2A4C3288218821881988218821882199
:10E6C0008719882188218821871988216721882135
:10E6D000882188216719882188198821882188192B
:10E6E0008721872188198821882188198821A821D4
:10E6F00088198721A82188218821A82188198819AB
:10E700008821A8218819A821A8218921A821A92127
:10E71000A921A821A8218821A819A821A821A919DF
:10E72000A821A8218821A821A821A821A921A821C0
:10E73000A821A921C921A921A921A821A921C9214B
:10E74000A921A921C921C921C921A921C921C921D9
:10E75000C921C921C921C921C921C921C921EA2940
:10E76000E921E921EA29E921C921CA29C929EA219E
:10E77000EA29E921CA21EA29EA29E921EA21E92944
:10E78000EA21EA21E929EA29EA210A2AEA29EA21F1
:10E790000A2A0A2AEA21EA290A2AEA210B220A2A53
:10E7A000EA290A2A0B2AEA290B2A0A2A0B2A0A2210
:10E7B0000A2A0B2A0B2A0A220A2A2B2A0A2A0B2A9D
:10E7C0002B2A0A2A2A2A2B2A0B2A2B2A0A2A2B2A04
:10E7D0002B2A2B2A2B322B2A2B2A2B2A2B322B2A81
:10E7E0002B2A2B2A2B2A2B2A4B322B2A4C324B2A10
:10E7F0002B2A4C2A2B2A4C324C328821871988210B
:10E800008719882188198821882187198719682103
:10E8100088216819872188218719882187198821EB
:10E8200088198719882188218821882188198721BA
:10E83000881988218821881988218821A821882180
:10E84000A821882188218821A81988218821881950
:10E850008821A819A821A821A921A81988218821DF
:10E86000A8218921A819A821A921A819A921A9218C
:10E87000A821A821A821A821A921A821A921A8214E
:10E88000C921A821A821A921C921C921C921C92992
:10E89000C921C921C921C921C921C921C929C92120
:10E8A000C921C929C921C921C921CA29E921C921E7
:10E8B000EA29E921C921EA29E929EA29E921EA2104
:10E8C000CA29EA29E921EA29EA21EA29E921EA21F2
:10E8D0000A2AEA21EA210A2AEA29EA290B2AEA294C
:10E8E000EA210A2AEA29EA210B2A0A2A0A220A2A02
:10E8F0000A2A0B2A0A220A2A0A2A0A2A0B2A0B2A7D
:10E900000A2A0A220B2A0B2A0B2A0B2A2B2A0B2A49
:10E910000B2A2B2A2B2A0B2A2B2A2B2A2B2A2B2A8F
:10E920002B322B2A2B2A2B2A4B322C2A2C2A4B32E5
:10E930002C322B2A4B322C2A4C324C324C326C2A41
:10E940008819882187198821882188198821882198
:10E950006719671988216819871988196719882123
:10E9600088196721882187198821882188198819A1
:10E970008721882188198821882188198821882160
:10E9800088198819881988218821A821A821892116
:10E99000A821A8218821A821A8218819A821882197
:10E9A00088218821A821881988218821A821A821C7
:10E9B00088218819A921A921A921A821A921A82153
:10E9C000A821A821A921A921C921A821C921C8219B
:10E9D000C921A921C921C921C921C929A921C9211F
:10E9E000C929A921C921C921C921C921CA29C921E6
:10E9F000C921EA21C921C921C921C921C921C921A6
:10EA0000E929C921E921EA29EA21E921EA29EA29B2
:10EA1000E921EA29EA29EA21EA29EA29EA210A2A56
:10EA20000A220A2A0A2AEA290A2A0B2AEA210A2A97
:10EA30000A2A0A220B2AEA290A2A0B2A0B220A2A64
:10EA40000A2A0B2A0B2A0A2A0A2A2A2A0B2A0A2A03
:10EA50000A2A0A2A2B2A0A2A2B2A0B2A0A2A2B2AB2
:10EA60002B2A0B2A2B2A2B2A2B2A2B2A2B322B2A16
:10EA70002B2A2B2A4B2A4B2A2B2A2B2A4C326C323C
:10EA80006C2A6C324C328721882188198719882199
:10EA90008821882187218819672187218821681981
:10EAA00087196721881967198821671968198821CA
:10EAB0008721881988218721882188218821881920
:10EAC000871987218821A821882188198819881900
:10EAD000A821A82188198821A9218819A821A9215C
:10EAE000A9218821882188198819A821A82188218D
:10EAF00088218819A921A821A821A821A821A92114
:10EB0000A921A821A821A921A921A921C921A82198
:10EB1000A921A921A821A929A821A821A921C92180
:10EB2000C929C921C921C921C921C929CA21C92184
:10EB3000C929CA21C929C921EA29E929C921CA2122
:10EB4000C929CA21CA21E921CA21EA29E921CA2100
:10EB5000EA29C921EA21EA21EA29EA21EA210A2A45
:10EB6000EA210A2AEA29EA290A22EA21EA290A22CA
:10EB70000A2A0A2A0A2AEB290A2A0A220A2A0B2A1C
:10EB80000A220A2A0B2A0B2A0A220A2A0B220B2AF9
:10EB90000A2A2B2A0B2A0B2A2B2A2B2A0A2A2B2A4F
:10EBA0000B2A2A2A2B2A0B2A2B2A2B2A0B2A2B2A1E
:10EBB0002B2A2B2A2B2A2B2A2B2A2C324C2A4C2A62
:10EBC0004C326C324C2A6C2A6C326C32882188218F
:10EBD0008821671988218719671988198821882150
:10EBE000671988218821672188218819882188212F
:10EBF00088198719882188218719882188218819EF
:10EC00008821A82188198821882188198821A8218C
:10EC100088218821882188218821A8218819882194
:10EC2000A921881988218821881988198821882193
:10EC3000A8218819882188218819A821A92188213B
:10EC40008821A819A821A821A821A921A921A821A2
:10EC5000C821A921A821A921A921C921A821C92107
:10EC6000C921A921C921A921C921C929C921C9218C
:10EC7000C921C921C921C921C921C921C921C92144
:10EC8000EA29C921C921E921CA29E929EA29EA2968
:10EC9000C921EA29E929EA21EA29C929E921EA2938
:10ECA000EA29E921EA29EA29EA210A2AEA290A2A9B
:10ECB000EA29EA210A2AEA210A2A0B22EA290A2A4F
:10ECC0000A2A0B2A0B2A0A2A0A2A0A2A0B2A0A2AA1
:10ECD0002A2A0A2A0A2A0B2A2B2A2B2A2A2A2B2AF0
:10ECE0002B2A0B2A0B2A2B2A0B2A0B2A2B2A2B2AFC
:10ECF0002B2A2B2A2B2A2B322B2A2B2A2B2A2B325C
:10ED00004C324C324C324C326C2A4C324C326C2AE3
:10ED10006C328819882188218819882188216719EF
:10ED2000672188218819671967198719682188213F
:10ED300088198821882187198821882188198719AD
:10ED40008819882188218819872188218821881994
:10ED500088198821882188198819A8218821A8194B
:10ED60008821A8218821A821A821882188218821FB
:10ED7000A82188198821882188218819A821A821FB
:10ED8000882188218821A92188198821A821A921E1
:10ED9000A821A821A921A821A921A821C921A82108
:10EDA000A921A821A921C921A921A921C921C921B4
:10EDB000C921C929C921C921C921C929C921CA29EA
:10EDC000C921C921CA29E921C921C921C921E921AA
:10EDD000C921CA21EA29C921C921EA29EA21E92947
:10EDE000EA21EA29EA29E921EA29EA21EA29EA29A4
:10EDF000EA210A2A0A2AEA21EA290A2AEA290B2A06
:10EE0000EA29EA210A2A0A2AEA210A2A0A2A0B22DC
:10EE10000A220A2A0B2A0B2A0B2A0A2A0A2A0A2A57
:10EE20000B2A0A2A0A2A2B2A2A2A0A2A2B2A2B2ABE
:10EE30000A2A2B2A2B322B2A2B2A2B322B2A4C3212
:10EE40004C322B2A4C2A4C324C2A6C324B2A4C2AFC
:10EE50006C324C2A4C2A4C320000000000000000AA
:10EE600000000000000000000000000000000000A2
:10EE70000000000000000000000000000000000092
:10EE80000000000000000000000000000000000082
:10EE90000000000000000000000000000000000072
:10EEA0000000000000000000000000000000000062
:10EEB0000000000000000008080408510000085D80
:10EEC0000000081400000000000000000000000026
:10EED0000000000000000000000000000000000032
:10EEE0000000000000000000000000000000000022
:10EEF0000000000000000000000000000000000012
:10EF00000000000000000000000000000000000001
:10EF100000000000000000000000000000000000F1
:10EF200000000000000000000000000000000000E1
:10EF300000000000000000000000000000000000D1
:10EF400000000000000000000000000000000000C1
:10EF500000000000000000000000000000000000B1
:10EF600000000000000000000000000000000000A1
:10EF7000000000000000000010101010000400CF7E
:10EF8000000000FF000000FF000000EB0804083450
:10EF90000000000000000000000000000000000071
:10EFA0000000000000000000000000000000000061
:10EFB0000000000000000000000000000000000051
:10EFC0000000000000000000000000000000000041
:10EFD0000000000000000000000000000000000031
:10EFE0000000000000000000000000000000000021
:10EFF0000000000000000000000000000000000011
:10F000000000000000000000000000000000000000
:10F0100000000000000000000000000000000000F0
:10F0200000000000000000000000000000000000E0
:10F0300000000000000000000000000000000000D0
:10F040000004009A000000FF000000FF000000FF25
:10F05000000000FF000408B60000000000000000EF
:10F0600000000000000000000000000000000000A0
:10F070000000000000000000000000000000000090
:10F080000000000000000000000000000000000080
:10F090000000000000000000000000000000000070
:10F0A0000000000000000000000000000000000060
:10F0B0000000000000000000000000000000000050
:10F0C0000000000000000000000000000000000040
:10F0D0000000000000000000000000000000000030
:10F0E00000000008080408550004006D0804082802
:10F0F0000000000000000000000000000000000010
:10F100000000000008040830000000FB000000FFC1
:10F11000000000FF000000FF000000FF000000CB27
:10F1200000000000000000000000000000000000DF
:10F130000000000000000000000010140804086136
:10F1400008040065080C1014000000000000000016
:10F1500000000000000000000000000000000000AF
:10F16000000000000000000000000000000000009F
:10F17000000000000000000000000000000000008F
:10F18000000000000000000000000000000000007F
:10F19000000000000000000000000000000000006F
:10F1A0000000000000001808000400CB000000FF71
:10F1B000000000FF000400F70808084100000000FC
:10F1C000000000000000000000000000000400BE7D
:10F1D000000000FF000000FF000000FF000000FF33
:10F1E000000000FF0000009200000000000000008E
:10F1F0000000000000000000000000040804087582
:10F20000000400EF000000FF000000FF000400E722
:10F2100008080824000000000000000000000000B2
:10F2200000000000000000000000000000000000DE
:10F2300000000000000000000000000000000000CE
:10F2400000000000000000000000000000000000BE
:10F2500000000000000000000000000000000000AE
:10F26000000000000000000000000000000008692D
:10F27000000000FF000000FF000000FF000000FF92
:10F28000000000BE000000000000000000000000C0
:10F2900000040851000000FF000000FF000000FF14
:10F2A000000000FF000000FF000000FF00040075E8
:10F2B0000000000000000000000000000808083CFA
:10F2C000000000D3000000FF000000FF000000FF6E
:10F2D000000000FF000000FF0004009A0000000092
:10F2E000000000000000000000000000000000001E
:10F2F000000000000000000000000000000000000E
:10F3000000000000000000000000000000000000FD
:10F3100000000000000000000000000000000000ED
:10F3200000000000000000000000000000000000DD
:10F330000000000000000092000000FF000000FF3D
:10F34000000000FF000000FF000000F700000018B0
:10F35000000000000000000C000000DF000000FFC3
:10F36000000000FF000000FF000000FF000000FFA1
:10F37000000000FF000000E7080408490804083006
:10F38000000400A6000000FF000000FF000000FFD6
:10F39000000000FF000000FF000000FF000000FF71
:10F3A000000000B6000000000000000000000000A7
:10F3B000000000000000000000000000000000004D
:10F3C000000000000000000000000000000000003D
:10F3D000000000000000000000000000000000002D
:10F3E000000000000000000000000000000000001D
:10F3F0000000000000000000000000000000009677
:10F40000000000FF000000FF000000FF000000FF00
:10F41000000000FF000400CF00000071080400C3DA
:10F42000000000FF000000FF000000FF000000FFE0
:10F43000000000FF000000FF000000FF000000FFD0
:10F44000000000FF000000FF000000FF000000FFC0
:10F45000000000FF000000FF000000FF000000FFB0
:10F46000000000FF000000FF0000006D0000000031
:10F47000000000000000000000000000000000008C
:10F48000000000000000000000000000000000007C
:10F49000000000000000000000000000000000006C
:10F4A000000000000000000000000000000000005C
:10F4B000000000000000000000000000000000004C
:10F4C0000000000000000096000000FF000000FFA8
:10F4D000000000FF000000FF000000FF000000FF30
:10F4E000000000FF000000FF000000FF000000FF20
:10F4F000000000FF000000FF000000FF000000FF10
:10F50000000000FF000000FF000000FF000000FFFF
:10F51000000000FF000000FF000000FF000000FFEF
:10F52000000000FF000000FF000000FF0804089238
:10F5300000000004000000000000000000000000C7
:10F5400000000000000000000000000000000000BB
:10F5500000000000000000000000000000000000AB
:10F56000000000000000000000000000000000009B
:10F57000000000000000000000000000000000008B
:10F580000000000000000000000000000000009AE1
:10F59000000000FF000000FF000000FF000000FF6F
:10F5A000000000FF000000FF000000FF000000FF5F
:10F5B000000000FF000000FF000000FF000000FF4F
:10F5C000000000FF000000FF000000FF000000FF3F
:10F5D000000000FF000000FF000000FF000000FF2F
:10F5E000000000FF000000FF000000FF000000FF1F
:10F5F000000000EB0000000400000000000000001C
:10F6000000000000000000000000000000000000FA
:10F6100000000000000000000000000000000000EA
:10F6200000000000000000000000000000000000DA
:10F6300000000000000000000000000000000000CA
:10F6400000000000000000000000000000000000BA
:10F650000000000000000096000000FF000000FF16
:10F66000000000FF000000FF000000FF000000FF9E
:10F67000000000FF000000FF000000FF000000FF8E
:10F68000000000FF000000FF000000FF000000FF7E
:10F69000000000FF000000FF000000FF000000FF6E
:10F6A000000000FF000000FF000000FF000000FF5E
:10F6B000000000FF000000FF000000EF0000000C51
:10F6C000000000000000000000000000000000003A
:10F6D000000000000000000000000000000000002A
:10F6E000000000000000000000000000000000001A
:10F6F000000000000000000000000000000000000A
:10F700000800081C0804006D00040871080408249F
:10F710000000000000000000000000000000009653
:10F72000000000FF000000FF000000FF000000FFDD
:10F73000000000FF000000FF000000FF000000FFCD
:10F74000000000FF000000FF000000FF080808D7CD
:10F750001010109210101092100C10BE000000FF3C
:10F76000000000FF000000FF000000FF000000FF9D
:10F77000000000FF000000FF000000FF000000FF8D
:10F78000000000FF000400D700040082080000759C
:10F7900008040075000000790800007D0004007D69
:10F7A00008040865000000180000000000000000C8
:10F7B0000000000000000000000000000000000049
:10F7C00000000000080C0814000408E3000000FF1B
:10F7D000000000FF000000F70808084D00000000CE
:10F7E00000000004000400C7000000FF000000FF4C
:10F7F000000000FF000000FF000000FF000000FF0D
:10F80000000000FF000000FF000000FF000000FFFC
:10F81000000000FF18141875000000000000000030
:10F82000181C1838000000FF000000FF000000FF57
:10F83000000000FF000000FF000000FF000000FFCC
:10F84000000000FF000000FF000000FF000000FFBC
:10F85000000000FF000000FF000000FF000000FFAC
:10F86000000000FF000000FF000000FF000000EFAC
:10F870000804082C00000000000000000000000048
:10F8800000000000000000000000000008040879EB
:10F89000000000FF000000FF000000FF000000FF6C
:10F8A000000400F7080400A2000000C3000000FFED
:10F8B000000000FF000000FF000000FF000000FF4C
:10F8C000000000FF000000FF000000FF000000FF3C
:10F8D000000000FF000000FF000000FF1010108E6D
:10F8E0000000000000000000201C2051000000FF6C
:10F8F000000000FF000000FF000000FF000000FF0C
:10F90000000000FF000000FF000000FF000000FFFB
:10F91000000000FF000000FF000000FF000000FFEB
:10F92000000000FF000000FF000000FF000000FFDB
:10F93000000000FF000000FF000400A6000000001F
:10F9400000000000000000000000000000000000B7
:10F950000000000000040086000000FF000000FF1F
:10F96000000000FF000000FF000000FF000000FF9B
:10F97000000000FF000000FF000000FF000000FF8B
:10F98000000000FF000000FF100C10D7000400FB77
:10F99000000000FF000000FF000000FF100C10DB63
:10F9A000100C109220202038000000000000000001
:10F9B0003030301C10101086100C10CF000000FFEB
:10F9C000000000FF000000FF000000FF100C10D33B
:10F9D000000400FF000000FF000000FF000000FF27
:10F9E000000000FF000000FF000000FF000000FF1B
:10F9F000000000FF000000FF000000FF000000FF0B
:10FA0000000408BA00000000000000000000000030
:10FA1000000000000000000000000000080408349E
:10FA2000000000FF000000FF000000FF000000FFDA
:10FA3000000000FF000000FF000000FF000000FFCA
:10FA4000000000FF000000FF000400FF18181882EB
:10FA500080808000201C2065000000FF080C08D773
:10FA600028242849F8FCF8000000000000000000ED
:10FA700000000000000000003030302C302C306DD1
:10FA80003028306118181871101010B2000000FFF3
:10FA9000181018A2F8FCF8002020204D080408F3E4
:10FAA000000000FF000000FF000000FF000000FF5A
:10FAB000000000FF000000FF000000FF000000FF4A
:10FAC000000000FF000000FF0804087100000000B3
:10FAD0000000000000000000000000000000000026
:10FAE0000000000000000000000400A2000000FF71
:10FAF000000000FF000000FF000000FF000000FF0A
:10FB0000000000FF000000FF000000FF000000FFF9
:10FB1000100C10AE0000000000000000000000000B
:10FB200028282841302C306130303024000000007B
:10FB3000000000006060601860606845484448103C
:10FB4000282C305D000000000000000000000000D4
:10FB500000000000282C283C6060600800000000C5
:10FB60000000000018141879000000FF000000FFDA
:10FB7000000000FF000000FF000000FF000000FF89
:10FB8000000000FF000000FF000000E70804088AF2
:10FB90000000000400000000000000000000000061
:10FBA0000000000000000000000000000000000055
:10FBB00000000020000000F3000000FF000000FF34
:10FBC000000000FF000000FF000000FF000000FF39
:10FBD000000000FF000000FF080408EB2824284173
:10FBE0000000000000000000000000000000000015
:10FBF000302C305D3030302400000000F8FCF8007C
:10FC000030303069403C38202824283C0000000077
:10FC100080808004383838243830382440444030DC
:10FC2000585C58180000000038383820080808CF01
:10FC3000000000FF000000FF000000FF000000FFC8
:10FC4000000000FF000000FF000000F7000408496A
:10FC500000000000000000000000000000000000A4
:10FC60000000000000000000000000000000000094
:10FC70000000000000000000000000000000008202
:10FC8000000000FF000000FF000000FF000000FF78
:10FC9000000000FF000000FF000000FF000000FF68
:10FCA000000000FF000400FB3834382C0000000086
:10FCB0000000000000000000000000003030305D57
:10FCC0003034302000000000302C306140404020B3
:10FCD0002828283C50545004302C286920202038F3
:10FCE000181C2034383838386060601CC0C0C0042C
:10FCF000080808E7000000FF000000FF000000FF08
:10FD0000000000FF000000FF000000FF000000FFF7
:10FD1000000000C300000000000000000000000020
:10FD200000000000000000000000000000000000D3
:10FD300000000000000000000000000000000000C3
:10FD4000000000000000000C000000E3000000FFC5
:10FD5000000000FF000000FF000000FF000000FFA7
:10FD6000000000FF000000FF000000FF080C08DF9B
:10FD700030343834000000000000000000000000B3
:10FD8000000000000000000030303069000000007A
:10FD90003030305D5050501C2828283C28282855E9
:10FDA0004848481400000000000000000000000067
:10FDB00000000000000000001814189A000000FF66
:10FDC000000000FF000000FF000000FF000000FF37
:10FDD000000000FF000000FF000408EF08080820F2
:10FDE0000000000000000000000000000000000013
:10FDF0000000000000000000000000000000000003
:10FE000000000000000000000000000000000000F2
:10FE100008040865000000FF000000FF000000FF6C
:10FE2000000000FF000000FF000000FF000000FFD6
:10FE3000000000FF20242041302C3059302C302C81
:10FE400000000000000000000000000000000000B2
:10FE5000302C30610000000038303859484C4820C0
:10FE6000282828382824285DA8ACA8040000000011
:10FE700000000000000000000000000030343020CE
:10FE8000302C3071080408F7000000FF000000FF6C
:10FE9000000000FF000000FF000000FF000000FF66
:10FEA000000000FF000400EB0000006500000000FF
:10FEB0000000000000000000000000000000000042
:10FEC0000000000000000000000000000000000032
:10FED00000000000000000000800003C000000FFDF
:10FEE000000000FF000000FF000000FF000000FF16
:10FEF000000000FF000000FF080808D7F8FCF80029
:10FF000000000000302C3059303030280000000054
:10FF10000000000020202082101010CF101010B21E
:10FF2000101010CF181418B6101010C3100C10CFEA
:10FF30001818189E000000000000000000000000DB
:10FF4000403C401C3034306100000000101010BAFA
:10FF5000000000FF000000FF000000FF000000FFA5
:10FF6000000000FF000000FF000000FF000000FF95
:10FF7000000000FF080400CB080408340000000063
:10FF80000000000000000000000000000000000C65
:10FF9000000408690804007D0004084108040834CE
:10FFA000080400C3000000FF000000FF000000FF85
:10FFB000000000FF000000FF000000FF000000FF45
:10FFC0001010108E00000000000000000000000073
:10FFD000383438493838385138343855101010D33F
:10FFE000080408FF080808EB20202051201C208A64
:10FFF0001014188E101010C3080C08EF3830385940
:020000040803EF
:10000000383C3855403C40513838384900000000F1
:100010003830385920202079000000FF000000FF10
:10002000000000FF000000FF000000FF000000FFD4
:10003000000000FF000000FF000000FF000000FFC4
:10004000000400FB000408A20808081C00000000CF
:1000500000000004000400CF000000FF000000FFCB
:10006000000000FF000000FF000000FF000000FF94
:10007000000000FF000000FF000000FF080808D398
:1000800010101082101010A2282428340000000044
:1000900058545808585C581C00000000000000002C
:1000A00000000000101010BA080408FF101010A281
:1000B000000000002824288E00000000101010A26C
:1000C000080C10E300000000000000000000000029
:1000D000000000003834385538303824585458104F
:1000E0001010109E10101082100C10B2000000FFB3
:1000F000000000FF000000FF000000FF000000FF04
:10010000000000FF000000FF000000FF000000FFF3
:10011000000000EF080808240004084D000000FF5C
:10012000000000FF000000FF000000FF000000FFD3
:10013000000000FF000000FF000000FF000000FFC3
:10014000000000FF10141079000000000000000003
:1001500000000000000000005050501C4840484D76
:100160003030305938383851403C4051101010CFA1
:10017000000400FF2020205D0000000040404051AE
:1001800080808000100C08E3080C08EB403C4051D4
:10019000484448494844484540404049383C382054
:1001A000000000000000000000000000000000004F
:1001B00028242841000000FF000000FF000000FF8D
:1001C000000000FF000000FF000000FF000000FF33
:1001D000000000FF000000FF000000FF0000008E94
:1001E00000000065000000FF000000FF000000FFAD
:1001F000000000FF000000FF000000FF000000FF03
:10020000000000FF000000FF000000FF101010754C
:1002100000000000000000000000000058505824BA
:100220003030303C2020203428282830282C28301A
:10023000302C3030101010C7080408FB4040401C20
:1002400040344018686868283834382C080408FF9F
:10025000080C10E7383838283834382C3030302C37
:100260003030382C302C382C4848483460546014D6
:1002700000000000000000002824283C000000FFCF
:10028000000000FF000000FF000000FF000000FF72
:10029000000000FF000000FF000000FF000000FF62
:1002A000000000FF0000009200000020000000F7A6
:1002B000000000FF000000FF000000FF000000FF42
:1002C000000000FF000000FF000000FF000000FF32
:1002D000000000FF101010B220202041201C1855F3
:1002E0003030301858585820403C4038302C30308E
:1002F000383838283838382838383828101010C797
:10030000101010D700000000201C208A9898980434
:1003100018181871080408FF080C08EB383438283E
:10032000383838283838382C383438283834382C8D
:10033000504848346064601820202055201C203C20
:100340001010108E000000FF000000FF000000FFF2
:10035000000000FF000000FF000000FF000000FFA1
:10036000000000FF000000FF000400FF0804084137
:100370000000000008040041000400DF000000FF4E
:10038000000000FF000000FF000000FF000000FF71
:10039000000000FF000000FF000000FF000000FF61
:1003A000000000FF000000FF18141079000000009A
:1003B000000000000000000038343830302C305D80
:1003C00030303059101010D3101010BA282428499A
:1003D0002020209658545010101010BE000408FF22
:1003E000080C08EF3034305530303055302C30594F
:1003F000302C285D302C283C000000002824283CAC
:10040000000000FF000000FF000000FF000000FFF0
:10041000000000FF000000FF000000FF000000FBE4
:10042000000000960000007D080408AA080408B631
:100430000808085100000000000000000000000053
:100440000000000808040879000000EF000000FF29
:10045000000000FF000000FF000000FF000000FFA0
:10046000000000FF000000FF000000FF000000FF90
:10047000080C10BA000000000000000030303038D6
:10048000303030490000000000000000181818B299
:10049000080808F7100C08F7101010DB101010E710
:1004A000080C08F3080808F7181418D70000000013
:1004B0000000000000000000000000003030303C70
:1004C000303030451014187D000000FF000000FFA0
:1004D000000000FF000000FF000000FF000000FF20
:1004E000000000FF0000008200000000000000008B
:1004F00000000000000000000000000000000000FC
:1005000000000000000000000000000000000000EB
:100510000000001800000096000000FB000000FF33
:10052000000000FF000000FF000000FF000000FFCF
:10053000000000FF000000FF000408FB38343820F2
:1005400030303038302C304900000000000000000E
:10055000000000000000000030343861000000009E
:100560003834385D5050501C302830382828285DE9
:10057000F8FCF8000000000000000000000000008F
:1005800000000000000000003838383C080808EB84
:10059000000000FF000000FF000000FF000000FF5F
:1005A000000000FF000000FF000000FF00040079D1
:1005B000000000000000000000000000000000003B
:1005C000000000000000000000000000000000002B
:1005D000000000000000000000000000000000001B
:1005E00008040830000400E7000000FF000000FFDE
:1005F000000000FF000000FF000000FF000000FFFF
:10060000000000FF101010BA303030490000000028
:1006100000000000000000000000000000000000DA
:1006200030303061000000003030385D4844501CEC
:100630002824283C2828285DF8FCF8000000000049
:1006400000000000000000000000000000000000AA
:10065000181C1865000000FF000000FF000000FFEC
:10066000000000FF000000FF000000FF000000FF8E
:10067000000000FF000000E70000000C0000000088
:10068000000000000000000000000000000000006A
:10069000000000000000000000000000000000005A
:1006A0000000000000000000000000000000008AC0
:1006B000000000FF000000FF000000FF000000FF3E
:1006C000000000FF000000FF000000FF000400FF2A
:1006D0003838382C00000000000000000000000046
:1006E0000000000000000000302C3061000000001D
:1006F000302C305D404040202824283C30283045B4
:100700003838382C00000000000000000000000015
:1007100000000000F8FCF804080808EB000000FFE7
:10072000000000FF000000FF000000FF000000FFCD
:10073000000000FF000000FF000000FF000000FFBD
:10074000000400860000000000000000000000001F
:100750000000000000000000000000000000000099
:100760000000000000000000000000000000000089
:1007700000000004000400BA000000FF000000FFB9
:10078000000000FF000000FF000000FF000000FF6D
:10079000000000FB18181886585458040000000088
:1007A0000000000000000000000000000000000049
:1007B000302C2861000000003030306D80808004D3
:1007C0002828286D504C500C303430513034302CA7
:1007D0000000000000000000000000000000000019
:1007E00020202055080808EF000000FF000000FF4F
:1007F000000000FF000000FF000000FF000000FFFD
:10080000000000FF000000FF000400F708080824B3
:1008100000000000000000000000000000000000D8
:1008200000000000000000000000000000000000C8
:100830000808081C00000082080408D3000000FF1C
:10084000000000FF000000FF000000FF000000FFAC
:10085000000000FF000000FF101010AA00000000C0
:100860000000000000000000A8ACA8040000000088
:100870000000000058545804303030690000000077
:100880003034301C302C306168686804282C286DA6
:10089000484848103834384D38343828F8FCF800C7
:1008A000000000000000000000000000181818758B
:1008B000000000FF000000FF000000FF000000FF3C
:1008C000000000FF000000FF000000FF000000FF2C
:1008D000000000FF080408AE000000000000000057
:1008E0000000000000000000000000000000000008
:1008F00000000000100C1014000400EB000000FFCA
:10090000000000FF000000FF000000FF000000FFEB
:10091000000000FF000000FF000000FF000000FFDB
:10092000080408F32024203C000000002828282C7C
:10093000080C08E71814187D6064600C30303065CE
:100940004040401000000000000000003834381C17
:10095000303030616864680430303065585C58105D
:1009600020202096080C08E32020205500000000DD
:10097000403C4014080808D3000000FF000000FFBE
:10098000000000FF000000FF000000FF000000FF6B
:10099000000000FF000000FF000000FF000000FF5B
:1009A00000040045000000000000000000000000FE
:1009B00000000000000000000000000008040865BE
:1009C000000000FF000000FF000000FF000000FF2B
:1009D000000000FF000000FF000000FF000000FF1B
:1009E000000000FF000000FF000000FF080408F303
:1009F00018181879080808DB000000FF000000FF45
:100A0000080808F31814189A2824283C6060600825
:100A10000000000000000000383838202824287D1D
:100A200018181879080C08EF000000FF000000FFFC
:100A3000080408F318181871080808D7000000FF08
:100A4000000000FF000000FF000000FF000000FFAA
:100A5000000000FF000000FF000000FF000000FF9A
:100A6000000000FF000000FF000408AE00000000CE
:100A70000000000000000000000000000000000076
:100A80000000000000000071000000FF000000FFF7
:100A9000000000FF000000FF000000FF000000FF5A
:100AA000000000FF000000FF000000FF000000FF4A
:100AB000000000FF000000FF000000FF000000FF3A
:100AC000000000FF000000FF000000FF000000FF2A
:100AD000000000FF10101082000000000000000065
:100AE00020202049000400FF000000FF000000FF5C
:100AF000000000FF000000FF000000FF000000FFFA
:100B0000000000FF000000FF000000FF000000FFE9
:100B1000000000FF000000FB000000EB000000FFF1
:100B2000000000FF000000FF000000FF000000FFC9
:100B3000000008B6000000000000000000000000F7
:100B40000000000000000000000000000804082C65
:100B5000000400F7000000FF000000FF000000FF9D
:100B6000000000FF000000FF000000FF000000FF89
:100B7000000000FF000000FF000000FF000000FF79
:100B8000000000FF000000FF000000FF000000FF69
:100B9000000000FF000000FF000000FF10141071B3
:100BA000000000000000000020202038000000FFAE
:100BB000000000FF000000FF000000FF000000FF39
:100BC000000000FF000000FF000000FF000000FF29
:100BD000000000FF000000FF000000FB08040838D0
:100BE0000000000000040069000000FF000000FF9A
:100BF000000000FF000400FF08000855000000008E
:100C000000000000000000000000000000000000E4
:100C100000000000000000000004083C000400B6D2
:100C2000000000CB000000CB000000CB000000C3A0
:100C3000000000C3000000CB000400F7000000FF2C
:100C4000000000FF000000FF000000FF000000FFA8
:100C5000000000FF000000FF000000FF000000FF98
:100C6000000000FF101010A2202420412824284159
:100C700018181879000000FF000000FF000000FFB6
:100C8000000000FF000000FF000000FF000000FF68
:100C9000000000FF000000FF000000FF000000FF58
:100CA000000000CF00000000000000000000000075
:100CB00000040051000400B2000000BA0804085DFE
:100CC0000000000000000000000000000000000024
:100CD0000000000000000000000000000000000014
:100CE0000000000000000000000000000000000004
:100CF00000000000000000000000000000000000F4
:100D00000000001C000000E3000000FF000000FFE6
:100D1000000000FF000000FF000000FF000000FFD7
:100D2000000000FF000000FF000000FF000000FFC7
:100D3000000000FF000000FF000000FF000000FFB7
:100D4000000000FF000000FF000000FF000000FFA7
:100D5000000000FF000000FF000000FF000000FF97
:100D6000000000FF000000FF000000CB00000000BA
:100D70000000000000000000000000000000000073
:100D80000000000000000000000000000000000063
:100D90000000000000000000000000000000000053
:100DA0000000000000000000000000000000000043
:100DB0000000000000000000000000000000000033
:100DC000000000000000000000000000080000AA71
:100DD000000000FF000000FF000000FF000000FF17
:100DE000000000FF000000FF000000FF000000FF07
:100DF000000000FF000000FF000000FF000000FFF7
:100E0000000000FF000000FF000000FF000000FFE6
:100E1000000000FF000000FF000000FF000000FFD6
:100E2000000000FF000000FF000000FF000000FFC6
:100E3000000000CB000000000000000000000000E7
:100E400000000000000000000000000000000000A2
:100E50000000000000000000000000000000000092
:100E60000000000000000000000000000000000082
:100E70000000000000000000000000000000000072
:100E80000000000000000000000000000000000062
:100E900008080824000000EF000000FF000000FF29
:100EA000000000FF000000FF000000FF000000FF46
:100EB000000000FF000000FF000000FF000000FF36
:100EC000000000FF000000FF000000FF000000FF26
:100ED000000000FF000000FF000000FF000000FF16
:100EE000000000FF000000FF000000FF000000FF06
:100EF000000000FF000000FF000000CB0000000029
:100F000000000000000000000000000000000000E1
:100F100000000000000000000000000000000000D1
:100F200000000000000000000000000000000000C1
:100F300000000000000000000000000000000000B1
:100F400000000000000000000000000000000000A1
:100F50000000000000000018000400EB000000FF8B
:100F6000000000FF000000FF000000FF000000FF85
:100F7000000000FF000000FF000000FF000000FF75
:100F8000000000FF000000FF000000FF000000FF65
:100F9000000000FF000000FF000000FF000000FF55
:100FA000000000FB000000D3000400F3000000FF7D
:100FB000000000FF000000FF000000FF000000FF35
:100FC000000000CB00000000000000000000000056
:100FD0000000000000000000000000000000000011
:100FE0000000000000000000000000000000000001
:100FF00000000000000000000000000000000000F1
:1010000000000000000000000000000000000000E0
:101010000000000000000000000000000804087547
:10102000000000FF000000FF000000FF000000FFC4
:10103000000000FF000000FF000000FF000000F7BC
:101040000004009E00000092000000F3000000FF7A
:10105000000000FF000000FF000000FF000000FF94
:10106000000000FF000000FF0804086D0000000001
:101070000000001C000000EF000000FF000000FF67
:10108000000000FF000000FF000000CB0000000097
:101090000000000000000000000000000000000050
:1010A0000000000000000000000000000000000040
:1010B0000000000000000000000000000000000030
:1010C0000000000000000000000000000000000020
:1010D0000000000000000000000000000000000010
:1010E000000000000804087D000000FF000000FF71
:1010F000000000FF000000FF000000FF000000FFF4
:10110000000400BA080408280000000000000000E5
:1011100000040855000000FF000000FF000000FF71
:10112000000000FF000000FF000000FF000000C3FF
:10113000000000000000000000000000000000A20D
:10114000000000FF000000FF000000FF000000FFA3
:10115000000400B6000000000000000000000000D5
:10116000000000000000000000000000000000007F
:10117000000000000000000000000000000000006F
:10118000000000000000000000000000000000005F
:10119000000000000000000000000000000000004F
:1011A0000000000000000000000000000808082403
:1011B000000000F7000000FF000000FF000000FF3B
:1011C000000400DB080808550000000000000000D3
:1011D000000000000000000008080845000000FFB3
:1011E000000000FF000000FF000000FF000000FF03
:1011F000000000FB0804082C0000000000000000B4
:101200000000000000040845000400FB000000FF8F
:10121000000000FF000400FF0804084D000000006B
:1012200000000000000000000000000000000000BE
:1012300000000000000000000000000000000000AE
:10124000000000000000000000000000000000009E
:10125000000000000000000000000000000000008E
:10126000000000000000000000000000000000007E
:10127000000000000000000000040041000000AE7B
:10128000080408BA0804086D000000080000000007
:10129000000000000000000000000000000000004E
:1012A0000000008A000000FF000000FF000000FFB7
:1012B000000000FF000000FF00040896000000008E
:1012C000000000000000000000000000000000001E
:1012D00008040849080408AE080408B20804084DC8
:1012E00000000000000000000000000000000000FE
:1012F00000000000000000000000000000000000EE
:1013000000000000000000000000000000000000DD
:1013100000000000000000000000000000000000CD
:1013200000000000000000000000000000000000BD
:1013300000000000000000000000000000000000AD
:10134000000000000000000000000000000000009D
:10135000000000000000000000000000000000008D
:1013600000000000000000000000088E000000FFE8
:10137000000000FF000000FF000000FF080400EF75
:10138000080C101400000000000000000000000025
:10139000000000000000000000000000000000004D
:1013A000000000000000000000000000000000003D
:1013B000000000000000000000000000000000002D
:1013C000000000000000000000000000000000001D
:1013D000000000000000000000000000000000000D
:1013E00000000000000000000000000000000000FD
:1013F00000000000000000000000000000000000ED
:1014000000000000000000000000000000000000DC
:1014100000000000000000000000000000000000CC
:1014200000000000000000000000000000000000BC
:101430000804083C000400FB000000FF000000FF5F
:10144000000000FF08040865000000000000000024
:10145000000000000000000000000000000000008C
:10146000000000000000000000000000000000007C
:10147000000000000000000000000000000000006C
:10148000000000000000000000000000000000005C
:10149000000000000000000000000000000000004C
:1014A000000000000000000000000000000000003C
:1014B000000000000000000000000000000000002C
:1014C000000000000000000000000000000000001C
:1014D000000000000000000000000000000000000C
:1014E00000000000000000000000000000000000FC
:1014F00000000000000000000000000008040838A0
:10150000000000A2080408A6080808510000000016
:1015100000000000000000000000000000000000CB
:1015200000000000000000000000000000000000BB
:1015300000000000000000000000000000000000AB
:10154000000000000000000000000000000000009B
:10155000000000000000000000000000000000008B
:101560000000000000000000D2CE0321500C00302B
:101570000C00C105004D00000C00000200000F002F
:1015800093ECDE2900F7ADDAEF02330000F90A0030
:101590000000F30C000000F50A000010FD0300003D
:1015A000D56F0000B0CF030000E00C000000E00C9D
:1015B00000000040030000000000000000F00E00EA
:1015C0000000F00E000000000010537757020000EA
:1015D0000083FCFFFFFFDF170000FDFFFFFFFFFFA1
:1015E000DF0200FDFFFFEFFFFFFF2E00FD9E150055
:1015F00041FAFFBF006B0000000060FFFF02000027
:1016000000000000FBFF07000000000000F7FF08DB
:10161000000000000000F6FF09000000000000F7D5
:10162000FF07000000000000FBFF040000000000B6
:1016300030FFEF000000000000C1FF7F000000004D
:101640000010FCFF0C0000000000D3FFDF020000D0
:10165000000081FFFF2C0000000060FEFF9F0000E3
:10166000000000D0FFDF040000000000D0FF0B00EE
:101670000000000000D0FF09000000000000D0FFC3
:1016800009000000000000D0FF0900000000000079
:10169000D0FF090000000000000000000000000072
:1016A000000000000000000000000000000000003A
:1016B00000000000404403000000000000F1FF0EA5
:1016C000000000000000F1FF0E000000000000F12B
:1016D000FF0E000000000000F1FF0E0000000000FF
:1016E000FFFF01FEFF00FEEF00FDEF00FCDF00FC4E
:1016F000CF00FBCF00FABF00FAAF00F9AF00111125
:1017000000878800FEFF00FEFF000000FCEF0200E3
:1017100080FF3E0000F3FF040000FBAF000030FF3D
:101720003F000080FF0C0000C0FF070000E0FF0446
:101730000000F0FF020000F1FF020000F0FF0200D5
:1017400000E0FF040000C0FF07000080FF0C000065
:1017500030FF3F000000FBBF000000F3FF0500006A
:1017600080FF3E000000FCEF02E3FF0A0040FF6F35
:101770000000F7FF0200C0FF090050FF1F0000FE3D
:101780006F0000F9AF0000F6CF0000F4DF0000F4B6
:10179000EF0000F4DF0000F6CF0000F9AF0000FE1C
:1017A0006F0050FF1F00C0FF0900F7FF0240FF6FEE
:1017B00000E3FF0A000000FE0100007200FE014489
:1017C00000FB2CFEA2DF01B2FFFFFE4C0000D4FFA5
:1017D0006E000010F9FFBF0200E7CFFEFA9F01F88C
:1017E00007FE51BE002000FE0121000000BA0100EA
:1017F00000000060990000000000A0FF0000000051
:1018000000A0FF0000000000A0FF0000000000A0FA
:10181000FF0000008788D8FF888828FDFFFFFFFFB2
:10182000FF3FFDFFFFFFFFFF3F0000A0FF000000A4
:101830000000A0FF0000000000A0FF00000000006A
:10184000A0FF0000000000A0FF000000BABBBB6BBF
:10185000FEFFFF8FFEFFFF8F0092EDDF3A0000409A
:10186000FEFFFFFF0700E1FFBFFBFF3F00F6FF08A1
:1018700050FF9F00FAFF0200FDDF00FCEF0000FBBD
:10188000FF01FDDF0000FAFF01FDDF0000FAFF01AC
:10189000FCEF0000FBFF01FAFF0200FEDF00F6FF95
:1018A0000850FFAF00E1FFBFFAFF3F0040FEFFFF1F
:1018B000FF07000092EDDF4A00000020FF5F0000FC
:1018C00052D8FF5F0000F6FFFF5F0000F6FFFF5FEA
:1018D00000000050FF5F00000050FF5F000000505C
:1018E000FF5F00000050FF5F00000050FF5F00003E
:1018F0000050FF5F00000050FF5F000073A7FFAFC4
:101900007702F6FFFFFFFF05F6FFFFFFFF0530B888
:10191000FEDF4A0000C0FFFFFFFF0800C0FFCCFE53
:10192000FF3F00B01700B1FF7F0000000050FF7FB5
:101930000000000070FF5F00000000E1FF0D0000EC
:101940000010FCFF03000000C2FF4F00000040FE3B
:10195000DF03000000F8FF1B000000C1FFFFBBBB5E
:10196000BB02F3FFFFFFFFFF03F3FFFFFFFFFF03D8
:1019700050C9FEDF6A00F3FFFFFFFF0CF3FFCDFD50
:10198000FF5F82030060FF6F00000092FF1E0040B7
:10199000FFFFCF030040FFFF9E02002088EAFF3ECA
:1019A00000000020FFBF00000000FFCFA90400815D
:1019B000FFAFF9EFCCFEFF4FF9FFFFFFFF0772DB30
:1019C000FEDE3900000000C0FF7F00000000FAFFCB
:1019D0007F00000080FFFF7F000000F6AFFF7F0068
:1019E0000040FF2AFF7F0000E2BF20FF7F0010FDC4
:1019F0001D20FF7F00C0EF0220FF7F00F3FFFFFFED
:101A0000FFFF6FF3FFFFFFFFFF6F929999A9FFCFD1
:101A10004900000020FF7F0000000020FF7F000041
:101A2000000020FF7F00D0FFFFFFFF7FD0FFFFFF00
:101A3000FF7FD0FFBEBBBB5BD0FF0A000000D0FF22
:101A40008D780400D0FFFFFFEF05D0FFFFFFFF4FB1
:101A5000502410B4FFAF00000010FFDF00000000B2
:101A6000FEDFC6050080FF9FF6EFDCFEFF3FF6FFBE
:101A7000FFFFEF0571DBFECE28000000A5EDEF0CA7
:101A80000000D3FFFFFF0F0020FEFFADB90D00B037
:101A9000FF6F00000000F3FF0821010000F7FFD9ED
:101AA000FFCF0500F9FFFFFFFF6F00FAFF2582FF60
:101AB000EF00F9FF0100FBFF02F8FF0300F9FF024E
:101AC000F4FF0800FDEF00C0FF9FC7FF8F0020FD5F
:101AD000FFFFFF0A000071ECEF5B0000F7FFFFFF64
:101AE000FFEFF7FFFFFFFFEFB5BBBBBBFFEF000052
:101AF0000070FF8F000000E2FF1D000000FAFF05EC
:101B0000000040FFBF000000D1FF3F000000F8FFD1
:101B100009000020FFEF010000B0FF6F000000F59A
:101B2000FF0C000010FDFF03000080FFAF0000006D
:101B300000A4FDEF7B010090FFFFFFFF2D00F6FFEB
:101B40007DC7FFAF00F9FF0300FDCF00F7FF1800CE
:101B5000FE9F00E1FFEF99FF1A0020FBFFFFAF019E
:101B60000060FDEDFFFF3E00F7EF02A4FFDF00FE87
:101B7000BF0000F9FF03FFEF0100FAFF03FAFF8D3A
:101B8000B7FFDF00D2FFFFFFFF2D0000B6FDEF6BB8
:101B900001000093FDDE290070FFFFFFEF04F5FF59
:101BA0007DE8FF1EFCFF0250FF7FFEDF0000FEBF4E
:101BB000FEEF0000FDDFFAFF3A42FEDFF3FFFFFF1A
:101BC000FFCF30FBFF9EFFAF00102250FF6F0000E1
:101BD00000E4FF0EC09BCAFFFF04C0FFFFFF4E00E2
:101BE000A0FEDE6A0100FCDFFCDFFCDFB99B000029
:101BF00000000000B99BFCDFFCDFFCDF82DBEF9C18
:101C00000200F8FFFFFF5F00F8BEEBFFEF01550099
:101C100000FCFF03000000F9FF02000020FECF00DF
:101C20000000D6FF2E0000E3FF9F010000F4FF0438
:101C3000000000F4FF0300000041440100000084A4
:101C40008804000000F7FF07000000F7FF0700000E
:101C5000000090FFFF0200000000E0FFFF0700000F
:101C60000000F5FFFF0D00000000FBEFFF4F00003C
:101C70000020FF5FFEAF00000080FF1EF8FF0100A4
:101C800000D0FF09F3FF060000F4FF04C0FF0C00C2
:101C900000FAFF99C9FF3F0010FFFFFFFFFF9F0001
:101CA00060FFFFFFFFFFEF00C0FF0D0000F6FF0524
:101CB000F3FF080000F1FF0BF9FF030000B0FF2F56
:101CC000F2FFFFFFCE0700F2FFFFFFFFBF00F2FFB2
:101CD0009DB9FFFF03F2FF0900FAFF04F2FF0900BC
:101CE000F9EF01F2FF7C97FF5F00F2FFFFFFFF3A81
:101CF00000F2FFFFFFFFFF06F2FF0900E4FF1EF204
:101D0000FF0900A0FF4FF2FF0900D0FF3FF2FF9D47
:101D1000A9FEFF0DF2FFFFFFFFEF03F2FFFFFFCE73
:101D200017000020C8FECE490000F7FFFFFFFF08A4
:101D300070FFFFCEECFF09F2FF7F0110E609F9FF0B
:101D40000800001004FDFF0200000000FEEF00008C
:101D5000000000FEEF0000000000FDFF0200000098
:101D600000F9FF0800001004F3FF7F0100D609808E
:101D7000FFFFCEECFF0900F8FFFFFFFF080020C8BF
:101D8000FECE4800F2FFFFEF9C040000F2FFFFFFD1
:101D9000FFCF0200F2FFADCAFFFF1D00F2FF0900F6
:101DA000C2FFAF00F2FF090010FDFF02F2FF0900C1
:101DB00000F8FF06F2FF090000F5FF08F2FF090036
:101DC00000F5FF08F2FF090000F7FF06F2FF090027
:101DD00010FDFF02F2FF0900B2FF9F00F2FFADCA43
:101DE000FFFF1D00F2FFFFFFFFBF0100F2FFFFEF4B
:101DF0009C040000F2FFFFFFFF6FF2FFFFFFFF6F89
:101E0000F2FFBDBBBB4BF2FF09000000F2FF09006F
:101E10000000F2FFFFFFFF0DF2FFFFFFFF0DF2FFDB
:101E2000BDBBBB0AF2FF09000000F2FF0900000081
:101E3000F2FF09000000F2FFBDBBBB4BF2FFFFFF4A
:101E4000FF6FF2FFFFFFFF6FF2FFFFFFFF4FF2FF99
:101E5000FFFFFF4FF2FFBDBBBB3BF2FF09000000DD
:101E6000F2FF09000000F2FFBDBBBB09F2FFFFFF5C
:101E7000FF0CF2FFFFFFFF0CF2FF09000000F2FF72
:101E800009000000F2FF09000000F2FF0900000055
:101E9000F2FF09000000F2FF090000000010B7ED9A
:101EA000EF8C0300E5FFFFFFFF9F60FFFFBEBAFE60
:101EB000AFF2FF8F010050ACF9FF0900000020FDD8
:101EC000FF0200000000FEEF00F0FFFFBFFEEF008A
:101ED000F0FFFFBFFDFF02A0AAFFBFF9FF0900103E
:101EE000FFBFF3FF8F0110FFBF70FFFFBEAAFFBF50
:101EF00000F6FFFFFFFFBF0010B7FEEF8B04F2FFFD
:101F0000090000FDDFF2FF090000FDDFF2FF09001C
:101F100000FDDFF2FF090000FDDFF2FF090000FD18
:101F2000DFF2FFFFFFFFFFDFF2FFFFFFFFFFDFF248
:101F3000FFBDBBBBFEDFF2FF090000FDDFF2FF09C2
:101F40000000FDDFF2FF090000FDDFF2FF090000E5
:101F5000FDDFF2FF090000FDDFF2FF090000FDDFF9
:101F6000FCFFFFFF0BFCFFFFFF0B86FBFF8A060059
:101F7000F6FF050000F6FF050000F6FF050000F67D
:101F8000FF050000F6FF050000F6FF050000F6FF64
:101F9000050000F6FF050086FBFF8A05FCFFFFFF3A
:101FA0000BFCFFFFFF0B00FAFFFF7F00FAFFFF7F34
:101FB0000096B9FF7F000050FF7F000050FF7F00B8
:101FC0000050FF7F000050FF7F000050FF7F0000A7
:101FD00050FF7F000060FF7F0100B0FF5FD9BBFDB5
:101FE000FF1EF9FFFFFF05D7FEDF3900F2FF0900F2
:101FF00090FFAF00F2FF0900F6FF1C00F2FF09405E
:10200000FFDF0100F2FF09E2FF2E0000F2FF19FCE2
:10201000FF040000F2FFA9FF5F000000F2FFFEFFD7
:102020000A000000F2FFFFFF4F000000F2FFBFFFB9
:10203000EF020000F2FF0AFAFF1C0000F2FF09D1D4
:10204000FFAF0000F2FF0920FEFF0700F2FF0900CA
:10205000F5FF4F00F2FF090080FFEF02F2FF0900D9
:102060000000F2FF09000000F2FF09000000F2FF8B
:1020700009000000F2FF09000000F2FF0900000063
:10208000F2FF09000000F2FF09000000F2FF090062
:102090000000F2FF09000000F2FF09000000F2FF5B
:1020A000BDBBBB4BF2FFFFFFFF5FF2FFFFFFFF5F18
:1020B000F2FF7F000070FFFF01F2FFDF0000E1FF91
:1020C000FF01F2FFFF0600F6FFFF01F2FFFF0D0028
:1020D000FDFFFF01F2FFFF5F50FFFFFF01F2FFF97D
:1020E000CFC0EFFAFF01F2FFC6FFF88FF9FF01F250
:1020F000FF56FFFF2FF9FF01F2FF06FDFF0AF9FF70
:1021000001F2FF06F7FF03F9FF01F2FF06A19B00B2
:10211000F9FF01F2FF06000000F9FF01F2FF0600DF
:102120000000F9FF01F2FF06000000F9FF01F2FFD5
:10213000AF0000F5FF01F2FFFF0500F5FF01F2FF20
:10214000FF1E00F5FF01F2FFFFAF00F5FF01F2FFF8
:10215000FDFF05F5FF01F2FFE6FF1EF5FF01F2FFAF
:1021600054FFAFF5FF01F2FF04FBFFFAFF01F2FF9E
:1021700004E2FFFFFF01F2FF0460FFFFFF01F2FF37
:102180000400FCFFFF01F2FF0400F2FFFF01F2FF79
:10219000040070FFFF01F2FF040000FCFF010020BB
:1021A000C8FECE28000000F7FFFFFFFF070080FFFA
:1021B000FFBDFDFF8F00F3FF4E0040FEFF03F9FF60
:1021C000070000F7FF09FDFF010000F1FF0DFEEF22
:1021D000000000E0FF0EFEEF000000E0FF0EFDFF3C
:1021E000010000F1FF0DF9FF070000F7FF09F3FF01
:1021F0004E0040FEFF0380FFFFBDFDFF8F0000F893
:10220000FFFFFFFF07000020C8FECE280000F2FFFE
:10221000FFFFAE0400F2FFFFFFFFAF00F2FFADDAF9
:10222000FFFF06F2FF0900F7FF0BF2FF0900F1FFC5
:102230000DF2FF0900F3FF0BF2FF0941FCFF07F26B
:10224000FFFFFFFFDF01F2FFFFFFFF1B00F2FFAD0B
:102250009A480000F2FF0900000000F2FF090000A8
:102260000000F2FF0900000000F2FF09000000007A
:102270000020C8FECE28000000F7FFFFFFFF070088
:1022800080FFFFBDFDFF8F00F3FF4E0040FEFF0308
:10229000F9FF070000F7FF09FDFF010000F1FF0D46
:1022A000FEEF000000E0FF0EFFEF000000E0FF0F78
:1022B000FDFF010000F1FF0DFAFF060000F6FF0927
:1022C000F4FF3E0030FEFF03A0FFFF9BFBFF9F00DB
:1022D00010FAFFFFFFFF09000040DAFFFF3B00009C
:1022E000000000F0FF090000000000B0FFAF9709F8
:1022F00000000030FFFFFF0B00000000A3FEDF081E
:10230000F2FFFFFFCE180000F2FFFFFFFFDF01002A
:10231000F2FFADBAFEFF0900F2FF0900F4FF0D0065
:10232000F2FF0900F1FF0C00F2FF0900F5FF0900C0
:10233000F2FF8CB9FFEF0200F2FFFFFFFF3C00004D
:10234000F2FFFFFFFF050000F2FF09F4FF3E00006F
:10235000F2FF0970FFDF0100F2FF0900FAFF0B0036
:10236000F2FF0900D1FF9F00F2FF090020FEFF07E6
:102370000082ECEFBD370060FFFFFFFFEF00F5FFCD
:10238000BFA9FCEF00FBFF030020D800FCFF050005
:10239000001000F9FFEF7A040000E2FFFFFFEF08F2
:1023A0000020E9FFFFFFCF00001074EAFFFF0504E3
:1023B000000000FAFF07BE040000F8FF05FEEFABC7
:1023C000CAFFDF01FEFFFFFFFF2C0051DAFEDE5ADD
:1023D0000000F9FFFFFFFFFF4FF9FFFFFFFFFF4F77
:1023E000B7BBFBFFBEBB3B0000F1FF0A00000000D3
:1023F000F1FF0A00000000F1FF0A00000000F1FFF9
:102400000A00000000F1FF0A00000000F1FF0A00CE
:10241000000000F1FF0A00000000F1FF0A000000C8
:1024200000F1FF0A00000000F1FF0A00000000F1C7
:10243000FF0A0000F5FF060030FF9FF5FF060030A1
:10244000FF9FF5FF060030FF9FF5FF060030FF9F5E
:10245000F5FF060030FF9FF5FF060030FF9FF5FFF8
:10246000060030FF9FF5FF060030FF9FF5FF0700D5
:1024700030FF9FF4FF080050FF8FF1FF2E00C1FFD7
:102480005FA0FFFFBCFEFF0D10FBFFFFFFDF0200A0
:1024900050DAFFBE1700F9FF050000E0FF0DF3FF63
:1024A0000B0000F5FF07C0FF1F0000FAFF0270FFDE
:1024B0006F0010FFBF0010FFCF0060FF5F0000FA49
:1024C000FF02C0FF0E0000F5FF07F2FF090000E069
:1024D000FF0DF7FF03000080FF3FFDCF000000303D
:1024E000FFBFFF7F00000000FCFFFF1F0000000097
:1024F000F6FFFF0A00000000F1FFFF0500000000EA
:10250000A0FFEF000000F3FF0A00A0FF5F0010FF34
:10251000CFE0FF0E00E0FF9F0040FF8FA0FF2F00E5
:10252000F3FFDF0080FF3F60FF6F00F8FFFF02B0A6
:10253000FF0E20FF9F00FCFFFF06E0FF0A00FCDF0C
:1025400010FFAFFF0AF3FF0600F8FF51FF4CFF0E2C
:10255000F7FF0200F4FF94FF18FF3FFBCF0000E0FD
:10256000FFD8FF04FB7FFE8F0000B0FFFDEF00F6F9
:10257000DFFF4F000060FFFFAF00F2FFFF0E000023
:1025800020FFFF6F00D0FFFF0B000000FDFF2F00BA
:1025900090FFFF06000000F9FF0D0040FFFF020062
:1025A000F4FF1E0000F8FF0990FFBF0040FFCF00BE
:1025B00000FCFF06D1FF2E0000E2FF2EFAFF05000F
:1025C0000060FFEFFF9F00000000FAFFFF1C00000B
:1025D0000000D1FFFF0200000000E1FFFF06000045
:1025E0000000FBFFFF2E00000070FFBFFFCF0000C8
:1025F00000F3FF0CFAFF080010FDEF02E1FF4F00AF
:10260000A0FF6F0050FFDF01F6FF0B0000FAFF0A8A
:10261000F9FF090000FBFF05E1FF3F0050FFBF008D
:1026200050FFCF00D0FF2E0000FBFF06F7FF070092
:1026300000F2FF2EFECF00000070FFEFFF3F000012
:102640000000FDFFFF0900000000F4FFDF010000B3
:102650000000A0FF6F000000000070FF4F000000AE
:10266000000070FF4F000000000070FF4F000000EE
:10267000000070FF4F000000000070FF4F000000DE
:10268000C0FFFFFFFFFF0BC0FFFFFFFFFF0B80BB83
:10269000BBBBFFFF0A00000080FFEF02000000F557
:1026A000FF3F00000030FFFF05000000E2FF7F0059
:1026B000000010FCFF0A000000B0FFCF0000000087
:1026C000F9FF1D00000060FFEF03000000F1FFDFD5
:1026D000BBBBBB1BF2FFFFFFFFFF1FF2FFFFFFFFB4
:1026E000FF1FF2FFFFFFFFFFFF6FF2FFFFFFFFFF84
:1026F000FF6F10C9EDEF8C0130FFFFFFFF2E30AEF2
:1027000057B7FF9F00000000FCBF0061CAEDFFCF7C
:1027100040FEFFFFFFCFD0FF6E13FBCFF2FF07009D
:10272000FBCFF1FF1B51FECF90FFFFFFFFCF00D784
:10273000EF5BFBCFF5FF0300000000F5FF03000097
:102740000000F5FF0300000000F5FF03000000009B
:10275000F5FF63FCAE0200F5FFFDFFFF1D00F5FF76
:10276000AEDAFF9F00F5FF0310FEEF00F5FF030058
:10277000F9FF01F5FF0300F8FF01F5FF0300FAFF81
:1027800000F5FF0320FECF00F5FF79E8FF5F00F5BD
:10279000FFFFFFFF0900F5FFC7EE5C00000020C847
:1027A000EEAD0500F7FFFFFF2F40FFEF79E92FC0E7
:1027B000FF3F001019F1FF0A000000F2FF080000BF
:1027C00000F1FF0A000000C0FF2E00001850FFEFCC
:1027D00079D92F00F7FFFFFF2F0030D9FEBD06008B
:1027E000000000F3FF0500000000F3FF05000000FB
:1027F00000F3FF0500000000F3FF050050EBCEF8EA
:10280000FF0500F9FFFFFFFF0550FFEF8AFBFF0503
:10281000C0FF2F00F3FF05F0FF0A00F3FF05F2FFF2
:102820000800F3FF05F1FF0900F3FF05D0FF1E00CC
:10283000F4FF0580FFEFBAFFFF0510FDFFFFFEFF6D
:10284000050091FE8DF4FF050030D9FEAD030000B8
:10285000F6FFFFFF5F0040FF7F43FBEF01C0FF0873
:1028600000F2FF05F1FFFFFFFFFF07F2FFFFFFFF91
:10287000FF07F1FF0800000000C0FF2E000060020B
:1028800050FFEF7997FD0400F7FFFFFFFF040020E2
:10289000C8FEDE5A010060ECEF0A00F7FFFF0C00F3
:1028A000FEEF9A0710FF6F0000F9FFFFFF00F9FF2E
:1028B000FFFF0063FFAF550010FF7F000010FF7F98
:1028C000000010FF7F000010FF7F000010FF7F005E
:1028D0000010FF7F000010FF7F000010FF7F00004E
:1028E0000060ECCEFAFF0500FAFFFFFFFF0560FF76
:1028F000EF8AFBFF05D0FF2F00F3FF05F1FF0A0071
:10290000F3FF05F2FF0800F3FF05F1FF0900F3FFF5
:1029100005D0FF1E00F4FF0590FFEFBAFFFF051082
:10292000FDFFFFFFFF050091FDAEF5FF0400000075
:1029300000F8FF0100CE79B8FFBF0000FEFFFFFFE7
:102940002D0000C9EEEF7C0100F5FF03000000F54B
:10295000FF03000000F5FF03000000F5FF03000087
:1029600000F5FF53ECBE03F5FFFCFFFF1EF5FFEF84
:10297000FCFF7FF5FF0530FF9FF5FF0300FEAFF57D
:10298000FF0300FDAFF5FF0300FDAFF5FF0300FD02
:10299000AFF5FF0300FDAFF5FF0300FDAFF5FF034B
:1029A00000FDAFF7FF04F7FF04949902000000F563
:1029B000FF03F5FF03F5FF03F5FF03F5FF03F5FF45
:1029C00003F5FF03F5FF03F5FF03F5FF03F5FF0331
:1029D0000050FF6F0050FF6F003099490000000069
:1029E00030FFFF6F30FFFF6F1065FF6F0020FF6F3C
:1029F0000020FF6F0020FF6F0020FF6F0020FF6F9F
:102A00000020FF6F0020FF6F0030FF6F0070FF6F2E
:102A1000B6FCFF3FF8FFFF0AE7FF7D00F5FF03006C
:102A2000000000F5FF0300000000F5FF03000000B8
:102A300000F5FF0300000000F5FF0360FF9F00F5B5
:102A4000FF03F3FF0B00F5FF13FDDF0100F5FFB3FC
:102A5000FF2E0000F5FFFBFF050000F5FFFFFF095B
:102A60000000F5FFADFF4F0000F5FF13FEDF010092
:102A7000F5FF03F6FF0900F5FF03B0FF4F00F5FF78
:102A80000320FFDF01F5FF03F5FF03F5FF03F5FF6B
:102A900003F5FF03F5FF03F5FF03F5FF03F5FF0360
:102AA000F5FF03F5FF03F5FF03F5FF03F5FF03F55E
:102AB000FF03F5FF73FC9E01B5EE2B00F5FFFEFF53
:102AC000FFBCFFFFDF00F5FFAEE9FFFF9BFDFF0648
:102AD000F5FF0350FF6F00F2FF08F5FF0330FF6FB3
:102AE00000F0FF09F5FF0320FF6F00E0FF09F5FF8D
:102AF0000320FF6F00E0FF09F5FF0320FF6F00E0F8
:102B0000FF09F5FF0320FF6F00E0FF09F5FF032039
:102B1000FF6F00E0FF09F5FF0320FF6F00E0FF09F2
:102B2000F5FF73FCBE03F5FFFEFFFF1EF5FFAED9F8
:102B3000FF7FF5FF0320FF9FF5FF0300FEAFF5FFCA
:102B40000300FDAFF5FF0300FDAFF5FF0300FDAF90
:102B5000F5FF0300FDAFF5FF0300FDAFF5FF030038
:102B6000FDAF0040DAEF9D020000F8FFFFFF4E00CE
:102B700050FFCF87FEEF02C0FF0D00F3FF08F1FF0B
:102B80000900D0FF0CF2FF0800C0FF0DF1FF0900A3
:102B9000D0FF0CC0FF1D00F3FF0850FFCF77FEEF02
:102BA0000200F8FFFFFF5E000040DAEF9D0200F533
:102BB000FF73FDAE0200F5FFFEFFFF1D00F5FFAE47
:102BC000DAFF8F00F5FF0310FEDF00F5FF0300F9C9
:102BD000FF01F5FF0300F8FF01F5FF0300FAFF0016
:102BE000F5FF0320FEBF00F5FF79E8FF5F00F5FF6A
:102BF000FFFFFF0900F5FFC8FE6C0000F5FF0300B2
:102C0000000000F5FF0300000000F5FF03000000D6
:102C100000F5FF03000000000050EBCFFAFF0500B5
:102C2000F9FFFFFFFF0550FFEF8AFBFF05C0FF2FF5
:102C300000F3FF05F0FF0A00F3FF05F2FF0800F3C1
:102C4000FF05F1FF0900F3FF05D0FF1E00F4FF05AB
:102C500080FFEFBAFFFF0510FDFFFFFEFF050091AB
:102C6000FE7DF3FF0500000000F3FF0500000000FB
:102C7000F3FF0500000000F3FF0500000000F3FF74
:102C800005F5FF53FC09F5FFFCFF09F5FFFFFF0900
:102C9000F5FF584402F5FF030000F5FF030000F5BF
:102CA000FF030000F5FF030000F5FF030000F5FF40
:102CB000030000F5FF0300000081ECEF9C0430FEF0
:102CC000FFFFFF0AC0FF6E55E90AF0FF1C00100469
:102CD000C0FFFFAD270030FEFFFFFF050061DAFFF8
:102CE000FF1E71000091FF2FF19E46C5FF0EF1FF00
:102CF000FFFFEF0450DAFECE280020FF6F00002017
:102D0000FF6F000020FF6F0000F9FFFFFF0AF9FFCF
:102D1000FFFF0A63FF9F550320FF6F000020FF6F36
:102D2000000020FF6F000020FF6F000020FF7F00E9
:102D30000010FFEF660600FAFFFF0A0081FDEF08B2
:102D4000F6FF0200FE9FF6FF0200FE9FF6FF020064
:102D5000FE9FF6FF0200FE9FF6FF0200FE9FF6FFB9
:102D60000200FE9FF6FF0200FE9FF5FF0720FE9F78
:102D7000F3FFCFFDFF9FB0FFFFEFFF9F10E9DF18CC
:102D8000FE9FF8FF0300F2FF08F2FF0800F7FF02C2
:102D9000B0FF0D00FCBF0060FF3F20FF5F0010FE92
:102DA0008F70FF1E0000F9DFC0FF090000F3FFF481
:102DB000FF030000D0FFFDCF00000070FFFF7F0089
:102DC000000010FFFF1F00000000FAFF0A0000F6DD
:102DD000FF0400FC9F0090FF1EF2FF0720FFEF00A2
:102DE000D0FF0AC0FF0B60FFFF03F1FF0670FF0E6C
:102DF000B0EFFF07F5FF0130FF4FF18FFE0CF9BF79
:102E00000000FD7FF53FFA1FFC7F0000F9BFFA0EBE
:102E1000F56FFF2F0000F4EFFE09F1EFFF0D00004A
:102E2000E0FFFF05B0FFFF080000A0FFFF0170FFFB
:102E3000FF03000050FFBF0020FFEF0000F4FF0B76
:102E400000F5FF0A80FF7F20FEDF0100FBFFB3FFDC
:102E50002E0000D1FFFEFF05000030FFFF8F0000B5
:102E60000000F9FF1E00000030FFFFAF000000E18E
:102E7000FFFEFF060000FBEFB2FF3F0090FF6F2058
:102E8000FEDF01F5FF0A00F5FF0BF8FF0300F1FF7D
:102E900008F2FF0800F7FF02B0FF0E00FCBF005071
:102EA000FF5F20FF4F0000FEAF80FF0D0000F8FF26
:102EB000D2FF070000F2FFFBFF010000C0FFFFAFE1
:102EC00000000060FFFF4F00000010FEFF0D00003B
:102ED0000000F9FF0700000000FAFF0100000020D9
:102EE000FFAF0000000080FF3F00000000E0FF0C8B
:102EF000000000E0FFFFFFFF0FE0FFFFFFFF0F708C
:102F00007777FCFF0A000050FFBF000000F4FF1CB1
:102F1000000030FEDF020000E2FF2E000010FDEF97
:102F2000030000C1FFCF888818F3FFFFFFFF2FF3D6
:102F3000FFFFFFFF2F00000000F60300F90000BBB9
:102F400000008E00205F00501F00700D00A00900DF
:102F5000900500000000A40000D900000000CA0293
:102F600000901D0000E60200105E0000A00B0000B3
:102F7000F2040000D7000000AA0000007D0000005D
:102F80006E0000007E0000008C000000C800000001
:102F9000F2030000A00B000000108D000000E6010D
:102FA0000000E0050000B0090000900B0000900C4C
:102FB0000000A00B0000C0080000F1040000E600C3
:102FC00000007D0000700D0000F30400207E000072
:102FD000E308000000B0020047B02119B3CAD706C9
:102FE00000F71C0081DCBA0379B0421C00B002007B
:102FF000002000000000C20100000000F2010000FB
:103000000000F20100000000F20100000000F301E6
:103010000000F2FFFFFFFF013033F5343300000002
:10302000F20100000000F20100000000F2010000C7
:10303000212202FBFF0D4444030091EE2B0010CC33
:1030400055CD00801D00F601E10700F503F50200F3
:10305000F602D90000E800AC0000BB008E00007E44
:10306000007F00402F009E00C00A00EA56EB0200DD
:10307000A1EE2A00000000E1030030FB0000FCCFBD
:103080000000009C0000006E0000303F0000600E59
:103090000000A00B0000D0080000F1050021F6247C
:1030A00001FBFFFF020092EC9E0100C857F80900E7
:1030B0000200B00D000000C00B000000F30600008D
:1030C00010CC000000B12D000010DC020000D31B6A
:1030D0000000609E000000F64A444400FAFFFFBF73
:1030E000000071ECBE0300D458D61E000100602F12
:1030F000000000800D000020E7040000FE2C00000E
:103100000053CD00000000F503000000F50311009E
:1031100000DC00E658C73E0093FDAE020000000050
:10312000E30A000030FE070000E3F70400404EF61B
:103130000100E404C900504E009D00E303105F004D
:10314000F7FFFFFF0B3233933E020000A00B00009D
:1031500000D008000000F1050000B0FFFFCF00E044
:1031600059553500F204000000F501000000E800A8
:10317000000000FBEF4C00004554FC03000000F38E
:1031800006000000F305100000EA01D358B65F0006
:1031900092FDAE03000020D9CF00F66A55504E00D4
:1031A00000E1060000E6D8DF06EB48A44F8D0000E2
:1031B0009E7F0000BD8E00008EBC00603FF649F788
:1031C0000870FD6C0070FFFFFF1F305555C50C00E7
:1031D0000000F4040000109E000000A01D0000008C
:1031E000F6040000208E000000B00C000000F70381
:1031F0000000307F000000C00C000000E80200006A
:10320000000030EBBE0300F428C31E00AD00403FB9
:10321000009F00601E00FB06D20600E2EF5E003059
:103220006E72DE01D00900F307F30400F108F40523
:1032300000F503D14D638E0020EACF050000C6EFF4
:103240000800807F748F00F30600E800F80000F5A6
:1032500001F80000F501F51841FB0080FFCFCD001B
:103260000031117F000000902E000000F60600558E
:10327000A57F0000FBAD03000000FA0200ED000096
:103280003300000000000000000000300300F10ADD
:1032900000F50700B4FD5D009956FC020000F4053E
:1032A0000000F5030010AD0000D41C00907E00006B
:1032B000F0050000D20100000000000077000000CF
:1032C0009E000000000000F60D00000010DE0E0061
:1032D0000000705D1F000000E1353F000000C910D4
:1032E0005F0000203F007E0000A01A118D0000F357
:1032F000FFFFAF00009B4444CA00402F0000E700DE
:10330000C0090000F601F5020000F40300F1FFEF30
:103310002A00F44684AF00E70000BC00CB00108E0A
:10332000009E10B31C20FFFFFF05505F33A45F8099
:103330000E00009FB00B00107FE00800702FF348D4
:1033400054FA07F6FFEF4B000030DADF4A00F86A64
:1033500075ED705F000060F208000000F8010000E9
:1033600000BC000000009E000000008F0000000074
:10337000BE00000000FB03003006E37E65FA053066
:10338000EAEF4A0000F1FFCE290000F44685EE0284
:1033900000E70000E30B00BA0000900F008E000071
:1033A000701F205F0000700F502F0000A00D800ED6
:1033B0000000E008B00B0000E802E00700606F00CA
:1033C000F34875FC0600F6FFDE29000000F1FFFF60
:1033D000FF0200F45655550000E70000000000CB46
:1033E00000000000009E1111010020FFFFFF2F00D0
:1033F000505F44440400800E00000000B00B000049
:103400000000E00800000000F35855550000F6FFEA
:10341000FFCF000000F1FFFFDF00F456554500E745
:1034200000000000CB000000009E11110020FFFFF3
:10343000FF01505F444400800E000000B00B00000C
:1034400000E008000000F305000000F601000000A5
:103450000030D9EF7C0100F86B65FA09705F00005D
:103460003005F20800000000F80100000000BC0078
:10347000001111009E0090FFCF009F0030448E008D
:10348000BE0000205F00FA0300502F00E28F55D8E5
:103490000D0020D9EF7B010000F10600304F00F451
:1034A0000300601F00F70000900D00CB0000C00A71
:1034B000009E1111E10620FFFFFFFF03505F44440F
:1034C000F900800E0000C900B00B00009D00E0086C
:1034D00000106F00F30400403F00F60100700E0082
:1034E00000F8FF0C00614F0100800E0000B00B00DF
:1034F00000E0080000F2050000F6010000D900001D
:1035000000AC0000007F0000516F0100FDFF0700CC
:103510000000FEEF000033BC0000008E0000205FC2
:103520000000601F0000900D0000C00A0000F007BE
:103530000000F3040000E80063856F00E6CE05009C
:1035400000F10600C12D00F40310CC0100F700D2F9
:103550001C0000CA20CD0100009DD21B0000108F6E
:10356000BD00000050FFDD010000806FF209000087
:10357000B00B703F0000E00800CD0000F20500F441
:103580000700F50200902E0000F1060000F4030091
:1035900000E7000000CB0000008E0000205F00006C
:1035A000502F0000800E0000B00B0000E00800006B
:1035B000F3585535F6FFFF8F00F12F0000F90A0090
:1035C000F45E0030FF0700D79A00C0FA0400ABC7D2
:1035D00000C7F701007EF4213ECA00204FF1B40875
:1035E0009D00501FD0DC116F00800C904F403F00B9
:1035F000B0095007700E00E0060000A00B00F303B6
:103600000000E00800E6000000F2050000F15F00A5
:10361000204F00F4AD00501F00D7E800800D00AB34
:10362000F403B00A007EE007E006204FA00BF2038F
:10363000501F601FF600800C204FC900B009009D8C
:103640009C00E00600D96F00F30300F42F00E600B1
:1036500000F10E000040EADF070000F85AA59F00C5
:10366000705F0000F902E1080000F306F7010000B6
:10367000F206BB000000F2059E000000F5038F007B
:103680000000D900AE0000207F00EB0200C10C005A
:10369000F37D75DE020030EBCE07000000F1FFCFB6
:1036A0000400F446C63F00E700207F00BB00206F07
:1036B000008E00702F205F21F70850FFFF6D008003
:1036C0003D230000B00A000000E007000000F30402
:1036D000000000F6010000000040EADF070000F8EB
:1036E0005AA59F00705F0000FA02E1080000F4068E
:1036F000F7010000F207BC000000F2069E00000087
:10370000F5038F000000E900AF0000208F00EB02FE
:1037100000C11D00F46D75ED030040EBFF2A0000B1
:103720000000F30300000000F15B1700000060FDE3
:103730000D0000F1FFDF0600F446B54F00E7001072
:103740008F00BB00107F008E00702F205F10F607E7
:1037500050FFFF5D00803EC30D00B00B307F00E0E6
:103760000800F902F30400E10BF60100605F00308D
:10377000EAEF7B0100F46B65FB0100AD0000400047
:10378000206F0000000010CF0200000000F7DF599A
:1037900000000020B7FE0B00000000904F0000006A
:1037A00000504F00340000A00E00F86B65EB0400E1
:1037B00071ECDF190000F8FFFFFFBF5355BE553510
:1037C00000106F000000403F000000700E0000007D
:1037D000B00C000000E008000000F205000000F559
:1037E00002000000E800000000BB000000008E00A6
:1037F0000000403F0000F502700F0000E800A00C40
:103800000000BB00D00900007E00F20600304F002F
:10381000F50200601F00E80000900D00BB0000D022
:1038200009009D0000F20500CB0000DB0000F75905
:10383000C63E000070FDAE020000F5030000F50377
:10384000F3050000AC00F10600602F00E00800D096
:103850000900C00A00E70200B00C108E0000900DB5
:10386000801E0000700FE1070000502FD9000000FB
:10387000305F5F00000020EF0C00000000FF04003C
:1038800000009D0010AF00107EAC0070AF00601E05
:10389000AC00D0BC00C008BB00C5B800F402BB003F
:1038A0006BC800AA00BA300EC7204F00CA9008C7E4
:1038B000800C00C9E102D6E10600D8A700D6E600D8
:1038C00000D84D00E58C0000F70C00F51F0000F754
:1038D0000600F40A000000900E0000DA0100306FCC
:1038E00000802E000000CC00F504000000F5336FCE
:1038F00000000000E0EA080000000080AF000000C7
:103900000000B07F0000000000D9EA000000007055
:103910002EF305000000F504C00C0000306E0060BE
:103920003F0000E20900109E0000F40400405FE048
:103930000A00E208801E00BC00305F801E0000AD5F
:10394000F5040000F87E000000F20A000000F20515
:10395000000000F502000000E800000000BC0000CC
:1039600000007E00000000F7FFFFFF0B00535555DD
:10397000FA05000000507F00000000F4090000007C
:1039800030AE00000000E20B00000020CD0100007E
:1039900000D11D00000010DC02000000B02E00006D
:1039A0000000F95855550400FDFFFFFF0A00E5EE41
:1039B000EEEEEE0300D7EE5C00007955FB0100004F
:1039C00000F40200A5EDEF00C18E45BB00E7020048
:1039D0008D00CA00305F00F957F91F00B1FFAB0D31
:1039E0000000F105000000F401000000D800000014
:1039F00000ABD7AE0000FE6AF907204F00D00A6086
:103A00000E00B00A900B00D008C00700F304F104C8
:103A100000CB00F45AB53E00D7E9BE02000070FDAD
:103A20008D00DB46D7801E0010E0070000F3030086
:103A300000F5020000F4040001D15D840C20EBBE0F
:103A400005000000009C000000105F000000402FF7
:103A50000080EDBC0E00DB56E80A702E00E007E0A7
:103A60000900F204F30400F501F50200C900F502B3
:103A7000009C00F229B46F0050ED7B2F000070FD18
:103A80006D0000AB34F704700A00E006E0EEEEFED5
:103A900005F423222200F502000000F306003000A6
:103AA000C07E647C0020DADF28000030EB3E00E1BD
:103AB0004A1500D70000A0FFFF01208F3300303FE0
:103AC0000000600F0000900C0000C0090000F0062C
:103AD0000000F3030000F60000000080EDBC0C00C5
:103AE000DB56E809702E00E006E00800F202F3035E
:103AF00000E500F50100B800F503008C00F15CD78B
:103B00005F0050FD7B1F000000A00A007655EA020E
:103B100000E9EF2A000000F105000000F4010000B8
:103B200000D800000000ABD7BE0100FE6BF80720F4
:103B30005F00D009600E00E007900B00F203C008A0
:103B400000F600F10500C900F402009C00D7001047
:103B50005F0000F405008301000000009C00006F7E
:103B600000302F00600E00A00B00D00800F105000F
:103B7000F40200E700000000306F00003028000071
:103B800000000070FF0A0020E3070000F2030000BD
:103B9000F6000000C90000009C0000105F0000401B
:103BA0002F0000700E0000C0090055F80300FC4C07
:103BB000000000F106000000F402000000E7000031
:103BC0000000AA00D21C007D20BD01204FD20A00B7
:103BD000504F8E000080EE1E0000C05E9E0000F080
:103BE00006F60400F302B01D00E600209E0000F17E
:103BF0000500F40200D70000AB00007E00203F006B
:103C0000600F00900C00C00800F10500F40200E70E
:103C1000000000ACD8AF71FD2C10EF37F69E339E3C
:103C2000303F00F10700AC700E00F203008DA00BD6
:103C300000F600105FD00800C900402FF105009C7D
:103C400000800DF401006F00B00AD700302F00E0B3
:103C50000700ACD8BE0110EF27F507303F00D009B0
:103C6000700E00F007A00B00F303D00800F600F17F
:103C70000500C900F401009C00D700105F0000811E
:103C8000ED3C0010CC45EC01801E00F205E0070081
:103C9000F006F30300F205F50200F601F30400ADAF
:103CA00000D05DC51D0030EB9E010000C09AEE1AE9
:103CB00000F16E627F00F40200AC00E70000AC008F
:103CC000BA00008D007D00304F104F00B00C50AF97
:103CD00055EB0380ADEE2A00B009000000E00600BD
:103CE0000000F3030000000080EDBC0C00DB56E890
:103CF00009702E00E006E00800F203F30300E6007E
:103D0000F50200B900F503108D00F26CE85F006069
:103D1000ED6A1F000000700D000000B00A000000F6
:103D2000E00700009CD63F10EF7B17406F0000704B
:103D30000E0000A00B0000D0080000F1050000F408
:103D4000020000E700000000B4EE4B507F536AB061
:103D50000A0000B05E010030FBCF030010D50C015B
:103D600000900CAB45F705B5EE4B00101800501F46
:103D700000800C00FBFF7FF33713F30300E6000025
:103D8000B900008D00006F0000BF6400E7AE0000C6
:103D90008D00600E105F00900B501F00C008800D5A
:103DA00000F105B00A00F402E00700E700F10600A8
:103DB000BA00E02BB48F0050ED6B4F00C90000E853
:103DC00001E700206F00F501A00C00F203F30400EE
:103DD000F005AB0000D0582F0000A0DA08000080EA
:103DE000DF010000605F000000C900D009204FD84B
:103DF00000F50A800DD700BC0CE006E6504D0EE53C
:103E000001E5C0261F9B00F4D4004F2F00F36B0088
:103E1000BE0B00F20E00FC0500F20700DA00000005
:103E2000F50300DB0100C00AA02D0000503FE802AE
:103E3000000000DC3E00000000F70600000040DF4C
:103E40000B000000E4463F0000308E00BC0000E2A2
:103E50000900F40400A00C00801E700E00F2054062
:103E60002F00BB00105F502F00007ED1070000AB79
:103E7000D8000000E84F000000F60A000000E7014B
:103E80000000106E000000A00C000000F503000010
:103E90000000F7FFFF0E003233F6070000309E00EF
:103EA0000000D20A000010BD000000C11C0000008C
:103EB000DB010000A05E332300F2FFFF7F00000063
:103EC000000000E10A000052FC0600B0FFFF020003
:103ED0003033EF00000030AF000000707F000000C2
:103EE000A03F000000E00E000000F30B000000F611
:103EF00007000000FA04000000FE00006176DF66A3
:103F000004F6FFFFFF080020B7FEBE0500A0DF9A01
:103F1000FC6F0070030080CF0000000040CF000065
:103F20000000708F00000000E12F00000010FC0571
:103F3000000000C26F00000040EE04000000F82CFA
:103F4000000000C28F00000060DE04000000F59F4A
:103F500099999904F8FFFFFFFF0540C9EE8D01C054
:103F6000BEA9FE0B400000F31F000000E01F000090
:103F700000F40B000030EE020010F83C0000F77E69
:103F8000000000CE010000308F000000102400006F
:103F9000000000000000F00E000000F40B00000024
:103FA0000010FFFFEF4B000050CF88D9FF040090B6
:103FB0006F0000FA0B00C02F0000F60B00F10E009E
:103FC00000F80800F40A0010EE0200F80720D65EA0
:103FD0000000FBFFFFAF030000EF88F81E00004069
:103FE000BF0090AF0000707F0010FD0600B04F00D2
:103FF00000F32E00E00F000070CF00F30B00000074
:10400000FC07000061EBEFAD160030FDADA9FD8FA0
:1040100000E15F0000204900F7090000000000F8FF
:10402000090000000000F57E020000000080FFEFA4
:104030007B0200000062C9FF8F000000000061FFEA
:10404000040000000000FB061000000000FC03E379
:1040500006000091AF00F6EF9BB9FE1A0030C8FED3
:10406000DE4900000080DBFF8D0100F19C98FE0915
:1040700000110000F30D00000010F20C0061DBFFE6
:10408000FF0850FE8B56FA05F22D0000FC01F806E1
:104090000010DF00F90700B39F00F5BFCAFF6F00F3
:1040A00070FDDFA62F000000A4FE9D010090BF78E8
:1040B000FB0C00E90400B02F407F1111913FB0FFCD
:1040C000FFFFFF1FE04D44444404F10C00000000DA
:1040D000F10E00000000D08F0000910250FF9CB84C
:1040E000EF0000A3FECE380000F4080000F8050041
:1040F00000FC0100F4FFFF9F93BF7737705F000063
:10410000A02F0000E00D0000F20A0000F6060000FB
:10411000F9040000FB040000F88D7900A1FE5D00A9
:104120000095ECEF7C0160FFFFFFFF1D90FFFFFF9C
:10413000FF9FD07D23E6FFCF50000090FFCF00000F
:1041400000A0FF9F000000F4FF3F000071FFFF068A
:104150000093FEFF5E0000F9FF8E010000FCEF01FE
:10416000000010FFBF000000208858000000000081
:1041700000000000E0FF5F000000F3FF2F000000E0
:10418000F6FF0E00000000000084ECEF9C0400002D
:10419000B3FFFFFFFFBF0050FEFFFFFFFFAF00F4C4
:1041A000FFEF4864FC6F10FEFF1B0000703F80FFB4
:1041B000DF0100000004E1FF5F0000000000F4FFE9
:1041C0000E0000000000F8FF0B0000000000FAFFE6
:1041D0000A0000000000FBFF090000000000FAFFD9
:1041E0000C0000003000F8FF3F0000307C00F3FFBF
:1041F000EF4864FB3F00A0FFFFFFFFFF0E0010FB36
:10420000FFFFFFFF09000050DAFFBE27000000009B
:10421000FCFF060000F8FF090000FFFF030000FBA1
:10422000FF050030FFEF000000FEFF020070FFCF2F
:10423000000020FFEF0000A0FF9F000050FFBF0024
:1042400000D0FF6F000080FF7F0000F1FF5F33337D
:10425000C3FF4F0000F5FFFFFFFFFFFF1F0000F847
:10426000FFFFFFFFFFFF0D0000FBFFFFFFFFFFFF52
:10427000090000FEFF040000FAFF060030FFFF0106
:104280000000FDFF030060FFCF000020FFEF0000F3
:1042900090FF9F000050FFBF0000C0FF5F00009034
:1042A000FF8F0000F1FF2F0000C0FF5F0000F4FF50
:1042B0000D0000F1FF2F00000070FFFFFFFF0D0059
:1042C000B0FFFFFFFF0A00D0FFFFFFFF06000080E6
:1042D000FF9F00000000B0FF6F00000000E0FF3F04
:1042E00000000000F3FF0E00000000F6FF0B0000CE
:1042F0000000F9FF0800000000FDFF0500000010AD
:10430000FFFF0100000040FFDF0000000070FFAF72
:1043100000000000B0FF7F000000F8FFFFFFCF00AB
:1043200000FBFFFFFF9F0000FEFFFFFF6F0000008C
:1043300060C9EDEF8C0200E0FFFFFFFF2E00F2DF0F
:10434000CBFEFF8F0073020090FF9F0000002072E1
:10435000FF7F0050DAFFFFFF4F30FDFFFFFFFF1F21
:10436000E2FFAF36F2FF0CF8FF0800F4FF09FBFF95
:104370000400F8FF05FAFF5CB6FFFF02F5FFFFEF50
:10438000FFEF0050FCEF4AFFBF00000030C9FEAD58
:10439000150010FBFFFFFF5F00E2FFFFEEFF1F00B5
:1043A000FDFF2A00C30D70FFBF00001004C0FF3FD7
:1043B00000000000F1FF0E00000000F3FF0D000000
:1043C0000000F2FF1F00004000E0FFAF01409C0032
:1043D00080FFFFEFFF5F0000FAFFFFFF1F000050AC
:1043E000EBFF9D0300000060DBEF8C02000040FD4E
:1043F000FFFFFF3E0000F4FF9EC9FFBF0010FEBF9D
:104400000100FDFF0080FF7F5555FDFF01D0FFFF3C
:10441000FFFFFFEF00F1FFFFFFFFFFBF00F2FF0A0A
:104420000000000000F2FF0D0000000300E0FFAFFD
:104430000200B50C0070FFFFEFFDFF090000F9FF5F
:10444000FFFFFF05000040D9FECE4900000000201C
:10445000D9FEDE0000E3FFFFCF0000FDFFCE8D00A0
:1044600050FF9F000040FFFFFFFF0270FFFFFFEFC4
:104470000070FBFFBE8B0000F4FF0A000000F7FF96
:1044800006000000FAFF03000000FDFF000000200E
:10449000FFCF00000050FF9F00000080FF5F000082
:1044A00000B0FF2F000000E0FF0E000000F3FF0B44
:1044B0000000000000FEFF030020FFEF000050FF9F
:1044C000BF00000011110000D0FF0F0000F2FF0C30
:1044D0000000F5FF090000F8FF050000FBFF0200E7
:1044E00000FEEF000030FFBF000060FF7F00009083
:1044F000FF4F0000C0FF1F0000F1FF0D0000F4FFA0
:104500000A0000F7FF0600000000FCFF010010FF9A
:10451000DF000040FF9F000080FF6F0000B0FF2F12
:104520000000E0FF0E0000F3FF0B0000F6FF0700A5
:1045300000FAFF040000FDFF010010FFCF00005053
:10454000FF8F000080FF5F0000C0FF2F0000F0FF22
:104550000D0000F3FF0A0000F7FF06000000D0FF87
:104560001FB6EE4B0000F2FFDEFFFFEF0200F5FF8B
:10457000FFFFFFFF0700F8FF4B10FDFF0800FBFFE8
:104580000200FAFF0600FEEF0000FCFF0330FFBF51
:104590000000FEFF0060FF7F0030FFCF0090FF4F64
:1045A0000060FF8F00C0FF1F0090FF5F00F1FF0D54
:1045B00000C0FF2F00F4FF0900F1FF0D00F7FF0618
:1045C00000F4FF0A00000050DAEF8C01000030FD1B
:1045D000FFFFFF2E0000E3FFDFFCFFCF0010FDFF19
:1045E0000730FFFF0370FFAF0000FBFF05C0FF3F78
:1045F0000000FBFF04F1FF0F0000FCFF03F2FF0DC2
:104600000020FFEF00F3FF0D0080FF8F00F1FF4F50
:1046100000F5FF2E00A0FFFFDCFFFF040010FDFFF0
:10462000FFFF4D00000071ECEF6B01000000D0FFB8
:104630000FA4DE00F2FFADFFAF00F5FFFFFF6F003C
:10464000F8FFFFDE3D00FBFF15000000FEEF00005D
:104650000030FFBF00000060FF8F00000090FF4FA0
:10466000000000C0FF1F000000F1FF0D000000F47B
:10467000FF0A000000F7FF06000000006088070046
:1046800000F0FF0D0000F4FF0A0000F7FF0600F441
:10469000FFFFFFCFF7FFFFFF9FB7FFDFAA4A50FFE3
:1046A0008F000080FF5F0000C0FF1F0000F0FF0DC3
:1046B0000000F3FF0A0000F6FF070000F9FF0810F2
:1046C00000F9FFCFAC00F5FFFF6F0070FDEF2C008D
:1046D00000FFEF0000FBFF0230FFBF0000FEEF0015
:1046E00070FF7F0030FFBF00A0FF4F0060FF7F0022
:1046F000D0FF1F0090FF4F00F2FF0D00C0FF1F0012
:10470000F5FF0900F1FF0D00F8FF0700F4FF0A00B4
:10471000FBFF0500F7FF0600FDFF0961FDFF030039
:10472000FCFFFFFFFFFF0000F7FFFFDFFFCF0000F0
:1047300070FDAE54FF9F0000000000003F00050820
:104740000800050000000000000000003F00090E06
:104750000E010B0000000000000000003F00111FD0
:104760001F031600000000000000000020000000F1
:10477000000007000000000000002100050E0E02EE
:10478000080000002A000000280009130F010B0098
:10479000000089000000290008130F010B00000031
:1047A000D50000002A000B0A0F020E0000001101C4
:1047B00000002B000E0D0D02110000006C01000026
:1047C0002D00080308010A000000780100003000F5
:1047D0000D0E0E010E000000DA01000031000B0E7C
:1047E0000E020E0000002E02000032000D0E0E011F
:1047F0000E0000009002000033000C0E0E010E00AF
:104800000000E402000034000E0E0E000E00000056
:104810004603000035000C0E0E010E0000009A0346
:10482000000036000D0E0E010E000000FC0300001B
:1048300037000C0E0E010E0000005004000038007E
:104840000D0E0E010E000000B204000039000C0E27
:104850000E010E000000060500003A00040B0B02DA
:10486000080000001C0500003F000B0E0E010C00AC
:104870000000700500004100100E0E001000000046
:10488000E005000042000E0E0E010F00000042067F
:10489000000043000D0E0E010E000000A4060000F3
:1048A00044000F0E0E011100000014070000450027
:1048B0000C0E0E010E0000006807000046000C0EF2
:1048C0000E010D000000BC07000047000E0E0E0197
:1048D000100000001E08000048000E0E0E0111001E
:1048E0000000800800004900090E0E010B000000C6
:1048F000C60800004A000A0E0E000B0000000C095A
:1049000000004B000F0E0E010F0000007C0900009C
:104910004C000C0E0E010D000000D00900004D00EF
:10492000110E0E01130000004E0A00004E000F0E83
:104930000E0111000000BE0A00004F000F0E0E0114
:10494000110000002E0B000050000D0E0E010F0094
:104950000000900B000051000F120E01110000002A
:10496000200C000052000F0E0E0110000000900CF1
:10497000000053000D0E0E010E000000F20C0000AE
:1049800054000E0E0E000E000000540D00005500E5
:104990000E0E0E0110000000B60D000056000F0EA6
:1049A0000E000F000000260E00005700160E0E002D
:1049B00017000000C00E000058000F0E0E000F0080
:1049C0000000300F000059000F0E0E000F00000015
:1049D000A00F00005A000E0E0E000E000000021084
:1049E00000005F001002FFFF0E00006012100000C8
:1049F00061000C0B0B000D00000054100000620061
:104A00000D0F0F010E000000BD10000063000C0B25
:104A10000B000C000000FF10000064000D0F0F00E1
:104A20000E0000006811000065000D0B0B000D006A
:104A30000000B51100006600090F0F00080000001B
:104A40000012000067000D0F0B000E00000069123D
:104A5000000068000C0F0F010E000000C3120000E0
:104A60006900050F0F0107000000F01200006A0046
:104A700008130FFF080000003C1300006B000D0F2F
:104A80000F010D000000A51300006C00050F0F01C1
:104A900007000000D21300006D00130B0B0115007E
:104AA0000000401400006E000C0B0B010E00000013
:104AB000821400006F000D0B0B000E000000CF14DD
:104AC000000070000D0F0B010E00000038150000F3
:104AD00071000D0F0B000E000000A1150000720008
:104AE000090B0B010A000000D815000073000C0B25
:104AF0000B000C0000001A1600007400090E0E00D6
:104B0000090000006016000075000C0B0B010E0080
:104B10000000A216000076000D0B0B000D00000037
:104B2000EF1600007700140B0B00140000005D1757
:104B3000000078000D0B0B000D000000AA1700000C
:104B400079000D0F0B000D000000131800007A0013
:104B50000C0B0B000C000000000000002000000007
:104B6000000005000000000000002100050C0C0101
:104B700006000000240000002800070F0C010700B9
:104B80000000600000002900070F0CFF0700000074
:104B90009C0000002A0008080C020A000000BC006B
:104BA00000002B000B0A0A010C000000F8000000B6
:104BB0002D0005030701070000000101000030007F
:104BC000090C0C010A0000003D0100003100070C37
:104BD0000C010A0000006D0100003200090C0C00FD
:104BE0000A000000A901000033000A0C0C000A00B2
:104BF0000000E50100003400090C0C000A00000070
:104C00002102000035000A0C0C000A0000005D02C1
:104C100000003600080C0C010A0000008D020000A4
:104C200037000A0C0C010A000000C902000038001D
:104C30000A0C0C000A000000050300003900090CF2
:104C40000C010A000000410300003A0005090901B7
:104C5000070000005C0300003F00070C0C02080086
:104C600000008C03000041000B0C0CFF0A00000048
:104C7000D403000042000A0C0C000A0000001004DB
:104C8000000043000A0C0C010A0000004C04000064
:104C900044000C0C0C000B000000940400004500C4
:104CA0000B0C0C0009000000DC04000046000A0C9C
:104CB0000C00090000001805000047000B0C0C0157
:104CC0000C0000006005000048000C0C0C000B00FC
:104CD0000000A80500004900070C0C0006000000B9
:104CE000D80500004A00080C0CFF07000000080669
:104CF00000004B000C0C0C000A00000050060000E5
:104D00004C00080C0C0008000000800600004D005C
:104D10000D0C0C000D000000D40600004E000C0C21
:104D20000C000B0000001C0700004F000B0C0C01D6
:104D30000C0000006407000050000A0C0C00090081
:104D40000000A007000051000B0F0C010C00000038
:104D5000FA07000052000A0C0C000A000000360896
:104D6000000053000B0C0C000A0000007E0800003D
:104D700054000A0C0C0109000000BA08000055009C
:104D80000B0C0C010B0000000209000056000B0C7C
:104D90000C010A0000004A09000057000E0C0C022A
:104DA0000F0000009E09000058000D0C0CFF0A00C7
:104DB0000000F209000059000A0C0C010900000073
:104DC0002E0A00005A000B0C0C000A000000760AA4
:104DD00000005F000B01FFFE0A0000607C0A00007B
:104DE00061000909090009000000A90A0000620029
:104DF000090C0C0009000000E50A00006300080926
:104E0000090008000000090B000064000A0C0C00F7
:104E100009000000450B00006500090909000900B0
:104E20000000720B00006600080C0C00050000007A
:104E3000A20B00006700090C090009000000DE0B4E
:104E400000006800090C0C000A0000001A0C0000A9
:104E50006900050C0C00040000003E0C00006A0014
:104E6000080F0CFE050000007A0C00006B000A0C15
:104E70000C0009000000B60C00006C00050C0C00D2
:104E800004000000DA0C00006D000E0909000F009C
:104E90000000190D00006E00090909000A00000059
:104EA000460D00006F000909090009000000730D9C
:104EB000000070000A0C09FF09000000AF0D00009F
:104EC0007100090C090009000000EB0D00007200E0
:104ED00008090900060000000F0E00007300080911
:104EE000090008000000330E00007400060C0C01DD
:104EF00006000000570E00007500090909000A00AD
:104F00000000840E00007600090909010900000074
:104F1000B10E000077000C0909010C000000E70E3B
:104F2000000078000B0909FF090000001D0F0000B8
:104F300079000A0C090009000000590F00007A00EE
:104F4000090909FF08000000000000003100090EF7
:104F50000E010D0000004600000032000C0E0E0095
:104F60000D0000009A0000003F000A0E0E020B0028
:104F70000000E000000052000D0E0E000E000000C8
:104F80004201000053000E0E0E000E000000A401AE
:104F9000000061000B0B0B000C000000E60100009C
:104FA00065000C0B0B000C000000280200007400D0
:104FB000080E0E01080000000000000020000000A4
:104FC000000008000000000000003F000C1111026A
:104FD0000E000000660000004300101111011000D7
:104FE0000000EE0000004800131111001200000044
:104FF0009801000049000D1111000C0000000F0283
:10500000000061000E0D0D000F0000006A0200009C
:1050100063000E0D0D000D000000C50200006500CC
:105020000F0D0D000F0000002D03000066000C1195
:10503000110009000000930300006900091111002C
:1050400008000000E80300006C00091111000800CE
:1050500000003D0400006E000F0D0D001000000068
:10506000A50400006F000F0D0D000F0000000D05DE
:10507000000072000C0D0D000B0000005B0500002D
:1050800074000A1111010A000000B005000075004B
:105090000F0D0D01100000000000000000000000D6
:1050A0000000000000000000000000000000000000
:1050B000000000006815030880150308C8150308E0
:1050C000E0160308382F0308C03E030820410308F8
:1050D000C05D03080000002060020000100200080C
:1050E000F05D03086002002028F90100500200086A
:1050F0006E0000006E0000003A0000004E0000004C
:105100006E000000480000006E0000004200000039
:105110000C0000003A0000006E0000004E0000008D
:10512000480000006E000000420000006600000021
:105130005E000000190000006E0000006E0000001C
:105140006E0000006E0000006E0000006E000000A7
:105150002D0000000D0000000000000058000000BD
:10516000540000004C005F0058003A00020020008C
:105170000A004C005F0059003A0002000000520093
:105180005F0058003A0002000A0052005F00590018
:105190003A000200000048007500720072006900C9
:1051A000630061006E00650020004300740072001F
:1051B0006C00200049006E0066006F000000520085
:1051C00075006E006E0069006E0067005400690093
:1051D0006D0065000200000053007400610074005F
:1051E00065003A000200000056005F0078003A00B7
:1051F0000200000056005F0079003A000200000043
:105200005900610077003A000200000056003A00A1
:10521000020000004B00650079003A000200000027
:1052200052003100530074006100740065000000FA
:1052300052003200530074006100740065000000E9
:105240003000000005000500050005000500050010
:105250000500050005000500050005000500050026
:10526000050003010301060104040404040404040A
:1052700004040404050004040404040404040000F9
:105280001C00000043000000F8FFFFFF0C000000BE
:105290000E0000000F0000002E00000010010000B2
:1052A00043000000F8FFFFFF004040404040404006
:1052B00040404141414141404040404040404040E9
:1052C000404040404040404040050202020202028D
:1052D00002020202020202020220202020202020DC
:1052E00020202002020202020202909090909090F0
:1052F00010101010101010101010101010101010AE
:105300001010101002020202020288888888888821
:10531000080808080808080808080808080808080D
:105320000808080802020202400000000000000015
:10533000000000000000000000000000000000006D
:10534000000000000000000000000000000000005D
:10535000000000000000000000000000000000004D
:10536000000000000000000000000000000000003D
:10537000000000000000000000000000000000002D
:10538000000000000000000000000000000000001D
:10539000000000000000000000000000000000000D
:1053A0000000000000000000000000002923FDFFB5
:1053B0000523FDFF1923FDFF7EAFFC7F01000000E8
:1053C000B0CBFC7FB0088480B0CBFC7F0100000034
:1053D000E422FD7FB00884800423FD7FB0B0B0805C
:1053E0000A23FD7FAB38B2803023FD7F088409801B
:1053F0005823FD7FAA3FB280C823FD7FA837B28023
:10540000F823FD7FB0B0AA806024FD7FB0AF00809C
:105410005826FD7FB0AC05805827FD7FB0B0AA802C
:10542000C427FD7FACC6FE7F8028FD7FBCC6FE7F03
:105430003C29FD7FCCC6FE7FF829FD7FDCC6FE7FC0
:10544000BC2AFD7FECC6FE7F842BFD7FFCC6FE7F61
:10545000442CFD7F0CC7FE7F082DFD7FB0AE0B8076
:10546000A82DFD7F010000009C2EFD7FB0AC0B80BD
:105470001C2FFD7F08840180282FFD7F0100000084
:10548000282FFD7FB00884804A2FFD7FB0AC0F80AD
:10549000CE2FFD7FB0AC11809A30FD7FB0B0B080D0
:1054A000AA30FD7FB0088480C230FD7FB0B0B080EC
:1054B0000231FD7FB0A801802431FD7FB0AF0C80A8
:1054C0007A34FD7FB0B0A8808234FD7FB0AB02801B
:1054D000D634FD7FB00B8480E834FD7FB0B0AA8065
:1054E0001A36FD7FB0B0A8807236FD7FB008848088
:1054F0008036FD7FB0AC0180C436FD7F0884058016
:105500008838FD7F08840180A038FD7F08840380EF
:105510005039FD7F08840180DC39FD7F01000000E7
:10552000003AFD7F08840180DC3AFD7F0884038017
:10553000F03AFD7FB0A807803C3BFD7F01000000F2
:10554000603BFD7F34C6FE7FDC3BFD7F40C6FE7FB7
:10555000C43CFD7F01000000243DFD7FB0B0AB8066
:105560009C3DFD7FB0AF0A80683EFD7FB0AB008000
:10557000043FFD7F01000000E43FFD7F08840180BF
:105580001040FD7F38C6FE7FF852FD7F010000000D
:105590000853FD7F48C8FE7F2054FD7F01000000B6
:1055A0005C55FD7F50C8FE7F9C55FD7F01000000CB
:1055B000C855FD7F08840180D455FD7F088405808F
:1055C0000856FD7F010000003C56FD7F08840180E5
:1055D0005056FD7F088403807056FD7F0100000057
:1055E000F856FD7F088401805057FD7F08840780AE
:1055F000A457FD7F08840180BC57FD7F0100000097
:10560000C057FD7F08840180CC57FD7F010000005A
:10561000CC57FD7F08840180E457FD7F0884038018
:10562000F857FD7FB0A807804458FD7F01000000B7
:105630006858FD7F08840380D858FD7F0100000072
:10564000FC58FD7F088401800459FD7F088409808F
:105650004059FD7F088401806859FD7FACC7FE7FFB
:10566000E059FD7F01000000205AFD7FB0A80B80AB
:10567000F45BFD7F01000000245CFD7F0884018055
:10568000845CFD7F01000000885CFD7F0884098048
:105690003060FD7F088403805461FD7F08840180B1
:1056A0006061FD7F010000000862FD7F78C7FE7F1A
:1056B0009062FD7F01000000A062FD7F80C7FE7F39
:1056C000CE62FD7F01000000CC62FD7F0884038074
:1056D0007C63FD7FB00884809463FD7F0884038031
:1056E000B863FD7FB00884800864FD7F010000007E
:1056F000F865FD7F088401800466FD7F01000000DD
:10570000A475FD7F08840180AE75FD7F0100000057
:10571000507AFD7F08840180687AFD7F01000000D7
:10572000F880FD7F088405806C81FD7F010000000A
:105730009C89FD7F08840180AC89FD7F0100000009
:10574000208CFD7F088401802A8CFD7F01000000F1
:105750002C8DFD7FB0AF1080048EFD7F0100000016
:10576000288EFD7F088405804C8EFD7FE8C6FE7F75
:10577000888EFD7F01000000D88EFD7F08840180A7
:10578000508FFD7F01000000748FFD7F08840D8025
:105790009890FD7F08840180F090FD7F010000005B
:1057A000B893FD7F088405800894FD7F0100000008
:1057B0002C94FD7F088401807694FD7F0100000019
:1057C0009896FD7F08840780B897FD7F0100000050
:1057D0006499FD7F08840180A899FD7F90C6FE7FB3
:1057E0003C9AFD7F01000000709AFD7F08840180D3
:1057F0008C9AFD7F01000000509BFD7F88C6FE7FD4
:10580000A89BFD7F01000000C89CFD7F08840180EB
:10581000D49CFD7F01000000DC9CFD7F088401809A
:10582000F89CFD7F010000003C9DFD7F0884018005
:105830005C9DFD7F01000000809DFD7F088401804C
:10584000989DFD7F01000000C49DFD7FB00884800D
:10585000FA9DFD7F01000000209EFD7F3CC6FE7F7B
:10586000649EFD7F01000000949EFD7F08840180FE
:10587000A09EFD7F01000000C09EFD7F0884038084
:10588000E89EFD7F01000000E8A0FD7F0884018004
:10589000FCA0FD7F01000000DCA2FD7F08840180E8
:1058A000E8A2FD7F01000000D4A3FD7F08840380EF
:1058B0000EA4FD7F010000004CA4FD7F088403803E
:1058C00008A5FD7F010000009CA7FD7F08840780DC
:1058D00028A8FD7F010000006CAFFD7F08840380D5
:1058E00088AFFD7F01000000A4AFFD7F0884078022
:1058F000E4B0FD7F01000000ECB0FD7F088407806C
:1059000024B1FD7F0100000090CDFD7F088403805D
:10591000E2CDFD7F01000000F8CFFD7F0884058007
:105920001ED0FD7F010000002CD0FD7F0884058083
:1059300054D0FD7F0100000020D2FD7F088401804B
:105940003CD2FD7F01000000A0D2FD7F08840180D1
:10595000CCD2FD7F010000001CD3FD7F08840580B0
:10596000F0D3FD7F01000000B8D7FD7F08840180DF
:10597000C6D7FD7F01000000A0DDFD7F0884018007
:10598000AEDDFD7F0100000044E1FD7F088403805F
:1059900070E1FD7F0884018088E1FD7F0100000047
:1059A000D0E2FD7F08840180DEE2FD7F010000007F
:1059B000C8F2FD7F08840380F8F2FD7F010000003B
:1059C000B4F3FD7F08840380EAF3FD7F010000004B
:1059D00090F4FD7F08840380D8F4FD7F010000006F
:1059E0008CF5FD7F08840380B0F5FD7F088401807D
:1059F000D8F5FD7F01000000F8F5FD7F08840180E7
:105A000030F6FD7F010000008CF7FD7F08840180E7
:105A1000A0F7FD7F0100000000FCFD7F08840380EB
:105A20003CFCFD7F01000000001DFE7F0884038018
:105A3000561DFE7F010000007C1DFE7F0884038050
:105A4000A01DFE7F08840580C81DFE7F01000000A8
:105A50002C1EFE7F088405808C1EFE7F54C4FE7FB2
:105A6000061FFE7F010000008C23FE7F088401805A
:105A7000A823FE7F01000000CC25FE7F0884018062
:105A8000E425FE7F010000002C26FE7F08840180B3
:105A90004426FE7F010000009026FE7F08840180DE
:105AA000A826FE7F01000000C427FE7F0884038033
:105AB0008228FE7FB0B0B0808228FE7FB00B848049
:105AC000DE28FE7FB0AB00804429FE7FB0B0B080FE
:105AD0004229FE7FB0A801806A29FE7FB0B0B08065
:105AE0007229FE7FB00884807A29FE7FB0B0B08032
:105AF0007829FE7FB0AF0080FA2AFE7F0B840380F6
:105B0000822BFE7FB00B8480AA2BFE7FB00884809E
:105B1000DC2BFE7FB0B0A880EA2BFE7FB00884802B
:105B2000222CFE7FB00B84805C2CFE7FB0B0B08056
:105B3000F82FFE7FB0B0A8802430FE7FB0B0B080D8
:105B40002230FE7FB0AB00805830FE7FB0B0AC801A
:105B5000F030FE7FB0088480AE31FE7FB0AC0F80A5
:105B60002C32FE7FB0AD02805C33FE7FB0088480B3
:105B70008033FE7F088401808833FE7F01000000AF
:105B80001036FE7F08840780A436FE7F01000000E7
:105B90002C38FE7F088401804438FE7F010000001D
:105BA000503AFE7F28C3FE7F7C3AFE7F2CC3FE7FE7
:105BB000AC3AFE7F01000000903CFE7F0884078025
:105BC000D03CFE7F010000007446FE7F0884018007
:105BD0008E46FE7F01000000AC47FE7F08840180F6
:105BE000B447FE7F01000000C04FFE7F08840380A1
:105BF000CC50FE7F01000000D050FE7FB0B0B080DE
:105C0000EC50FE7FE0C2FE7F5851FE7FB0088480DA
:105C10008851FE7FB0B0B0809851FE7FE8C2FE7F11
:105C2000BC51FE7F088403803452FE7FB0B00180F7
:105C30004452FE7F088403807C52FE7FB0B0018016
:105C40008C52FE7F01000000A452FE7FB0B00180A4
:105C5000AE52FE7F01000000BC52FE7FB0B0B080AB
:105C6000BC52FE7F010000006853FE7FB0B0B080E0
:105C70007853FE7FB00884807A53FE7FA0C2FE7FF7
:105C80009C53FE7FB4C2FE7FE253FE7FC8C2FE7FFC
:105C90003454FE7FDCC2FE7FAC55FE7F30C3FE7FF6
:105CA000D255FE7FB00B84806056FE7FB0B0B080CE
:105CB0006C56FE7FB0AB0080B456FE7FB008848087
:105CC000D456FE7FB0B0AA805857FE7F088401806A
:105CD0004858FE7FB00884806058FE7F08840380A7
:105CE000A858FE7FB0AD04800C59FE7FB0088480B8
:105CF0001C59FE7FB0AC0B80445AFE7F01000000AF
:105D0000625AFE7FB0B0AA80885AFE7FB0B0A880E9
:105D10009C5AFE7FB0B0AA80C05AFE7FB00B848030
:105D2000005BFE7FB00884800A5BFE7FB0B0B0806D
:105D3000085BFE7FB0B0AC80365BFE7FB0AA098006
:105D4000965BFE7FB0B0B080985BFE7F01000000E4
:105D50009E5BFE7FB00884809C5BFE7F010000009C
:105D6000EE5DFE7FB0B0B080385EFE7F01000000C7
:105D70003C8AFE7FB00884805C8AFE7F08840180B4
:105D8000A48AFE7FB0088480AC8AFE7F01000000F8
:105D9000A88AFE7F08840380F48AFE7FB00884808E
:105DA000FC8AFE7F010000000C8FFE7FB00884801B
:105DB000308FFE7FB0B0B080308FFE7F01000000DA
:105DC0004A0024F4009C2502085A33E8030A1525EA
:105DD0000F0008B1AD0108014201C20132014201C8
:105DE000421005FFAAAAAAAA01FF0119000000009B
:04000005080001AD41
:00000001FF
