S3150800000030FD0120550300086D5900083D540008CD
S3150800001069590008B91C0008B176000800000000FC
S31508000020000000000000000000000000B1690008A0
S315080000306D1F000800000000115F0008456A0008EF
S315080000406F0300086F0300086F0300086F030008BA
S315080000506F0300086F0300086F0300086F030008AA
S315080000606F0300086F0300086F0300086F0300089A
S315080000706F0300086F0300086F0300086F0300088A
S315080000806F0300086F0300086F0300086F0300087A
S315080000906F0300086F0300086F0300086F0300086A
S315080000A06F0300086F0300086F0300086F0300085A
S315080000B03D6B00086F0300086F0300086F03000814
S315080000C06F0300086F0300086F0300086F0300083A
S315080000D06F0300085D7600086F0300086F030008C9
S315080000E06F0300086F0300086F0300086F0300081A
S315080000F06F0300086F0300086F0300086F0300080A
S315080001006F0300086F0300086F0300086F030008F9
S315080001106F0300086F0300086F0300086F030008E9
S315080001206F030008B51D0008C51D00086F03000809
S315080001306F0300086F0300086F0300086F030008C9
S315080001406F0300086F0300086F0300086F030008B9
S315080001506F0300086F030008D51D00086F03000829
S315080001606F0300086F0300086F0300086F03000899
S315080001706F0300086F0300086F0300080000000003
S315080001806F0300086F0300086F0300086F03000879
S315080001906F0300086F0300086F0300086F03000869
S315080001A06F0300086F030008A51D000800F002F899
S315080001B000F0C1F814A696E8000CB244B344DA4538
S315080001C001D100F0B8F8BAE80F000FA696E830009B
S315080001D0A5EB040504EB0607AAEB0704A7F101073C
S315080001E04FEA15154FEA3414A4F10104AC4201D3C1
S315080001F000F0A1F813F0010F18BFFB1A43F0010332
S3150800020000F001F8DBE71847304D0300504D0300B6
S315080002100A4410F8014B14F00F0508BF10F8015BEB
S31508000220240908BF10F8014B6D1E05D010F8013BD4
S315080002306D1E01F8013BF9D1641E03D0641E01F856
S31508000240015BFBD19142E4D3704700007047000080
S315080002500023002400250026103A28BF78C1FBD8C1
S31508000260520728BF30C148BF0B6070476E2900F09F
S315080002703984702900F08785662921F05687652913
S3150800028021F05387672921F05087612921F04F878C
S3150800029003681B0A28BF41F08001692900F0E6833C
S315080002A0642900F0E383752900F0E0836F2900F0E4
S315080002B01585782900F05385E92900F0AF84E429EB
S315080002C000F0AC84F52900F0A984EF2900F0128526
S315080002D0F82900F052850368DB0928BF41F0800140
S315080002E0632901F0B582732901F0BA82E32901F086
S315080002F0C582F32901F0CA82002070471FB521F094
S3150800030007FF9DE8030000F0C3FA01F06DFB040047
S315080003100020002121F06EFA401C606000200021B8
S3150800032021F052FAE06000F081FA1FBD10B50020F6
S3150800033001F0E9FA10BD01F029FB1146FFF7DEFFCF
S315080003401CF026FB01F006FC03B4FFF7EFFF03BC25
S315080003501BF0F4FD0948804709480047FEE7FEE719
S31508000360FEE7FEE7FEE7FEE7FEE7FEE7FEE7FEE757
S3150800037004480549054A064B70470000296B0008E2
S31508000380AD01000830DD012030FD012030ED0120EF
S3150800039030ED012070B5064600F05EFA056806F1F4
S315080003A00B0020F00704B4429CBF002070BD2B460A
S315080003B06A68BAB11068A04210D304F108018842ED
S315080003C03CBF5068586007D35168101941601168DE
S315080003D0091B016058601460101D70BD13465268F1
S315080003E0002AE7D12146284600F03EFA0028DED149
S315080003F070BD70B50446051F00F02EFA0068002C83
S3150800040014BF446870BD002C18BFAC423CBF2046E0
S315080004106468F8D301680A18AA4218BF456003D170
S315080004202A6805461144016028684119A1421CBF83
S315080004306C6070BD6168696021680844286070BD99
S3150800044070B50D460646041F00F006FA0268BDB1EF
S31508000450DEB105F10B0020F00701A9423CBF0020E0
S3150800046070BD23688B4238BF506813D35A1A082ABE
S3150800047036D3601840F8042B2160FFF7BAFF2FE047
S315080004803046FFF7B6FF002070BD2846BDE870402D
S31508000490FFF780BF002818BFA0423CBF024640684D
S315080004A0F8D303EB040C84451CD1D0F800C0634490
S315080004B0994217D8A3EB010CBCF1080F0DD3D0F85D
S315080004C004C06318C3F804C0D4F800C000686044C8
S315080004D0401A18602160536002E02360406850604B
S315080004E0201D70BD2846FFF755FF050008D0314688
S315080004F02068021F284600F012F9201DFFF779FF31
S31508000500284670BD53EA020C00F069802DE9F04BCD
S315080005104FF00006002B1FBFB3FA83F503FA05F464
S3150800052024FA05F65E4012BF1643B2FA82F502FABD
S3150800053005F4C5F120051EBF22FA05FC44EA0C04A1
S31508000540203556EA044C4FEA144418BF641C4FF091
S3150800055000084FF00009904271EB030C39D30029CB
S3150800056019BFB1FA81F701FA07F6B0FA80F700FA6F
S3150800057007F6C7F120071EBF20FA07FC46EA0C0655
S315080005802037B6FBF4FCA7EB0507103F07F01F0B57
S31508000590CBF120062CFA06F60CFA0BFB44BFB34641
S315080005A00026202FA4BF5E464FF0000B5BEA060C20
S315080005B008BF4FF0010B19EB0B0948EB0608ABFB1C
S315080005C0027C06FB02CC0BFB03CCC01B71EB0C01B7
S315080005D0C1E70B46024641464846BDE8F08B13B5CF
S315080005E0084318BF4FF0FF300146AFF30080BDE85F
S315080005F01C4070470FB4014610B504AA039800F0D2
S315080006009DFA10BC5DF814FB0B460146184600F02F
S3150800061094BC00000EB5054614460E4613A000F01D
S31508000620A3FC284600F0A0FC16A000F09DFC30466E
S3150800063000F09AFC15A000F097FC00218DF80B102D
S315080006400A210DF10A008DF80A1008E094FBF1F270
S3150800065001FB124294FBF1F4303200F8012D002C14
S31508000660F4DC00F081FC00F05DFC00002A2A2A2058
S31508000670617373657274696F6E206661696C65640F
S315080006803A2000002C2066696C6520002C206C69D5
S315080006906E652000032A40F2308010F0030C00F04B
S315080006A0158011F8013BBCF1020F624498BF11F89E
S315080006B001CB00F8013B38BF11F8013BA2F1040257
S315080006C098BF00F801CB38BF00F8013B11F00303CF
S315080006D000F02580083AC0F0088051F8043B083A33
S315080006E051F804CBA0E80810F5E7121D5CBF51F8D5
S315080006F0043B40F8043BAFF30080D20724BF11F84F
S31508000700013B11F801CB48BF11F8012B24BF00F8B3
S31508000710013B00F801CB48BF00F8012B704710B524
S31508000720203AC0F00B80B1E81850A0E81850B1E89C
S315080007301850A0E81850203ABFF4F5AF5FEA027CDB
S3150800074024BFB1E81850A0E8185044BF18C918C00B
S31508000750BDE810405FEA827C24BF51F8043B40F8AC
S31508000760043B08BF7047D20728BF31F8023B48BF91
S3150800077011F8012B28BF20F8023B48BF00F8012BCF
S31508000780704702F0FF0343EA032242EA024200F0FE
S3150800079024B84FF000020429C0F0128010F0030CB0
S315080007A000F01B80CCF1040CBCF1020F18BF00F856
S315080007B0012BA8BF20F8022BA1EB0C0100F00DB805
S315080007C05FEAC17C24BF00F8012B00F8012B48BF63
S315080007D000F8012B70474FF0000200B51346944607
S315080007E09646203922BFA0E80C50A0E80C50B1F17B
S315080007F02001BFF4F7AF090728BFA0E80C5048BF8F
S315080008000CC05DF804EB890028BF40F8042B08BF2C
S31508000810704748BF20F8022B11F0804F18BF00F828
S31508000820012B7047704770477047000008487CB531
S315080008307844009007487844009C0546019004E0F7
S315080008402046016808448047241DAC42F8D17CBD87
S315080008504C4A0300524A03000048704768020020C9
S31508000860704770477047704738B504460A460020F7
S315080008706946AFF30080002808BF38BD02460099D4
S31508000880204600F097FB012038BD012001F063B82F
S31508000890F8B5AFF30080054600200C460C2000BFD3
S315080008A00646A819A0420DD9324669460020AFF37C
S315080008B00080070008BF01F04EF80098A04218BF54
S315080008C00546C419FFF7C8FF05600746F01D20F066
S315080008D007004619284600F00AF8B44208BFF8BDD2
S315080008E0A21B31463868BDE8F84000F063BB00211A
S315080008F00160416070470C2070472DE9F04791462A
S315080009000C468046FFF7A8FF0768604234EA0000F5
S3150800091001D1042C02D20520BDE8F087601E40F004
S31508000920070609F10B0020F007054D4539D93B4666
S315080009307A6882B31468101D404206EA000C6445C2
S3150800094025D9A4EB0C00854221D8BCF1000F0BD0A9
S31508000950104601686244A1EB0C01116041685160C0
S31508000960C0F800C058600346116805F108008142C6
S3150800097005D35019491B016015605860034652F8A3
S31508000980040F58600020C8F80020BDE8F087134619
S315080009905268002ACED129463846FFF765FF002857
S315080009A0C5D10620BDE8F08770B50446856900689C
S315080009B0C10601D5302600E02026C00707D070BD45
S315080009C0D4E9012130469047206A401C20626D1EFA
S315080009D0F6D570BD70B5044685690078C00707D19D
S315080009E070BDD4E9012120209047206A401C20626E
S315080009F06D1EF6D570BD09684A0501D540B2704727
S31508000A00C905FCD500B2704709684A0501D5C0B2C8
S31508000A107047C905FCD580B2704770B50C460546C7
S31508000A20012A05D02878800600D5EA69002302E065
S31508000A30012305E05B1C934202D2E05C0028F9D151
S31508000A40A869E618C01AA861286A184428622846C0
S31508000A50FFF7AAFF04E0D5E9012114F8010B904736
S31508000A60B442F8D32846FFF7B5FF70BD2DE9F0412B
S31508000A700646002410687529314616A510D0FFF7DA
S31508000A80BAFF002802DA404213A507E031688A0750
S31508000A9001D512A502E0490704D511A5012401E0F4
S31508000AA0FFF7B2FF00210A2206F1240709E0B0FB8E
S31508000AB0F2FCB0FBF2F302FB1C0030307854184607
S31508000AC0491C0028F3D123462A463046BDE8F041A2
S31508000AD000F0CFBA000000002D0000002B00000037
S31508000AE02000000011680268006A530501D50870E5
S31508000AF00AE0D30501D5088006E0130603D5C21718
S31508000B00C1E9000200E008600120704701694A1C3B
S31508000B1002610878704700B58FB0CDE90131002130
S31508000B20059105497944CDE903101146684600F058
S31508000B3035F90FB000BD0000E5FFFFFF074B70B5A4
S31508000B400D467B44FFF7E7FF0446284600F0A2FE61
S31508000B5010B14FF0FF3070BD204670BDD7B7010009
S31508000B602DE9FF5F15468A460446DFF8AC80F8444F
S31508000B700027D8E900103E46CDE9001010E05AF8E3
S31508000B8026106A4602A800F09AFE411C07D0217872
S31508000B90890603D5E269391891420DD80744761CAF
S31508000BA02078800602D5E069B84205DDAE42E6DB6C
S31508000BB05AF826000028E2D1A069C01BA061204689
S31508000BC0FFF7F2FED8E90010CDE90010002017E083
S31508000BD05AF828106A4602A800F071FEB0F1FF3FE5
S31508000BE081460BD000250DF1080B05E0D4E901215B
S31508000BF01BF8050090476D1C4D45F7D308F1010019
S31508000C00B0428046E4DB206A384420622046FFF77B
S31508000C10E1FEBDE8FF9F0000521B02002DE9F041EE
S31508000C208046D21D22F007020025D2E90002F529E6
S31508000C3015A614D0011E72F1000106DA0023D0EBC6
S31508000C40030063EB020211A608E0D8F800108B0730
S31508000C5001D50FA602E0490701D50EA601251146C2
S31508000C60002408F1240704E000F0BEF930323A55B2
S31508000C70641C50EA0102F7D12B463246214640460B
S31508000C80BDE8F04100F0F5B9000000002D000000B5
S31508000C902B0000002000000030B4002100F12404DD
S31508000CA008E002F00705D208303542EA4372DB084D
S31508000CB06554491C52EA0305F3D10468002310A2BF
S31508000CC0250708D504F020040C4304D0C469012381
S31508000CD00CA2641EC46130BC00F0CBB910B5044642
S31508000CE021461068FFF790FE02462046BDE81040F0
S31508000CF00023D1E7D21D22F00701D1E90023CBE773
S31508000D000000000030000000F0B40D460188090517
S31508000D1002D5214C7C4402E01F4C7C440E34002151
S31508000D2000F1240608E002F00F071209E75D42EA1F
S31508000D3003721B097754491C52EA0307F3D1027858
S31508000D400023120704D5702D06D009B102231134E9
S31508000D502246F0BC00F08DB901231034F8E770B5CF
S31508000D6004460D4621461068FFF74EFE0246294600
S31508000D702046BDE870400023C6E7D21D22F00703CF
S31508000D80D3E90023C0E70368126843F02003036031
S31508000D900823C3610023B7E7B41902002DE9F05F01
S31508000DA0894604464FF0000ADFF874B1FB44C0F8E0
S31508000DB020A02046E1688847002874D0252806D058
S31508000DC0D4E901219047206A401C2062F1E70026F9
S31508000DD05F462046E16888472028054607DB312D0F
S31508000DE005D2781910F8200C08B10643F1E7B007C8
S31508000DF001D526F00406C4F81CA00027C4F818A0DC
S31508000E002A2D09D0284620F0D7FC38B304EB8708EA
S31508000E10303DC8F8185019E059F8041B204604EB71
S31508000E2087029161E1688847012F054618D1E06974
S31508000E30002820DA26F020061DE0D8F8180000EB76
S31508000E40800005EB40003038C8F818002046E168F5
S31508000E508847054620F0B0FC0028EED1012F0AD0BD
S31508000E602E2D08D12046E16888477F1C0546022FAB
S31508000E7046F02006C4DBA069002803DA404246F0A3
S31508000E800106A061F00701D026F010066C2D0BD0E4
S31508000E90682D09D04C2D39D06A2D35D0742D35D012
S31508000EA07A2D33D016E038E0E1682F462046884789
S31508000EB0B842054609D16C2F26D04FF48060E16808
S31508000EC0064320468847054604E06C2F1AD04FF49F
S31508000ED0807006430DB3A5F14100192802D82035C4
S31508000EE046F400664A462946204626604E46FFF7DF
S31508000EF0BDF980B101280BD0F61D26F0070000F1D8
S31508000F00080956E74020E4E78020D8E70020D6E71E
S31508000F1006F104094DE7284652E7206ABDE8F09F26
S31508000F204419020010B5002000F00EFDFFF7FEF987
S31508000F30BDE8104001201BF001B82DE9F041074635
S31508000F4015460E461020FFF725FA04000AD06760FA
S31508000F50C4E9026500F02AF80168216004600020EF
S31508000F60BDE8F0810120FBE7014900F097BC0000CD
S31508000F7000D5002080E8FF1FC0F834D0C0F838E05C
S31508000F80C0F83CE04FF00000704700BF80EC200B33
S31508000F90704700BF80EC200B704700BFC0EC200BE9
S31508000FA070470000004870476002002000487047FC
S31508000FB098020020034640688C46002818BF8842DD
S31508000FC03CBF03464068F8D318681844884207D0DF
S31508000FD00CF1030020F00700001D411A521A0146C1
S31508000FE0081D0A60FFF705BA30B5B0F10A0271F1BB
S31508000FF000034FEA900E4EEA817EB0EB0E0061EBDD
S3150800100091014FEA101E4EEA017E10EB0E0041EBED
S3150800101011114FEA102E4EEA016E10EB0E0041EB4D
S3150800102011214FEA104E4EEA014E10EB0E0041EB2D
S315080010301141401841F100014FEAD00040EA4170E1
S315080010404FEAD1014FEA810444EA907410EB800517
S3150800105044EB01046D1944EB0404521BA3414FF001
S31508001060000348BF0A3200D530BD401C41F10001DB
S3150800107030BD2DE9F0470D4699469246044600F1E3
S3150800108024080168880604D5E06921F0100121606A
S3150800109000E00120A84201DD471B00E00027A16906
S315080010A07A1902EB0900081AA0612078C00602D452
S315080010B02046FFF779FC002608E0D4E901211AF852
S315080010C006009047206A401C761C20624E45F4DBD9
S315080010D02078C0060AD52046FFF766FC06E0D4E964
S315080010E0012130209047206A401C2062381EA7F153
S315080010F00107F4DC07E0D4E9012118F80500904758
S31508001100206A401C2062281EA5F10105F3DC204652
S31508001110FFF760FC2078000602D50220BDE8F087BC
S315080011200120FBE72DE9FF4F0C461E464FF0FF371F
S315080011308BB0D2E90001DDF860800A908A46C1F3D7
S315080011400A5505B93D46002108464FF00000BAF198
S31508001150000F00F4400005DA00EB80004FF4400170
S3150800116001EA50004FEA9059B9F1010F00DDB9467E
S315080011700A9850EA4A000ED044F61050A5F2FF35F8
S3150800118045432F14B8F1000F1ED07542291E1EDDE7
S31508001190C9F100021CE0B8F1010F4FF0000001D0C0
S315080011A0302103E0F24305E02154401CB042FBDB4A
S315080011B030460022002121540B99C1F80880C1E964
S315080011C000200FB0BDE8F08FBD1B6D1CDEE74A4658
S315080011D000DA694206A800F04BFC06AB93E8070064
S315080011E003AB83E8070050460A991FF005FF8DE810
S315080011F00700A0F500501F3800900398002D0ADD5F
S3150800120042F21F014A460844002303A90390684690
S3150800121020F06EF909E0A0F500504A461F38002371
S3150800122003A90390684620F078F98DE807000004C2
S31508001230000C03D04FF0FF30410800E01046B8F12B
S31508001240000F03D00022009215461EE0751E05D435
S31508001250FFF7CAFE303262556D1EF9D5B346012234
S31508001260084302D000227F1C04E02078302801D1F0
S3150800127000227F1E002A099784D01DE0112D07DA67
S31508001280FFF7B2FE303262556D1C50EA0102F5D105
S31508001290084302D00098C8B10EE00021681E05E098
S315080012A0235C625C63542254401E491C8142F7DB6E
S315080012B0AB46A81B401E0990002004F80B000B98AB
S315080012C0099AC0F80880C0E9002B7AE711264FF082
S315080012D0000857E72DE9F04F88460446D21D22F04C
S315080012E0070191B0D1E90001CDE90A0120F04CFAD5
S315080012F002460B98C00F01D02D2007E02068810711
S3150800130001D52B2002E0202101EAC000032A09901A
S3150800131001D0072A05DB03464146204600F068FB54
S315080013200BE12078800601D5E06900E00620B8F1D7
S31508001330650F814606D0B8F1660F18D0B8F1670F69
S3150800134070D131E00020B9F1110F009001DB1123B3
S3150800135001E009F101030AAA01A90CA8FFF7E2FEB8
S31508001360DDE90C70002609F10105834647E00120F6
S315080013704B4600904FF000470AAA01A90CA8FFF7B0
S31508001380D1FEDDE90DB00C995D46002610B909F1CC
S3150800139001000D18B9EB050003D4C0F1FF3609F1B9
S315080013A00105A5EB09002BE0B9F1010F01DA4FF0B1
S315080013B001090020B9F1110F0090484601DD1123FB
S315080013C000E003460AAA01A90CA8FFF7ABFEDDE96F
S315080013D00C704D4600268346207800070AD4AB4594
S315080013E000DA5D4601A8012D04DD411911F8011C3A
S315080013F0302907D04F4502DA17F1040F04DA012025
S3150800140082460FE06D1EEEE7002F02DCED1B3E4420
S3150800141003E0781CA84200DD7D1CB81B00F1010A18
S315080014204FF000472078000703D4AA4501DB4FF0A8
S31508001430FF3A0021B7F1004F0DF143088DF843102C
S3150800144024D002202B23002F01DA7F422D230A21E4
S31508001450021EA0F1010000DC5FB197FBF1FC97FBCF
S31508001460F1F201FB1C7C17460CF1300C08F801CD93
S31508001470EEE7A8F1010003702188090501D5452189
S3150800148000E06521A0F1010800F8011C09980FA9E0
S31508001490A1EB0807FF1D00B10120411901EBEA7015
S315080014A0A1693844081A401EA0612078C00602D4F3
S315080014B02046FFF779FA099828B1D4E9012190471F
S315080014C0206A401C20622078C00622D52046FFF7F5
S315080014D06BFA1EE0002E04DBB34502DD01A8805D31
S315080014E000E03020D4E901219047206A401C2062A0
S315080014F0761CAAF101005FEA000A0AD100F074FA24
S31508001500C0680168405CD4E901219047206A401C04
S315080015102062281EA5F10105DCDC07E0D4E90121DB
S3150800152018F8010B9047206A401C2062381EA7F164
S315080015300107F3DC2046FFF74DFA032011B041E618
S315080015402DE9F04F04460D46D21D22F0070089B05A
S31508001550D0E900974846394620F016F90246F80FB2
S3150800156001D02D2307E02068810701D52B2302E04F
S31508001570202101EAC0038DF820300BB1012000E0DC
S315080015800020032A824601D0072A04DB2946204682
S3150800159000F02EFA3FE12078800601D40D2500E000
S315080015A0E569C7F30A560D2D49DA00214FEA175B9C
S315080015B008464FF00000002F00F4400007DA00EB61
S315080015C080004FF4400100EBD07001EA60008115FD
S315080015D0012901DD4FF0FF3100224FEA850CBCF1ED
S315080015E0180F06D31346ACF118004FF08052C240CC
S315080015F003E04FF4801323FA0CF30CF10C0CBCF146
S31508001600200F04D3ACF1200C09FA0CF001E007FA1C
S315080016100CF000294FF0004801DD18B90FE00ED193
S3150800162040450CD319EB02095F4121B9404502D167
S315080016309F4329EA0209BBEB175F00D0761C208876
S31508001640000502D57B48784402E07A487844193880
S3150800165008AA302302F80A30037C0AF10101002E99
S315080016600AF1020A53546A4602DC4FF0300101E0DF
S315080016704FF031014FF001088DF8001002D0A6F2A4
S31508001680FF3603E059EA470100D06B4E002D02DC15
S315080016902178090704D54FF002082E218DF801108C
S315080016A0C44600210BE0C7F303433F01C35C491C52
S315080016B06D1E02F80830052908F1010801DA002D27
S315080016C0F1DC00210CE000EB1973491C1B786D1E38
S315080016D0082902F808304FEA091908F1010801DA61
S315080016E0002DF0DC21688B0602D516E0A8F101086A
S315080016F0E04505DD02EB080313F8013C302BF5D075
S31508001700B8F1000F09DD02EB080313F8013C2E2B94
S3150800171003D1090701D4A8F10108002D05DD3E21F2
S3150800172002F808106D1E08F10108407C002E02F828
S31508001730080008F1010804DA2D20764202F80800AC
S3150800174002E02B2002F808000A214FF47A7086423C
S3150800175008F101080BDB96FBF0F3303302F808308A
S3150800176096FBF0F308F1010800FB136601E0642E0E
S315080017700CDB642096FBF0F3303302F8083096FB56
S31508001780F0F308F1010800FB136601E00A2E06DBF8
S3150800179096FBF1F0303002F8080008F1010896FBD4
S315080017A0F1F001FB1060303002F80800A16908F179
S315080017B0010808EB050202EB0A00081AA061207866
S315080017C0C00602D42046FFF7EFF8216A08AE01EBFF
S315080017D00A00206204E0D4E9012116F8010B9047BB
S315080017E0BAF1010AF7D22078C00602D52046FFF7DB
S315080017F0DBF86E4609E016F8010B3E280FD0D4E94F
S3150800180001219047206A401C2062B8F10108F2D2F3
S315080018102046FFF7DFF809B00320BDE8F08F206AFD
S315080018202844206203E0D4E90121302090476D1E48
S31508001830EBD3F8E7CE10020002FCFFFF10B54369B0
S3150800184013B1AFF3008001E0FFF7E7F8012010BD00
S31508001850127800F124010A7000224A700122EDE78D
S3150800186011684FF0FF32E9E710B5436913B1AFF3DA
S31508001870008001E0FFF774F9012010BD126800F13D
S3150800188024014262002282620122EDE711684FF0CC
S31508001890FF32E9E7007B00F08000704770B50D461F
S315080018A0044604E029461AF039FD401C04D014F811
S315080018B0010B0028F6D170BD4FF0FF3070BD2DE941
S315080018C0F04116460C46054600F086F8036893F87C
S315080018D00101012807D0FF2C12D8185D80B101201C
S315080018E02C70BDE8F081D3F807013246214603F291
S315080018F00713C7182846BC46BDE8F04101236047D0
S315080019004FF0FF30EDE72DE9F0410646FFF74EFBB5
S315080019108046454613E016B1E068B0420ED120680D
S315080019202860D4E90101D8F8007088472046FEF7F8
S3150800193060FDD8F80000B842EBD100E025462C68D7
S31508001940002CE8D1BDE8F08110B500F011F9BDE82A
S31508001950104000F008B910B500F022F9BDE81040B3
S3150800196000F001B986469EE8FF1FDEF834D0DEF89F
S315080019703CE0704790EC200B704700BF90EC200BC2
S31508001980704700BFD0EC200B704770477546FFF7CD
S3150800199009FBAE4605006946534620F00700854612
S315080019A018B020B5FEF7E4FCBDE820404FF000066D
S315080019B04FF000074FF000084FF0000BAC46ACE8BC
S315080019C0C009ACE8C009ACE8C009ACE8C00921F018
S315080019D007018D467047000010B500F005F8001D98
S315080019E010BD00BF11FE01000048704780020020AC
S315080019F02DE9F0411F46044603260168072A01F42B
S31508001A00006004DB08B116A505E016A503E008B1D9
S31508001A1015A500E015A521F010002060A069C01EDC
S31508001A20A0610FB1401EA0612046FEF7BDFF4FB171
S31508001A30D4E9012138469047206A401C2062C01C20
S31508001A40206206E0206AFAE7D4E9012115F8010BBD
S31508001A509047761EF8D22046FEF7BCFFBDE8F08117
S31508001A604E414E006E616E00494E4600696E660034
S31508001A702DE9F047814616468AB0354878440DC8A0
S31508001A808DE80D0032487844801C03AC0DC884E804
S31508001A900D0041F69B300844372190FBF1F290FB8C
S31508001AA0F1F5A5F1800501FB12041B3C02D5644241
S31508001AB0012000E00020DFF898A080460027FA44BD
S31508001AC0AAF1BE0A0EE0E0070AD03246684607EBDE
S31508001AD0470101230AEB81011FF01FFD8DE807006E
S31508001AE064107F1C002CEED1194F7F44AE3F19E0DD
S31508001AF0E80715D007EB04100DF1180A90E80E0058
S31508001B008AE80E00C068F04201D19819089032465A
S31508001B10012306A903A81FF000FD03AB83E807000D
S31508001B206D10641C002DE3D14FF00103324669465F
S31508001B30B8F1000F03A802D01FF0DAFC01E01FF08D
S31508001B40ECFCC9E90001C9F808200AB0BDE8F0872D
S31508001B50280D020010B50446AFF300802046BDE804
S31508001B601040FEF7F1BB002801D01AF0E7B970471C
S31508001B7010B5002102A000F079F8012010BD000080
S31508001B80534947414252543A2041626E6F726D6121
S31508001B906C207465726D696E6174696F6E00000001
S31508001BA010B5012805D0002103A000F05FF8012038
S31508001BB010BD09A1F8E7000053494752544D454D59
S31508001BC03A204F7574206F662068656170206D65D0
S31508001BD06D6F7279000000003A2048656170206DCB
S31508001BE0656D6F727920636F7272757074656400C3
S31508001BF030B44FF0013C50F8042B51F8043BCCFAB2
S31508001C0052F4D51A20D1FCB950F8042B51F8043BEC
S31508001C10CCFA52F4D51A17D1B4B950F8042B51F8A6
S31508001C20043BCCFA52F4D51A0ED16CB950F8042BF1
S31508001C3051F8043BCCFA52F4D51A05D1002CDAD067
S31508001C4030BC4FF00000704729BAB1FA81F111F0A3
S31508001C501801D1F120008440F2D1CA40CB4012F0DD
S31508001C60FF0213F0FF0330BCD01A704770B5054663
S31508001C700C460A2000E06D1C00F011F835B12878F2
S31508001C800028F8D102E0641C00F009F814B12078A5
S31508001C900028F8D1BDE870400A20AFF3008008B5E7
S31508001CA069468DF800000320ABBE08BD80B54FF429
S31508001CB020401AF09DF980BDFFE7FEE7B0B5304A2F
S31508001CC04CF24025136823F0010313602D4A4FF6A2
S31508001CD0F07314681C40AC4205D0146823404CF2DB
S31508001CE07024A3422BD12B4A126832B12B4A012306
S31508001CF093609368002BFCD11AE0274A13686FF3A8
S31508001D001F33B3F58A6F0DD0136840F283446FF31F
S31508001D101F33A34206D0126840F285436FF31F3281
S31508001D209A42E3D11E4A012393609368002BFCD1A3
S31508001D3010601068401AB0FA80F04009B0BD146807
S31508001D404FF6F0734DF220251C40AC4205D01268C0
S31508001D501A404DF230239A42C8D10B4A0B4CD2F89E
S31508001D60F833A3420AD1D2F8FC33094CA34205D171
S31508001D70012393609368002BFCD1D9E70020B0BDFE
S31508001D80002000E000ED00E0004C024601001700CC
S31508001D9001DDC5A3002004E00010005C003002400D
S31508001DA0004C025880B54DF2C850C2F2000000F04F
S31508001DB027FA80BD80B54DF20C60C2F2000000F033
S31508001DC055FC80BD80B54DF27060C2F2000000F08F
S31508001DD04DFC80BD80B54DF2D460C2F2000000F023
S31508001DE045FC80BD82B001900198007810384AF60B
S31508001DF0AB21CAF6AA21A0FB0110000900900099A0
S31508001E0042F63400C0F60200405C01990866009864
S31508001E10042807D3FFE701990868042262F309003A
S31508001E20C86506E00199086840F2FF329043C86524
S31508001E30FFE70198C06D02B07047000086B00590B4
S31508001E40002004900598806A03900598806900BB75
S31508001E50FFE703980290032819D80299DFE801F0F2
S31508001E60020C0216059890F82F00C00718B1FFE774
S31508001E7001200490FFE70BE00598C06AB0F1C07F27
S31508001E8003D1FFE701200490FFE701E000E0FFE748
S31508001E9040E005988069B0F5005F22D1FFE7039816
S31508001EA0019003281BD80199DFE801F00205020F0B
S31508001EB00120049014E0059890F82F00C00718B187
S31508001EC0FFE701200490FFE70AE00598C06AB0F131
S31508001ED0C07F03D1FFE701200490FFE700E0FFE79A
S31508001EE017E003980090032804D3FFE70098032817
S31508001EF003D00CE0012004900AE0059890F82F0022
S31508001F00C00718B1FFE701200490FFE700E0FFE7EC
S31508001F10FFE7FFE7049806B07047000084B0039017
S31508001F2002910192009303980168086820F48020C2
S31508001F3008600098039909684860039880684028F3
S31508001F4009D1FFE7019803990968886002980399FF
S31508001F500968C86008E002980399096888600198CA
S31508001F6003990968C860FFE704B070477047000026
S31508001F7080B50DF007F980BD80B54FF405401AF01D
S31508001F8037F864201AF084F980BD000072B6FFE7BE
S31508001F90FEE7000081B000900098006980B201B0A9
S31508001FA07047000080B586B005908DF813100020A4
S31508001FB08DF812008DF811008DF81000ADF80E009E
S31508001FC08DF81200FFE79DF812009DF8131088425D
S31508001FD034DAFFE70020C4F20200029010210191D2
S31508001FE00022009201F078F800981AF087F8009815
S31508001FF01AF084F81AF03AF88DF811001AF036F843
S315080020000199024602988DF81020012201F064F821
S315080020109DF811109DF8100040EA0120ADF80E0059
S31508002020BDF80E0005999DF8122021F81200FFE769
S315080020309DF8120001308DF81200C4E706B080BD85
S3150800204080B582B00090009818B9FFE7012001908A
S3150800205010E00098806838B9FFE7009900204860CA
S31508002060009800F00BF8FFE700990120886000202F
S315080020700190FFE7019802B080BD000082B0019090
S315080020800198006843F20001C4F20201884212D1A5
S31508002090FFE7FFE70020009043F63000C4F2020095
S315080020A0016841F480510160006800F48050009096
S315080020B00098FFE7FFE702B07047000081B0009084
S315080020C001B0704786B00490039104984068B0F553
S315080020D0403F06D0FFE70498406808B1FFE7FFE7EE
S315080020E0FFE7FFE70498806B012803D1FFE702208A
S315080020F0059081E0049901208863FFE7FFE70499CA
S315080021000220C8630498039900EB01101830029066
S3150800211002994868896840EA014000900F20CFF686
S3150800212003700190029840680A2805D0FFE70298D4
S315080021304068092807D1FFE70298C17B009840EA62
S315080021400160009006E00298C168009840EA0160C4
S315080021500090FFE7039810BBFFE704980068406A01
S3150800216001998843009908430499096848620298C6
S315080021700068049909688861029840680A2805D0A9
S31508002180FFE702984068092808D1FFE70298C06867
S3150800219020F07F40049909688862FFE721E00498E7
S315080021A00068C06901998843009908430499096839
S315080021B0C86102980068049909680861029840682D
S315080021C00A2805D0FFE702984068092808D1FFE7E2
S315080021D00298C06820F07F40049909680862FFE702
S315080021E0FFE704990120C863FFE704990020886384
S315080021F0FFE700200590FFE7059806B07047000046
S3150800220080B584B0039003980068406802900398EC
S315080022100068006801909DF80800C00730B3FFE722
S315080022209DF80500C00700B3FFE703980168086832
S3150800223020F4807008600399086C40F00100086477
S31508002240039801680120886003990420C863FFE7A2
S31508002250039900208863FFE70398406920B1FFE7E8
S31508002260039841698847FFE7FFE7FFE79DF80800FD
S315080022708006002827D5FFE79DF805008006002878
S3150800228020D5FFE703980168086820F40050086025
S3150800229003980168202088600399086C40F00200C2
S315080022A0086403990420C863FFE70399002088633C
S315080022B0FFE70398406920B1FFE70398416988471B
S315080022C0FFE7FFE7FFE79DF808000007002827D586
S315080022D0FFE79DF805000007002820D5FFE70398CB
S315080022E00168086820F400600860039801680820FF
S315080022F088600399086C40F0040008640399042078
S31508002300C863FFE7039900208863FFE703984069DD
S3150800231020B1FFE7039841698847FFE7FFE7FFE732
S315080023209DF808004007002815D5FFE79DF8050029
S31508002330400700280ED5FFE703980168086820F4CF
S31508002340806008600398016804208860039800F09C
S3150800235097F8FFE7FFE79DF808008007002825D5CE
S31508002360FFE79DF80500800700281ED5FFE70398BC
S315080023700168086820F40070086003980168022064
S3150800238088600399086C086403990120C863FFE70D
S31508002390039900208863FFE70398006920B1FFE7E7
S315080023A0039801698847FFE7FFE7FFE79DF80800FC
S315080023B0C006002820D5FFE79DF80500C0060028BE
S315080023C019D5FFE703980168086820F4805008606B
S315080023D003980168102088600399086C08640399BB
S315080023E00120C863FFE7039900208863FFE7039885
S315080023F0FFF764FEFFE7FFE704B080BD80B582B053
S315080024000090009818B9FFE70120019034E0009881
S31508002410C06B38B9FFE7009900208863009800F080
S3150800242033F8FFE700990220C8630098006800683F
S3150800243020F44030009A11685268104308600098EA
S315080024400068406B20F00700009A116892681043F4
S31508002450486300980068006C43F6FF718843009A49
S315080024601168D26810430864009900200864009A2D
S315080024700121D1630190FFE7019802B080BD0000F9
S3150800248081B0009001B0704780B584B0039003987E
S3150800249000684BF20001C4F2020188421BD1FFE733
S315080024A0FFE70020029043F63000C4F202000168FC
S315080024B041F400010160006800F4000002900298EF
S315080024C0FFE75A2001900521002200F0AFFE01988F
S315080024D000F0A4FEFFE704B080BD000080B584B01C
S315080024E002900298C06D019000F00CFE00900298D0
S315080024F0806B02280BD0FFE7029980208865FFE7EA
S31508002500029900204863FFE7012003904FE00298F4
S315080025100168086820F01600086002980168486992
S3150800252020F0800048610298406C20B9FFE70298C5
S31508002530C06C38B1FFE702980168086820F0080007
S315080025400860FFE702980168086820F00100086043
S31508002550FFE7029800680068C007B0B1FFE700F01F
S31508002560D1FD0099401A06280ED3FFE702992020CC
S315080025708865029903208863FFE70299002048636B
S31508002580FFE70320039012E0E3E70298016E3F207D
S31508002590884001998860029901208863FFE70299BB
S315080025A000204863FFE7FFE700200390FFE7039852
S315080025B004B080BD82B000900098806B022806D0D7
S315080025C0FFE7009980208865012001900CE00099BA
S315080025D00520886300980168086820F001000860F3
S315080025E0FFE700200190FFE7019802B0704700005E
S315080025F080B582B0019001984DF23871C2F200019F
S31508002600896C88422FD1FFE740F21430C2F20000ED
S31508002610007808B9FFE726E040F21430C2F200005D
S31508002620002101704DF23870C2F2000003681A6882
S3150800263022F040021A60C1600268116821F4006144
S3150800264011600168086840F04000086041F2000027
S31508002650C4F202001021012200F03EFDFFF788FCBB
S315080026601CF0E6FBFFE702B080BD000080B586B02F
S3150800267005900020039040F20000C2F200000068B6
S3150800268048F2B511C1F64E31A0FB0110800A02903E
S315080026900598C06D01900198006804900498059902
S315080026A0096EC840000700281AD5FFE70598006894
S315080026B000684007002812D5FFE7059801680868F2
S315080026C020F0040008600598016E082088400199EA
S315080026D088600599886D40F001008865FFE7FFE787
S315080026E004980599096EC840C007A0B1FFE7059888
S315080026F000684069000600280CD5FFE70598016EBA
S3150800270001208840019988600599886D40F002008B
S315080027108865FFE7FFE704980599096EC8404007F2
S31508002720002814D5FFE70598006800688007002888
S315080027300CD5FFE70598016E04208840019988604A
S315080027400599886D40F004008865FFE7FFE704985F
S315080027500599096EC840C006002847D5FFE70598C1
S3150800276000680068000700283FD5FFE70598016E56
S315080027701020884001998860059800680068400321
S3150800278000281AD5FFE705980068006800030028A6
S3150800279009D4FFE70598406C20B1FFE70598416C1E
S315080027A08847FFE708E00598C06C20B1FFE7059861
S315080027B0C16C8847FFE7FFE716E0059800680068E0
S315080027C0C005002807D4FFE705980168086820F0C7
S315080027D008000860FFE70598406C20B1FFE70598F8
S315080027E0416C8847FFE7FFE7FFE7FFE7049805998D
S315080027F0096EC8408006002840F18780FFE70598E3
S3150800280000680068C00600287ED5FFE70598016EB7
S3150800281020208840019988600598806B052832D168
S31508002820FFE705980168086820F016000860059813
S315080028300168486920F0800048610598406C20B915
S31508002840FFE70598C06C38B1FFE705980168086886
S3150800285020F008000860FFE70598016E3F208840D1
S3150800286001998860059901208863FFE7059900208A
S315080028704863FFE70598406D20B1FFE70598416D6D
S315080028808847FFE776E00598006800684003002857
S315080028901AD5FFE70598006800680003002809D4E0
S315080028A0FFE70598806C20B1FFE70598816C88479B
S315080028B0FFE708E00598006C20B1FFE70598016C72
S315080028C08847FFE7FFE71EE0059800680068C0052F
S315080028D000280FD4FFE705980168086820F0100063
S315080028E00860059901208863FFE705990020486379
S315080028F0FFE7FFE70598006C20B1FFE70598016C34
S315080029008847FFE7FFE7FFE7FFE70598806D88B38D
S31508002910FFE70598806DC00718B3FFE705990520FE
S31508002920886305980168086820F001000860FFE7D9
S315080029300398013003900299884201D9FFE707E01E
S31508002940FFE7059800680068C0070028F0D1FFE790
S31508002950059901208863FFE7059900204863FFE78A
S31508002960FFE70598006D20B1FFE70598016D8847D8
S31508002970FFE7FFE706B080BD80B586B0049000206B
S31508002980039000F0BFFB0290049818B9FFE70120F6
S3150800299005909BE00498406A08B1FFE7FFE70499B1
S315080029A002208863FFE7049900204863FFE704983C
S315080029B00168086820F001000860FFE704980068CD
S315080029C00068C00780B1FFE700F09CFB0299401A37
S315080029D0062808D3FFE70499202088650499032070
S315080029E08863059072E0E9E7049800680068039038
S315080029F0039848F23F01CFF210010840039004996A
S31508002A0000914868D1F808C0CB680A6940EA0C000A
S31508002A10184310434A6910438A691043CA69104328
S31508002A20096A01430398084303900498406A0428F6
S31508002A3008D1FFE70499C86A096B0143039808435C
S31508002A400390FFE7039804990968086004980068EA
S31508002A5040690390039820F0070003900498416AA0
S31508002A600398084303900498406A042818D1FFE79E
S31508002A700498816A0398084303900498C06A70B161
S31508002A80FFE70498FFF7DAF940B1FFE70499402019
S31508002A908865049901208863059017E0FFE7FFE73A
S31508002AA003980499096848610498FFF79BF901900F
S31508002AB00498016E3F208840019988600499002097
S31508002AC08865049A012191630590FFE7059806B089
S31508002AD080BD000086B00490039102920020019008
S31508002AE0FFE70498406B012803D1FFE70220059011
S31508002AF03AE0049901204863FFE7FFE70498806BF2
S31508002B00012826D1FFE70398009005281DD80099CB
S31508002B10DFE801F003070B0F1317029804990864FE
S31508002B2016E002980499486412E0029804998864A9
S31508002B300EE002980499C8640AE0029804990865A8
S31508002B4006E002980499486502E001200190FFE733
S31508002B5002E001200190FFE7FFE70499002048639F
S31508002B60FFE701980590FFE7059806B07047000053
S31508002B7080B588B0069005910492039300200290D0
S31508002B800698C06D0190FFE70698406B012803D1AF
S31508002B90FFE7022007903EE0069901204863FFE719
S31508002BA0FFE70698806B01282AD1FFE706990220DD
S31508002BB0886306990020886506980599049A039BF8
S31508002BC0FFF7ACF90698016E3F20884001998860A6
S31508002BD006980168086840F0160008600698406C78
S31508002BE038B1FFE706980168086840F008000860F1
S31508002BF0FFE706980168086840F00100086007E0EA
S31508002C00FFE7069900204863FFE702200290FFE7E6
S31508002C1002980790FFE7079808B080BD80B582B094
S31508002C2043F62001C4F202014CF6FF10CFF2FE6013
S31508002C30086000200190086043F62401C4F20201EE
S31508002C4047F63312C0F277420A60086043F610016D
S31508002C50C4F2020141F2FF72C2F2E0220A60086081
S31508002C6043F61401C4F20201C1220A60086043F661
S31508002C701801C4F2020101220A60086000F0A6FAEF
S31508002C80019802B080BD000080B582B0019001981D
S31508002C9019F0DEFA02B080BD90B00F900E910020B8
S31508002CA00C900B900A900D90FFE70D980F2800F2F4
S31508002CB0E881FFE70D99012088400C900E9800687E
S31508002CC00C9908400B900B980C99884240F0D481D7
S31508002CD0FFE70E98406800F00300012807D0FFE7D9
S31508002CE00E98406800F0030002282FD1FFE70F98DE
S31508002CF080680A900D984100032000FA01F10A98AD
S31508002D0088430A900E98C0680D99490000FA01F1A7
S31508002D100A9808430A900A980F9988600F9840689D
S31508002D200A900D99012000FA01F10A9888430A9041
S31508002D300E984068C0F300100D9900FA01F10A9840
S31508002D4008430A900A980F994860FFE70E9840686A
S31508002D5000F00300032818D0FFE70F98C0680A9010
S31508002D600D984100032000FA01F10A9888430A9059
S31508002D700E9880680D99490000FA01F10A980843EF
S31508002D800A900A980F99C860FFE70E98406800F005
S31508002D900300022826D1FFE70F980D996FF003026A
S31508002DA002EA51010844006A0A900D9800F00700EB
S31508002DB081000F2000FA01F10A9888430A900E98BC
S31508002DC000690D9901F00701890000FA01F10A98D6
S31508002DD008430A900A980F990D9B02EA5302114478
S31508002DE00862FFE70F9800680A900D9841000320D3
S31508002DF000FA01F10A9888430A900E98406800F094
S31508002E0003000D99490000FA01F10A9808430A904F
S31508002E100A980F9908600E9880798007002800F0B4
S31508002E202A81FFE7FFE70020099043F64400C4F231
S31508002E300200016841F480410160006800F48040A6
S31508002E4009900998FFE70D9820F0030043F608015A
S31508002E50C4F2010140580A900D9800F00300810061
S31508002E600F2000FA01F10A9888430A900F9800216A
S31508002E70C4F20201884203D1FFE7002008907AE0F5
S31508002E800F9840F20041C4F20201884203D1FFE7DD
S31508002E90012007906CE00F9840F60001C4F2020189
S31508002EA0884203D1FFE7022006905EE00F9840F6BD
S31508002EB00041C4F20201884203D1FFE703200590CE
S31508002EC050E00F9841F20001C4F20201884203D192
S31508002ED0FFE70420049042E00F9841F20041C4F253
S31508002EE00201884203D1FFE70520039034E00F98DA
S31508002EF041F60001C4F20201884203D1FFE7062029
S31508002F00029026E00F9841F60041C4F20201884279
S31508002F1003D1FFE70720019018E00F9842F200015D
S31508002F20C4F20201884203D1FFE7082000900AE0B4
S31508002F300F9942F20042C4F202020A20914208BFE7
S31508002F4009200090FFE700980190FFE7019802909A
S31508002F50FFE702980390FFE703980490FFE70498B9
S31508002F600590FFE705980690FFE706980790FFE7A4
S31508002F7007980890FFE70898C0B20D9901F0030179
S31508002F80890000FA01F10A9808430A900A980D99EF
S31508002F9021F0030143F60802C4F20102885043F601
S31508002FA00840C4F2010000680A900B990A98884301
S31508002FB00A900E988079C006002805D5FFE70B9978
S31508002FC00A9808430A90FFE70A9843F60841C4F2AC
S31508002FD00101086043F60C40C4F2010000680A903B
S31508002FE00B990A9888430A900E98807980060028DB
S31508002FF005D5FFE70B990A9808430A90FFE70A9850
S3150800300043F60C41C4F20101086043F60440C4F2D9
S31508003010010000680A900B990A9888430A900E984E
S3150800302080798007002805D5FFE70B990A98084399
S315080030300A90FFE70A9843F60441C4F201010860C2
S3150800304043F60040C4F2010000680A900B990A98FA
S3150800305088430A900E988079C00728B1FFE70B9934
S315080030600A9808430A90FFE70A9843F60041C4F213
S3150800307001010860FFE7FFE7FFE70D9801300D90B3
S3150800308013E610B07047000083B00290ADF8061042
S3150800309002980069BDF80610084203D0FFE7012030
S315080030A0009002E000200090FFE7009803B0704708
S315080030B083B00290ADF80610029840690090009A15
S315080030C0BDF8060002EA0001904340EA0140029971
S315080030D0886103B07047000083B00290ADF806100F
S315080030E00092009828B1FFE7BDF8060002998861AA
S315080030F005E0BDF80600000402998861FFE703B001
S31508003100704700004DF61040C2F201000068704793
S3150800311040F24000C2F2000002684DF61041C2F2C9
S3150800312001010868104408607047000080B543F63E
S315080031300041C4F20201086840F40070086008689B
S3150800314040F480600860086840F4807008600320D6
S3150800315000F084F80F2000F005F800F039F8002098
S3150800316080BD000080B582B0009040F20000C2F237
S315080031700000006840F24001C2F200010A684FF4FC
S315080031807A71B1FBF2F1B0FBF1F001F025F918B153
S31508003190FFE70120019016E000980F280DD8FFE7F9
S315080031A000994FF0FF30002200F040F8009840F2F6
S315080031B04401C2F20001086002E00120019002E029
S315080031C000200190FFE7019802B080BD704700001B
S315080031D082B0FFE70020019043F64400C4F20200E3
S315080031E0016841F480410160006800F48040019064
S315080031F00198FFE7FFE70020009043F64000C4F27D
S315080032000200016841F080510160006800F08050BA
S3150800321000900098FFE702B07047000080B582B0C2
S315080032200190019818F0A8F902B080BD80B586B063
S315080032300590049103920020029018F0B3F90290C9
S315080032400598019002980499039A02F091FB0146A9
S31508003250019818F0AFF906B080BD000080B582B0BD
S315080032600190019818F0C4F902B080BD80B584B009
S3150800327000200290FFE70020019043F64000C4F2C8
S315080032800200016841F080510160006800F080503A
S3150800329001900198FFE74021C4F20E210120086041
S315080032A0FFF730FF0290FFE747F20400C4F2000080
S315080032B0006800F48030B0F5803F0CD0FFE7FFF7D8
S315080032C021FF0299401AB0F57A7F03D9FFE7032058
S315080032D0039023E0E8E74421C4F20E2101200860A8
S315080032E0FFF710FF0290FFE747F20400C4F2000060
S315080032F0006800F40030B0F5003F0CD0FFE7FFF798
S3150800330001FF0299401AB0F57A7F03D9FFE7032037
S31508003310039003E0E8E700200390FFE7039804B072
S3150800332080BD000080B584B002900191029818B95A
S31508003330FFE7012003901AE1019843F60041C4F221
S315080033400201096801F00F01884211D9FFE70199C6
S3150800335043F60040C4F202000170006800F00F0056
S315080033600199884203D0FFE701200390FFE0FFE7B9
S3150800337002980078800700282AD5FFE70298007887
S315080033804007002809D5FFE743F60801C4F2020101
S31508003390086840F4E0500860FFE7029800780007E4
S315080033A0002809D5FFE743F60801C4F202010868B8
S315080033B040F460400860FFE743F60801C4F20201E2
S315080033C0086820F0F000029A926810430860FFE748
S315080033D002980078C00700286AD0FFE7029840687C
S315080033E0012810D1FFE743F60000C4F20200006886
S315080033F000F400310020B0EB514F03D1FFE7012064
S315080034000390B4E02AE002984068022805D0FFE756
S3150800341002984068032810D1FFE743F60000C4F27B
S315080034200200006800F000710020B0EB516F03D174
S31508003430FFE7012003909AE00FE043F60000C4F28C
S315080034400200006800F002010020B0EB510F03D122
S31508003450FFE7012003908AE0FFE7FFE743F608014C
S31508003460C4F20201086820F00300029A5268104369
S315080034700860FFF747FE0090FFE743F60800C4F22E
S315080034800200006800F00C0002994968B0EB810F51
S315080034900DD0FFE7FFF736FE0099401A41F2893151
S315080034A0884203D3FFE70320039060E0E5E7FFE7E0
S315080034B0019843F60041C4F20201096801F00F01C0
S315080034C0884211D2FFE7019943F60040C4F2020090
S315080034D00170006800F00F000199884203D0FFE7E9
S315080034E00120039043E0FFE7029800784007002890
S315080034F00CD5FFE743F60801C4F20201086820F478
S31508003500E050029AD26810430860FFE702980078F4
S31508003510000700280DD5FFE743F60801C4F20201AB
S31508003520086820F46040029A126940EAC2000860FE
S31508003530FFE700F049F843F60801C4F202010968FA
S31508003540C9B20A0942F61C01C0F60201895CC840E4
S3150800355040F20001C2F20001086040F24400C2F2E3
S3150800356000000068FFF7FEFD00200390FFE70398C0
S3150800357004B080BD40F20000C2F200000068704747
S3150800358080B5FFF7F7FF43F60801C4F202010968A0
S31508003590C1F3822242F62C01C0F60201895CC840BA
S315080035A080BD000080B5FFF7E5FF43F60801C4F2C9
S315080035B00201096889B24A0B42F62C01C0F60201DB
S315080035C0895CC84080BD000080B586B000200590A3
S315080035D004900390029043F60800C4F202000068C3
S315080035E000F00C000146019140B1FFE7019804285C
S315080035F00AD0FFE7019808280CD04FE042F20040B5
S31508003600C0F2F40002904FE047F64000C0F27D1089
S31508003610029049E043F60400C4F20200016801F092
S315080036203F01059100684002002813D5FFE743F6DD
S315080036300400C4F202000068C0F3881047F640018F
S31508003640C0F27D11A0FB0101059A0023FCF75AFF81
S31508003650049012E043F60400C4F202000068C0F3C6
S31508003660881042F20041C0F2F401A0FB0101059A5C
S315080036700023FCF747FF0490FFE743F60400C4F273
S315080036800200006800F44031022000EBD1300390BC
S3150800369004980399B0FBF1F0029005E042F200406D
S315080036A0C0F2F4000290FFE7029806B080BD000061
S315080036B080B586B00490049818B9FFE701200590F4
S315080036C03CE304980078C007002800F0A280FFE7D2
S315080036D043F60800C4F20200006800F00C00042853
S315080036E013D0FFE743F60800C4F20200006800F0B2
S315080036F00C0008281DD1FFE743F60400C4F20200B7
S3150800370000684002002814D5FFE743F60000C4F21B
S315080037100200006800F400310020B0EB514F07D0DA
S31508003720FFE70498406818B9FFE70120059005E30C
S315080037306EE0FFE704984068B0F5803F09D1FFE7DF
S3150800374043F60001C4F20201086840F480300860BC
S3150800375020E004984068B0F5A02F0DD1FFE743F6A6
S315080037600001C4F20201086840F480200860086875
S3150800377040F4803008600CE043F60001C4F2020110
S31508003780086820F480300860086820F48020086003
S31508003790FFE7FFE7FFE704984068E0B1FFE7FFF7B8
S315080037A0B1FC0390FFE743F60000C4F2020000688C
S315080037B000F400310020B0EB514F0BD1FFE7FFF7C3
S315080037C0A1FC0399401A652803D3FFE70320059057
S315080037D0B4E2E8E71BE0FFF795FC0390FFE743F642
S315080037E00000C4F20200006800F400310020B0EBCB
S315080037F0514F0BD0FFE7FFF785FC0399401A652860
S3150800380003D3FFE70320059098E2E8E7FFE7FFE721
S31508003810FFE7049800788007002840F19380FFE7C7
S3150800382043F60800C4F20200006810F00C0F13D02B
S31508003830FFE743F60800C4F20200006800F00C0037
S3150800384008282BD1FFE743F60400C4F202000068FB
S315080038504002002822D4FFE743F60000C4F2020023
S31508003860006800F002010020B0EB510F08D0FFE716
S315080038700498C068012803D0FFE7012005905DE29F
S3150800388043F60001C4F20201086820F0F800049A21
S31508003890126940EAC2000860FFE752E00498C0686F
S315080038A068B3FFE70021C4F2472101200860FFF74B
S315080038B029FC0390FFE743F60000C4F20200006803
S315080038C000F002010020B0EB510F0BD1FFE7FFF724
S315080038D019FC0399401A032803D3FFE70320059030
S315080038E02CE2E8E743F60001C4F20201086820F07A
S315080038F0F800049A126940EAC200086020E0002134
S31508003900C4F2472100200860FFF7FCFB0390FFE79D
S3150800391043F60000C4F20200006800F0020100202D
S31508003920B0EB510F0BD0FFE7FFF7ECFB0399401AFA
S31508003930032803D3FFE703200590FFE1E8E7FFE745
S31508003940FFE7FFE7049800780007002849D5FFE756
S315080039500498406910B3FFE740F68061C4F2472136
S3150800396001200860FFF7CEFB0390FFE743F67400DB
S31508003970C4F20200006800F002010020B0EB510F0B
S315080039800BD1FFE7FFF7BEFB0399401A032803D3C1
S31508003990FFE703200590D1E1E8E721E040F68061E2
S315080039A0C4F2472100200860FFF7ACFB0390FFE74D
S315080039B043F67400C4F20200006800F00201002019
S315080039C0B0EB510F0BD0FFE7FFF79CFB0399401AAA
S315080039D0032803D3FFE703200590AFE1E8E7FFE7F5
S315080039E0FFE7049800784007002840F1C880FFE701
S315080039F00020019043F64000C4F202000068C000AF
S31508003A00002814D4FFE7FFE70020009043F64000A3
S31508003A10C4F20200016841F080510160006800F0BC
S31508003A20805000900098FFE701200190FFE747F2D9
S31508003A300000C4F200000068C005002821D4FFE792
S31508003A4047F20001C4F20001086840F4807008607B
S31508003A50FFF758FB0390FFE747F20000C4F20000A7
S31508003A600068C00500280BD4FFE7FFF74BFB039956
S31508003A70401A032803D3FFE7032005905EE1EBE72E
S31508003A80FFE7FFE704988068012809D1FFE743F6B6
S31508003A907001C4F20201086840F0010008601FE0E6
S31508003AA00498806805280DD1FFE743F67001C4F233
S31508003AB00201086840F004000860086840F0010048
S31508003AC008600CE043F67001C4F20201086820F0B1
S31508003AD001000860086820F004000860FFE7FFE7B7
S31508003AE0FFE704988068F0B1FFE7FFF70BFB039048
S31508003AF0FFE743F67000C4F20200006800F0020116
S31508003B000020B0EB510F0DD1FFE7FFF7FBFA039941
S31508003B10401A41F28931884203D3FFE70320059012
S31508003B200CE1E6E71DE0FFF7EDFA0390FFE743F641
S31508003B307000C4F20200006800F002010020B0EB39
S31508003B40510F0DD0FFE7FFF7DDFA0399401A41F24E
S31508003B508931884203D3FFE703200590EEE0E6E7C4
S31508003B60FFE70198012809D1FFE743F64001C4F2AF
S31508003B700201086820F080500860FFE7FFE7049814
S31508003B808069002800F0D780FFE743F60800C4F2F2
S31508003B900200006800F00C00082800F08280FFE7A9
S31508003BA00498806902285AD1FFE76021C4F24721A8
S31508003BB000200860FFF7A6FA0390FFE743F6000027
S31508003BC0C4F20200006800F000710020B0EB516FEB
S31508003BD00BD0FFE7FFF796FA0399401A032803D399
S31508003BE0FFE703200590A9E0E8E70499C869D1F83A
S31508003BF020C04B6A8A6A40EA0C0040EA8310D20366
S31508003C004FF6FF739A43A2F580321043C96A40EA19
S31508003C10016043F60401C4F2020108606021C4F29F
S31508003C20472101200860FFF76DFA0390FFE743F686
S31508003C300000C4F20200006800F000710020B0EB3A
S31508003C40516F0BD1FFE7FFF75DFA0399401A032876
S31508003C5003D3FFE70320059070E0E8E720E0602142
S31508003C60C4F2472100200860FFF74CFA0390FFE7EB
S31508003C7043F60000C4F20200006800F0007100205C
S31508003C80B0EB516F0BD0FFE7FFF73CFA0399401AE8
S31508003C90032803D3FFE7032005904FE0E8E7FFE793
S31508003CA048E004988069012803D1FFE701200590C0
S31508003CB044E043F60400C4F2020000680290049847
S31508003CC08069012831D0FFE7029800F48000049942
S31508003CD0C969884229D1FFE7029800F03F00049994
S31508003CE0096A884221D1FFE7029847F6C071084061
S31508003CF00499496AB0EB811F17D1FFE7029800F4CF
S31508003D0040300499896AC9034FF6FF729143A1F5B9
S31508003D108031884209D1FFE7029800F07060049963
S31508003D20C96AB0EB016F03D0FFE70120059005E0F3
S31508003D30FFE7FFE7FFE700200590FFE7059806B0D5
S31508003D4080BD000081B0009001B0704780B584B096
S31508003D500290029818B9FFE7012003906DE00298D7
S31508003D60406A60B9FFE702984068B0F5827F01D1E2
S31508003D70FFE703E002990020C861FFE705E0029922
S31508003D800020086102994861FFE7029900208862CD
S31508003D900298406D38B9FFE7029900200865029835
S31508003DA000F04EF8FFE7029902204865029801687C
S31508003DB0086820F040000860029A0192116850686D
S31508003DC0D2F808C0D36800F482700CF4044C60443E
S31508003DD003F400631844136903F002031844536993
S31508003DE003F001031844936903F400731844D36974
S31508003DF003F038031844136A03F080031843926AE1
S31508003E0002F4005210430860029801688369426A06
S31508003E10042000EA134002F0100210444860029899
S31508003E200168C86920F40060C861029900208865A5
S31508003E30029A012151650390FFE7039804B080BDFB
S31508003E4080B58AB0099000200890079006900590E2
S31508003E5004900998006843F20041C4F201018842BF
S31508003E6063D1FFE7FFE70020039043F64400C4F25E
S31508003E700200016841F400510160006800F4005036
S31508003E8003900398FFE7FFE70020029043F630000F
S31508003E90C4F20200016841F010010160006800F0F8
S31508003EA0100002900298FFE7642004900220059013
S31508003EB0002000900690032007900520089041F204
S31508003EC00000C4F2020004A9FEF7E6FE00994DF2CE
S31508003ED00C60C2F20000019046F22842C4F20202C7
S31508003EE002604FF00062426040228260C1604FF477
S31508003EF0806202614FF4006242614FF400528261AF
S31508003F00C16101624162FEF737FD18B1FFE7FEF7AE
S31508003F103DF8FFE7FFE709984DF20C61C2F2000190
S31508003F2081640998C863FFE7FFE70AB080BD00000F
S31508003F3080B588B006900591ADF812200393FFF777
S31508003F40E1F80290BDF81200ADF806000698406D3B
S31508003F50012803D0FFE70220079025E1059820B144
S31508003F60FFE7BDF8120018B9FFE7012007901BE12B
S31508003F70FFE70698006D012803D1FFE702200790A6
S31508003F8012E1069901200865FFE7FFE70699032075
S31508003F9048650699002088650599069A1163BDF853
S31508003FA01210069A9186BDF81210069AD1860699BD
S31508003FB08863069988870699C88706994864069982
S31508003FC0086406988068B0F5004F0DD1FFE706989B
S31508003FD00168086820F040000860069801680868CB
S31508003FE040F480400860FFE706980068006800F023
S31508003FF04000402807D0FFE706980168086840F0A7
S3150800400040000860FFE70698C068B0F5006F4ED11B
S31508004010FFE70698406828B1FFE7BDF806000128C3
S315080040200ED1FFE706980168006B0088C8600699FC
S31508004030086B023008630699C88E0138C886FFE700
S31508004040FFE70698C08E88B3FFE706980068806881
S31508004050800700280ED5FFE706980168006B0088E0
S31508004060C8600699086B023008630699C88E01383D
S31508004070C8861AE0FFF746F80299401A039988425B
S3150800408004D3FFE70398013018B9FFE7039858B936
S31508004090FFE7069901204865FFE7069900200865AD
S315080040A0FFE7032007907FE0FFE7CAE74DE00698A1
S315080040B0406828B1FFE7BDF8060001280ED1FFE7E2
S315080040C006980168006B007808730699086B01303A
S315080040D008630699C88E0138C886FFE7FFE7069881
S315080040E0C08E88B3FFE706980068806880070028B6
S315080040F00ED5FFE706980168006B007808730699E5
S31508004100086B013008630699C88E0138C8861AE01C
S31508004110FEF7F8FF0299401A0399884204D3FFE78D
S315080041200398013018B9FFE7039858B9FFE70699CD
S3150800413001204865FFE7069900200865FFE7032088
S31508004140079031E0FFE7CAE7FFE706980399029A66
S3150800415001F088FF20B1FFE7069920208865FFE770
S315080041600698806870B9FFE7FFE700200090069878
S315080041700068C068009006980068806800900098FB
S31508004180FFE7FFE7069901204865FFE70699002043
S315080041900865FFE70698806D18B1FFE701200790CC
S315080041A002E000200790FFE7079808B080BD0000EE
S315080041B080B584B002900191ADF802200298406D56
S315080041C0012803D0FFE70220039098E0019820B168
S315080041D0FFE7BDF8020018B9FFE7012003908EE05B
S315080041E0FFE70298006D012803D1FFE7022003903C
S315080041F085E0029901200865FFE7FFE70299032099
S3150800420048650299002088650199029A1163BDF8EC
S315080042100210029A9186BDF80210029AD186029976
S315080042208863029948640299086402998887029902
S31508004230C88702988068B0F5004F0DD1FFE702984D
S315080042400168086820F0400008600298016808685C
S3150800425040F480400860FFE70298816C45F6A97033
S31508004260C0F6000048640298816C45F6C170C0F635
S31508004270000008640298816C45F67570C0F6000067
S3150800428008650298816C00204865029B1A68196BBC
S31508004290986C0C32DB8EFEF76BFC68B1FFE702996F
S315080042A0886D40F010008865FFE7029900200865D0
S315080042B0FFE70120039022E002980068006800F0FA
S315080042C04000402807D0FFE702980168086840F0D8
S315080042D040000860FFE7FFE7029900200865FFE74E
S315080042E002980168486840F0200048600298016812
S315080042F0486840F00200486000200390FFE70398F2
S3150800430004B080BD80B582B00190019800684DF276
S315080043103871C2F20001096888423CD1FFE740F2D1
S315080043201430C2F20000007808B9FFE733E040F223
S315080043301431C2F2000100200870FFE74DF2387010
S31508004340C2F20000006880680006002801D5FFE771
S31508004350F4E74DF23870C2F200000268116821F0E5
S31508004360400111600021C1600268116821F40061F2
S3150800437011600168086840F04000086041F20000DA
S31508004380C4F2020010210122FEF7A6FEFDF7F0FD99
S315080043901AF04EFDFFE702B080BD000081B0009024
S315080043A001B0704781B000900098042809D1FFE752
S315080043B04EF21001CEF20001086840F004000860D1
S315080043C008E04EF21001CEF20001086820F0040061
S315080043D00860FFE701B0704780B582B00190019888
S315080043E002F006FB02B080BD81B0009001B07047B4
S315080043F081B0009001B0704785B003900291FFE745
S315080044000398C06B012803D1FFE70220049079E0E6
S3150800441003990120C863FFE7FFE7039902200864B0
S3150800442003980068406801900398006880680090C7
S31508004430019820F0700001900298016801980843DD
S31508004440019001980399096848600398006800215B
S31508004450C4F2010188423CD0FFE703980068B0F136
S31508004460804F36D0FFE70398006840F20041C4F257
S31508004470000188422DD0FFE70398006840F6000146
S31508004480C4F20001884224D0FFE70398006840F68A
S315080044900041C4F2000188421BD0FFE70398006878
S315080044A040F20041C4F20101884212D0FFE70398A6
S315080044B0006844F20001C4F20101884209D0FFE70E
S315080044C00398006841F60001C4F2000188420ED143
S315080044D0FFE7009820F08000009002984168009855
S315080044E0084300900098039909688860FFE70399D4
S315080044F001200864FFE703990020C863FFE700204E
S315080045000490FFE7049805B07047000080B582B0B4
S315080045100090009818B9FFE70120019031E0009853
S31508004520006C38B9FFE700990020C863009800F0CE
S315080045302BF8FFE7009902200864009951F8040B4C
S3150800454002F004FB009901204866FFE70099012064
S315080045504864009988640099C86400990865FFE76B
S31508004560FFE7009901204865009988650099C865A4
S3150800457000990866FFE70099012008640020019069
S31508004580FFE7019802B080BD80B584B00390039818
S315080045900068B0F1804F1BD1FFE7FFE700200290CB
S315080045A043F64000C4F20200016841F001010160CF
S315080045B0006800F0010002900298FFE71C200190B5
S315080045C005210022FEF732FE0198FEF727FEFFE7D7
S315080045D004B080BD83B001900198006C012803D017
S315080045E0FFE70120029068E001990220086401981B
S315080045F00168C86840F00100C86001980068002199
S31508004600C4F2010188423CD0FFE701980068B0F186
S31508004610804F36D0FFE70198006840F20041C4F2A7
S31508004620000188422DD0FFE70198006840F6000196
S31508004630C4F20001884224D0FFE70198006840F6DA
S315080046400041C4F2000188421BD0FFE701980068C8
S3150800465040F20041C4F20101884212D0FFE70198F6
S31508004660006844F20001C4F20101884209D0FFE75C
S315080046700198006841F60001C4F20001884212D18F
S31508004680FFE701980068806800F00700009000982E
S31508004690062807D0FFE701980168086840F001007E
S315080046A00860FFE706E001980168086840F0010025
S315080046B00860FFE700200290FFE7029803B0704702
S315080046C080B586B00490039100200290FFE7049815
S315080046D0C06B012803D1FFE702200590A4E00499E6
S315080046E00120C863FFE7FFE70499022008640498DD
S315080046F0006880680190019820F077000190019881
S3150800470020F47F400190019804990968886003980D
S3150800471000680090002872D0FFE7009810286ED035
S31508004720FFE7009820286AD0FFE70098302866D06F
S31508004730FFE70098402855D0FFE70098502837D063
S31508004740FFE70098602840D0FFE7009870280BD054
S31508004750FFE70098B0F5805F05D0FFE70098B0F551
S31508004760005F16D052E054E004980068039B5A682C
S315080047709968DB6802F0BCFA0498006880680190C2
S31508004780019840F0770001900198049909688860BB
S315080047903FE004980068039B5A689968DB6802F052
S315080047A0A7FA04980168886840F48040886030E079
S315080047B004980068039A5168D26802F0C9FA049806
S315080047C00068502102F0AEFA23E004980068039AC4
S315080047D05168D26802F0E4FA04980068602102F091
S315080047E0A1FA16E004980068039A5168D26802F0A4
S315080047F0AFFA04980068402102F094FA09E0049898
S3150800480000680399096802F08DFA02E00120029017
S31508004810FFE7049901200864FFE704990020C863AC
S31508004820FFE702980590FFE7059806B080BD0000EF
S3150800483081B0009001B0704780B584B003900398AA
S315080048400068C068029003980068006901909DF8A6
S3150800485004008007002824D5FFE79DF80800800794
S3150800486000281DD5FFE7039801686FF0020008616C
S3150800487003990120C861039800688069800720B100
S31508004880FFE70398FFF7D4FF06E0039800F0E2F885
S31508004890039800F0E3F8FFE703990020C861FFE7F3
S315080048A0FFE79DF804004007002825D5FFE79DF897
S315080048B00800400700281ED5FFE7039801686FF037
S315080048C00400086103990220C8610398006880699A
S315080048D010F4407F04D0FFE70398FFF7A9FF06E02E
S315080048E0039800F0B7F8039800F0B8F8FFE70399C3
S315080048F00020C861FFE7FFE79DF8040000070028CD
S3150800490024D5FFE79DF80800000700281DD5FFE716
S31508004910039801686FF00800086103990420C861CC
S3150800492003980068C069800720B1FFE70398FFF77E
S315080049307FFF06E0039800F08DF8039800F08EF8E4
S31508004940FFE703990020C861FFE7FFE79DF8040029
S31508004950C006002825D5FFE79DF80800C0060028F0
S315080049601ED5FFE7039801686FF0100008610399E8
S315080049700820C86103980068C06910F4407F04D015
S31508004980FFE70398FFF754FF06E0039800F062F884
S31508004990039800F063F8FFE703990020C861FFE772
S315080049A0FFE79DF80400C00778B1FFE79DF8080007
S315080049B0C00748B1FFE7039801686FF00100086176
S315080049C0039800F04FF8FFE7FFE79DF8040000069C
S315080049D0002810D5FFE79DF808000006002809D52D
S315080049E0FFE7039801686FF0800008610398FFF7F6
S315080049F0FBFCFFE7FFE79DF804004006002810D5FA
S31508004A00FFE79DF808004006002809D5FFE7039848
S31508004A1001686FF040000861039800F03BF8FFE773
S31508004A20FFE79DF804008006002810D5FFE79DF8EB
S31508004A3008008006002809D5FFE7039801686FF08B
S31508004A40200008610398FFF7D3FCFFE7FFE704B0EF
S31508004A5080BD000081B0009001B0704781B0009021
S31508004A6001B0704780B582B0019001984DF29471FB
S31508004A70C2F2000188420AD1FFE74DF6E831C2F2D8
S31508004A8000010888013008801AF0FAF9FFE702B039
S31508004A9080BD000081B0009001B0704782B00190DF
S31508004AA0ADF8021002B0704780B588B007900020B4
S31508004AB00690079800F056F80690069808B9FFE79A
S31508004AC04EE006980138014601910F2843D801990E
S31508004AD0DFE801F008164124414141324141414194
S31508004AE041414140FFE700200590079800680068AB
S31508004AF0059007980068406805900598FFE72BE041
S31508004B00FFE700200490079800680068049007985B
S31508004B100068406804900498FFE71DE0FFE700205E
S31508004B200390079800680068039007980068406833
S31508004B3003900398FFE70FE0FFE70020029007982D
S31508004B40006800680290079800684068029002981A
S31508004B50FFE701E000E0FFE7079800684068FFE725
S31508004B6008B080BD81B000900098C06C01B0704755
S31508004B7080B592B01190119800680068109011984D
S31508004B800068C0680F901198006840690E90002070
S31508004B900D900C90109800F00F000D900D9888B9A4
S31508004BA0FFE79DF84000800600280AD5FFE79DF834
S31508004BB03C008006002804D5FFE7119802F0C2FAE7
S31508004BC000E2FFE70D98002800F0C280FFE79DF895
S31508004BD03800C00738B9FFE7BDF83C0010F4907FED
S31508004BE000F0B680FFE79DF84000C00758B1FFE720
S31508004BF09DF83D00C00730B1FFE71199C86C40F039
S31508004C000100C864FFE79DF84000400700280BD55F
S31508004C10FFE79DF83800C00730B1FFE71199C86C67
S31508004C2040F00200C864FFE79DF8400080070028AE
S31508004C300BD5FFE79DF83800C00730B1FFE711999B
S31508004C40C86C40F00400C864FFE79DF84000000700
S31508004C50002811D5FFE79DF83C008006002805D4FA
S31508004C60FFE79DF83800C00730B1FFE71199C86C17
S31508004C7040F00800C864FFE71198C06C002866D0A9
S31508004C80FFE79DF84000800600280AD5FFE79DF853
S31508004C903C008006002804D5FFE7119802F052FA76
S31508004CA0FFE7119800684069C0F380100C901198CE
S31508004CB0C06C0007002804D4FFE70C9800283ED0F3
S31508004CC0FFE7119802F0C8F9119800684069400694
S31508004CD000282FD5FFE7FFE7FFE71198006850E89F
S31508004CE0050F20F040000B90FFE70B99119802681A
S31508004CF042E805100028F0D1FFE7FFE71198C06BDE
S31508004D0098B1FFE71198C16B46F60960C0F6000036
S31508004D1048651198C06BFDF74DFC28B1FFE711985F
S31508004D20C06B416D8847FFE703E01198FFF7BCFEAB
S31508004D30FFE703E01198FFF7B7FEFFE706E01198D3
S31508004D40FFF7B2FE11990020C864FFE7FFE739E1D3
S31508004D501198006B012840F01581FFE79DF8400087
S31508004D60C006002840F10E81FFE79DF83C00C0060A
S31508004D70002840F10781FFE7FFE700200A90119815
S31508004D80006800680A901198006840680A900A98B6
S31508004D90FFE71198006840694006002840F19980AD
S31508004DA0FFE71198C06B00684068ADF82600BDF8AB
S31508004DB02600002874D0FFE7BDF826001199898DD2
S31508004DC088426DDAFFE7BDF826001199C885119863
S31508004DD0C06BC069B0F5807F57D0FFE7FFE7FFE7F4
S31508004DE01198006850E8030F20F480700890FFE7D8
S31508004DF008991198026842E803100028F0D1FFE7E5
S31508004E00FFE7FFE7FFE71198006850E8050F20F075
S31508004E1001000790FFE707991198026842E8051014
S31508004E200028F0D1FFE7FFE7FFE7FFE711980068E2
S31508004E3050E8050F20F040000690FFE70699119804
S31508004E40026842E805100028F0D1FFE7FFE711994C
S31508004E5020208864119900200863FFE7FFE711986E
S31508004E60006850E8030F20F010000590FFE7059949
S31508004E701198026842E803100028F0D1FFE7FFE71F
S31508004E801198C06BFDF72AFBFFE7119902204863CA
S31508004E901198818DC28D891A89B2FFF7FFFD17E037
S31508004EA0BDF826001199898D884210D1FFE711981F
S31508004EB0C06BC069B0F5807F08D1FFE71199022061
S31508004EC048631198818DFFF7E9FDFFE7FFE7FFE7E4
S31508004ED078E01199888DC98D401AADF8120011989D
S31508004EE0C08D00284DD0FFE7BDF81200002848D035
S31508004EF0FFE7FFE7FFE71198006850E8030F20F483
S31508004F0090700390FFE703991198026842E803102E
S31508004F100028F0D1FFE7FFE7FFE7FFE711980068F1
S31508004F2050E8050F20F001000290FFE7029911985A
S31508004F30026842E805100028F0D1FFE7FFE711995B
S31508004F4020208864119900200863FFE7FFE711987D
S31508004F50006850E8030F20F010000190FFE7019960
S31508004F601198026842E803100028F0D1FFE7FFE72E
S31508004F701199022048631198BDF81210FFF78EFDAB
S31508004F80FFE71FE09DF84000000600280AD5FFE766
S31508004F909DF83C000006002804D5FFE7119802F0AA
S31508004FA0B1FA0FE09DF84000400600280AD5FFE751
S31508004FB09DF83C004006002804D5FFE7119802F04A
S31508004FC095F8FFE712B080BD80B582B000900098D2
S31508004FD018B9FFE7012001903AE00098806908B106
S31508004FE0FFE700E0FFE70098406C38B9FFE7009953
S31508004FF000200864009800F02FF8FFE700992420A5
S31508005000486400980168C86820F40050C860009891
S3150800501002F046F900980168086920F49040086192
S3150800502000980168486920F02A00486100980168DC
S31508005030C86840F40050C86000990020C864009A07
S3150800504020215164009A9164009948630190FFE712
S31508005050019802B080BD000080B58CB00B9000208E
S315080050600A9009900890079006900B98006841F2FC
S315080050700001C4F20101884240F09180FFE7FFE792
S315080050800020059043F64400C4F20200016841F08E
S3150800509010010160006800F0100005900598FFE710
S315080050A0FFE70020049043F63000C4F202000168CE
S315080050B041F001010160006800F0010004900498C5
S315080050C0FFE74FF4C0600690022007900120089081
S315080050D00320099007200A900020C4F2020006A9BE
S315080050E0FDF7DAFD4DF2D460C2F20000039046F2F5
S315080050F0B841C4F2020101604FF0006141604021ED
S3150800510081600021C1604FF4806202614161816162
S31508005110C16101624162FDF72FFC18B1FFE7FCF798
S3150800512035FFFFE7FFE70B984DF2D461C2F20001A5
S3150800513081630B98C863FFE74DF27060C2F2000006
S31508005140029046F24041C4F2020101604FF000614C
S31508005150416000218160C1604FF480620261416153
S315080051608161C16101624162FDF706FC18B1FFE782
S31508005170FCF70CFFFFE7FFE70B984DF27061C2F2F0
S315080051800001C1630B98C863FFE72520019005213C
S315080051900022FEF74BF80198FEF740F8FFE70CB03F
S315080051A080BD000080B584B002900191ADF8022060
S315080051B00298806C202815D1FFE7019820B1FFE7F7
S315080051C0BDF8020018B9FFE7012003900DE0029927
S315080051D00020086302980199BDF8022002F0FEF843
S315080051E0039002E002200390FFE7039804B080BD15
S315080051F080B582B001900198C06B20B1FFE7019895
S3150800520019F07AFEFFE702B080BD000080B582B0D3
S3150800521001900198C06B20B1FFE7019819F0AEFE26
S31508005220FFE702B080BD000080B58AB008900791FC
S31508005230ADF81A200593002002900898406C2028A3
S3150800524078D1FFE7079820B1FFE7BDF81A0018B92B
S31508005250FFE70120099070E008990020C8640899C2
S3150800526021204864FDF74EFF0290BDF81A00089900
S315080052708884BDF81A000899C88408988068B0F52B
S31508005280805F09D1FFE70898006928B9FFE7002081
S3150800529004900798039004E0079804900020039070
S315080052A0FFE7FFE70898C08C68B3FFE70898029BFA
S315080052B005996A4611608021002202F069F930B129
S315080052C0FFE70899202048640320099035E00498F0
S315080052D058B9FFE7039800886FF35F2008990968B3
S315080052E0486003980230039008E00498007808990B
S315080052F009684860049801300490FFE70899C88C4B
S315080053000138C884CEE70898029B05996A46116059
S315080053104021002202F03CF930B1FFE7089920202D
S3150800532048640320099008E0089920204864002072
S31508005330099002E002200990FFE709980AB080BDAB
S3150800534080B586B004900391ADF80A200498406CA5
S31508005350202865D1FFE7039820B1FFE7BDF80A00CA
S3150800536018B9FFE7012005905DE0039804990862E3
S31508005370BDF80A0004998884BDF80A000499C8840F
S3150800538004990020C864049A2121516404998A6BFF
S3150800539046F6C571C0F60001116404998A6B47F296
S315080053A04101C0F60001516404998A6B46F62561ED
S315080053B0C0F6000111650499896B486503A8019038
S315080053C004980268806B019909680432BDF80A30AE
S315080053D0FDF7CEFB48B1FFE704991020C86404998D
S315080053E020204864012005901DE0049801686FF0AC
S315080053F040000860FFE7FFE70498006850E8050FDB
S3150800540040F080000090FFE700990498026842E89F
S3150800541005100028F0D1FFE7FFE70020059002E01D
S3150800542002200590FFE7059806B080BD81B0009080
S3150800543001B0704781B0009001B07047FFE7FEE702
S3150800544081B0009000980068C0B2C00901B07047EA
S3150800545082B001908DF803109DF803000199486009
S3150800546002B0704780B54DF2BC50C2F2000043F25C
S315080054700001C4F202010160FCF7E2FD18B1FFE782
S31508005480FCF784FDFFE780BD80B582B04DF2C850B9
S31508005490C2F2000001904BF20001C4F20201016061
S315080054A0002141608160C1608162C162016341631C
S315080054B0FCF7A4FF18B1FFE7FCF768FDFFE74DF21C
S315080054C0C850C2F200000121FCF7FCFD18B1FFE745
S315080054D0FCF75CFDFFE702B080BD000080B586B032
S315080054E0FFE70020059043F63000C4F20200016889
S315080054F041F480010160006800F480000590059879
S31508005500FFE7392000900521029100220392FDF75A
S315080055108DFE0098FDF782FE0299039A3A200190C3
S31508005520FDF784FE0198FDF779FE0299039A462055
S315080055300490FDF77BFE0498FDF770FE06B080BD6B
S3150800554080B598B000201790169015901490139077
S31508005550FFE70020129043F63000C4F2020001680B
S3150800556041F010010160006800F0100012901298D6
S31508005570FFE7FFE70020119043F63000C4F202006F
S31508005580016841F004010160006800F00400119010
S315080055901198FFE7FFE70020109043F63000C4F2A9
S315080055A00200016841F080010160006800F0800097
S315080055B010901098FFE7FFE700200F9043F63000A1
S315080055C0C4F20200016841F001010160006800F0C0
S315080055D001000F900F98FFE7FFE700200E9043F6B3
S315080055E03000C4F20200016841F00201016000685F
S315080055F000F002000E900E98FFE7FFE700200D90DE
S3150800560043F63000C4F20200016841F00801016067
S31508005610006800F008000D900D98FFE741F20000C1
S31508005620C4F202000B90112100220992FDF754FDE5
S31508005630099A40F60000C4F20200059041F2FF0103
S31508005640FDF74AFD099A0020C4F202000390B02132
S315080056500191FDF741FD40F60040C4F202000790B3
S315080056600F21069101220892FDF736FD089A0B983C
S3150800567002210491FDF730FD0899099A0B98082331
S3150800568013931492159113A90C91FDF705FB049A2F
S31508005690DDF820C0099B0B980C994FF0100ECDF839
S315080056A04CE0CDF850C015931692FDF7F5FA05981B
S315080056B0099A0C994FF43053139303230A931493BE
S315080056C01592FDF7E9FA0598089B099A0C994FF087
S315080056D0FF0CCDF84CC0149315931692FDF7DCFA1F
S315080056E00398099A0A9B0C9941F60F0CCDF84CC001
S315080056F014931592FDF7D0FA0398DDF820C0099B9C
S315080057000A9A0C99DDF804E0CDF84CE0CDF850C0C3
S3150800571015931692FDF7C0FA0398099A0C99402337
S31508005720139314921592FDF7B7FA09980A9A0C99E9
S315080057304FF2F73313931492159040F20040C4F2D7
S3150800574002000290FDF7A8FA049A099B0B980C9997
S315080057504FF4607CCDF84CC014931592FDF79CFA73
S31508005760099A0A9B0B980C994FF47C4CCDF84CC0BF
S3150800577014931592FDF790FA0298089A099B0C99CA
S315080057804FF4406CCDF84CC014931592FDF784FA8B
S315080057900798099A0A9B0C994FF6F07CCDF84CC0ED
S315080057A014931592FDF778FA049A0598099B0C99B3
S315080057B04FF4407CCDF84CC014931592FDF76CFA63
S315080057C00398049A099B0C994FF4807CCDF84CC039
S315080057D014931592FDF760FA0398089A099B0C9999
S315080057E04FF4004CCDF84CC014931592FDF754FABB
S315080057F0049A0598089B0C994FF4805CCDF84CC028
S31508005800149315931692FDF747FADDF818C0079812
S31508005810089B099A0C99CDF84CC0149315931692C7
S31508005820FDF73AFADDF820C0099B0A9A0B980C99FD
S315080058301392CDF850C015931692FDF72DFA18B0AD
S3150800584080BD000080B582B04DF23870C2F200000B
S31508005850009043F20041C4F2010101604FF48271E5
S315080058604160002101918160C160016141614FF48D
S3150800587000728261C1610162416281620A21C1626C
S31508005880FEF764FA18B1FFE7FCF780FBFFE702B002
S3150800589080BD000080B588B000210191079106916E
S315080058A005910491039102914DF29470C2F20000A1
S315080058B04FF08042026042F2273242608160C7227E
S315080058C0C26001618161FEF721FE18B1FFE7FCF7AE
S315080058D05DFBFFE74FF4805004904DF29470C2F2DE
S315080058E0000004A9FEF7ECFE18B1FFE7FCF74EFB33
S315080058F0FFE70020029003904DF29470C2F2000078
S3150800590002A9FEF779FD18B1FFE7FCF73FFBFFE7B1
S3150800591008B080BD80B519F0BBFA19F0BBFA80BD96
S3150800592080B519F0E1FA80BD80B582B04DF2FC7001
S31508005930C2F20000019041F20001C4F201010160C7
S315080059404FF41641416000218160C16001610C225B
S3150800595042618161C161FFF737FB18B1FFE7FCF7C8
S3150800596015FBFFE702B080BDFFE7FEE7FFE7FEE7AE
S3150800597088B0079006910592079800F007000490F2
S315080059800498C0F10700052803D3FFE70420019017
S3150800599004E00498C0F107000190FFE7019803901E
S315080059A004980430062803D8FFE70020009003E097
S315080059B0049803380090FFE7009802900698039928
S315080059C0012202FA01F101390840029B9840059923
S315080059D09A40013A1140084308B070470168D1F867
S315080059E0A8100847C0EBC00001EB4000017B01F09E
S315080059F01F010D29704702EB40008088081A70477E
S31508005A008046284613F0D4BE4068016809680847EE
S31508005A100C460146054631F8040F228810444A8888
S31508005A20208060881044608020460DF06FBB00908F
S31508005A30484641463A46334607F0D7BE4DF808ED84
S31508005A400AF02AFF0168096B5DF808EB0847224649
S31508005A50002300910B9980B2CDE901103398039089
S31508005A60DDE907010CF03DBBBDF81E00BDF81A10B4
S31508005A7070472068D0F880102046084704F14C0586
S31508005A8039460E222846FAF705BE4DF808ED0FF0FE
S31508005A9004FA286800285DF808EB7047206829464C
S31508005AA0C26E20461047ADF80C00206908310191F6
S31508005AB06168CDF80E107047BDF81C200A4413B271
S31508005AC0BA88024416B2BDF91A20B342704704F1E7
S31508005AD0400307CA07C31FBD2068297F826B20467B
S31508005AE01047484600212246334608F0E9B98DF8A2
S31508005AF01E008DF81D0040F20110ADF81F00FF20B2
S31508005B008DF81C0070472246012300910B9980B23C
S31508005B10CDE901103398039001200B90DDE90701C8
S31508005B200CF0DFBA2068016F20460847602184F828
S31508005B30540001EAD00094F8591001F09F01084476
S31508005B4084F85900704701EB810100EB41002146BA
S31508005B50303870470168896B084710FB081080B217
S31508005B602847BDF92CB03044ADF82000BDF82A000E
S31508005B7070471646CDE9140118685968CDE912012F
S31508005B8070470A9828440A900B98704711FB0B0037
S31508005B9080B2404701FB0BF110FB0A1080B2484760
S31508005BA0BDF83230BDF830204FF0000C7047B4EE27
S31508005BB0401AF1EE10FA7047504614F093BD50465D
S31508005BC014F026BD05F01F00C5F3820141EAC000A6
S31508005BD0704713B0BDE8F08FBDF92020BDF922301B
S31508005BE07047BDF93000BDF83820BDF9321070474E
S31508005BF0CDE90E0118685968CDE90C01704709B05E
S31508005C00BDE8F08FFC20CBF3412100EADB00084415
S31508005C107047FC20C5F3412100EAD50008447047C7
S31508005C2022786178A07811F07BB900680168096B61
S31508005C300847BDF94820BDF94A307047BDF9381004
S31508005C40BDF94030BDF93A20704700680168C96A55
S31508005C500847A8B2524609EBC001304614F059BBB2
S31508005C6006462068016D204608472068C16B204615
S31508005C700847054620680168096D0847A18D008810
S31508005C80814270476A7BA97902F0080241EA42110B
S31508005C90A0EB510084F85500704704F1140006F093
S31508005CA03DBA0168C96A0847DBF800002946826CD4
S31508005CB05846104720681C9FC16C20460847204656
S31508005CC00AF0F2BACDF8148001905E9802905F98B7
S31508005CD0CDE9030A62980690704704F14C062946F6
S31508005CE00E223046FAF7D6BC0244ADF84820BDF875
S31508005CF052200A44ADF84A20BDF9542011FB02008F
S31508005D007047DBF800003146826C584610478846D3
S31508005D101C90484608F072BD012180F8751080F87D
S31508005D205210704721EE001ABDEEC11A7047A0EB5B
S31508005D300800A4F85C007047BDF81620ADF8080006
S31508005D40081AFF23ADF80C004846ADF80E20BDF83A
S31508005D501220ADF80A207047314609F05BBE0446AA
S31508005D600DF094BC606801684A687047206801684D
S31508005D70C96C08472068C16F204608472846032192
S31508005D8007F06ABE02462046294611F0C9B8024401
S31508005D90ADF83020BDF83A200A44ADF83220BDF9F6
S31508005DA03C2011FB020070470168C96B0847394659
S31508005DB0ADF80E004846ADF80C20B8F80020CDF82E
S31508005DC000A0ADF80820704705980A9908440B9971
S31508005DD028440A900698084470470546DBF80000F0
S31508005DE0C16F58460847284615F037B9BDF816104A
S31508005DF0B8F806200844B8F8021000B2114409B2EF
S31508005E00814270470BF01F00CBF3820141EAC000C4
S31508005E107047CDE90110204629460CF062B9DBF837
S31508005E200000D0F8801058460847B4F85C00B0F572
S31508005E30004F7047BDF94800BDF85020BDF94A101B
S31508005E407047098803FB012200EB420B01FB06F0B1
S31508005E500BEB40007047106851681646CDE90A01F9
S31508005E6018685968CDE90801704731460CF001BE3B
S31508005E7080463046394607F0E5BFADF80E0048467D
S31508005E80ADF80C20B8F80020ADF80820704700EBF4
S31508005E9040000A5C08444178807811F041B8360C15
S31508005EA032F8166070472B4607F09FBCDAF80000F8
S31508005EB0C26850461047CDF800A03946ADF80C0028
S31508005EC04846ADF80E307047B8F80420ADF80A0019
S31508005ED0081A7047084611461A4623460095704721
S31508005EE000FB0AF011FB040080B2304701FB0AF1FF
S31508005EF015FB001080B25847DDF80C803044461870
S31508005F00A81800EB410570470000000000000000DB
S31508005F10EFF30980BFF36F8F154B1A681EF0100F49
S31508005F2008BF20ED108A20E9F04F10602DE909001E
S31508005F304FF0500080F31188BFF34F8FBFF36F8F78
S31508005F4019F0E2FD4FF0000080F31188BDE8090062
S31508005F5019680868B0E8F04F1EF0100F08BFB0ECDB
S31508005F60108A80F30988BFF36F8F704700BF00BFA0
S31508005F7040D9002080B582B001900198C06B00908E
S31508005F8000980168486820F0030048600099886D09
S31508005F9040F0100088650099012048650098FDF7D3
S31508005FA0D1FE02B080BD000080B582B00190019894
S31508005FB0C06B00900098FEF7F1F902B080BD0000B2
S31508005FC080B584B003900398C06B0290FDF79AF8E9
S31508005FD0019003980068006800F48070B0F5807F2F
S31508005FE03AD0FFE702980168486820F02000486028
S31508005FF002980168486820F0020048600298019AF1
S31508006000642100F02FF830B1FFE70299886D40F05F
S3150800601020008865FFE70298806870B9FFE7FFE708
S315080060200020009002980068C068009002980068F6
S31508006030806800900098FFE7FFE702990020C8866D
S315080060400299012048650298806D20B1FFE7029801
S31508006050FDF778FE04E0FFE70298FEF753F9FFE73D
S3150800606004B080BD80B586B004900391029204986E
S31508006070039B02996A4611600221012200F054F836
S3150800608040B1FFE70499886D40F020008865032039
S31508006090059046E040F20000C2F2000000684AF6A9
S315080060A0AB21CAF6AA21A0FB011000094FF2A17183
S315080060B0C1F2C601A0FB0110000C4FF47A714843E7
S315080060C0019004984068B0F5827F14D1FFE70498E0
S315080060D0039B02996A4611608021002200F024F889
S315080060E040B1FFE70499886D40F0200088650320D9
S315080060F0059016E012E0FFE7019808B9FFE70CE003
S31508006100019801380190FFE7049800688068C1B2D9
S315080061100020B0EBD11FEFD1FFE7FFE70020059085
S31508006120FFE7059806B080BD80B58AB0DDF830C0B7
S31508006130089007910692059305980190FCF7E2FFEF
S31508006140024601980C99891A08440390FCF7DAFF6D
S315080061500290039840F20001C2F200010968C1F3F7
S31508006160CB3148430490FFE7089800688068079990
S315080061700840401AB0FA80F04009069988425CD077
S31508006180FFE705980130002856D0FFE7FCF7BAFF6D
S315080061900299401A0399884204D2FFE70398002817
S315080061A03FD1FFE708980168486820F0E00048609A
S315080061B008984068B0F5827F13D1FFE70898806891
S315080061C0B0F5004F06D0FFE708988068B0F5806FF5
S315080061D007D1FFE708980168086820F040000860C2
S315080061E0FFE70898806AB0F5005F0FD1FFE7FFE781
S315080061F008980168086820F4005008600898016843
S31508006200086840F400500860FFE7FFE70899012096
S315080062104865FFE7089900200865FFE7032009900D
S315080062200EE0049818B9FFE70020039003E00498ED
S3150800623001380490FFE7FFE796E700200990FFE79B
S3150800624009980AB080BD000080B588B084460A98CF
S31508006250CDF81CC0ADF81A10ADF81820ADF81630F8
S31508006260ADF8140040F21431C2F2000101200870A2
S3150800627041F20000C4F202000290102103910022AC
S315080062800492FCF729FFBDF81A00BDF81810BDF8EE
S3150800629016200244013ABDF814300B44013B92B271
S315080062A09BB200F07FFA2C2000F02EFB029803998F
S315080062B0049AFCF711FFFFE74DF23870C2F20000AE
S315080062C0006880680006002801D5FFE7F4E74DF26C
S315080062D03870C2F2000001900268116821F040018E
S315080062E011604FF40061C1600268116841F40061F1
S315080062F011600168086840F04000086041F200003B
S31508006300C4F2020001221146FCF7E6FE019807993D
S31508006310BDF81620BDF814305A4392B2FDF748FF6F
S3150800632030B3FFE740F21431C2F2000100200870D2
S315080063304DF23870C2F200000268116821F040017F
S3150800634011600268116821F400611160016808682B
S3150800635040F04000086041F20000C4F2020010213B
S315080063600122FCF7B9FEFBF703FE18F0A5FCFFE7D0
S3150800637008B080BD80B5A2B08DF8870020919DF841
S3150800638087104DF62410C2F20000017220990160B0
S31508006390F02181804FF4A071C1800068002840F088
S315080063A01E81FFE7112000F0AFFA7820FCF76CFC9D
S315080063B04DF62410C2F20000007A00F02FFAB12040
S315080063C000F0A2FA0120149000F078FA2C20179019
S315080063D000F074FA2D20189000F070FAB22000F040
S315080063E093FA149800F06AFA179800F067FA189862
S315080063F000F064FAB32000F087FA149800F05EFA09
S31508006400179800F05BFA189800F058FA149800F0FC
S3150800641055FA179800F052FA189800F04FFAB42077
S3150800642000F072FA0720169000F048FAC02000F033
S315080064306BFAA22000F042FA02201C9000F03EFA05
S31508006440842000F03BFAC12000F05EFAC5201190C6
S3150800645000F034FAC22000F057FA0A201F9000F024
S315080064602DFA00201B9000F029FAC32000F04CFA00
S315080064708A20109000F022FA2A20129000F01EFAC4
S31508006480C42000F041FA109800F018FAEE2000F047
S3150800649015FA119800F038FA0E2000F00FFA2020AD
S315080064A000F032FA3A2000F02FFA052000F006FA3A
S315080064B0129800F029FA1B9800F000FA1B9800F0D1
S315080064C0FDF91B9800F0FAF9812000F0F7F92B2066
S315080064D0139000F019FA1B9800F0F0F91B9800F0D9
S315080064E0EDF91B9800F0EAF9A12000F0E7F9E020A1
S315080064F000F00AFA1C9800F0E1F91C2000F0DEF919
S31508006500169800F0DBF9122000F0D8F937201A9017
S3150800651000F0D4F9322000F0D1F929201E9000F0BD
S31508006520CDF9189800F0CAF91E9800F0C7F9252089
S3150800653000F0C4F9139800F0C1F9392000F0BEF94B
S315080065401B9800F0BBF9149800F0B8F903201590D1
S3150800655000F0B4F910201D9000F0B0F9E12000F029
S31508006560D3F9159800F0AAF91D2000F0A7F9169896
S3150800657000F0A4F9062000F0A1F92E20199000F0E9
S315080065809DF9179800F09AF91E9800F097F918984F
S3150800659000F094F9199800F091F9199800F08EF91D
S315080065A01A9800F08BF93F2000F088F91B9800F044
S315080065B085F91B9800F082F91C9800F07FF91D9860
S315080065C000F07CF9132000F09FF91F98FCF75CFB9C
S315080065D01E9800F099F91F98FCF756FBD4E04DF683
S315080065E02410C2F200000068012840F0CC80FFE7C2
S315080065F00120039000F088F978200190FCF744FB0D
S31508006600112000F081F90198FCF73EFB4DF62410A5
S31508006610C2F20000007A00F001F93A2000F074F99D
S315080066200520049000F04AF9B22000F06DF90C201C
S31508006630029000F043F9029800F040F9002000F0BB
S315080066403DF93320099000F039F9099800F036F938
S31508006650B72000F059F9352000F030F9BB2000F0DA
S3150800666053F9322000F02AF9C22000F04DF90398B8
S3150800667000F024F9C32000F047F915200D9000F02A
S315080066801DF9C42000F040F9202000F017F9C620B3
S3150800669000F03AF90F2000F011F9D020059000F02B
S315080066A033F9A42000F00AF9A12000F007F9E02048
S315080066B000F02AF9059800F001F90820069000F084
S315080066C0FDF80E20079000F0F9F80920089000F070
S315080066D0F5F8089800F0F2F8049800F0EFF8312081
S315080066E00E9000F0EBF8099800F0E8F848200A90B8
S315080066F000F0E4F817200B9000F0E0F814200C9056
S3150800670000F0DCF80D9800F0D9F80E9800F0D6F8ED
S3150800671034200F9000F0D2F8E12000F0F5F8059843
S3150800672000F0CCF8069800F0C9F8079800F0C6F80B
S31508006730089800F0C3F8089800F0C0F80D9800F023
S31508006740BDF80E9800F0BAF8099800F0B7F80A985C
S3150800675000F0B4F80B9800F0B1F80C9800F0AEF819
S315080067600D9800F0ABF80E9800F0A8F80F9800F016
S31508006770A5F8212000F0C8F8292000F0C5F80A205D
S31508006780FCF782FAFFE7FFE74DF23870C2F2000025
S31508006790806C42F2F152C0F600020421FCF79AF925
S315080067A022B080BD80B586B0ADF81600ADF81410DD
S315080067B0ADF81220ADF810302A2000F0A5F89DF8A3
S315080067C017008DF80C00BDF816008DF80D009DF821
S315080067D013008DF80E00BDF812008DF80F0003A8FF
S315080067E001900421029100F0B7F82B2000F08CF8F4
S315080067F0019802999DF815208DF80C20BDF81420F3
S315080068008DF80D209DF811208DF80E20BDF810206A
S315080068108DF80F2000F0A0F806B080BD80B582B0D4
S315080068208DF8070000208DF806009DF80700014640
S315080068300091032838D80099DFE801F0020F1C29D7
S31508006840C0208DF806004DF62411C2F20001F02092
S3150800685088804FF4A070C88027E0A0208DF8060035
S315080068604DF62411C2F200014FF4A0708880F02082
S31508006870C8801AE000208DF806004DF62411C2F2F1
S315080068800001F02088804FF4A070C8800DE06020D9
S315080068908DF806004DF62411C2F200014FF4A070DF
S315080068A08880F020C88000E0FFE7362000F02CF84A
S315080068B09DF8060000F002F802B080BD80B584B0ED
S315080068C08DF80F0041F20000C4F202000290102178
S315080068D000910022FCF700FC029801220192114661
S315080068E0FCF7FAFB019A4DF23870C2F200000DF17E
S315080068F00F014FF0FF33FDF71BFB0099019A029831
S31508006900FCF7EAFB04B080BD80B586B08DF81700A9
S3150800691041F20000C4F20200049010210291002204
S315080069200192FCF7D9FB019A049801210391FCF71F
S31508006930D3FB039A4DF23870C2F200000DF117012D
S315080069404FF0FF33FDF7F4FA0299039A0498FCF71F
S31508006950C3FB06B080BD000080B586B005900491E3
S3150800696041F20000C4F202000390102101910022B6
S31508006970FCF7B2FB0398012202921146FCF7ACFB26
S315080069800599BDF810204DF23870C2F200004FF09C
S31508006990FF33FDF7CDFA0199029A0398FCF79CFBA1
S315080069A006B080BD000000000000000000000000E6
S315080069B0074B19680868B0E8F04F80F30988BFF3F9
S315080069C06F8F4FF0000080F31188704700BF00BF3B
S315080069D040D9002080B582B08DF807008DF80610E2
S315080069E09DF807009DF8061015F01EFB02B080BD45
S315080069F080B582B0009000980138B0F1807F03D34B
S31508006A00FFE70120019019E0009801384EF21401C1
S31508006A10CEF2000108604FF0FF300F2114F0CAFDD6
S31508006A204EF21801CEF20001002008604EF2100264
S31508006A30CEF20002072111600190FFE7019802B02B
S31508006A4080BD000080B519F057FE012803D0FFE786
S31508006A5019F012F9FFE7FCF75BFB80BD80B594B02F
S31508006A6008A83021F9F7B7FE002007900690059090
S31508006A7004900390FFE70020029043F64000C4F21A
S31508006A800200016841F080510160006800F0805002
S31508006A9002900298FFE7FFE70020019047F2000006
S31508006AA0C4F20000016841F440410160006800F446
S31508006AB0404001900198FFE7012008904FF480308C
S31508006AC0099002200E904FF480010F910F2110912A
S31508006AD0D821119112900420139008A8FCF7E8FD1C
S31508006AE018B1FFE7FBF752FAFFE7FCF7BFFB18B14F
S31508006AF0FFE7FBF74BFAFFE70F200390022004900D
S31508006B00002005904FF4A05006904FF4805007904F
S31508006B1003A80521FCF706FC18B1FFE7FBF736FAD0
S31508006B20FFE714B080BD00004EF68851CEF2000192
S31508006B30086840F4700008607047000080B54DF2A0
S31508006B409470C2F20000FDF777FE80BD83B0029014
S31508006B50019102980068009002980021C4F2010190
S31508006B60884225D0FFE70298B0F1804F20D0FFE792
S31508006B70029840F20041C4F20001884218D0FFE7AB
S31508006B80029840F60001C4F20001884210D0FFE7DF
S31508006B90029840F60041C4F20001884208D0FFE797
S31508006BA0029840F20041C4F2010188420AD1FFE787
S31508006BB0009820F0700000900198416800980843FA
S31508006BC00090FFE702980021C4F20101884255D0DF
S31508006BD0FFE70298B0F1804F50D0FFE7029840F2E5
S31508006BE00041C4F20001884248D0FFE7029840F607
S31508006BF00001C4F20001884240D0FFE7029840F63F
S31508006C000041C4F20001884238D0FFE7029840F2FA
S31508006C100041C4F20101884230D0FFE7029844F2ED
S31508006C200001C4F20101884228D0FFE7029844F225
S31508006C300041C4F20101884220D0FFE7029844F6D9
S31508006C400001C4F20101884218D0FFE7029841F614
S31508006C500001C4F20001884210D0FFE7029841F60D
S31508006C600041C4F20001884208D0FFE7029842F2C8
S31508006C700001C4F2000188420AD1FFE7009820F417
S31508006C80407000900198C168009808430090FFE79B
S31508006C90009820F0800001994969084300900198FE
S31508006CA080680299C8620198006802998862029809
S31508006CB00021C4F20101884208D0FFE7029840F299
S31508006CC00041C4F20101884205D1FFE70198006935
S31508006CD002990863FFE70299086840F00400086013
S31508006CE002990120486100980299086003B070472C
S31508006CF085B00490039102920193049880680090ED
S31508006D00009820F47F40009003980299019A41EA7E
S31508006D10022101430098084300900098049988606E
S31508006D2005B0704783B00290019102988068009080
S31508006D30009820F07000009001980099084340F0F0
S31508006D400700009000980299886003B07047000019
S31508006D5085B00490039102920498006A0090049901
S31508006D60086A20F001000862049880690190019879
S31508006D7020F0F00001900299019840EA0110019074
S31508006D80009820F00A0000900399009808430090A4
S31508006D9001980499886100980499086205B07047BB
S31508006DA085B00490039102920498006A00900499B1
S31508006DB0086A20F01000086204988069019001981A
S31508006DC020F4704001900299019840EA0130019040
S31508006DD0009820F0A00000900399009840EA01105E
S31508006DE0009001980499886100980499086205B092
S31508006DF07047000080B582B00190FEF791FD0A2029
S31508006E0018F074FC02B080BD80B582B0019001987C
S31508006E10C06B009000990020C8850098FDF744FED5
S31508006E2002B080BD80B584B003900020029003981C
S31508006E30C06B0190019800684069C0B2C009029011
S31508006E400198406C21280AD1FFE7029838B1FFE77C
S31508006E5001990020C884019800F05AF9FFE70198C3
S31508006E6000684069C0F3801002900198806C22285F
S31508006E700AD1FFE7029838B1FFE701990020C885D3
S31508006E80019800F0E9F8FFE70199C86C40F0100096
S31508006E90C8640198FDF708FE04B080BD80B586B0C9
S31508006EA005900598C06B0490059800680068C005B1
S31508006EB0002859D4FFE704990020C885FFE7FFE7B3
S31508006EC00498006850E8030F20F480700390FFE7E9
S31508006ED003990498026842E803100028F0D1FFE7F6
S31508006EE0FFE7FFE7FFE70498006850E8050F20F082
S31508006EF001000290FFE702990498026842E805102B
S31508006F000028F0D1FFE7FFE7FFE7FFE704980068EE
S31508006F1050E8050F20F040000190FFE7019904981A
S31508006F20026842E805100028F0D1FFE7FFE7049958
S31508006F30202088640498006B012814D1FFE7FFE736
S31508006F40FFE70498006850E8030F20F0100000904F
S31508006F50FFE700990498026842E803100028F0D178
S31508006F60FFE7FFE7FFE7FFE7049900204863049877
S31508006F70006B012805D1FFE70498818DFDF78EFD8A
S31508006F8003E00498FEF734F9FFE706B080BD000079
S31508006F9080B582B001900198C06B009000990120DD
S31508006FA048630098006B012806D1FFE70098818D99
S31508006FB04908FDF773FD03E00098FEF727F9FFE798
S31508006FC002B080BD80B584B003900398C06B029070
S31508006FD0039800680068C00500282AD4FFE70299CC
S31508006FE00020C884FFE7FFE70298006850E8050F0D
S31508006FF020F080000190FFE701990298026842E8B4
S3150800700005100028F0D1FFE7FFE7FFE7FFE7029842
S31508007010006850E8030F40F040000090FFE7009931
S315080070200298026842E803100028F0D1FFE7FFE75C
S3150800703003E00298FEF7FAF9FFE704B080BD000006
S3150800704080B582B001900198C06B00900098FEF759
S31508007050F1F902B080BD000084B00390FFE7FFE7B6
S315080070600398006850E8030F20F490700290FFE739
S3150800707002990398026842E803100028F0D1FFE756
S31508007080FFE7FFE7FFE70398006850E8050F20F0E1
S3150800709001000190FFE701990398026842E805108C
S315080070A00028F0D1FFE7FFE70398006B012814D109
S315080070B0FFE7FFE7FFE70398006850E8030F20F0B3
S315080070C010000090FFE700990398026842E8031051
S315080070D00028F0D1FFE7FFE7FFE70399202088643F
S315080070E003990020086304B07047000080B582B099
S315080070F0019001980168C86820F04000C8600199AD
S31508007100202048640198FEF791F9002002B080BD5E
S3150800711082B00190FFE7FFE70198006850E8030F87
S3150800712020F0C0000090FFE700990198026842E845
S3150800713003100028F0D1FFE7FFE7019920204864F3
S3150800714002B0704780B586B0049000200390029084
S315080071500498806C222840F09D80FFE70498806898
S31508007160B0F5805F13D1FFE70498006978B9FFE7A7
S315080071700498806A02900498006840686FF35F205C
S31508007180029908800499886A0230886223E0049884
S31508007190806A039004988068B0F5805F08D0FFE79E
S315080071A00498806850B9FFE70498006930B9FFE78A
S315080071B00498006840680399087007E00498006816
S315080071C0406800F07F0003990870FFE70499886A11
S315080071D001308862FFE70499C88D0138C885000424
S315080071E0002854D1FFE704980168C86820F02000F9
S315080071F0C86004980168C86820F48070C86004985C
S315080072000168486920F001004861049920208864D3
S315080072100499002048630498006B012830D1FFE7E1
S31508007220049900200863FFE7FFE70498006850E820
S31508007230030F20F010000190FFE7019904980268F7
S3150800724042E803100028F0D1FFE7FFE7049800683A
S315080072500068C00600280ED5FFE7FFE7002000906B
S3150800726004980068006800900498006840680090D8
S315080072700098FFE7FFE70498818DFDF70FFC03E010
S315080072800498FDF7B5FFFFE70020059005E000200C
S31508007290059002E002200590FFE7059806B080BD3C
S315080072A080B586B0059005980068006920F44050BE
S315080072B0059A1168D26810430861059988680B69B0
S315080072C04A69C96918431043084304900598006839
S315080072D0C06849F20C61884304990843059909680E
S315080072E0C86005980068406920F44070059A1168DE
S315080072F09269104348610598006841F20001C4F29A
S315080073000101884209D0FFE70598006841F200416B
S31508007310C4F20101884204D1FFE7FCF743F9039060
S3150800732003E0FCF72DF90390FFE70598C069B0F56F
S31508007330004F29D1FFE703981921A0FB0101059AFF
S315080073401368029353685A00DB0FF9F7DBF80299C2
S31508007350864648F21F53C5F2EB13AEFB03204209DB
S3150800736010014FF0640C02FB1CEC322202EBCC023B
S31508007370A2FB0332F82303EA521300EB4300C2F3DD
S3150800738042121044886026E003981921A0FB0101E7
S31508007390059A1368019353689A009B0FF9F7B2F898
S315080073A00199844648F21F52C5F2EB12ACFB023033
S315080073B04309642003FB10CC322000EB0C10A0FB21
S315080073C00202F02000EA521000EB0310C2F3431247
S315080073D010448860FFE706B080BD000080B58AB01B
S315080073E008900791ADF81A20079808998862BDF8A1
S315080073F01A000899888508990020C864089A2221E5
S3150800740091640899CA6B46F69D61C0F6000111643D
S315080074100899CA6B46F69171C0F60001516408993D
S31508007420CA6B46F62561C0F6000111650899C96B55
S31508007430486507A8059008980168C06B0431059A45
S315080074401268BDF81A30FBF793FB48B1FFE70899B5
S315080074501020C864089920208864012009904DE00E
S31508007460FFE70020049008980068006804900898D0
S315080074700068406804900498FFE708980069A0B17E
S31508007480FFE7FFE7FFE70898006850E8030F40F4B6
S3150800749080700390FFE703990898026842E8031092
S315080074A00028F0D1FFE7FFE7FFE7FFE7FFE70898C7
S315080074B0006850E8050F40F001000290FFE70299C6
S315080074C00898026842E805100028F0D1FFE7FFE7B0
S315080074D0FFE7FFE70898006850E8050F40F040000E
S315080074E00190FFE701990898026842E8051000280C
S315080074F0F0D1FFE7FFE700200990FFE709980AB0F7
S3150800750080BD000083B001900198406C212839D1D4
S31508007510FFE701988068B0F5805F13D1FFE701980F
S31508007520006978B9FFE70198006A0090009800881A
S315080075306FF35F200199096848600199086A02306B
S31508007540086208E0019A106A411C116200780199E4
S3150800755009684860FFE70199C88C0138C8840004A7
S3150800756068B9FFE701980168C86820F08000C8601C
S3150800757001980168C86840F04000C860FFE700202D
S31508007580029002E002200290FFE7029803B07047DB
S3150800759080B586B0DDF820C004900391029201936D
S315080075A0FFE704980068006803990840401AB0FA93
S315080075B080F04009029988424AD1FFE708980130CD
S315080075C0002844D0FFE7FBF79DFD0199401A08996A
S315080075D0884203D8FFE7089818B9FFE70320059003
S315080075E039E004980068C068400700282ED5FFE7F0
S315080075F0039880282AD0FFE70398402826D0FFE77B
S3150800760004980068006800F008010120B0EBD10F6B
S315080076101BD1FFE7FFE70020009004980068006888
S31508007620009004980068406800900098FFE7049866
S31508007630FFF712FD04990820C864FFE704990020A3
S315080076400864FFE70120059005E0FFE7FFE7A8E7E4
S3150800765000200590FFE7059806B080BD80B582B08A
S315080076604DF2FC70C2F2000000680068C0060028EF
S3150800767016D5FFE7FFE7002001904DF2FC70C2F235
S315080076800000016809680191006840680190019846
S31508007690FFE74DF2FC70C2F2000017F09FFCFFE70F
S315080076A04DF2FC70C2F20000FDF762FA02B080BD2E
S315080076B0FFE7FEE780B514F005FA14F02FFA14F088
S315080076C043FA14F057FA14F065FA80BD80B514F041
S315080076D00FFA80BD80B514F0D1F980BD7047826875
S315080076E012B10146012010477047F0B5ADF5397D56
S315080076F064AF0646384614460D46F9F73BFC02A920
S31508007700384632462B46F5607461009400F0FAFD5F
S3150800771002200DF5397DF0BD80B58AB0694614F0B2
S3150800772065FB0299002818BF002108460AB080BDEB
S3150800773080B58AB0694614F059FB0099002818BF2D
S31508007740002108460AB080BD70B5ADF5407D62AD32
S3150800775004462846F9F70EFC00206E46E0603046DF
S31508007760294614F067FBB6A9304614F03FFB18B15A
S3150800777003200DF5407D70BD6D46B6AEB99B5BB175
S31508007780B698BB99BE9A2165C4E912020020214623
S315080077902A469847082806D12846314614F026FB7B
S315080077A00028EBD0E4E7062802D00928E1D0DFE775
S315080077B062A869462246002300F0D2FC0220D8E7D8
S315080077C010B5ADF5387D044664A8F9F7D3FBE36830
S315080077D03BB964A802A92246012300F0C1FCF9F7C7
S315080077E0A1FBD4F814C064A802A92246CDF800C0AB
S315080077F000F088FDF9F796FB70B5049C1646052936
S31508007800054616D0012908D059BB0F2E4FF00200A5
S3150800781013D893B92846314612E023F0040001280C
S315080078200AD1012B10D10F2E06D8284614F02FFBAB
S315080078300CE053EA060001D0022070BD28468F21CD
S31508007840224614F0E1FA07E01F2EF5D806F58071F6
S315080078502846224614F0B3FA002818BF0120400033
S3150800786070BDF9F75FFB00002DE9F04F81B09A4231
S31508007870044680F0E88098468A460025EB4620268E
S3150800788082F003001AF90000571C00285FFA80F9F5
S315080078900ED420460D215A4614F0B6FA0098B9F1CE
S315080078A0400F4FEA890125D20844021D26E000BF91
S315080078B0A9F180000009052800F2D380DFE800F06E
S315080078C00362404D246E474580F0CB8087F0030164
S315080078D04FEA09301AF8011080B250EA011300F095
S315080078E0C08009F00800971C45EAD005204600210B
S315080078F01A4630E001F0FC01401A021F00922046A9
S315080079000D2114F0E2FA57E009F0FE00C82840F00D
S31508007910A88087F003001AF80010A9F1C800B0FA89
S3150800792080F040090B0943EA001001F00F014318E3
S315080079301F2B00F2968041EA0040971C421C36E055
S3150800794009F0070006FA00F0103809F0080140EAC5
S31508007950C1222046002100232CE0A9F1B001072905
S3150800796058D80920DFE801F06D04315D2D7A7A7A5E
S31508007970474573D287F003001AF800300F2B70D8EA
S31508007980971CB3E709F00D000D286AD009F00F011E
S3150800799020465A4614F038FA009AB0E75FEA0970AA
S315080079A05FD4012109F00700C0F2080142182046F9
S315080079B00121052300F058F847453A46FFF460AF21
S315080079C03FE0204605210022C5E7A94600260020FB
S315080079D0474546D287F003011AF901107D1C01F0CC
S315080079E07F0282401643073000292F46F0D42046EE
S315080079F00D215A4614F008FA00980D2100EB86006E
S31508007A0000F501722046009214F05FFA2F464D46A3
S31508007A102026D1E7012109F00700C0F20801421823
S31508007A200BE087F003001AF80000971C00F00F011E
S31508007A3000F0F00041EA0030421C204601210123F3
S31508007A40B8E7E80709D16A4620460E2114F0DCF9A2
S31508007A50009A20460F2114F038FA082001B0BDE834
S31508007A60F08F0920FAE700002DE9F04186B01E469E
S31508007A7015460529044654D0012928D0002975D170
S31508007A80002E57D102AA20460D2114F0BDF9002870
S31508007A9050D10027002600BF25FA06F0C0070FD0F0
S31508007AA00298314650F8042B0290204614F00DFA3D
S31508007AB000283FD1A6F10D00B0FA80F0400907432F
S31508007AC00136102EE8D1F80746D0002033E026F01C
S31508007AD0040001282ED105AA20460D2114F094F998
S31508007AE040BBA8B2B8B12F0C00EB15450DF108083C
S31508007AF005983A4600F10801059103C83346CDE9D1
S31508007B00020120460121CDF8008000F031F888B93D
S31508007B100137AF42ECD3012E1CD10598021D059200
S31508007B201BE056EA050005D102AA20460D2114F0ED
S31508007B306BF918B1022006B0BDE8F081029A20461A
S31508007B4052F8045B0D21029214F0BFF920468F21EA
S31508007B502A4604E0059A00E0029A20460D2114F010
S31508007B60B4F9002818BF01204000E4E7F9F7DAF96C
S31508007B7070B5049E15460529044617D0012909D073
S31508007B8069BB0F2D4FF0020014D89BB93268204606
S31508007B90294613E023F0040001280AD1012B10D14D
S31508007BA00F2D06D8204614F072F90CE053EA0500AA
S31508007BB001D0022070BD326820468F2114F085F965
S31508007BC008E01F2DF5D8D6E9002305F58071204673
S31508007BD014F060F9002818BF0120400070BDF9F7BD
S31508007BE0A1F9000080B590B040F21C30C2F2000046
S31508007BF00078BFF35F8FC007002844D1FFE740F243
S31508007C001C30C2F2000017F086FBE0B3FFE76846B7
S31508007C100D9000210163C16281623F22426244F6EF
S31508007C200072C0F60302026244F61C72C0F6030232
S31508007C30C26181614161012202610423C3608160DE
S31508007C4041600A2303604BF2BC40C2F2000044F2D2
S31508007C508051C0F6030106F027FFFFE74EF6A13074
S31508007C60C0F600004BF2BC41C2F2000140F200022D
S31508007C70C0F60002F8F7C8FC40F21C30C2F2000059
S31508007C8017F05FFBFFE74BF2BC40C2F2000010B0F2
S31508007C9080BD0F900E9140F21C30C2F20000002108
S31508007CA04170FFE713F052FE80B590B040F22030E5
S31508007CB0C2F200000078BFF35F8FC007002844D1E6
S31508007CC0FFE740F22030C2F2000017F024FBE0B3D1
S31508007CD0FFE768460D9000210163C16281623F2279
S31508007CE0426244F60472C0F60302026244F6207247
S31508007CF0C0F60302C2618161416101220261042367
S31508007D00C36081604160142303604BF2E840C2F20D
S31508007D10000044F29051C0F6030106F0C5FEFFE7E5
S31508007D204EF6A130C0F600004BF2E841C2F200015F
S31508007D3040F20002C0F60002F8F766FC40F2203076
S31508007D40C2F2000017F0FDFAFFE74BF2E840C2F274
S31508007D50000010B080BD0F900E9140F22030C2F2A4
S31508007D60000000214170FFE713F0F0FD80B590B0E8
S31508007D7040F22430C2F200000078BFF35F8FC007DC
S31508007D80002844D1FFE740F22430C2F2000017F081
S31508007D90C2FAE0B3FFE768460D9000210163C162AD
S31508007DA081623F22426244F60872C0F6030202620A
S31508007DB044F62472C0F60302C26181614161012260
S31508007DC002610423C36081604160282303604BF28B
S31508007DD01450C2F2000044F2A051C0F6030106F0A6
S31508007DE063FEFFE74EF6A130C0F600004BF21451D1
S31508007DF0C2F2000140F20002C0F60002F8F704FCE5
S31508007E0040F22430C2F2000017F09BFAFFE74BF26B
S31508007E101450C2F2000010B080BD0F900E9140F2CF
S31508007E202430C2F2000000214170FFE713F08EFDF6
S31508007E3080B590B040F22830C2F200000078BFF357
S31508007E405F8FC007002847D1FFE740F22830C2F20B
S31508007E50000017F060FA00283ED0FFE769460D914A
S31508007E6000200863C86288623F224A6244F60C72A0
S31508007E70C0F603020A6244F62872C0F60302CA6113
S31508007E8001228A614A610A610422CA6088604860E0
S31508007E900F2008604BF24050C2F2000044F2B05185
S31508007EA0C0F603014922122306F0FEFDFFE74EF64F
S31508007EB0A130C0F600004BF24051C2F2000140F278
S31508007EC00002C0F60002F8F79FFB40F22830C2F223
S31508007ED0000017F036FAFFE74BF24050C2F20000F6
S31508007EE010B080BD0F900E9140F22830C2F200000B
S31508007EF000214170FFE713F029FD000080B590B01E
S31508007F0040F22C30C2F200000078BFF35F8FC00742
S31508007F10002849D1FFE740F22C30C2F2000017F0E2
S31508007F20FAF9002840D0FFE769460D91002008635A
S31508007F30C86288623F224A6244F61072C0F603029B
S31508007F400A6244F62C72C0F60302CA6103228A61E9
S31508007F5002224A6101220A610422CA6088604860D6
S31508007F600F2008604BF26C50C2F2000044F6B011C4
S31508007F70C0F603014922122306F096FDFFE74EF6E6
S31508007F80A130C0F600004BF26C51C2F2000140F27B
S31508007F900002C0F60002F8F737FB40F22C30C2F2B6
S31508007FA0000017F0CEF9FFE74BF26C50C2F2000062
S31508007FB010B080BD0F900E9140F22C30C2F2000036
S31508007FC000214170FFE713F0C1FC000080B590B0B6
S31508007FD040F23030C2F200000078BFF35F8FC0076E
S31508007FE0002845D1FFE740F23030C2F2000017F012
S31508007FF092F9E8B3FFE768460D9000210163C16274
S3150800800081623F22426244F61472C0F6030202629B
S3150800801044F63072C0F60302C261012282614161F0
S3150800802002610422C26081604160142303604BF23E
S315080080309850C2F2000044F6B051C0F60301082277
S3150800804006F032FDFFE74EF6A130C0F600004BF20F
S315080080509851C2F2000140F20002C0F60002F8F799
S31508008060D3FA40F23030C2F2000017F06AF9FFE79F
S315080080704BF29850C2F2000010B080BD0F900E91DE
S3150800808040F23030C2F2000000214170FFE713F0E1
S315080080905DFC000080B590B040F23430C2F20000BA
S315080080A00078BFF35F8FC007002847D1FFE740F28B
S315080080B03430C2F2000017F02EF900283ED0FFE750
S315080080C068460D9000210163C16281623F224262C7
S315080080D044F61872C0F60302026244F63472C0F619
S315080080E00302C26103228261416101220261042204
S315080080F0C26081604160162303604BF2C450C2F22D
S31508008100000044F62061C0F60301102206F0CCFCFC
S31508008110FFE74EF6A130C0F600004BF2C451C2F29A
S31508008120000140F20002C0F60002F8F76DFA40F2CC
S315080081303430C2F2000017F004F9FFE74BF2C450DE
S31508008140C2F2000010B080BD0F900E9140F234309C
S31508008150C2F2000000214170FFE713F0F7FB0000B0
S315080081602DE9F0478CB00C46014620469A4615463E
S3150800817013F060FE01260DF12C080DF1040900BF6D
S315080081801AF001004FF0010718BF022708D03EB9C0
S315080081902A6920464FF0FF3113F097FE4FF0000A88
S315080081A020466FF00101424613F02EFE204649464E
S315080081B013F01CFE20BB049B7BB101980699099A13
S315080081C02965C5E9120238462946224698470828ED
S315080081D005D10B98296A884205D0013ED0E70728C1
S315080081E003D009280CD1F8F79DFE6A4620464FF0C1
S315080081F0FF3113F009FE00982861204613F03EFE71
S315080082000CB0BDE8F087000081B000900098002807
S315080082100DD4FFE7009901F01F02012090404A099A
S315080082204EF20011CEF2000141F82200FFE701B03C
S315080082307047000081B00090009800280DD4FFE731
S31508008240009901F01F02012090404A094EF20011E0
S31508008250CEF2000141F82200FFE701B070470000A6
S3150800826081B000900098002811D4FFE7009901F02A
S315080082701F02012090404A094EF28011CEF20001F9
S3150800828041F82200BFF34F8FBFF36F8FFFE701B0AE
S315080082907047000081B000900098002811D4FFE7CD
S315080082A0009901F01F02012090404A094EF2801100
S315080082B0CEF2000141F82200BFF34F8FBFF36F8F54
S315080082C0FFE701B07047000082B001900091019865
S315080082D0002809D4FFE70098000101994EF20042F0
S315080082E0CEF2000288540AE000980001019901F0D4
S315080082F00F014EF61452CEF200028854FFE702B080
S31508008300704700002DE9F0418CB00D46014628461D
S315080083101C46164613F08EFD02A9284613F066FD84
S3150800832010B10CB0BDE8F081DDF8488002AF00BF9F
S3150800833001200A2132463346CDE90058A0470028D5
S31508008340EFD1059B8BB1029807990A9A3165C6E960
S315080083501202092031462A469847072802D00828DB
S3150800836003D009E0284613F089FD2846394613F05C
S315080083703DFD0028DCD0D4E70528D2D101201A21FA
S3150800838032463346CDE90058A047CAE780B582B0E1
S31508008390019007F0FFFC07F003FF02B080BD000064
S315080083A081B00090FFE7FEE762B1884204BF012072
S315080083B0704780B540684968F9F71AFCB0FA80F04A
S315080083C0400980BD40684968401AB0FA80F0400903
S315080083D070472DE9F04190B00D46DDE9168101AFF1
S315080083E0CDE90130CDE9032107F110002721F8F77F
S315080083F0F2F901208DF83B000024D8F800000F940C
S315080084008669404639462A4601230094B0470A98A9
S31508008410012811D0F8B90B99DDE90802069C81F00C
S31508008420010180F0010008430021012A18BF0C460B
S31508008430002818BF0C460EE00798012801D1059CB4
S3150800844009E00B98002430B90898012803D1099847
S31508008450012808BF059C204610B0BDE8F0812DE92B
S31508008460F04192B01E46199B0C46002B05D418986D
S31508008470D84218BF0024254623E0991C4FF0000572
S315080084801FD00DF10C08CDE9036008F1100020217A
S31508008490CDE90523F8F79FF94FF080704FF0010CEE
S315080084A010903068CDF83CC0119547693046414672
S315080084B022462346CDE900C5B8470998012808BFD2
S315080084C02546284612B0BDE8F0812DE9F04192B064
S315080084D01D46189B002B27D4C71A0E468F424FF00D
S315080084E0000422DB0DF10C0808F110002021CDE96B
S315080084F00357CDE90523F8F76EF94FF080704FF072
S31508008500010C10902868CDF83CC01194D0F814E0FE
S315080085102846414632463346CDE900C4F047099C11
S31508008520002C18BF3C4600E00024204612B0BDE8E7
S31508008530F0810A6852F8083C1944016052F8041C94
S31508008540C0E90113704712F0E5BE80B5AFF30080AD
S315080085500821BDE8804013F00DB880B5AFF3008060
S315080085600C21BDE8804013F005B803C844F64E4216
S31508008570C0F24302000A82EA112240EA016042F68A
S315080085802B31C4F2437148401043B0FA80F04009D9
S3150800859070474BF26821C2F20001884238BFF7F7EC
S315080085A028BF01F50071884201D200F00DBFF7F728
S315080085B020BF10B582B0044601284FF0000098BFCE
S315080085C00124019001A808212246F8F796F9019896
S315080085D010B9204600F0A2FF02B010BD2DE9F04FF9
S315080085E08DB00F461821984691468246F8F7F3F85B
S315080085F003205FEAC77BCAF8180008D1B80740F11C
S315080086008E8107F00C000C2805D1022026E017F011
S315080086100E0F40F08481169D2846FFF77DF8E0B1DD
S315080086200646CAF80C0000200C900CAC284600211F
S315080086300F2200230094FFF7DFF80C9C2846FFF76B
S3150800864077F816F8011B0546FF290C9609D00CA8E1
S3150800865000F0B6F90C9E079004E00820CAF8180046
S315080086605DE1079516F8012B24F00100E943FF2A7E
S315080086704FF000020C9605970BD0002316F9015B04
S3150800868005F07F0494402343002D02F10702F5D438
S31508008690F218CDF818A000EB010A711C0C91367877
S315080086A0CDE9089200200022CDE903B811F9013B73
S315080086B003F07F0585402A43002B00F10700F5D417
S315080086C001EB020B0BAD0C910B9100BF594524D25F
S315080086D02846314600F074F981462846314600F0AE
S315080086E06FF980462846314600F06AF90B9900234F
S315080086F0002200BF11F9014B04F07F079F403A435F
S31508008700002C03F10703F5D4D1450B9103D808EBE8
S3150800871009039A4505D3CA45D8D20898049900F0A2
S3150800872042F9002800F0B5800799002A08440699FE
S31508008730086100F0B1800BEB0200DDF810B0A0F183
S3150800874001080BF158004FF0000A4FF0FF3607906A
S3150800875000210020C14600BF19F9012B02F07F0352
S315080087608B401843002A01F10701F5D4D2B206FA64
S3150800877001F32029064638BF1E433F2A98BF0646FE
S31508008780012E37DB0998002800F0CC80A0EB860084
S315080087900168002900F08780006800BF002800F003
S315080087A082800546089810B3584603C800BF44F6A9
S315080087B04762C4F24C32514042F60132C4F22B32BF
S315080087C050400843079808BF5BF8240C00280A9015
S315080087D000F0AC805BF8201C002900F0A780286810
S315080087E00AAA036928469847002840F0858050461B
S315080087F030E000BFB6FA86F0400940EA0A004EB3F8
S31508008800059911F0080125D1089800284BD058463B
S3150800881003C800BF44F64762C4F24C32514042F6E0
S315080088200132C4F22B3250400843079C08BF5BF85C
S31508008830244C002C7AD05BF8203C002B76D0F51718
S31508008840099A30462946CDE9004B00F091F90028EF
S3150800885050465CD1002200214B4600BF13F9016B3C
S3150800886006F07F0797403943002E02F10702F5D438
S31508008870F3B24FF0FF3606FA02F7202A0A4638BF47
S315080088803A433F2B98BF0A4652B309EB0208824681
S315080088905EE70699082004E0039A0820002A08BF24
S315080088A0062088613BE0069CF017C4E9006058463C
S315080088B0C4F8088003C800BF44F64762C4F24C32C5
S315080088C0514042F60132C4F22B325040084304BFED
S315080088D05BF8240C079007990620C4E905101EE0EA
S315080088E00821C00718BF0621059A0820920758BF15
S315080088F001460698816112E0069AF017C2E90060FF
S315080089000A980621C2F80880C2E9050107E0069917
S315080089100620C1E90065C1F80880C1E905400DB027
S31508008920BDE8F08F0898594600F03DF8584612F011
S31508008930A3FE5BF8140C12F0EFFC10B504462830C1
S3150800894012F09AFE606912F0E7FCF0B583B015469E
S315080089500C46029002AE084600210022002300962B
S315080089600027FFF705F92868002102902046012212
S3150800897000230096FFF7FCF82D69204600210F22F8
S31508008980002302970096FEF737FF0298002100F0B1
S3150800899001002843029020460F2200230096FFF785
S315080089A0E7F803B0F0BDB0B5054608460C4612F028
S315080089B063FE1DB154F8140C12F0AEFC12F00EFD55
S315080089C070B5FF291CD001F00F020C2A00F2938023
S315080089D0D0F800C0DFE802F065532F07178F8F8F96
S315080089E08F38280717009CF800209CF802309CF85E
S315080089F003609CF8015043EA062342EA05225CE03C
S31508008A004FF0000E75E09CF800209CF802309CF8A8
S31508008A1003609CF8015043EA062342EA052242EA2B
S31508008A20034E0CF108064CE09CF901209CF8003036
S31508008A3043EA022E05E09CF800209CF8013042EA41
S31508008A40032E0CF102063CE000230022664600BF16
S31508008A5016F9014B04F07F059D402A43002C03F1CB
S31508008A600703F5D44FF0FF359646E4B29D40202B18
S31508008A7038BF4EEA050E3F2C98BF964621E00022E5
S31508008A804FF0000E664600BF16F9013B03F07F045F
S31508008A9094404EEA040EB3F1FF3F02F10702F3DDFC
S31508008AA00FE09CF800209CF802309CF803509CF8D4
S31508008AB0014043EA052342EA042242EA034E0CF146
S31508008AC00406C1F302123AB1032A05D0012A12D1CB
S31508008AD0BEF1000F0AD0E644BEF1000F06D049B237
S31508008AE0B1F1FF3FD8BFDEF800E001E04FF0000E1D
S31508008AF00660704670BDF8F715FA10B512F032FF29
S31508008B00D0F808E0BEF1000F25D0714651F828CFFD
S31508008B1044F64E424B68C0F2430282EA13244FEAF7
S31508008B201C2242EA036242F62B33C4F243735A40CC
S31508008B3022430CD1DEF82420013ACEF8242008D1AD
S31508008B40DEF8202082600020CEF8200001E0002216
S31508008B508260084610BD12F041FC012803D101F1DC
S31508008B60580012F09DBE80B551F8140C12F0D4FBD3
S31508008B702DE9F04182B0E2B1DDF82080C0431C4601
S31508008B8002EB800001AD00BF076867B1061D0068EB
S31508008B9000BF01682A460B692146CDF8048098472C
S31508008BA000283046F0D0B7FA87F0400902B0BDE891
S31508008BB0F081099812F060FD12F010FC80B586B0BD
S31508008BC005900599049101F6F81041F60E528B5658
S31508008BD044F2F002C0F6020201920A2102910CF058
S31508008BE065F9019A0299049B03F60C2041F60F5C7D
S31508008BF013F90C300CF05AF9019A0299049B03F503
S31508008C00226041F6105C13F90C300CF04FF9019A0A
S31508008C100299049B03F6342041F6115C13F90C30D3
S31508008C200CF044F9049901F6DA1041F60C528B5609
S31508008C3044F2ED02C0F602020F2100910CF036F95B
S31508008C40019A0299049B03F6C61041F60D5C13F9C6
S31508008C500C300CF02BF90099019A049B03F64E1080
S31508008C6041F6125C33F90C300CF020F90099019AA0
S31508008C70049B03F66C1041F6145C33F90C300CF0C7
S31508008C8015F90099019A049B03F5136041F6165CE1
S31508008C9033F90C300CF00AF90299049A02F68A1094
S31508008CA041F61853D35C44F2FC02C0F60202039262
S31508008CB00CF0FCF80299049A02F6B21041F61C531D
S31508008CC01A4492ED000A00F025FB0299049A02F56F
S31508008CD00E6002F5E95292ED000A00F01BFB0299BC
S31508008CE0039A049B03F6B80041F6245C13F80C308B
S31508008CF00CF0DCF80299039A049B03F6CC0041F6C3
S31508008D00255C13F80C300CF0D1F8019A0299049BF3
S31508008D1003F69E1041F6265C33F90C300CF0C6F8C3
S31508008D20019A0299049B03F61C1041F6285C33F954
S31508008D300C300CF0BBF8019A0299049B03F6081054
S31508008D4041F62A5C33F90C300CF0B0F80299039A14
S31508008D50049B03F6F40041F62C5C13F80C300CF077
S31508008D60A5F8049800F2F46011F025FD049800F5C2
S31508008D70E96011F020FD049800F2A46011F01BFDD3
S31508008D80049800F2546011F016FD049800F59360FB
S31508008D9011F011FD049800F59D6011F00CFD049882
S31508008DA000F52A7011F007FD049800F5A76011F088
S31508008DB002FD049800F5BB6011F0FDFC049800F56F
S31508008DC0B47011F0F8FC0498C83011F0F4FC04985B
S31508008DD000F58C7011F0EFFC049800F5B16011F005
S31508008DE0EAFC049800F5167011F0E5FC049800F505
S31508008DF0027011F0E0FC049800F5DC7011F0DBFC61
S31508008E0006B080BD80B582B00190019800F05AFC8A
S31508008E1002B080BD80B582B0019001980AF090FE3C
S31508008E2002B080BD80B584B003900398009000F02E
S31508008E304DFCFAF767F9009B0290029844F6D35165
S31508008E40C1F26201A0FB011080090190019844F269
S31508008E500751CCF22E21A0FB0121090C40F2A322D6
S31508008E605143A0EBC110019001994BF2C530C9F2EC
S31508008E70A210A1FB0021CA0A41F638515A50DDF862
S31508008E8004C0ACFB0020C00A4FF4616200FB12C0AC
S31508008E9044F24542C0F24442A0FB022041F63C524D
S31508008EA09850019848F6890CC8F6880CA0FB0CCE99
S31508008EB04FEA5E1C4FEA0C1CACEB5E1CA0EB8C0068
S31508008EC04FF4EA5C43F80C0003F29C70595C9A5C18
S31508008ED013F80C3005F0C0FC04B080BD80B582B034
S31508008EE001900198009000F00BFC009842F63C11A6
S31508008EF0C0F602010831016041F60C520021815486
S31508008F0041F60D52815441F60E52815441F60F52E4
S31508008F10815441F61052815441F61152815441F65A
S31508008F201252815241F61452815241F6165281521A
S31508008F3041F618530122C25441F61C5281504FF48F
S31508008F40E952815041F62452815441F62552815402
S31508008F5041F62652815241F62852815241F62A524A
S31508008F60815241F62C52815441F63052815041F6D5
S31508008F703452815041F63852815041F63C52815064
S31508008F804FF4EA52815002B080BD000080B582B02D
S31508008F9001900198009000F005F8009812F0E8FAA0
S31508008FA002B080BD80B582B001900198009001F0B2
S31508008FB01BFF009802B080BD80B582B00190019871
S31508008FC002F06CF902B080BD80B582B001900198BC
S31508008FD000904AF28830C2F20000006850B9FFE7F4
S31508008FE00820002116F068FE4AF28831C2F2000114
S31508008FF00860FFE700200121FDF7BCF9009802F0A0
S3150800900055F94DF29470C2F20000FBF7E3FA02B08C
S3150800901080BD000080B582B00190019802F066F923
S3150800902002B080BD80B582B0019000910198009988
S3150800903002F064F902B080BD80B582B00190019853
S3150800904002F08AF902B080BD80B582B0019001981D
S3150800905002F08AF902B080BD80B582B00190009115
S315080090600198009902F088F902B080BD80B582B0F7
S315080090700190019802F086F902B080BD80B582B0F1
S315080090800190019802F088F902B080BD80B582B0DF
S315080090900190019802F084F902B080BD80B584B0D1
S315080090A0039002910192009303980299019A009BFA
S315080090B002F086F904B080BD10B588B08C468646A5
S315080090C00B980A99CDF81CE0CDF818C005920493C0
S315080090D0ADF80E10ADF80C00079802900699059A9F
S315080090E0049BBDF80EC0BDF80C40EE46CEF8044011
S315080090F0CEF800C002F072F9029842F67411C0F672
S3150800910002010831016008B010BD000080B582B0C8
S3150800911001900198009000F005F8009812F028FADE
S3150800912002B080BD80B582B001900198009002F02F
S315080091308BF9009802B080BD80B582B040F2383015
S31508009140C2F200000078BFF35F8FC00720BBFFE7BD
S3150800915040F23830C2F2000016F0DDF8E0B1FFE761
S315080091604BF2F050C2F2000000F028F8FFE749F28F
S31508009170C520C0F600004BF2F051C2F2000140F2E1
S315080091800002C0F60002F7F73FFA40F23830C2F2A2
S31508009190000016F0D6F8FFE74BF2F050C2F20000D6
S315080091A002B080BD0190009140F23830C2F2000052
S315080091B000214170FFE712F0C9FB000080B58CB0B2
S315080091C00B900B98069042F66021C0F60201083112
S315080091D00791016000F11401059100F12C0241F696
S315080091E07853034441F6B45C8444EE46CEF800C096
S315080091F001F0AEFF0598069A079911600146089195
S315080092000FF06EFAFFE706982C30014604910FF02E
S315080092102FFAFFE7069841F678510844014603916C
S315080092200FF098FAFFE7069841F68C51084402F0C9
S3150800923029FBFFE7069A41F6B4501044014602910D
S3150800924041F68C51114401F0CDFFFFE7069841F62F
S31508009250B4510144026892689047FFE706980CB03B
S3150800926080BD0A9009911BE00A90099114E00A90C2
S3150800927009910DE00A90099106E0024602980A92C1
S31508009280099101F0CFFFFFE703980FF07FFAFFE798
S3150800929004980FF009FAFFE708980FF03DFAFFE780
S315080092A0069801F07FFFFFE712F050FB80B582B009
S315080092B001900198009000F005F8009812F058F90E
S315080092C002B080BD80B584B003900398029042F640
S315080092D06021C0F6020101F10802014641F8142B8B
S315080092E0019141F6B451084401F09CFF029841F6F9
S315080092F0785108440FF04AFA02982C300FF0D4F946
S3150800930001980FF009FA029801F04CFF029804B090
S3150800931080BD000080B58AB00990ADF822108DEDA9
S31508009320070A9DED070AB2EE041A20EE010ABDEE01
S31508009330C00A8DED060A0698B0F1FF3F04DCFFE788
S3150800934006984042029002E006980290FFE70298CB
S315080093500590059846F26761C6F2666150FB01F210
S31508009360901000EBD2700490059850FB01F2911012
S3150800937001EBD27101EB8101A0EB41000390069845
S31508009380B0F1FF3F0FDCFFE70998BDF82210049BF8
S31508009390039AEC46CCF8002044F2F302C0F6020227
S315080093A00BF084FD0EE00998BDF82210049B039A81
S315080093B0EC46CCF8002044F2F402C0F602020BF0A8
S315080093C075FDFFE70AB080BDF0B54BF2684CC2F2F6
S315080093D0000CDCF800304BF2682E011FC2F2000EBA
S315080093E0BBB10EF50072934213D000241A4600BF93
S315080093F0558802EB85068E4212D030F8026C01EBD6
S315080094008607974211D0158814460EEB8502802DE3
S31508009410EED1A3EB0E0080080880CCF80010F0BD52
S3150800942030F8020C28445080F0BD731920F8023C2D
S3150800943024B1A1EB0E0080082080F0BD1088CCF87E
S3150800944000100880F0BD00002DE9F04F8BB00446EF
S31508009450C06C8B46C57801A9584612F0C7FC00288F
S3150800946094F85000039918BF0021C00743D10E682D
S31508009470002E40D005F00F0A4AF00200032838D122
S31508009480BAF1030F02D14F68082002E04F88B6B23E
S3150800949004200D18002006F00109D4F84880019030
S315080094A058460F2101AA67F3410912F0ADFCB9F13C
S315080094B0020F05D229460E68002EE1D11BE000BF37
S315080094C029D1019827F0010120F0010008EB0102DB
S315080094D0824205F10401EED826F001031A449042AF
S315080094E0E9D22968480061F31E00411C11D00230F8
S315080094F011D109200AE0584612F01BFD0146092041
S31508009500002908BF0520012908BF08200BB0BDE8BF
S31508009510F08F0620FAE7F7F705FD0000F0B581B0F1
S315080095204BF2684CC2F2000CDCF800204BF2682EB5
S31508009530C2F2000E22B10EF500718A4208D122E06D
S315080095408021C0F27F01724642F8041FCCF8002041
S3150800955003300123810803EB90050024101D1346F0
S3150800956042071ED15E88721B02F001072A4688BF91
S315080095703A44B24209D3B14215D318881C460EEBB9
S3150800958080028028EAD1002017E0B01A588080B2FD
S3150800959003EB8001002723F82070081D43074A8043
S315080095A00BD0F7F7BFFC1988002C12BF21800EEBF1
S315080095B08101CCF800100021198001B0F0BD00002F
S315080095C070B587B00DF1080CCDF800C09C469646DC
S315080095D0009A0C4605460D980C990B9B0695ADF816
S315080095E01640ADF814E0ADF812C08DF8113082EDD2
S315080095F0010AC2ED000A8DF807108DF8060007B0BB
S3150800960070BD000080B583B084460598CDF808C0C3
S31508009610ADF80610ADF80420ADF802308DF801005B
S3150800962003B080BD82B001908DF8031002B0704778
S3150800963080B582B084460498CDF804C08DF803102E
S315080096408DF802208DF801308DF8000002B080BD3B
S3150800965082B001908DF8031002B0704782B0019075
S31508009660009101990098486002B0704781B0009057
S31508009670009842F67421C0F6020108310160002103
S31508009680416001B07047000080B582B00190019832
S31508009690009000F005F8009811F06AFF02B080BD4E
S315080096A081B00090009801B07047000042F63C0077
S315080096B0C0F60200704700000220704781B0009093
S315080096C001B0704781B0009001B0704780B582B094
S315080096D001900198009041F60851425801324250D3
S315080096E0405803280AD1FFE700980168C96A8847E5
S315080096F0009941F6085200208850FFE702B080BD65
S3150800970080B5ADF5747DF390F398869009F03AFD2F
S31508009710869842F69821C0F60201083140F8401BA7
S315080097200146879106F0BEFAFFE786986C30859069
S315080097300DF2C2304FF6FF7109F0FEFFFFE785987C
S315080097400DF2C23105F082FAFFE786989C30014691
S3150800975084910EF065FEFFE78698C830014683912E
S3150800976006F0DEF9FFE7869800F58C7001468291CF
S3150800977006F0D6F9FFE7869800F5B47001468191A0
S3150800978006F0CEF9FFE7869800F5DC700146809171
S3150800979006F0C6F9FFE7869800F5027001467F9144
S315080097A006F0BEF9FFE7869800F5167001467E9129
S315080097B006F0B6F9FFE7869800F52A7001467D910E
S315080097C006F0AEF9FFE7869800F53E7001467C91F3
S315080097D009F0EEFBFFE7869800F55A707B90EFA834
S315080097E000210FF049F8FFE77B98EF9905F0F8F9A3
S315080097F0FFE7869800F55F7001467A9109F0D8FB75
S31508009800FFE7869800F57B707990EEA800210FF0A7
S3150800981033F8FFE77998EE9905F0E2F9FFE78698BD
S3150800982000F58060014678910EF072FBFFE7869896
S3150800983000F24C40014677910EF06AFBFFE78698E6
S3150800984000F593600146769106F06AF9FFE7869877
S3150800985000F59D600146759106F062F9FFE7869866
S3150800986000F5A7600146749106F05AF9FFE7869855
S3150800987000F5B1600146739106F052F9FFE7869844
S3150800988000F5BB600146729106F04AF9FFE7869833
S3150800989000F5C560014671910EF0C2FDFFE7869896
S315080098A000F254600146709106F03AF9FFE786988F
S315080098B000F2A46001466F9106F032F9FFE7869838
S315080098C000F2F46001466E9106F062F9FFE78698A9
S315080098D000F5E96001466D9106F05AF9FFE78698AA
S315080098E000F29C7001466C9103F00EFFFFE7869824
S315080098F000F63C006B900DF2B6304FF6FF7109F09A
S315080099001BFFFFE76B980DF2B63105F09FF9FFE7ED
S31508009910869800F66C0001466A910EF0F9FAFFE7A0
S31508009920869841F608520021815000F648204FF4E7
S31508009930965105F0D1FFFFE7869840306A46F02138
S31508009940116000224FF4A07311460BF029FDFFE7C2
S3150800995086984030689000221046114609F05AFC55
S315080099606990FFE768986999EC91EC9906F092F985
S31508009970FFE7869800F140010AF0E4F9FFE78698C8
S315080099806C3067900DF2AE30012109F0D5FEFFE785
S3150800999067980DF2AE3109F058FCFFE786986C30EF
S315080099A06A46F021116000224FF4A07311460BF0AD
S315080099B0F7FCFFE786986C30002105F045F9FFE7CC
S315080099C0869800F16C010AF0BDF9FFE786989C308D
S315080099D06A4685211160002169224FF4A0730BF0B5
S315080099E0DFFCFFE78698C8306A461321116000211C
S315080099F056224D230BF0D4FCFFE78698C8306590B5
S31508009A00FA213C22084609F005FC6690FFE76598AE
S31508009A106699EA91EA990EF03FFAFFE78698C83008
S31508009A2000210EF0F3F9FFE7869800F6B800649077
S31508009A30E8A803210EF0FEFEFFE7E8A811F012FCE5
S31508009A406390FFE7639B649844F27F02C0F60202C4
S31508009A500A210BF02BFAFFE7E8A80EF007FF869914
S31508009A6001F1C80001F6B80106F048F8FFE7869844
S31508009A70C8306290E6A801210EF0DCFEFFE7629886
S31508009A80E6A90EF096F9FFE7E6A80EF0EFFE86992E
S31508009A9001F19C00C8310EF013FCFFE7869800F52B
S31508009AA08C706A461321116056224D2319460BF015
S31508009AB077FCFFE7869800F58C706090FA213C22C7
S31508009AC0084609F0A7FB6190FFE760986199E59160
S31508009AD0E5990EF0E1F9FFE7869800F58C7000210C
S31508009AE00EF094F9FFE7869800F6CC005F90E3A89D
S31508009AF003210EF09FFEFFE7E3A811F0B3FB5E908B
S31508009B00FFE75E9B5F9844F27F02C0F602020A21D5
S31508009B100BF0CCF9FFE7E3A80EF0A8FE869901F54D
S31508009B208C7001F6CC0105F0E9FFFFE7869800F591
S31508009B308C705D90E1A800210EF07CFEFFE75D9831
S31508009B40E1A90EF036F9FFE7E1A80EF08FFE869937
S31508009B5001F19C0001F58C710EF0B2FBFFE78698C7
S31508009B6000F5B4706A46132111604F2143224D2334
S31508009B700BF016FCFFE7869800F5B4705B90FA21A7
S31508009B803C22084609F046FB5C90FFE75B985C9927
S31508009B90E091E0990EF080F9FFE7869800F5B47039
S31508009BA000210EF033F9FFE7869800F50E605A900B
S31508009BB0DEA803210EF03EFEFFE7DEA811F052FBF9
S31508009BC05990FFE7599B5A9844F27F02C0F6020261
S31508009BD00A210BF06BF9FFE7DEA80EF047FE86991F
S31508009BE001F5B47001F50E6105F088FFFFE7869868
S31508009BF000F5B4705890DCA802210EF01BFEFFE7B2
S31508009C005898DCA90EF0D5F8FFE7DCA80EF02EFE72
S31508009C10869901F19C0001F5B4710EF051FBFFE73E
S31508009C20869800F5DC706A4614211160A321472244
S31508009C309B230BF0B5FBFFE7869800F5DC70569082
S31508009C40F5200222114609F0E5FA5790FFE75698E3
S31508009C505799DB91DB990EF01FF9FFE7869800F517
S31508009C60DC7000210EF0D2F8FFE7869800F6F400C3
S31508009C705590D9A806210EF0DDFDFFE7D9A811F009
S31508009C80F1FA5490FFE7549B559844F27F02C0F6C8
S31508009C9002020A210BF00AF9FFE7D9A80EF0E6FD41
S31508009CA0869901F5DC7001F6F40105F027FFFFE758
S31508009CB0869800F5DC705390D7A807210EF0BAFDF8
S31508009CC0FFE75398D7A90EF074F8FFE7D7A80EF068
S31508009CD0CDFD869901F19C0001F5DC710EF0F0FAD4
S31508009CE0FFE7869800F50270A52134220BF054FC94
S31508009CF0FFE7869800F502705190A720F7217C228D
S31508009D0009F088FA5290FFE751985299D691D69958
S31508009D100EF0C2F8FFE7869800F5027000210EF0F3
S31508009D2075F8FFE7869800F608105090D4A8052124
S31508009D300EF080FDFFE7D4A811F094FA4F90FFE7E4
S31508009D404F9B509844F27F02C0F602020A210BF09C
S31508009D50ADF8FFE7D4A80EF089FD869901F50270E3
S31508009D6001F6081105F0CAFEFFE7869800F50270AD
S31508009D700EF064F8FFE7869800F502704E90D2A8B8
S31508009D8008210EF057FDFFE74E98D2A90EF011F8FC
S31508009D90FFE7D2A80EF06AFD869901F19C0001F54D
S31508009DA002710EF08DFAFFE7869800F516706A467E
S31508009DB014211160F0211C224B230BF0F1FAFFE766
S31508009DC0869800F516704C90A720F7217C2209F09A
S31508009DD021FA4D90FFE74C984D99D191D1990EF003
S31508009DE05BF8FFE7869800F5167000210EF00EF86E
S31508009DF0FFE7869800F61C104B90CFA809210EF0B5
S31508009E0019FDFFE7CFA811F02DFA4A90FFE74A9B04
S31508009E104B9844F27F02C0F602020A210BF046F87C
S31508009E20FFE7CFA80EF022FD869901F5167001F618
S31508009E301C1105F063FEFFE7869800F51670499039
S31508009E40CDA80A210EF0F6FCFFE74998CDA90DF03A
S31508009E50B0FFFFE7CDA80EF009FD869901F19C0039
S31508009E6001F516710EF02CFAFFE7869800F52A70B0
S31508009E706A46142111604D211D2251230BF090FAD8
S31508009E80FFE7869800F52A704790A720F7217C22DD
S31508009E9009F0C0F94890FFE747984899CC91CC99C2
S31508009EA00DF0FAFFFFE7869800F52A7000210DF0FD
S31508009EB0ADFFFFE7869800F513604690CAA80F2104
S31508009EC00EF0B8FCFFE7CAA811F0CCF94590FFE7F9
S31508009ED0459B469844F27F02C0F602020F210AF01B
S31508009EE0E5FFFFE7CAA80EF0C1FC869901F52A70BE
S31508009EF001F5136105F002FEFFE7869800F52A7062
S31508009F004490C8A810210EF095FCFFE74498C8A90C
S31508009F100DF04FFFFFE7C8A80EF0A8FC869901F1DF
S31508009F209C0001F52A710EF0CBF9FFE7869800F53B
S31508009F303E706A460F211160002101224FF4A0737A
S31508009F400BF02EFAFFE7869800F55A7042902B2000
S31508009F50AB21D92209F05EF94390FFE7429843996D
S31508009F60C791C79904F026FEFFE7869901F53E706A
S31508009F7001F55A7103F078FAFFE7869800F53E7006
S31508009F800021052208F0FCFFFFE7869800F53E70E1
S31508009F904FF4A071052208F0D1FFFFE7869800F577
S31508009FA03E70032108F0AAFEFFE7869800F53E708A
S31508009FB0012108F0B5FFFFE7869901F19C0001F53C
S31508009FC03E710EF07DF9FFE7869800F55F706A46E8
S31508009FD0822111609B2106220A230BF0E1F9FFE793
S31508009FE0869800F57B7040902B20AB21D92209F08A
S31508009FF011F94190FFE740984199C691C69904F036
S3150800A000D9FDFFE7869901F55F7001F57B7103F0CD
S3150800A0102BFAFFE7869800F55F700521002208F005
S3150800A020AFFFFFE7869800F55F700521F52208F077
S3150800A03085FFFFE7869800F55F70032108F05EFE4E
S3150800A040FFE7869800F55F70012108F069FFFFE7D2
S3150800A050869901F19C0001F55F710EF031F9FFE771
S3150800A060869800F580606A46162111600622A023AC
S3150800A07019460BF095F9FFE7869800F580603E9043
S3150800A080FF221046114609F0C5F83F90FFE73E98B3
S3150800A0903F99C591C5990DF0FFFEFFE7869800F533
S3150800A0A0806000210DF0B2FEFFE7869800F580601B
S3150800A0B03D90C3A814210EF0BDFBFFE73D98C3A948
S3150800A0C00DF077FEFFE7C3A80EF0D0FB869901F1E5
S3150800A0D09C0001F580610EF0F3F8FFE7869800F220
S3150800A0E04C406A4618211160032106229B230BF077
S3150800A0F057F9FFE7869800F24C403B90FF2210463E
S3150800A100114609F087F83C90FFE73B983C99C291C5
S3150800A110C2990DF0C1FEFFE7869800F24C40002177
S3150800A1200DF074FEFFE7869800F24C403A90C0A8FE
S3150800A13015210EF07FFBFFE73A98C0A90DF039FE0E
S3150800A140FFE7C0A80EF092FB869901F19C0001F288
S3150800A1504C410EF0B5F8FFE7869800F593606A461D
S3150800A1601421116000212F224E230BF019F9FFE765
S3150800A170869800F593603890A720F7217C2209F08D
S3150800A18049F83990FFE738983999BF91BF990DF08A
S3150800A19083FEFFE7869800F5936000210DF036FEF2
S3150800A1A0FFE7869800F64E103790BDA812210EF0EC
S3150800A1B041FBFFE7BDA811F055F83690FFE7369B3F
S3150800A1C0379844F27F02C0F602020F210AF06EFEAB
S3150800A1D0FFE7BDA80EF04AFB869901F5936001F6E4
S3150800A1E04E1105F08BFCFFE7869800F593603590D5
S3150800A1F0BBA813210EF01EFBFFE73598BBA90DF08F
S3150800A200D8FDFFE7BBA80EF031FB869901F19C004B
S3150800A21001F593610EF054F8FFE7869800F59D6006
S3150800A2206A46142111604E212F2250230BF0B8F8EC
S3150800A230FFE7869800F59D603390A720F7217C22DA
S3150800A24008F0E8FF3490FFE733983499BA91BA9941
S3150800A2500DF022FEFFE7869800F59D6000210DF0BF
S3150800A260D5FDFFE7869800F66C103290B8A8122143
S3150800A2700EF0E0FAFFE7B8A810F0F4FF3190FFE718
S3150800A280319B329844F27F02C0F602020F210AF08F
S3150800A2900DFEFFE7B8A80EF0E9FA869901F59D606C
S3150800A2A001F66C1105F02AFCFFE7869800F59D601B
S3150800A2B03090B6A811210EF0BDFAFFE73098B6A97E
S3150800A2C00DF077FDFFE7B6A80EF0D0FA869901F1F2
S3150800A2D09C0001F59D610DF0F3FFFFE7869800F5F8
S3150800A2E0A7606A461421116000211B224D230BF03A
S3150800A2F057F8FFE7869800F5A7602E90F52002220A
S3150800A300114608F087FF2F90FFE72E982F99B591F1
S3150800A310B5990DF0C1FDFFE7869800F5A760002105
S3150800A3200DF074FDFFE7869800F68A102D90B3A805
S3150800A3300D210EF07FFAFFE7B3A810F093FF2C90DB
S3150800A340FFE72C9B2D9844F27F02C0F602020A21F1
S3150800A3500AF0ACFDFFE7B3A80EF088FA869901F576
S3150800A360A76001F68A1105F0C9FBFFE7869800F594
S3150800A370A7602B90B1A80E210EF05CFAFFE72B9888
S3150800A380B1A90DF016FDFFE7B1A80EF06FFA869990
S3150800A39001F19C0001F5A7610DF092FFFFE7869891
S3150800A3A000F5B1606A4614211160A5211D224B23D0
S3150800A3B00AF0F6FFFFE7869800F5B1602990A72016
S3150800A3C0F7217C2208F026FF2A90FFE729982A9988
S3150800A3D0B091B0990DF060FDFFE7869800F5B16081
S3150800A3E000210DF013FDFFE7869800F69E102890D1
S3150800A3F0AEA80B210EF01EFAFFE7AEA810F032FF4A
S3150800A4002790FFE7279B289844F27F02C0F60202AE
S3150800A4100A210AF04BFDFFE7AEA80EF027FA869947
S3150800A42001F5B16001F69E1105F068FBFFE7869815
S3150800A43000F5B1602690ACA80C210EF0FBF9FFE7F9
S3150800A4402698ACA90DF0B5FCFFE7ACA80EF00EFAFD
S3150800A450869901F19C0001F5B1610DF031FFFFE726
S3150800A460869800F5BB606A461321116000214322D5
S3150800A4704D230AF095FFFFE7869800F5BB60249008
S3150800A480FA213C22084608F0C5FE2590FFE72498E5
S3150800A4902599AB91AB990DF0FFFCFFE7869800F57F
S3150800A4A0BB6000210DF0B2FCFFE7869800F6B210FB
S3150800A4B02390A9A803210EF0BDF9FFE7A9A810F07B
S3150800A4C0D1FE2290FFE7229B239844F27F02C0F632
S3150800A4D002020A210AF0EAFCFFE7A9A80EF0C6F96B
S3150800A4E0869901F5BB6001F6B21105F007FBFFE797
S3150800A4F0869800F5BB602190A7A804210EF09AF96A
S3150800A500FFE72198A7A90DF054FCFFE7A7A80EF0CE
S3150800A510ADF9869901F19C0001F5BB610DF0D0FEFD
S3150800A520FFE7869800F19C0109F00CFCFFE7869886
S3150800A53000F5C5606A466921116000224FF4A073D0
S3150800A54011460AF02DFFFFE7869800F254606A4626
S3150800A55016211160A0212D2257230AF021FFFFE7BB
S3150800A560869800F254601F90A720F7217C2208F0F5
S3150800A57051FE2090FFE71F982099A691A6990DF005
S3150800A5808BFCFFE7869800F2546000210DF03EFC34
S3150800A590FFE7869800F6C6101E90A4A818210EF0AC
S3150800A5A049F9FFE7A4A810F05DFE1D90FFE71D9B83
S3150800A5B01E9844F27F02C0F602020A210AF076FCCF
S3150800A5C0FFE7A4A80EF052F9869901F2546001F645
S3150800A5D0C61105F093FAFFE7869800F254601C90BE
S3150800A5E0A2A821210EF026F9FFE71C98A2A90DF0D2
S3150800A5F0E0FBFFE7A2A80EF039F9869901F5C560D8
S3150800A60001F254610DF05CFEFFE7869800F2A46043
S3150800A6106A461521116000212E229E230AF0C0FEEB
S3150800A620FFE7869800F2A4601A903320CC21B52261
S3150800A63008F0F0FD1B90FFE71A981B99A191A199C4
S3150800A6400DF02AFCFFE7869800F2A46000210DF0C1
S3150800A650DDFBFFE7869800F6DA1019909FA8172108
S3150800A6600EF0E8F8FFE79FA810F0FCFD1890FFE74A
S3150800A670189B199844F27F02C0F602020F210AF0CD
S3150800A68015FCFFE79FA80EF0F1F8869901F2A46081
S3150800A69001F6DA1105F032FAFFE7869800F2A460AF
S3150800A6A017909DA820210EF0C5F8FFE717989DA9D9
S3150800A6B00DF07FFBFFE79DA80EF0D8F8869901F507
S3150800A6C0C56001F2A4610DF0FBFDFFE7869800F274
S3150800A6D0F4606A462621116000214322A0230AF06D
S3150800A6E05FFEFFE7869800F2F4601590DB207D2177
S3150800A6F02A2208F08FFD1690FFE7159816999C9167
S3150800A7009C990DF0C9FBFFE7869800F2F4600021DA
S3150800A7100DF07CFBFFE7869800F6F81014909AA8CF
S3150800A7201C210EF087F8FFE79AA810F09BFD1390FE
S3150800A730FFE7139B149844F27F02C0F602020A212F
S3150800A7400AF0B4FBFFE79AA80EF090F8869901F292
S3150800A750F46001F6F81105F00BFAFFE7869800F6A3
S3150800A7600C20129098A81B210EF064F8FFE798A811
S3150800A77010F078FD1190FFE7119B129844F27F02C2
S3150800A780C0F602020A210AF091FBFFE798A80EF02C
S3150800A7906DF8869901F2F46001F60C2105F0F0F9DE
S3150800A7A0FFE7869800F2F460109096A81F210EF035
S3150800A7B041F8FFE7109896A90DF0FBFAFFE796A86F
S3150800A7C00EF054F8869901F5C56001F2F4610DF0B2
S3150800A7D077FDFFE7869800F5E9606A46262111604D
S3150800A7E04322A02319460AF0DBFDFFE7869800F509
S3150800A7F0E9600E90DB207D212A2208F00BFD0F90E0
S3150800A800FFE70E980F99959195990DF045FBFFE78F
S3150800A810869800F5E96000210DF0F8FAFFE78698BA
S3150800A82000F522600D9093A81A210EF003F8FFE7B1
S3150800A83093A810F017FD0C90FFE70C9B0D9844F2B7
S3150800A8407F02C0F602020A210AF030FBFFE793A84E
S3150800A8500EF00CF8869901F5E96001F5226105F01C
S3150800A86087F9FFE7869800F634200B9091A81921FE
S3150800A8700DF0E0FFFFE791A810F0F4FC0A90FFE75F
S3150800A8800A9B0B9844F27F02C0F602020A210AF0DC
S3150800A8900DFBFFE791A80DF0E9FF869901F5E96040
S3150800A8A001F6342105F06CF9FFE7869800F5E960B2
S3150800A8B009908FA81E210DF0BDFFFFE709988FA903
S3150800A8C00DF077FAFFE78FA80DF0D0FF869901F50E
S3150800A8D0C56001F5E9610DF0F3FCFFE7869800F223
S3150800A8E09C706A461221116000211B22F7230AF088
S3150800A8F057FDFFE7869800F29C700790F620FA212C
S3150800A900A52208F087FC0890FFE7079808998E911A
S3150800A9108E9902F0D1FEFFE7869800F29C700690A9
S3150800A9208CA81D210DF086FFFFE706988CA902F07A
S3150800A9309BFEFFE78CA80DF099FF869800F29C70A5
S3150800A940012102F0B3FEFFE7869800F29C7003210E
S3150800A95002F0A4FEFFE7869800F29C700A22002304
S3150800A960114603F079FFFFE7869901F5C56001F204
S3150800A9709C710DF0A5FCFFE7869800F63C00059053
S3150800A9800DF22E20002108F0D7FEFFE705980DF2FC
S3150800A9902E2108F05AFCFFE7869800F63C006A4626
S3150800A9A043211160F721002249230AF0F9FCFFE749
S3150800A9B0869800F63C00002104F046F9FFE78699E0
S3150800A9C001F5C56001F63C010DF07AFCFFE78698B3
S3150800A9D000F66C006A461B2111600022F723114617
S3150800A9E00AF0DEFCFFE7869800F66C000390FF226B
S3150800A9F01046114608F00EFC0490FFE703980499E8
S3150800AA008A918A990DF048FAFFE7869800F66C0055
S3150800AA1000210DF0FBF9FFE7869800F66C0002901E
S3150800AA2088A816210DF006FFFFE7029888A90DF001
S3150800AA30C0F9FFE788A80DF019FF869901F5C560EA
S3150800AA4001F66C010DF03CFCFFE7869800F5C56140
S3150800AA5009F078F9FFE786980DF5747D80BDF290C8
S3150800AA60F191AEE1F290F191A7E1F290F191A0E1B6
S3150800AA70F290F19199E1F290F19192E1F290F191CF
S3150800AA808BE1F290F19184E1F290F1917DE1F290FF
S3150800AA90F19176E1F290F1916FE1F290F19168E12E
S3150800AAA0F290F19161E1F290F1915AE1F290F1910F
S3150800AAB053E1F290F1914CE1F290F19145E1F29077
S3150800AAC0F1913EE1F290F19137E1F290F19130E1A6
S3150800AAD0F290F19129E1F290F19122E1F290F1914F
S3150800AAE01BE1F290F19114E1F290F1910DE1F290EF
S3150800AAF0F19106E1F290F191FFE0F290F191F8E020
S3150800AB00F290F191F1E0F290F191EAE0F290F19190
S3150800AB10E3E0F290F191E8A80DF0A8FEDDE0F290EE
S3150800AB20F191E6A80DF0A2FED7E0F290F191E3A824
S3150800AB300DF09CFED1E0F290F191E1A80DF096FEA1
S3150800AB40CBE0F290F191DEA80DF090FEC5E0F29010
S3150800AB50F191DCA80DF08AFEBFE0F290F191D9A838
S3150800AB600DF084FEB9E0F290F191D7A80DF07EFEC3
S3150800AB70B3E0F290F191D4A80DF078FEADE0F29032
S3150800AB80F191D2A80DF072FEA7E0F290F191CFA84C
S3150800AB900DF06CFEA1E0F290F191CDA80DF066FEE5
S3150800ABA09BE0F290F191CAA80DF060FE95E0F29054
S3150800ABB0F191C8A80DF05AFE8FE0F290F191C3A862
S3150800ABC00DF054FE89E0F290F191C0A80DF04EFE0A
S3150800ABD083E0F290F191BDA80DF048FE7DE0F29079
S3150800ABE0F191BBA80DF042FE77E0F290F191B8A87A
S3150800ABF00DF03CFE71E0F290F191B6A80DF036FE2C
S3150800AC006BE0F290F191B3A80DF030FE65E0F2909A
S3150800AC10F191B1A80DF02AFE5FE0F290F191AEA88D
S3150800AC200DF024FE59E0F290F191ACA80DF01EFE4D
S3150800AC3053E0F290F191A9A80DF018FE4DE0F290BC
S3150800AC40F191A7A80DF012FE47E0F290F191A4A8A1
S3150800AC500DF00CFE41E0F290F191A2A80DF006FE6F
S3150800AC603BE0F290F1919FA80DF000FE35E0F290DE
S3150800AC70F1919DA80DF0FAFD2FE0F290F1919AA8B6
S3150800AC800DF0F4FD29E0F290F19198A80DF0EEFD93
S3150800AC9023E0F290F19196A80DF0E8FD1DE0F29000
S3150800ACA0F19193A80DF0E2FD17E0F290F19191A8C9
S3150800ACB00DF0DCFD11E0F290F1918FA80DF0D6FDB4
S3150800ACC00BE0F290F1918CA80DF0D0FD05E0F29022
S3150800ACD0F19188A80DF0CAFDFFE76A980DF05CF9B6
S3150800ACE0FFE76B9803F0C0FFFFE76C9802F030FDB2
S3150800ACF0FFE76D9804F06CFFFFE76E9804F068FFB5
S3150800AD00FFE76F9804F02AFFFFE7709804F026FF24
S3150800AD10FFE771980DF098FBFFE7729804F01EFFA5
S3150800AD20FFE7739804F01AFFFFE7749804F016FF1C
S3150800AD30FFE7759804F012FFFFE7769804F00EFF18
S3150800AD40FFE777980DF028F9FFE778980DF024F9D2
S3150800AD50FFE7799803F068FFFFE77A9808F048F963
S3150800AD60FFE77B9803F060FFFFE77C9808F040F95F
S3150800AD70FFE77D9804F0F2FEFFE77E9804F0EEFE0A
S3150800AD80FFE77F9804F0EAFEFFE7809804F0E6FE06
S3150800AD90FFE7819804F0E2FEFFE7829804F0DEFE02
S3150800ADA0FFE7839804F0DAFEFFE784980DF04CFB82
S3150800ADB0FFE7859803F058FFFFE7879804F09AFFA6
S3150800ADC0FFE7869808F0FCF9FFE710F0BFFD0000E2
S3150800ADD080B582B001900198009000F005F80098BF
S3150800ADE010F0C6FB02B080BD80B582B00190019913
S3150800ADF0009142F69820C0F602000830086004F078
S3150800AE0065FDFFE7009800F66C000DF0C5F80098A0
S3150800AE1000F63C0003F028FF009800F29C7002F050
S3150800AE2097FC009800F5E96004F0D2FE009800F25D
S3150800AE30F46004F0CDFE009800F2A46004F08EFEE3
S3150800AE40009800F2546004F089FE009800F5C56089
S3150800AE500DF0FAFA009800F5BB6004F07FFE009842
S3150800AE6000F5B16004F07AFE009800F5A76004F0DA
S3150800AE7075FE009800F59D6004F070FE009800F5D8
S3150800AE80936004F06BFE009800F24C400DF084F8D5
S3150800AE90009800F580600DF07FF8009800F57B704B
S3150800AEA003F0C2FE009800F55F7008F0A1F800985C
S3150800AEB000F55A7003F0B8FE009800F53E7008F0E9
S3150800AEC097F8009800F52A7004F048FE009800F5F7
S3150800AED0167004F043FE009800F5027004F03EFE7A
S3150800AEE0009800F5DC7004F039FE009800F5B4709F
S3150800AEF004F034FE009800F58C7004F02FFE0098DC
S3150800AF00C83004F02BFE00989C300DF09DFA00988E
S3150800AF106C3003F0A9FE0098403004F0EBFE009870
S3150800AF2008F04EF9009802B080BD10F08BFB0000C7
S3150800AF3081B0009001B0704770B587B00DF1080C6C
S3150800AF40CDF800C09C469646009A0C4605460D98D4
S3150800AF500C990B9B0695ADF81640ADF814E0ADF8C4
S3150800AF6012C08DF8113082ED010AC2ED000A8DF883
S3150800AF7007108DF806000699BDF81600CA6841F64E
S3150800AF801253D052BDF81400CA6841F61453D05271
S3150800AF90BDF81200CA6841F61653D0529DF8110042
S3150800AFA0CA6841F61853D0540398CA6841F61C5328
S3150800AFB0D0500298CA684FF4E953D0509DF807005C
S3150800AFC0CA6841F62453D0549DF80600C96841F66C
S3150800AFD02552885407B070BD80B583B0844605985D
S3150800AFE0CDF808C0ADF80610ADF80420ADF802306B
S3150800AFF08DF801000299BDF80600CA6841F6265385
S3150800B000D052BDF80400CA6841F62853D052BDF89C
S3150800B0100200CA6841F62A53D0529DF80100C96851
S3150800B02041F62C52885403B080BD000082B00190CE
S3150800B0308DF8031001999DF80300C96841F60D5271
S3150800B040885402B07047000080B582B084460498E0
S3150800B050CDF804C08DF803108DF802208DF8013064
S3150800B0608DF8000001999DF80300CA6841F60E5351
S3150800B070D0549DF80200CA6841F60F53D0549DF883
S3150800B0800100CA6841F61053D0549DF80000C968FB
S3150800B09041F61152885402B080BD000082B001907A
S3150800B0A08DF8031001999DF80300C96841F60C5202
S3150800B0B0885402B07047000081B0009001B0704714
S3150800B0C080B586B005900491059801900DF070FB47
S3150800B0D001980430FEF7CAFAFFE7019842F6D02134
S3150800B0E0C0F6020101F10802026034314160049998
S3150800B0F0C16006B080BD02460198039202910DF028
S3150800B1006FFBFFE710F022FC80B582B00190019832
S3150800B110009000F005F8009810F02AFA02B080BDF9
S3150800B12080B582B00190019800900430FEF7B8FA15
S3150800B13000980DF055FB009802B080BD80B582B02E
S3150800B14001900091009800F0E3F902B080BD00007C
S3150800B15080B586B0DDF820C005900491039202936D
S3150800B160059801900499039A029BDDF820C0EE46E3
S3150800B170CEF800C009F04AF9019842F62031C0F627
S3150800B18002010831016006B080BD000080B582B0BA
S3150800B19001900198009000F005F8009810F0E8F981
S3150800B1A002B080BD80B582B001900198009009F088
S3150800B1B051F9009802B080BD222070474DF6EC3058
S3150800B1C0C2F200007047000080B582B00190019875
S3150800B1D00090D0F8580100F039FA009802F034F8D7
S3150800B1E002B080BD80B584B00390029101920398A5
S3150800B1F000900299019A00F0C5F9009842F6343198
S3150800B200C0F602010831016004B080BD80B582B085
S3150800B21001900198009000F005F8009810F0A8F940
S3150800B22002B080BD80B582B001900198009000F010
S3150800B230F5F9009802B080BD83B0029001910092A2
S3150800B240002003B07047000081B0009001B070473D
S3150800B25080B582B001900198009003F05FFE0098D7
S3150800B26042F68831C0F602010831016002B080BD9D
S3150800B27080B582B001900198009000F005F800981A
S3150800B28010F076F902B080BD80B582B001900198C1
S3150800B290009003F053FE009802B080BD80B582B0DE
S3150800B2A00190019804F034FD02B080BD80B582B0EB
S3150800B2B001900198009004F041FD01F073F80146F1
S3150800B2C000980268926E9047009840F24031C2F2A8
S3150800B2D0000105F025F80098032105F029F810B9B2
S3150800B2E0FFE7FFE7FEE702B080BD000080B582B049
S3150800B2F001905A20FCF79EFF02B080BD80B588B049
S3150800B3000790069107980290069904F0A3FE029802
S3150800B310806901684968884713F052FDD0B9FFE78C
S3150800B32004A8019007F0E8FE02980199806902686E
S3150800B330D268904703900398BDF81010BDF8122004
S3150800B340BDF81430BDF816C0EE46CEF800C013F0AE
S3150800B3503DFDFFE708B080BD80B582B00190019839
S3150800B36004F07AFE02B080BD80B582B001905A2002
S3150800B370FCF790FF02B080BD82B00190009102B048
S3150800B3807047000080B582B001905A200921FCF769
S3150800B3909BFF02B080BD000081B0009001B07047ED
S3150800B3A080B582B0019001980090FFE713F008FD80
S3150800B3B008B1FFE7FAE7009805F0FAFC02B080BD8D
S3150800B3C080B584B003900291019200930398029984
S3150800B3D0019A009B05F0FDFC04B080BD10B588B04D
S3150800B3E08C4686460B980A99CDF81CE0CDF818C00D
S3150800B3F005920493ADF80E10ADF80C00079802906C
S3150800B4000699059A049BBDF80EC0BDF80C40EE4699
S3150800B410CEF80440CEF800C005F04EFD029842F67C
S3150800B420A031C0F602010831016008B010BD000065
S3150800B43080B582B001900198009000F005F8009858
S3150800B44010F096F802B080BD80B582B001900198E0
S3150800B450009005F0D7FD009802B080BD80B584B095
S3150800B4600290ADF80610BDF80600014600910628C0
S3150800B47029D80099DFE801F004090E13181D2200E7
S3150800B480FFF79CFE0068039020E0FFF797FE4068F0
S3150800B49003901BE0FFF792FE8068039016E0FFF723
S3150800B4A08DFEC068039011E0FFF788FE00690390DF
S3150800B4B00CE0FFF783FE4069039007E0FFF77EFE86
S3150800B4C08069039002E000200390FFE7039804B028
S3150800B4D080BD000080B582B001900198009000F010
S3150800B4E005F8009810F044F802B080BD80B582B027
S3150800B4F001900198009002F039F9009802B080BDD9
S3150800B50080B582B00190019800F002F802B080BDC3
S3150800B51080B58AB0099009990291002004904BF2EF
S3150800B5205550C0F600000390039A049B05A80090A6
S3150800B53009F0D4FE0298009900F5A270019009F06E
S3150800B5401BFF009809F00EFF01980299C1F8400107
S3150800B5500AB080BD80B582B00190019800F59E7151
S3150800B560D0F85421D0F858016B46186040F2C42030
S3150800B570C2F2000040F2C823C2F2000303F0D4FB73
S3150800B58002B080BD80B588B00790069105920798ED
S3150800B590019003F099FB019842F6A041C0F602011A
S3150800B5A00831016000F5A2700146029109F0BAFE61
S3150800B5B0FFE701990598C1F854010698C1F85801A2
S3150800B5C004F0E8FB0090FFE7009801688A6800210C
S3150800B5D09047FFE7002007F063FEFFE7019808B0F1
S3150800B5E080BD0490039106E00246029804920391F6
S3150800B5F009F0B8FEFFE7019803F08CFBFFE710F0AF
S3150800B600A5F9000080B582B001900198009000F07D
S3150800B61005F800980FF0ACFF02B080BD80B582B087
S3150800B62001900198009000F5A27009F09BFE009821
S3150800B63003F070FB009802B080BD000082B0019054
S3150800B640009101990098086002B0704770B592B0F1
S3150800B6501190119805904DF60840C2F20100006855
S3150800B660002800F00D81FFE705980068002800F023
S3150800B6700781FFE742F2C070C0F60200016842681F
S3150800B6808368D0F80CC0D0F810E044690F94CDF860
S3150800B69038E0CDF834C00C930B920A91806910906B
S3150800B6A000208DF827008DF826008DF82500FFE785
S3150800B6B04DF60840C2F2010000680AA9002214F0FB
S3150800B6C0B5FD012873D1FFE70A98049040B1FFE75A
S3150800B6D0049801282ED0FFE70498022850D064E089
S3150800B6E005990AA8083008900898007848710898BB
S3150800B6F000790872089840794872089880788871A5
S3150800B7000898C078C871089890F9010091F9041052
S3150800B71088420BD0FFE705990898407808710868B1
S3150800B72091F90410026892689047FFE701208DF8A6
S3150800B73027003BE005990AA8083007900798008873
S3150800B740488107984088888107988088C881079823
S3150800B750D0F8070048610798D0F80B008861079869
S3150800B760C07B00F0010008770798007C00F0010014
S3150800B770487707988079087401208DF8260015E027
S3150800B78005990AA80830069006980088C88306987E
S3150800B790408808840698808848840698807981F8C5
S3150800B7A0240001208DF8250000E0FFE780E79DF8DA
S3150800B7B02700C007F8B1FFE70599086891F9051051
S3150800B7C00268D2689047DDF814C0DCF800009CF9DE
S3150800B7D006109CF907209CF908309CF909E0D0F876
S3150800B7E000C0DCF810C06C46C4F800E0E047002052
S3150800B7F08DF82700FFE79DF82600C00710B3FFE77E
S3150800B800DDF814C0DCF80000BCF90A10BCF90C20FD
S3150800B810BCF90E309CF810E09CED050ADCED060A32
S3150800B8209CF81C509CF81D60D0F800C0DCF814C0C9
S3150800B8306C46A6606560C4F800E0E04700208DF815
S3150800B8402600FFE79DF82500C007C0B1FFE7DDF831
S3150800B85014C0DCF80000BCF91E10BCF92020BCF9A5
S3150800B86022309CF824E0D0F800C0DCF818C06C46FA
S3150800B870C4F800E0E04700208DF82500FFE7FFE761
S3150800B88012B070BD81B0009000980021016001716E
S3150800B89041718171C1710172417241818181C18198
S3150800B8A0012202744161816101774177C183018474
S3150800B8B0418480F8241001B07047000081B00090E0
S3150800B8C0012001B07047000080B582B00190FFE703
S3150800B8D00020009043F63000C4F20200016841F4EB
S3150800B8E000010160006800F4000000900098FFE77E
S3150800B8F043F61001C4F20201086840F4000008602B
S3150800B900086820F4000008604DF2C851C2F2000130
S3150800B91048F2A130C0F60000486148F28D30C0F602
S3150800B920000008615A20FCF76FFC02B080BD0000D9
S3150800B93081B0009040F2EF3001B0704780B58AB010
S3150800B94009900891099801900899497F00F06EFAC4
S3150800B9500146019807910899897F00F067FA014620
S3150800B960019806910899897F00F08EFA0590089942
S3150800B970488B898A401A4BF24001C4F202010860DA
S3150800B9800899488B898A401A4BF21801C4F20201B9
S3150800B99008600899088B898A401A4BF21001C4F28C
S3150800B9A00201086005984BF23401C4F202010860EE
S3150800B9B00899C88A898A40EA01404BF24401C4F2D0
S3150800B9C002010860089800694BF23C01C4F20201C2
S3150800B9D00860089840684BF20C01C4F2020108603E
S3150800B9E0089800680290042871D0FFE7029820287A
S3150800B9F000F03181FFE70298402800F02C81FFE72C
S3150800BA000298802800F08680FFE70298B0F5807FCC
S3150800BA1005D0FFE70298B0F5007F2CD03EE10898E4
S3150800BA20017F0A20C0F2020040EA01604BF21C01C5
S3150800BA30C4F20201086008980C300FF055FC4BF26E
S3150800BA402001C4F20201086006984BF22401C4F2F0
S3150800BA5002010860089800694BF21401C4F2020159
S3150800BA6008604BF20001C4F2020142F20130C0F252
S3150800BA700200086037E10898017F0920C0F2020039
S3150800BA8040EA01604BF21C01C4F202010860089802
S3150800BA900C300FF029FC4BF22001C4F202010860B9
S3150800BAA006984BF22401C4F202010860089800695E
S3150800BAB04BF21401C4F2020108604BF20001C4F211
S3150800BAC0020142F20130C0F2020008600BE1079859
S3150800BAD00899097F40EA016040F400304BF21C01E6
S3150800BAE0C4F20201086006984BF22401C4F202016E
S3150800BAF00860089800694BF21401C4F20201086054
S3150800BB004BF20001C4F2020142F20130C0F2020017
S3150800BB100860E8E001208DF8130008988068039013
S3150800BB20039804304BF22C01C4F20201086007980E
S3150800BB300899097F40EA016040F400304BF21C0185
S3150800BB40C4F20201086006984BF22401C4F202010D
S3150800BB500860089800694BF21401C4F202010860F3
S3150800BB60039800880146009140B1FFE70098012834
S3150800BB7015D0FFE7009802282DD02DE04BF21C01C6
S3150800BB80C4F2020108684FF610729043039A53886C
S3150800BB906FF0FF0202EB03221043086028E00898C2
S3150800BBA0007FFF2804D1FFE700208DF81300FFE788
S3150800BBB04BF21C01C4F2020108684FF6107220EA23
S3150800BBC00202039843886FF0FF0000EB032010433E
S3150800BBD0103008600CE0FFE744F24B30C0F6020074
S3150800BBE044F26531C0F6020140F21B12F4F712FD69
S3150800BBF04BF21C01C4F20201086840F020000860FC
S3150800BC00FFE74BF21C00C4F2020000688006002819
S3150800BC1001D5FFE7F5E74BF20801C4F2020110204F
S3150800BC2008609DF81300C00750B1FFE74BF200010A
S3150800BC30C4F2020142F20130C0F20200086009E0D3
S3150800BC404BF20001C4F2020142F20130C0F20100D7
S3150800BC500860FFE747E007980899097F40EA01600E
S3150800BC6040F400304BF21C01C4F202010860069849
S3150800BC704BF22401C4F202010860089800694BF2ED
S3150800BC801401C4F2020108604BF20001C4F2020179
S3150800BC9042F20130C0F20200086024E007980899D1
S3150800BCA0097F40EA016040F400304BF21C01C4F2FF
S3150800BCB0020108600899487F897F88420AD0FFE711
S3150800BCC04BF20001C4F2020142F20130C0F2010057
S3150800BCD0086007E04BF20001C4F2020142F20130AB
S3150800BCE00860FFE7FFE70AB080BD000080B584B0B2
S3150800BCF00390029103980299897F00F0C5F8019094
S3150800BD0001984BF23401C4F2020108600299C88A0C
S3150800BD10898A40EA01404BF24401C4F202010860F4
S3150800BD20029800694BF23C01C4F2020108600299CC
S3150800BD30488B898A401A4BF24001C4F20201086016
S3150800BD4002980068082845D1FFE70299488B898A36
S3150800BD50401A4BF21801C4F2020108600299488B96
S3150800BD60898A401A4BF21001C4F202010860019850
S3150800BD704BF22401C4F2020108600298017F0920EF
S3150800BD80C0F2010040EA01604BF21C01C4F2020154
S3150800BD90086002980C300FF0A7FA4BF22001C4F2A3
S3150800BDA002010860029800694BF21401C4F202010C
S3150800BDB00860029800694BF20C01C4F2020108609F
S3150800BDC04BF20001C4F2020142F20130C0F2020055
S3150800BDD008601EE001984BF21C01C4F202010860DB
S3150800BDE04BF21001C4F202010020086002980C30E0
S3150800BDF00FF07AFA4BF23801C4F2020108604BF2EE
S3150800BE000001C4F2020142F20130C0F203000860E8
S3150800BE10FFE704B080BD000080B582B001900198AC
S3150800BE200168896A884702B080BD000084B0039023
S3150800BE30029100200190029800900B2815D80099CD
S3150800BE40DFE801F00C0906121212120F0F0F0F0F7E
S3150800BE500020019014E00120019011E002200190D9
S3150800BE600EE0052001900BE0FFE744F23030C0F603
S3150800BE70020044F26531C0F602017022F4F7CAFBEB
S3150800BE80019804B07047000084B003900291002026
S3150800BE900190029800900B2812D80099DFE801F06B
S3150800BEA00C09060F0F0F0F090909090F0020019049
S3150800BEB011E0012001900EE0022001900BE0FFE75F
S3150800BEC044F23030C0F6020044F26531C0F6020191
S3150800BED09122F4F79FFB019804B0704780B58CB0A7
S3150800BEE00A900A9805900B9042F6F441C0F60201B2
S3150800BEF001F108020692014641F80C2B049102F062
S3150800BF00BBFD04980599069A41F8202B024607922C
S3150800BF10602203F09FFAFFE7059901F1200001F579
S3150800BF205A6102910390FFE70398019007F00EFC0F
S3150800BF30FFE7029A019800F124010846914203900E
S3150800BF40F2D1FFE70B980CB080BD0990089106E086
S3150800BF50024607980992089103F08AFAFFE70598BE
S3150800BF6002F09CFDFFE70FF0F1FC000080B582B0FF
S3150800BF7001900198009000F005F800980FF0F8FA83
S3150800BF8002B080BD80B582B001900199009142F659
S3150800BF90F440C0F60200083008605A20FCF760F941
S3150800BFA0FFE700980C3003F063FA009802F076FD7C
S3150800BFB0009802B080BD0FF045FB0FF0D9BA00001B
S3150800BFC080B584B0012000210291032213F0AAFE55
S3150800BFD0029B01464AF28030C2F2000003900160DB
S3150800BFE0006819461A4613F045FF0398006808B119
S3150800BFF0FFE70AE044F2FF00C0F6020044F2DA1155
S3150800C000C0F602013022F4F705FB4AF28030C2F28C
S3150800C010000001680020019019B1FFE70120019096
S3150800C020FFE7019801200421002213F07BFE014658
S3150800C03040F23C30C2F200000160006808B1FFE738
S3150800C0400AE044F24810C0F6020044F2DA11C0F6DB
S3150800C05002013422F4F7DEFA40F23C30C2F2000064
S3150800C06001680020009019B1FFE701200090FFE762
S3150800C070009804B080BD000080B540F23C30C2F2A2
S3150800C0800000006840F20801C2F2000100231A46C7
S3150800C09013F0CAFF80BD000080B584B040F23C3082
S3150800C0A0C2F200000290006803A90191002214F070
S3150800C0B0BDF80199029800684FF0FF3214F0B6F8FF
S3150800C0C004B080BD80B54AF28030C2F20000006834
S3150800C0D0002319461A4613F0CDFE80BD80B54AF2F4
S3150800C0E08030C2F2000000684FF0FF3114F048F9C2
S3150800C0F080BD000080B54AF28030C2F200000068B8
S3150800C100002114F03DF980BD80B54AF28030C2F2B4
S3150800C11000000068002114F011F880BD10B5D0E9C0
S3150800C12001349C4288BF10BDBDE8104008F05EBCD3
S3150800C13010B5D0E901349C4288BF10BDBDE8104057
S3150800C14008F06EBC2DE9F04F8BB0CDE906230491BB
S3150800C150044608F0F2FB8246A068002800F0CE806C
S3150800C1606168A646884201D90020C8E0BAF90230BB
S3150800C170DDE90621471E4FF00008CDF814E013FB51
S3150800C180012BBEF8361098B2CA180A9206B2B34204
S3150800C190DDE9063218BF12FB003B0A9A18BF01FAFE
S3150800C1A080F20AEBC701BAF90430BAF90090099689
S3150800C1B0002556460A920891BAF9061098440823AB
S3150800C1C0AF4216D0BC460AEBC5071FFA89F43A896E
S3150800C1D0A24211D17A89083684B2A2420ED1B7F9A1
S3150800C1E00C20B7F90E4008330135674690442144C0
S3150800C1F0E6E7DDF820A003E09A4400E0B246674689
S3150800C20061B3B9F1000F27D4BEF93800814523DAA6
S3150800C210C1EB881170460DF090F91599DDF814E018
S3150800C220484350FA90F00130020A110614D00498D7
S3150800C230D3B20A9A016812B24C69BEF83410009259
S3150800C2400122CDE90123149A49444A440BB25946BE
S3150800C25012B2A047DDF814E009F10109AF424DD04A
S3150800C260BAF900005C46A0EB090BBBF1010F3CDBF9
S3150800C270B9F1000F48BF8346BBF1010F35DB29EA48
S3150800C280E976BEF938100BEB06008842A8BFA1EB89
S3150800C290060BBBF1010F28DB4FEA881170460DF03B
S3150800C2A04CF91599DDF814E0484350FA90F001303E
S3150800C2B0020A110619D004980A9BBEF834E00168F0
S3150800C2C01BB2D1F814C03946D7B20FFA8BF2CDE9B2
S3150800C2D00032149A02970F460EEB06010BB221465E
S3150800C2E0324412B2E047DDF814E0E843BEF83610EF
S3150800C2F0099BA3460744BAF8020047E701200BB09A
S3150800C300BDE8F08F80B508F0BBFB00210187C0E9C6
S3150800C3100C1180BD80B582B0019000F043F8016829
S3150800C320C96B884702B080BD81B0009001B07047E4
S3150800C33082B00190009101990098486002B0704758
S3150800C34081B0009001B0704781B0009001B070478D
S3150800C35081B00090009842F6A851C0F60201083153
S3150800C360016000214160017201B0704780B582B05A
S3150800C37001900198009000F005F800980FF0F8F881
S3150800C38002B080BD81B00090009801B070470000EF
S3150800C3905B495C4A0988128842EA014201680B6CCB
S3150800C3A0002118475C480068704700BF10B504466E
S3150800C3B00020B4F88010A4F8A400A4F8A6108BB244
S3150800C3C082B29A4228BF10BD14FA80F393F88430DB
S3150800C3D043B154F822000168096D8847B4F8A610DD
S3150800C3E0B4F8A4000130A4F8A400E8E7002100226C
S3150800C3F0A0F880108430202A08BF70478154013283
S3150800C400F9E7F8B504460025002100200022B4F813
S3150800C41080309A421DD2A31893F884606EB1AA425E
S3150800C42009D054F82260AFB244F82760661993F829
S3150800C430843086F88430013509E0B4F8A6309A428B
S3150800C44038BF0130B4F8A4309A4298BF013101329E
S3150800C450DDE7B4F8A420511AA4F8A410B4F8A6107D
S3150800C460081AA4F8A60098B28542A8BFF8BD581EB7
S3150800C47081B2204607F026FEB4F88030F3E70000C4
S3150800C48070B5A9B10D4E04460D46706810B1016825
S3150800C49049698847201DFFF7A9FF28687560C168A4
S3150800C4A0284688472068416C2046BDE87040084702
S3150800C4B0064903A06122F4F7ADF800BFC0020020C8
S3150800C4C06E657753637265656E0000002E4A020832
S3150800C4D082B0019000910199009A10685268C1F8DB
S3150800C4E03421C1F8300102B070470000044A054BF8
S3150800C4F0002112881B8843EA0242C0E94C127047A1
S3150800C5000A030020080300200348406810B10268A7
S3150800C510926A1047704700BFC00200202DE9F04F0D
S3150800C52089B00390DFF8240ECDE906120DF1180B39
S3150800C530B0F90020DFF8180EB0F90010584606F0DA
S3150800C54061FDBDF91C00012809DBBDF91E000128A3
S3150800C55005DBDFF8D40D0068C06C022802D109B0EB
S3150800C560BDE8F08F039E06F1AC09B6F8EC50002D35
S3150800C5700DDD013D5846ACB209EBC4010DF061FE74
S3150800C5800028F4D04846214607F068FDEFE70398EF
S3150800C5904FF0000A4FF00008B0F8EC40013C68DBA9
S3150800C5A0A0B2594609EBC00738460DF074FE0028BC
S3150800C5B0F4D0B7F90000BDF91810884202DDBDF8BD
S3150800C5C01A2002E0F9F778FA10DDB7F9023015B249
S3150800C5D09D4208DBBDF81E502A44FD8812B22B4442
S3150800C5E01BB29A4213DD4FF00108D7E7B7F90230BC
S3150800C5F093421EDDBDF81E60FD8816441D4436B202
S3150800C6002DB2AE42E1DC981AADF81E000DE0884264
S3150800C6101EDDBDF81C20BB880A44034412B21BB2B7
S3150800C6209A42E0DC401AADF81C0000B201281DDA77
S3150800C63095E7F8881844111ABDF81E201144ADF87C
S3150800C6401E1009B20129FFF68AAFADF81A000DE0EF
S3150800C650BA881044BDF81C20091A1144ADF81C10FC
S3150800C66009B20129FFF67BAFADF818004FF0010AB1
S3150800C67094E75FEACA707FF48AAF0398B0F8EC4093
S3150800C6805FEAC87000F0DD804FF00008013C58DB17
S3150800C690A5B2594609EBC50738460DF0FCFD00283A
S3150800C6A0F4D0B7F90000BDF91810814202DDBDF8D3
S3150800C6B01A2002E0F9F700FA1CDAB7F9023016B2C6
S3150800C6C09E4214DCBDF81E603244FE8812B2334422
S3150800C6D01BB29A420BDBBDF81C2081420A4412B2F7
S3150800C6E025DD37F8043F03441BB29A4226DA4FF099
S3150800C6F00108CBE7BDF81E3013440FFA83FC3B460E
S3150800C70033F9026FB2420ADDBE463EF8063F3344AD
S3150800C7101BB29C45D1DB901BAEF80000B6E7F98842
S3150800C720A6EB0C00A3F800C00844F880AEE7B98869
S3150800C730801A29F835200844B880A7E7081A3880EF
S3150800C740A4E70398B8F1000FB0F8EC4079D0039E3F
S3150800C750013C74DBA7B2584609EBC70A51460DF0EF
S3150800C76070FD18B14846394607F078FC50465946D8
S3150800C7700DF091FD0028EBD0D04639F93730BDF9D8
S3150800C7801850BDF91AC038F9021F9D4226DD0E461B
S3150800C7908C4500F31781E81A02930FFA80FEBDF85C
S3150800C7A01C00411955460FB235F8041F19440BB23F
S3150800C7B0BB42C0F25681D91B0AB20399B1F8EC10F4
S3150800C7C0062900F28481BAF80600DAF80010039EFA
S3150800C7D02A80AAF80070CEEA00422CE08C45C0F206
S3150800C7E01781BDF81C7052461E4678190FFA80FE4E
S3150800C7F032F8040F184403B2ACEB0100734500F39A
S3150800C80046815246BDF81EE0039E00B232F8065F26
S3150800C8100EEB0C03B6F8EC700D44ED1A2DB2062F8C
S3150800C82000F25B811580BAF80420DAF80010A8F83F
S3150800C830003042EA0042484607F02CFC88E7B6F882
S3150800C840EC40039F002C49DD013CBDF81A20A1B23B
S3150800C85009EBC1035888824213D1DD88BDF81E60F2
S3150800C860AE420ED139F831209888BDF81850831891
S3150800C8709BB29D421BD1ADF81820BDF81C20104470
S3150800C8801CE039F83150BDF81860AE42DAD19D88FF
S3150800C890BDF81C60AE42D5D1DB881D18ADB2AA42E0
S3150800C8A00FD1ADF81A00BDF81E00184410E0BDF807
S3150800C8B01C301D44ADB29542C4D11844ADF81C00D5
S3150800C8C008E0BDF81E502A4492B28242BAD1E8184E
S3150800C8D0ADF81E00484607F0C1FBB3E7B7F8EC0011
S3150800C8E00828C0F029816FF000454FF0FF3800276F
S3150800C8F0411E65DB009189B2841E09EBC102B2F9BB
S3150800C90004100292B2F9062051430191B4F1FF3F97
S3150800C91031DBA0B209EBC001881D621C08BF0BF110
S3150800C9200600B0F900A001F1040008BF0BF10400ED
S3150800C930B0F90060002A0298D0E90003CDE90403A3
S3150800C94008BF594604A806F07BFB0198BDF91410E8
S3150800C950BDF9162051431AFB06000822081A91FB56
S3150800C960F2F1884209DBA84203DA009FA046054691
S3150800C97018B1013CCAE70098BAE7009F1FFA87FA80
S3150800C980039EB4F1FF3F09EBCA0510DDA4B22846A1
S3150800C99009EBC407394606F053FBDDE9060149F8F9
S3150800C9A034007960D5E90001CDE9060103E058466F
S3150800C9B0294606F045FB4846514607F04FFBD4E5A5
S3150800C9C04446DBE73AF8042FBDF81CE018460EEBA0
S3150800C9D005011A4409B212B28A1AACEB06010BB267
S3150800C9E002FB03F8BDF81E2002EB0C031CB25346EB
S3150800C9F033F8027F37443FB2E71B2C1A25B27D4332
S3150800CA00454579DDAAF80040ADF81A6050185AE095
S3150800CA10BDF81C201E465419104601925246751B35
S3150800CA2032F8040F00941844A1EB0C03A0EB040E93
S3150800CA300FFA8EF05843BDF81E300290104630F8B3
S3150800CA40027F03EB0C040F443F1B39B26943029D76
S3150800CA508D4257DD0098A2F800E0AAF80000F81801
S3150800CA6031E03AF8064FBDF81E20FB1A02EB0C011E
S3150800CA703444641A019121B25943A6EB0C0303FB13
S3150800CA800EF38B4244DDA018A5F800E01BE0BDF8C4
S3150800CA901E80741B05B2A3EB0E036C4308EB0C0552
S3150800CAA002942EB2554635F8064F0C4424B2341B70
S3150800CAB01EB27443029EB44230DD1380AAF800E029
S3150800CAC0ADF81A104044039EADF81E004DE5964594
S3150800CAD027DD1044A5F800E02AE0A842C7BF108069
S3150800CAE005EB0E00A8F800301580DCBFADF81A106B
S3150800CAF07044ADF81E0038E5ADF8180019800EEB45
S3150800CB00040015E007800198A8F8004070440FE07B
S3150800CB100199AAF80040A8F8001005E02880D8195D
S3150800CB2006E0AAF800702A8002997044ADF8181039
S3150800CB30039EADF81C0018E5DDE90612484607F025
S3150800CB40A9FA0CE582B001908DF8031002B070477F
S3150800CB502DE9F04F9DB08346B0F9340101280DDB6D
S3150800CB60BBF93601012809DBDBF80000DBE94C12CA
S3150800CB70036C584698470020CBE94C00BBF8EC00FC
S3150800CB8008B1012007E0DFF8A0070068C06C02388A
S3150800CB90B0FA80F04009DFF81C58E968B1B1B5F978
S3150800CBA01410012912DBB5F9161001290EDB05F15F
S3150800CBB0100002F07FFFDBF80000D5E90412036CD1
S3150800CBC0584698470020C5E9040002E0002800F00E
S3150800CBD023830CAD42210BF1AC092846F3F7FBFD84
S3150800CBE0DFF8CC070488BBF8EC00844208D20BEBCC
S3150800CBF0C400D0E92B12284607F04CFA0134F2E7B4
S3150800CC00DFF8AC070BF1EE040588BBF82E01854268
S3150800CC100CD20BEBC500D0F8EE10D0F8F220DBF8FA
S3150800CC200000036C584698470135EEE7DFF8F8062A
S3150800CC3003940068C16C012900F01781022900F0ED
S3150800CC402E81032940F05A81B0F992000690DFF848
S3150800CC50D8050068012840F08080BBF8ECE0BEF1FA
S3150800CC60000F00F0C182DFF848074FF0000C028879
S3150800CC70B9F900001FFA8CF809EBC80107910D1DD8
S3150800CC80013293B2734526D209EBC30739F933400B
S3150800CC90B5F800A0B98821440EB239F838105144C5
S3150800CCA009B28E4204DC0AD0B042D8BF3046E7E764
S3150800CCB0A0B29C4600B28142C8BF0846DAE7079987
S3150800CCC0B7F90650B1F906108D42C8BF9C46A04276
S3150800CCD0D8BF2046CEE7079A59F83810069C5268FE
S3150800CCE00A910B928B1812B29442C8BF0846ADF847
S3150800CCF02800181AADF82C000AA802F079FEBDF92A
S3150800CD002C30012BA9DBBDF92E000128A5DB0699DD
S3150800CD109BB28142B8BF084684B2BDF82A20DFF824
S3150800CD20080600680168D1F89450BDF828100094E8
S3150800CD30A847ADF82E000AAD0446284602F0BAFE0A
S3150800CD40F8F7B2FF07998888001B88807FF485AFBB
S3150800CD504846414607F082F97FE7BBF8EC10002900
S3150800CD6000F04282BBF8AE00BBF8B2204FF0000CD0
S3150800CD701044DFF83C2600B212881FFA8CF809EB3B
S3150800CD80C80A0AF10206013293B28B4222D209EB93
S3150800CD90C305B6F90040B5F90270A74204DB0BD00B
S3150800CDA0B842A8BF3846EEE7E8889C46384400B241
S3150800CDB08442B8BF2046E0E7BAF90460B5F90470C2
S3150800CDC0B742C8BF9C46EB8823441BB29842A8BF0B
S3150800CDD01846D2E75446069934F8063F1AB28A42EC
S3150800CDE003DABAF80200104400B2012AB5DBBAF930
S3150800CDF00460012EB1DB0021BAF90250069FCDE985
S3150800CE000A1139F83810401BADF82A50ADF8281029
S3150800CE10B842A8BF384687B29F4238BF0246DFF8F5
S3150800CE20080592B200680368ADF82C60D3F89470D0
S3150800CE300092AAB2B3B2B847ADF82E00DBF80000EC
S3150800CE40826C58460AA99047BAF80200BDF82E1017
S3150800CE500844AAF802002088401A20807FF47DAF93
S3150800CE604846414607F0FAF877E7DFF8BC0300685A
S3150800CE70012840F0F380DFF83805BBF8EC1002888B
S3150800CE80DFF8CC04008807468A4280F0FB8093B21C
S3150800CE9039F933309F42A8BF1F460132F4E7B0F88C
S3150800CEA08E1090F88D400791B0F890100691F8F71B
S3150800CEB095FD0546DD48B0F800A0DD480788DA4844
S3150800CEC00668002005F0C6FED046012E029708BF68
S3150800CED0B846B8FBF4F1601ED14C00FB01F705918A
S3150800CEE0A8B2874227DD20680168D1F89C200A216C
S3150800CEF090472068F8F772FD0546F1E7C9480688A5
S3150800CF00AC200AAD00EBC607BBF8EC00864280F001
S3150800CF106B815BF807000A900BEB0700406801B2CB
S3150800CF200B90012904DB0014012801DBF8F7BCFE8D
S3150800CF3008370136E8E7002005F0A0FE0298012E22
S3150800CF4008BF5046029000244FF0000A4FEA5810D6
S3150800CF500490CDF804A01FFA8AFAC24500F044816D
S3150800CF60F1480068F8F73AFD0646A8B286424FF03F
S3150800CF70000038BF012004426ED104430020564504
S3150800CF8088BF0120204267D1059B9A19BAFBF3F5A1
S3150800CF90424528BF4246E00708BFF21B691C90B20B
S3150800CFA04B4399B2884228BF1A4692B2A2EB0A09A5
S3150800CFB0079A9145A8BF9146069B1FFA89F29A429D
S3150800CFC011D2524442450ED081420CD3D64D286820
S3150800CFD00168896A884728680168D1F89C200499FD
S3150800CFE090473546B9E7012005F034FECE4800687B
S3150800CFF00168D1F8982029B290478B4801990068B2
S3150800D00001EB090A01280AD10298ADF82C90ADF86F
S3150800D0102E000020ADF82A00A8EB0A0007E00298C7
S3150800D020ADF82E90ADF82A10ADF82C000020ADF81A
S3150800D0302800DBF80000826C58460AA99047BA48CF
S3150800D04000680168D1F89820694209B29047012022
S3150800D05005F014FE35467CE72E21BFE0D449BBF81F
S3150800D060EC004FF000080988814262D28AB209EBC7
S3150800D070C2025388D2881A4412B29045D8BF904645
S3150800D0800131F1E700210124DFF89C82ADF8280080
S3150800D0900DF1280AADF82E10CDF82A10C10801297D
S3150800D0A088BFC40808AE00B2874280F29680A848B6
S3150800D0B00588D8F80000F8F791FC281ABDF828105A
S3150800D0C082B2D8F8000090F8723090F88C502B4352
S3150800D0D00DD10DB22D1B954209DA974207DA016880
S3150800D0E0D1F8A42001219047BDF82800DBE7974234
S3150800D0F0C8BF3A46002B18BF3A4690B20A90881A1B
S3150800D10092490988C0EA01400B90A9480588BBF8EE
S3150800D110EC008542E8D2F8F79CFDBDF92400012809
S3150800D12005DBBDF92600012801DBF8F7EAFD013524
S3150800D130EDE786480127864C0DF1280A018800206C
S3150800D140CDE90A00CA08012A88BFCF0808AE00B28E
S3150800D150804542DD744D2868F8F740FCBDF82A1072
S3150800D160BDF82E200A44296891F8723091F88C503F
S3150800D1702B4311D107FA82F585420DDD80450BDD7B
S3150800D1800868D0F8A420084601219047BDF82A006F
S3150800D190BDF82E100844DAE711040A918045B8BF95
S3150800D1A04046002B18BF40462188801A41EA0040B5
S3150800D1B00B907F480588BBF8EC008542E6D2F8F765
S3150800D1C048FDBDF92400012805DBBDF92600012824
S3150800D1D001DBF8F796FD0135EDE7092152480068AD
S3150800D1E0026852F821108847124800780CAD039E51
S3150800D1F090B10020ABF82E016D480488BDF8700088
S3150800D200844209D205EBC40055F83410426830460A
S3150800D21006F040FF0134F1E71DB0BDE8F08F00BF0E
S3150800D2209CB400200C000020100300200A030020F4
S3150800D23008030020040300205E48406810B1026815
S3150800D240D2691047704700BFB0B55A4D0446A86862
S3150800D25088B1017AE1B194F8381161B9696821B1E8
S3150800D2600868026908469047A8680168C968884737
S3150800D270012084F8380104342046FFF797F8204641
S3150800D280FFF7BFF8686810B10168496A05E0B0BDE4
S3150800D290002184F8381101688968BDE8B04008475C
S3150800D2A00021A0F8EC1070474248406810B10268A7
S3150800D2B092691047704700BF3E48406810B102683F
S3150800D2C0126A1047704700BF81B0009001B07047DE
S3150800D2D080B582B0019001980430FFF787F802B054
S3150800D2E080BD7047B0B519480C46B0F900201848FB
S3150800D2F0B0F90010204605F085FE2E4D686888B105
S3150800D30001688A6821469047E86818B101688A6802
S3150800D31021469047044800680168CA692146BDE865
S3150800D320B0401047B0BD00BF9CB40020E0B5002156
S3150800D330009106490988ADF8061005490988ADF82F
S3150800D340041001688A6C694690478CBD0A03002060
S3150800D35008030020B0B50446124840F235112546A8
S3150800D360083001C52846F3F736FA0F480F49F4F78F
S3150800D370A5FC18B10E480021018009E00D480221DC
S3150800D38041600B484FF480610180022006F00EFDD3
S3150800D39008480021C0E9001181602846FFF726F8F1
S3150800D3A02046B0BDCC2D0208C2A507F4CDB5E8B518
S3150800D3B00C000020C00200200EF0DAB880B582B05A
S3150800D3C001900198009001F0BFFD009802B080BD61
S3150800D3D001490860704700BF6CB40020B0B5002949
S3150800D3E017DD002805D4B0FBF1F4146004FB110026
S3150800D3F00DE04042B0FBF1F404FB110065421560F4
S3150800D400186028B11068013810601868081A186082
S3150800D410B0BD02A005A1F722F3F7FCF864656E6FAC
S3150800D4206D696E61746F72203E2030002E2E2F2E8D
S3150800D4302E2F2E2E2F2E2E2F6672616D65776F7208
S3150800D4406B2F696E636C7564655C746F756368676A
S3150800D45066782F546578747572654D617054797065
S3150800D46065732E687070000082B001900091019972
S3150800D4700098886202B0704780F82610704700004E
S3150800D48010B5044604302221F3F7A5F90020A0625E
S3150800D4900448083020604FF60170A4F8250020469D
S3150800D4A010BD00BF202E0208FEDE000080B582B047
S3150800D4B001900198009006F04DFE009802B080BDDC
S3150800D4C02DE9FE43054600F1380490F85D0018B1D1
S3150800D4D02068416920468847286B03285ED8DFE81C
S3150800D4E000F00216254595F8346028460CF051F9E7
S3150800D4F0F8F786FA074628460CF044F9502147A261
S3150800D500002818BF4121CDE9007141A03DE095F8FA
S3150800D510347028460CF049F9064628460CF048F9B6
S3150800D520009036A037A2002F33461AE095F83490BB
S3150800D53028460CF02EF9F8F763FA074628460CF049
S3150800D5403AF9064628460CF01DF9502126A243460C
S3150800D550002818BF41211FA0CDE900760291B9F134
S3150800D560000F08BF024605F1880014E095F83460FC
S3150800D57028460CF01AF9F8F743FA074628460CF03D
S3150800D5801AF9CDE900700BA00EA2002E08BF0246BC
S3150800D59005F1880043460C2107F088FC95F85D00E4
S3150800D5A030B120684169204603B0BDE8F04308471A
S3150800D5B0BDE8FE8325643A253032643A2530326464
S3150800D5C000000000253032643A253032643A2530AE
S3150800D5D03264000025643A253032643A25303264D4
S3150800D5E02025634D00000000253032643A2530328C
S3150800D5F0643A253032642025634D000025643A25B7
S3150800D60030326400253032643A2530326400000036
S3150800D61025643A253032642025634D00253032646E
S3150800D6203A253032642025634D00000070B5044663
S3150800D6300C480D46B4F864100088814228BF70BDB6
S3150800D640B4F9046004F160000DF0C4FD0168096BCB
S3150800D6508847281A314602B22068836D2046BDE8FD
S3150800D66070401847ACB4002070B5054600F1380480
S3150800D67090F85D000E4618B1206841692046884733
S3150800D680204631460AF095FB95F85D0028B12068DA
S3150800D69041692046BDE87040084770BD82B00190D8
S3150800D6A0009101990098086302B0704780F8341019
S3150800D6B0704780F86E107047816690F85D1019B152
S3150800D6C050F8381F4969084770471FB50446A0F83F
S3150800D6D04010018154F8380FD0F8842001A821465B
S3150800D6E0904701AAF8F7F3B91FB50446A0F8421007
S3150800D6F0418154F8380FD0F8842001A82146904774
S3150800D70001AAF8F7E4B90000F8B5044601F0C6F82E
S3150800D710002604F1380580F83460032020630A489F
S3150800D72008302060284602F0FBF92746002100222F
S3150800D73027F8886F07F030FF20462946C4F884701A
S3150800D7400AF0BEFD2046F8BD982E02080DF010BF5F
S3150800D75080B582B0019001980090383002F0FEF949
S3150800D760009801F0B3F8009802B080BD81B000902F
S3150800D770009801B070470DF0FBBE000081B0009024
S3150800D78000990120087201B07047000080B582B088
S3150800D790019001980090FEF7DBFD009842F66C7147
S3150800D7A0C0F602010831016002B080BD80B582B0C2
S3150800D7B001900198009000F005F800980DF0D8FE49
S3150800D7C002B080BD80B582B0019001980090FEF746
S3150800D7D0D9FD009802B080BD1CB5144604AACDE94F
S3150800D7E00032234600F001F81CBD10B50024C0E93C
S3150800D7F000141168816051680487047644610474D2
S3150800D800C1600299A0F840400484C0E91131BDE81E
S3150800D810104000F071BF70B50446A1F5C0601D4602
S3150800D820000A022805D82A682046002300F096FE3A
S3150800D83009E022F07F00B0F5606F15D104992A68D7
S3150800D840204600F01FFA06462E604EB1717BB07A6C
S3150800D85001F0800140EA4100B0FA80F0400900E09A
S3150800D860002084F8610070BD40F6021029688242E3
S3150800D8700FD194F8610060B169B104F14C060E222B
S3150800D8803046F2F707FF94F85200404284F85500F4
S3150800D890DAE70E46D9E70026D6E780B5223000F04B
S3150800D8A00FF9B0FA80F0400980BDB0B504462230C1
S3150800D8B000F020F90546204600F0A4FA04F11A0003
S3150800D8C0294600F095F92846B0BD2DE9F84F984647
S3150800D8D016460F46824601EB420900F11A04002556
S3150800D8E0A8B2B0420CD2E843B7F800B0304481B2CF
S3150800D8F0204600F08DF9834519D101350237EFE747
S3150800D9000A98002700EB08060AF12208B9B2002592
S3150800D9108E4298BF01250BD9B9F80040404600F061
S3150800D9209BF8844204D1013709F10209EEE7002584
S3150800D9302846BDE8F88F2DE9F84F90460E468146F1
S3150800D94036F8025B2F0B36F817A0C2451FD1C5F370
S3150800D9500324C5F3031B484631463A462346CDF809
S3150800D96000B0FFF7B2FF05F00F0240B906EB47001B
S3150800D97000EB440000EB4B0000EB4206E0E7E01941
S3150800D9802146584406EB4003484600F008FFAAEB38
S3150800D9900800B0FA80F04009BDE8F88F82B001901F
S3150800D9A0ADF802100199BDF802008A8A21F8120022
S3150800D9B002B0704786B00590ADF81210059803902E
S3150800D9C0C08A022801DBFFE70BE044F28B00C0F6B1
S3150800D9D0020044F2A201C0F602014FF48E72F2F779
S3150800D9E019FE0398818A0131ADF81010BDF812109E
S3150800D9F001910290BDF81000092804D8FFE7BDF888
S3150800DA001000009002E000200090FFE701980299BC
S3150800DA10009A21F8120006B070470000C28A0A442C
S3150800DA200B2A07D2C282828A8A4238BF0A32511A20
S3150800DA30818270476D488D49F022F2F7EBFD00BFF1
S3150800DA40C18A21B10139C18289B200F005B8864878
S3150800DA508649EA22F2F7DEFD86B00590ADF8121087
S3150800DA6005990391BDF81200C98A884201DAFFE7D1
S3150800DA700AE044F29400C0F6020044F2A201C0F69D
S3150800DA800201CB22F2F7C6FD0398BDF81220818A5F
S3150800DA901144ADF810100290BDF81000092804D8FA
S3150800DAA0FFE7BDF81000019004E0BDF810000A3841
S3150800DAB00190FFE70298019930F8110006B0704707
S3150800DAC082B0019001980090C08A012801DBFFE727
S3150800DAD00AE044F28200C0F6020044F2A201C0F64F
S3150800DAE00201C522F2F796FD0098818A30F81100E6
S3150800DAF002B0704710B5C28A6AB1838A013A30F813
S3150800DB001310C2825A1C94B2092C88BFA3F10902C9
S3150800DB108282084610BD54485449DD22F2F77AFD40
S3150800DB200A46C18A0A2903D24B1CC38200F02EB8C2
S3150800DB304E4902A040F21112F2F76CFD7573656446
S3150800DB40203C2073697A6500C28A8A4209D3521A30
S3150800DB50C282828A11448AB2092A88BF0A39818216
S3150800DB607047424901A0D222F2F754FD75736564E5
S3150800DB70203E3D206E756D00B0B50C460121054668
S3150800DB80FFF74CFFA88A25F81040B0BD10B5C38A28
S3150800DB908B420BD9838A19446FF009038CB20A2C7D
S3150800DBA028BF13FA81F420F8142010BD2F4902A0CB
S3150800DBB040F22312F2F72EFD75736564203E206F3E
S3150800DBC06666736574000000C2880A44032A07D291
S3150800DBD0C28082888A4238BF0232511A81807047D1
S3150800DBE002482249F022F2F715FD00BF89500208C3
S3150800DBF0C288012A9CBF0132C2808288531E002A2D
S3150800DC0008BF01239AB2838020F8121070470000DB
S3150800DC10C2888A420BD9828811446FF001028BB2FE
S3150800DC20022B28BF12FA81F330F813007047024816
S3150800DC300E49CB22F2F7EEFC9440020810B5C288D2
S3150800DC4062B18388013A30F81310C2805A1C94B224
S3150800DC50012C88BF5A1E8280084610BD0248034917
S3150800DC60DD22F2F7D7FC00BF824002089C5002086A
S3150800DC70B0B50C4601210546FFF7A6FFA88825F88A
S3150800DC801040B0BD2DE9F047044682B38A46517B61
S3150800DC90D0799688174601F0100140EA0118A6F6D1
S3150800DCA01B604FEAD8091F2827D80121814011F0A7
S3150800DCB0F25F26D111F0150F4DD1012101FA00F0BE
S3150800DCC0400F1AD0F7F7DAFEB4F85C1009EB080033
S3150800DCD0081AA4F85C00A1EB0900602184F8540036
S3150800DCE001EAD00094F8591001F09F012FE00025B1
S3150800DCF0A4F85E50C4F85A507FE0A6F64760082894
S3150800DD0045D2F7F7BBFE04F12200FFF7D9FE40F62D
S3150800DD103361884204D1F8F7C9F80DF09EF901E09D
S3150800DD20B4F85A0009EB080194F85E3094F85920C3
S3150800DD30084494F8551084F85400A4F85A00C91AEF
S3150800DD4084F85510602101EAD00002F09F010844CA
S3150800DD5084F8590051E0F7F791FEDAF80000C26836
S3150800DD60701E81B250469047002808BF28460DF01D
S3150800DD7074F994F85910A4F85A0094F8560001F06A
S3150800DD80800140EA4100810801EB50102FE0384637
S3150800DD900DF063F9A4F85A00A6F6096100201029C7
S3150800DDA024D8012202FA01F1154A11421ED0F7F7CA
S3150800DDB065FE701E40F613618E4208BF40F60C6081
S3150800DDC081B294F8566094F85970F8F76FF80028FD
S3150800DDD008BF2846817A407B00F0800041EA40006F
S3150800DDE007F0800146EA4101081A00E03D46A4F81A
S3150800DDF05E00F7F7F8FFF7F79AFF2846BDE8F087C1
S3150800DE000104010070B5044600F1220500F13A0646
S3150800DE10B4F8400050B1208F0A2807D03046FFF7E3
S3150800DE200DFF01462846FFF77BFEF1E7208F0A28FB
S3150800DE3008BF70BD204600F06BFC01462846FFF778
S3150800DE406FFEF3E780B586B005908DF81310059838
S3150800DE50039000F1220102919DF8131000F094F846
S3150800DE6001460298FFF79AFD0398406C18B3FFE73E
S3150800DE7003982230FFF724FEE8B1FFE7039800F085
S3150800DE8063F8039822300121FFF7E6FD40F63F11BB
S3150800DE9088420FD1FFE7039822300190FFF710FE62
S3150800DEA001460198FFF786FD019840F63F11FFF7F6
S3150800DEB075FDFFE7FFE70398FFF7F7FC06B080BD9F
S3150800DEC02DE9FC41064622301C4615460F46FFF74B
S3150800DED0F7FDF7F7CDFF074668B128683946C268E7
S3150800DEE0284690472060304641463A4623460095E4
S3150800DEF0FFF791FC01E0002020603846BDE8FC8170
S3150800DF002DE9F84306462230994615460F46FFF78F
S3150800DF10D7FDF7F7ADFF074680B12868DDE9082386
S3150800DF20394684682846A047C9F800003046414665
S3150800DF303A464B460095FFF76EFC02E00020C9F80A
S3150800DF4000003846BDE8F8832DE9F843466C0446D8
S3150800DF5000F122080B2770884FEA5009013F11D0BB
S3150800DF604046FFF7ADFD49463246034605460BF0E7
S3150800DF70E5FB38B106EB400120462A46FFF7DBFCF5
S3150800DF800028EBD1BDE8F8832DE9FE4F00F1220504
S3150800DF9082460F462846FFF793FDE8B10446012F4F
S3150800DFA01CD17F2C1AD8282C00F08680292C00F04A
S3150800DFB085803C2C00F084807D2C00F083805B2CCF
S3150800DFC000F082805D2C00F081807B2C00F0808040
S3150800DFD03E2C03D13C24BEE20024BCE228460121A3
S3150800DFE0FFF73AFD074628460221FFF735FD814629
S3150800DFF040F25160874230D1A4F24B6080B21528B6
S3150800E0001ED344F0040040F27461884218D0A4F28A
S3150800E010D66080B2072813D3A4F2DF6080B2062840
S3150800E0200ED3A4F2E76080B2022809D3A4F2EA600C
S3150800E03080B2042804D3A4F6E40080B21A280CD8C7
S3150800E040BAF8360040F2516125F8101028462146E4
S3150800E050FFF7B0FC40F251647DE2A4F2226080B280
S3150800E06019280CD3A4F5C86080B20B2807D3A4F2EC
S3150800E070716080B2632802D3202C40F06C82F7F7D7
S3150800E0807DFE804628460421FFF7E6FCA0F22261C1
S3150800E090192907D3A0F5C8610B2903D3A0F271602B
S3150800E0A0632817D2202C45D1A7F22C604FF0010B1C
S3150800E0B080B225284AD987E029244CE228244AE256
S3150800E0C03E2448E27B2446E25D2444E25B2442E2A5
S3150800E0D07D2440E2A9F2276080B22328E2D8A4F280
S3150800E0E0276080B22128DDD8A8F22F6080B21828D0
S3150800E0F0D8D8DAF84800E8B1038BDBB14FF4617180
S3150800E1001922614309FB021144F21A124144891A81
S3150800E1100268504689B20BF0D4FA58B18046408856
S3150800E120B84207D128460321FFF70EFD0120B8F8AB
S3150800E13000405DE1A7F22C604FF0000B80B2252865
S3150800E14042D8A4F5C56080B223283DD2A9F22C6036
S3150800E15080B2262806D340F2D260814502D0B9F5AE
S3150800E160CE6F31D140F2D26109F53D70894508BFBD
S3150800E17040F647104FF4BE61B9F5CE6F08BF40F6BA
S3150800E1807270614301F5E541BBF1000F1CBF4CF607
S3150800E190D071CFF6FF71DAF84820AAB1538B9BB13C
S3150800E1A007EB8706526800EBC600084481B2504662
S3150800E1B00BF087FA40B18046F7F7E0FD01204FF0F3
S3150800E1C0020B0026C14659E1A7F24B6080B215281A
S3150800E1D006D347F0040040F27461884240F0138188
S3150800E1E0F7F7CCFD3E46BBF1000FA9F2226103D03A
S3150800E1F089B2B32908D911E0A4F2266292B2242A78
S3150800E2000CD889B2B42909D240F22761884240F075
S3150800E210F28040F24460814540F0ED800020029093
S3150800E2204FF0000B4FF00009002E584601960BF1EF
S3150800E230010840F2746618BF4046471CB9B2284622
S3150800E240FFF70AFCA0F24B61142903D940F0040138
S3150800E250B14201D10137F1E7A0F2D6610729F9D316
S3150800E260A0F2DF610629F5D3A0F2E7610229F1D30E
S3150800E270A0F2EA610429EDD3A0F6E4011B29E9D34B
S3150800E280A0F222615E46192903D3A0F5C8610B29BD
S3150800E29001D2012005E0A0F271610020632938BF90
S3150800E2A001209AF8601080F00107B9F1000FB1FA61
S3150800E2B081F14FEA511B60F3410B00F08A8039F86F
S3150800E2C01B00002818BF0120029981F001010843AC
S3150800E2D040F009810097CDF8089040F27467B1467E
S3150800E2E04846C14681B22846FFF7B6FB0146A0F26A
S3150800E2F04B6080B2152803D341F00400B84202D11E
S3150800E30009F10108ECE7A1F2D66080B20728F7D335
S3150800E310A1F2DF6080B20628F2D3A1F2E76080B2EC
S3150800E3200228EDD3A1F2EA6080B20428E8D3A1F668
S3150800E330E40080B21A28E3D950460BF0DAF9804691
S3150800E34040F274671FFA89F12846FFF785FB0146F4
S3150800E350A0F24B6080B2152803D341F00400B842FE
S3150800E36002D109F10109EDE7A1F2D66080B20728CA
S3150800E370F7D3A1F2DF6080B20628F2D3A1F2E760F4
S3150800E38080B20228EDD3A1F2EA6080B20428E8D36D
S3150800E390A1F6E40080B21A28E3D950460BF0A9F991
S3150800E3A0DDF80890B8F1000F18BF002868D1BBF156
S3150800E3B0030F6ED0BBF1020F73D140F24460844262
S3150800E3C06FD1B9F8000000286BD04FF0000B012779
S3150800E3D0B1E0504621460BF08CF98146002840F002
S3150800E3E08280B4F5C86F40F0B68000204FF4C86448
S3150800E3F08AF86000AFE040F24F60864225D10020DF
S3150800E40040F24F660BE7A7F2D66080B20728FFF402
S3150800E410E7AEA7F2DF6080B20628FFF4E1AEA7F206
S3150800E420E76080B20228FFF4DBAEA7F2EA6080B2AA
S3150800E4300428FFF4D5AEA7F6E40080B21A287FF6C2
S3150800E440CFAE48460026B946CDE6DAF84800002899
S3150800E4503FF4E4AE838B002B3FF4E0AE5FFA89F11C
S3150800E4608268504641EA042189B20BF02AF900284D
S3150800E4703FF4D4AE814601204FF0010B0290D3E65B
S3150800E480B8F80610002992D0418851B9C08840B919
S3150800E4908DE740F24460844203D1B9F802000028AF
S3150800E4A034D1504621460BF024F907462846012167
S3150800E4B0FFF7D2FAB7B1A0F2D4619AF86000B0FAC1
S3150800E4C080F0400911F1B20F28BF023037F810204A
S3150800E4D04FF0000138BF012122B1B9468346002614
S3150800E4E00F4600E0009FBBF1030F24D8DFE80BF0CE
S3150800E4F0160F0208B9F8040078B14FF0020B1AE0BB
S3150800E500B9F8060010B14FF0030B14E00127B9F86B
S3150800E510020018B14FF0010B0DE00127B9F8000011
S3150800E52010B14FF0000B06E0B9F802B0BBF1000FCE
S3150800E53018BF4FF0010B39F81B0060B12846314669
S3150800E5408AF86070FFF700FB019911B12846FFF7BA
S3150800E55031FA39F81B402046BDE8FE8F2DE9F04117
S3150800E5600446EAB1517BD0790127154601F010011E
S3150800E57040EA0118B8F1040F88BF4FEA9807908857
S3150800E580A0F5C2614F2915D9A0F6E4011A2900F2AF
S3150800E5903B80012088405749084240F03F8063E0AD
S3150800E5A04FF400400026A4F85E004FF08020C4F81F
S3150800E5B05A007BE0DFE801F0323232323232323250
S3150800E5C032325884848484848484848484848484CD
S3150800E5D084848484848484848484848484848484ED
S3150800E5E084848484848484848484848484848484DD
S3150800E5F0848484323258323258323232325858325F
S3150800E6003232323258323258A0F2D661172950D8EF
S3150800E610012202FA01F1354A114222D0B4F85A70A1
S3150800E620B7F5004F07D1F7F700FC04D1F7F7DBFB86
S3150800E630A4F85A0022E0F7F750FBB4F85E00B0F5EC
S3150800E640004F01D0F7F71EFBB7F5004F03D007EBD5
S3150800E6500800F7F76BFA30460CF0FFFCA4F85A00EE
S3150800E66022E0234A114224D0B4F85A00B0F5004FEC
S3150800E67008D1F7F7DAFB05D1F7F7B5FBF7F757FB3C
S3150800E6802E4613E0F7F729FBB4F85E00B0F5004F05
S3150800E69001D0F7F7F7FAF7F7C8FB02D0C01BF7F770
S3150800E6A045FA30460CF0D9FCF7F741FB3046BDE891
S3150800E6B0F08140F274618842B0D0B0F5CE6FADD02B
S3150800E6C0F7F791FB697BA4F85A00F7F730FBA879AE
S3150800E6D001F00801890141EA40000521B0FBF1F08B
S3150800E6E095F909100844A4F85E00C9E73F5E66007C
S3150800E6F000209000DBB19B0780B582B0019001989D
S3150800E7000090FFF77FFB009800F045F802B080BD47
S3150800E7102DE9F04184460246077C017E05680026FD
S3150800E7205CF8144F52F8043F13B95DB32B461560D5
S3150800E73019B10CB1218839BB0676198802291FD16F
S3150800E74002330021012F1360EED800EB870107F191
S3150800E750010E0024D1F808807746002180F810E0E1
S3150800E760B8F1000FC0F81480DED0B8F8004077463C
S3150800E770002C4446D8D00121774644460176D3E793
S3150800E78021B905E0002103E023466246981C106083
S3150800E7900846BDE8F081012180F8601070472DE930
S3150800E7A0F84F984614468A4681468A4200F1220660
S3150800E7B011D9A4EB0A0009F13A0B002785B2B8B2C1
S3150800E7C0A84208D23046FFF73BF901465846FFF7FC
S3150800E7D04FFA0137F3E730465146FFF7B5F9A8F186
S3150800E7E0020534B135F814103046FFF7C5F9013C77
S3150800E7F0F7E74846BDE8F84FFFF704BB10B50446EF
S3150800E800002002212174C4F83E00C4F83600C4F87A
S3150800E8101E0020766061C4E9000004F144001C2152
S3150800E820F1F7D9FF0120A4F860002046FFF764FF3E
S3150800E830204610BD10B50C24B1FBF4F404EB4404D7
S3150800E840A1EB8401029C002C08BF0C310468D4F8A3
S3150800E85088C0BDE810406047B0B53C24B3FBF4F56A
S3150800E860C5EB0515A3EB850380F82E30B2FBF4F350
S3150800E870C3EB0313A2EB830280F82D201822B1FB09
S3150800E880F2F202EB4202A1EBC20180F82C100168F9
S3150800E890D1F89010BDE8B0400847000010B504460E
S3150800E8A004302121F1F797FF00200121A06284F8A6
S3150800E8B02E00A085034884F82510083020602046DD
S3150800E8C010BD00BF902F0208FEDE000080B582B0A2
S3150800E8D001900198009009F0B7FD009802B080BD3C
S3150800E8E070B50D460446606801684968884700287F
S3150800E8F0F9D10D4E30680168D1F880108847FDF7C8
S3150800E900F9FB3068012101F039FC606801688A6802
S3150800E910294690472068C16A2046884730680168BA
S3150800E920C96FBDE8704008479CB4002000207047B6
S3150800E93070477047704701680969084780B5F7F757
S3150800E94063F880BD10B50446F7F75EF838B9207A43
S3150800E95028B16068016849698847002020726068A4
S3150800E96001680968884718B1BDE81040FDF7CCBBB7
S3150800E9702068416A2046BDE81040084780B5FDF783
S3150800E980ADFBBDE88040FDF79DBB704780B582B002
S3150800E990019001980168496C884702B080BD10B59E
S3150800E9A00446F7F731F848B9207A617A31B128B9BF
S3150800E9B02068416A2046BDE81040084710BD00009F
S3150800E9C0B0B50446012020726068016889698847E5
S3150800E9D005460068411E072912D920281BD0402861
S3150800E9E019D0802817D0B0F5807F14D0B0F5007FF5
S3150800E9F011D0B0F5806F0ED0B0F5006F11D005E0DC
S3150800EA00DFE801F0090F04140404041719490EA0DD
S3150800EA108B22F1F7FFFD2068C16B204688470C2042
S3150800EA200AE02068C16B2046884704E0F7F754F8E7
S3150800EA30F5E7F7F751F80D20216851F82020204610
S3150800EA402946BDE8B040104766616C7365202626E6
S3150800EA502022444D413A3A657865637574652829DC
S3150800EA6020696E76616C696420426C69744F702205
S3150800EA7000000000764C020882B0019000910198CF
S3150800EA8043F22C01C0F60201083101600099416089
S3150800EA9000210172417202B07047FEDE81B000901B
S3150800EAA0009801B0704700002DE9F04F91B01F465D
S3150800EAB09046894682462698259824982399229A2C
S3150800EAC0219A209A1F9BDDF878C0DDF874E01C9C1B
S3150800EAD01B9D1A9ECDF840A0CDF83C90ADF83A8023
S3150800EAE0ADF83870ADF836608DF835508DF834408D
S3150800EAF08DF833E08DF832C08DF831308DF830203E
S3150800EB00ADF82E10ADF82C0010980A900F99BDF8A4
S3150800EB103A20BDF83830BDF836C09DF835409DF826
S3150800EB2034509DF833609DF832709DF831809DF819
S3150800EB303090BDF82EA0BDF82CB0EE46CEF820B029
S3150800EB40CEF81CA0CEF81890CEF81480CEF8107027
S3150800EB50CEF80C60CEF80850CEF80440CEF800C0C7
S3150800EB6009F03AFA0A9843F27C01C0F60201083124
S3150800EB7001602199C161229901622599416226990C
S3150800EB80816211B0BDE8F08F80B582B0019001981E
S3150800EB90009000F005F800980CF0EAFC02B080BD81
S3150800EBA080B582B001900198009009F037FA009874
S3150800EBB002B080BD80B586B0059104900498019096
S3150800EBC0083005990391039900F054FE0198C0682E
S3150800EBD00290029807F036F80199088206B080BDBF
S3150800EBE080B586B0059104900498019000F0C2FEA5
S3150800EBF00198083000F046FEFFE7019843F2E40169
S3150800EC00C0F6020101F1080202602C31816006B0EB
S3150800EC1080BD024601980392029100F0DFFEFFE7ED
S3150800EC200CF094FE0CF0A4BC80B582B0019001985B
S3150800EC300090083000F044FE009800F0CFFE0098DF
S3150800EC4002B080BDC06A7047C162704780B504F0E3
S3150800EC5001FB0121C16202490831016080BD00BF84
S3150800EC601C3102080CF084BC80B582B00190019872
S3150800EC70009004F00BFB009802B080BD80B582B00E
S3150800EC800190019800F002F802B080BD80B582B00C
S3150800EC90019001980090D0F8400198B1FFE70098DC
S3150800ECA0D0F840010168C968884758B1FFE700985D
S3150800ECB0D0F8400101688968884700990020C1F8A2
S3150800ECC04001FFE702B080BD80B582B0019001988F
S3150800ECD00090FEF73FFB009843F29011C0F6020140
S3150800ECE0083101600021C0F83C11C0F8401140F21B
S3150800ECF0C021C2F20001086002B080BD80B582B0B2
S3150800ED0001900198009000F005F800980CF030FC8E
S3150800ED1002B080BD80B582B0019001980090FEF7E0
S3150800ED204DFB009802B080BD80B58EB0DDF840C0BE
S3150800ED300D900C910B920A930B9880680168096AEA
S3150800ED40884741F64451884201D3FFE70AE043F673
S3150800ED50E860C0F6020043F67671C0F60201A32207
S3150800ED60F1F758FC0B9840680168096A884710282B
S3150800ED7001D3FFE70AE043F64560C0F6020043F612
S3150800ED807671C0F60201A422F1F744FC0B98C0681C
S3150800ED900168096A88470C2801D3FFE70AE043F6A9
S3150800EDA0A250C0F6020043F67671C0F60201A5220B
S3150800EDB0F1F730FC0D980C990A9A09F06DFD0B983D
S3150800EDC0C0680021029100F03BFA0090FEF7DEFCD5
S3150800EDD00098029909900B98806800F015FA01903E
S3150800EDE0FAF77CF80198029908900B98406800F0A9
S3150800EDF019FA03900899FCF763F9029803990791A1
S3150800EE0009990A9A116007990C9A116008990D9A3E
S3150800EE1011601099049107990591069021B1FFE7B1
S3150800EE20059804300690FFE704980699FCF706FC57
S3150800EE30079804301099FAF711FC0898079904F016
S3150800EE4099F908980799099A09F06EFD07980EB07E
S3150800EE5080BD000080B582B0019001F01DFD0168FB
S3150800EE60096B88470199401AB0FA80F040098DF875
S3150800EE70030000F08FFF01F09FF8A0B1FFE700F054
S3150800EE8089FF01F099F80168096B88470199401ACA
S3150800EE90B0FA80F041099DF80300084300F001002C
S3150800EEA08DF80300FFE79DF8030000F0010002B0AB
S3150800EEB080BD000081B00090009843F2E411C0F6CE
S3150800EEC00201083101600021818001B0704700000D
S3150800EED081B00090FEDE000081B00090009801B07D
S3150800EEE07047000081B00090009843F20421C0F6F4
S3150800EEF002010831016001B07047000081B000903E
S3150800EF00FEDE000081B00090009801B07047000056
S3150800EF1082B001900091019802B0704781B00090CC
S3150800EF20009843F21C21C0F602010831016001B0C5
S3150800EF307047000081B00090FEDE000081B00090AE
S3150800EF40009801B07047000081B00090009801B0A9
S3150800EF50704700002DE9FE4F1D4CD0E9006582463A
S3150800EF60A76987B30220A268E169DFF868903B4683
S3150800EF7097FBF0FB20685A44029202AA0092904638
S3150800EF803246C84701906068216A2A463B46CDF852
S3150800EF900080C8476269C8468146E068616A3B46A0
S3150800EFA05A44029202AA00923246C0478346206912
S3150800EFB0A16A02AA3B460092019A09EB02062A4672
S3150800EFC0C04700EB0B05CAE90065BDE8FE8F00BF28
S3150800EFD070B4002019F00008E0B101460020B1F530
S3150800EFE0803F38BF012038BF09040001B1F1807F96
S3150800EFF03CBF08300902B1F1805F3CBF043009010B
S3150800F000B1F1804F3CBF02308900B1F1FF3FC8BF64
S3150800F01001307047202070472DE9FE4FDDF830900B
S3150800F0209A46154688460646002A934601D5C5F1EE
S3150800F030000BD9F800705846FFF7CEFF034602A822
S3150800F040BAF1000F5446019048BFCAF10004002ED9
S3150800F050009448BF7F423046002D48BF7F42002EAD
S3150800F06000D5704241465A4600F02FF802994FF0F3
S3150800F070FF33394491FBF4F202FB141110440122C8
S3150800F080002EC9F8001048BF4FF0FF32002D48BFC8
S3150800F0905242BAF1FF3FC8BF01239A4218BF404205
S3150800F0A0002A04D4B1F1FF3F09DDBDE8FE8F4A42CC
S3150800F0B0B1F1FF3FC9F80020F7DC111B00E021443D
S3150800F0C00138C9F80010BDE8FE8F2DE9FE4FDDE9CD
S3150800F0D00CA71C460D46A0B19AB11F2D98BF202C2F
S3150800F0E00FD206468DB91046002C254632464FF0FB
S3150800F0F00004F0D14FF0FF3038606FF00040BDE8F3
S3150800F100FE8F00203860BDE8FE8F32FA05F830D051
S3150800F1104FF0FF30A84022EA00094846FFF75CFF97
S3150800F1200146484632462B46CDE900A7FFF7CDFFF4
S3150800F130814606FA05F0B0FBFAFB0BFB1A063046C9
S3150800F140FFF74AFF034602A861193246CDE900A037
S3150800F1504046FFF7BAFF3968029A1144B1FBFAF242
S3150800F16002FB1A1139600BFB089108441044BDE8EC
S3150800F170FE8F02FB06F1B1FBFAF000FB1A113960AB
S3150800F180BDE8FE8F80B586B000F004FE01F0C2F837
S3150800F190059005980168896988470598016889680E
S3150800F1A08847C8B1FFE703A8019003F0A5FF0199B6
S3150800F1B005980268D268904702900298BDF80C102C
S3150800F1C0BDF80E20BDF81030BDF812C0EE46CEF8D8
S3150800F1D000C00FF0FBFDFFE706B080BD70B5054621
S3150800F1E000680C461646016A28468847B04206D388
S3150800F1F028682146426A2846BDE8704010475148AB
S3150800F2004F493922F1F706FA80B582B00190ADF878
S3150800F21002100198BDF802100268526A904702B0BF
S3150800F22080BD000080B582B00190ADF8021001984B
S3150800F230BDF802100268526A904702B080BD00000D
S3150800F24080B582B00190ADF802100198BDF80210A1
S3150800F2500268526A904702B080BD002181807047DB
S3150800F26070B5044600680D460021426A204690475C
S3150800F270281A86B22068016A20468847B6FBF0F647
S3150800F280A088864211D220680021426A204690470B
S3150800F290281A85B22068016A20468847B5FBF0F12E
S3150800F2A001FB105030B9304670BD254904A01D2217
S3150800F2B0F1F7B0F9084822491E22F1F7ABF900BF69
S3150800F2C0726573756C74203C20616C6C6F63617435
S3150800F2D0696F6E730000000065450208B0B5044604
S3150800F2E000680D46016A20468847A8420FD3206861
S3150800F2F0A588C1692046884785420DD22068A1881D
S3150800F300426A20469047A1880131A180B0BD0D48C8
S3150800F3100B492F22F1F77EF9094902A03022F1F7AD
S3150800F32079F900BF616C6C6F636174696F6E7320E5
S3150800F3303C206361706163697479282900000000C4
S3150800F340DF4502084E45020800218180014908313F
S3150800F3500160704734320208FEDE704710B5044675
S3150800F360D0E9022023691B1A002BD8BF1344022BAD
S3150800F3700FD3626800EBC00002EB80002122F1F790
S3150800F38089F9D4E902010131081A38BF0846E06054
S3150800F39010BD224901A03722F1F73CF966616C736A
S3150800F3A06520262620224C6F636B46726565444DA0
S3150800F3B0415F5175657565206F766572666C6F7706
S3150800F3C02122000010B504460068016820468847D7
S3150800F3D038B92169A0680131081A38BF0846206182
S3150800F3E010BD0E4901A03D22F1F714F921697345B4
S3150800F3F06D707479282920262620224C6F636B4667
S3150800F400726565444D415F517565756520756E6415
S3150800F4106572666C6F77212200000000764C020840
S3150800F4204168006900EBC00001EB80007047D0E935
S3150800F43002120069821A002AD8BF0A440020022A4A
S3150800F440B8BF01207047D0E90301401AB0FA80F02E
S3150800F4504009704710B5044C0023C0E90223036134
S3150800F4600834C0E9004110BD683202080CF080B8C3
S3150800F47080B582B001900198009008F0EFFF0098DF
S3150800F48002B080BD80B588B084460B980A98CDF83E
S3150800F4901CC0ADF81A10ADF81820ADF81630ADF846
S3150800F4A01400079802904AF2380142580132425035
S3150800F4B04058042806D1FFE702994AF2380200208C
S3150800F4C08850FFE7FFE702984AF23801415800EBF7
S3150800F4D08100406818B1FFE700F0AEFBF3E7029839
S3150800F4E04AF23801415800EB8100406808B9FFE745
S3150800F4F00AE044F21340C0F6020044F23041C0F676
S3150800F5000201AA22F1F786F8029A4AF23803D0587D
S3150800F51002EB800101204860BDF816004000049007
S3150800F52004994FF42050B0FBF1F00390D05800EB4B
S3150800F530800002EBC02014300B990860BDF81A0051
S3150800F5404AF21401114452F803C021F83C00BDF8F0
S3150800F550180052F803C001EBCC0CACF80200BDF859
S3150800F5601600D25801EBC2018880BDF81400039931
S3150800F570884204DAFFE7BDF81400019002E0039818
S3150800F5800190FFE70299019B4AF2140008444AF2E7
S3150800F590380251F802C000EBCC0CACF8063089589A
S3150800F5A000EBC100C08808B080BD000083B002909F
S3150800F5B0029800904AF238014058013001900198AB
S3150800F5C0042803D1FFE700200190FFE7009801997E
S3150800F5D000EB81004068B0FA80F0400903B070473C
S3150800F5E080B584B003900291039801904AF23401E1
S3150800F5F04258013242504058042806D1FFE7019983
S3150800F6004AF2340200208850FFE701984AF2340192
S3150800F610415800EB81004068022801D1FFE70AE063
S3150800F62044F2F630C0F6020044F23041C0F6020158
S3150800F630DD22F0F7EFFF01984AF23401425800EB59
S3150800F640C20C4AF2140E0CEB0E02029B5CF80EC0BA
S3150800F650C3F800C052685A60425800EB820303227E
S3150800F6605A60415801EB810100EBC120143004B007
S3150800F67080BD000084B00390039801904AF23401DB
S3150800F6804058013002900298042803D1FFE7002071
S3150800F6900290FFE70198029900EB81004068022872
S3150800F6A001D1FFE70AE044F2D530C0F6020044F281
S3150800F6B03041C0F60201EA22F0F7ACFF0198029940
S3150800F6C000EBC1004AF21401084404B07047000078
S3150800F6D082B00190019800904AF23401415800EB3B
S3150800F6E081004068032801D1FFE70AE044F2B630FA
S3150800F6F0C0F6020044F23041C0F60201FF22F0F7DC
S3150800F70089FF00984AF23401415800EB8101002034
S3150800F710486002B07047000084B0029002980090DA
S3150800F72000200190FFE70198032811D8FFE7009809
S3150800F730019900EB81004068022804D1FFE7012007
S3150800F7408DF80F0008E0FFE7019801300190EAE71D
S3150800F75000208DF80F00FFE79DF80F0004B07047F2
S3150800F76080B582B00190019800904AF2380141585C
S3150800F77000EB81004068012801D1FFE70AE044F266
S3150800F7809530C0F6020044F23041C0F60201B922B3
S3150800F790F0F740FF00984AF23801415800EB810122
S3150800F7A00220486000F074FA02B080BD80B58AB0C5
S3150800F7B0089008980290099000F0C6F8029943F25A
S3150800F7C08C20C0F60200083008604AF2140008448B
S3150800F7D04AF23402114403910490FFE70498019019
S3150800F7E003F08AFCFFE7039A019800F1080108462E
S3150800F7F091420490F2D1FFE702994AF234024FF09F
S3150800F800FF3088504AF23802885000200590FFE7FA
S3150800F8100598032812D8FFE70298059900EB81019D
S3150800F82000204860FFE7059801300590F0E702469A
S3150800F83002980792069100F097F802E009980AB034
S3150800F84080BD0CF083F8000080B582B00190019865
S3150800F850009000F005F800980BF08AFE02B080BD13
S3150800F86080B582B001900198009000F07DF800986C
S3150800F87002B080BD82B0019100900099019848605D
S3150800F88002B0704780B582B001900198009043F2AB
S3150800F890B821C0F60201083140F8041B08F0F4FF4D
S3150800F8A0009802B080BD000080B582B00190019832
S3150800F8B0009000F005F800980BF05AFE02B080BDE3
S3150800F8C081B00090009801B0704700001D480021E3
S3150800F8D0C0E90011704700BF0F2982BF194AC2E963
S3150800F8E000017047024810491722F0F793FE00BF3F
S3150800F8F05A4B02081349086810B1496801B17047A4
S3150800F900084809492E22F0F785FE00BF0D48016810
S3150800F91011B1406800B17047024803493422F0F734
S3150800F92079FE00BFA24B0208AE4B02080548D0E993
S3150800F9300010002818BF0120002918BF012108401F
S3150800F940704700BFFC02002081B00090009843F287
S3150800F950CC21C0F602010831016001B070470000F1
S3150800F96081B00090FEDE000081B00090009801B0E2
S3150800F9707047000080B586B0049004980090059002
S3150800F980FFF798FA009943F2F820C0F6020008300B
S3150800F99008600020FFF75EFA0190FFE70198C007AC
S3150800F9A008B1FFE711E043F6BE70C0F6020044F264
S3150800F9B01C01C0F602012C22F0F72CFE0246009824
S3150800F9C003920291FFF788FA02E0059806B080BD17
S3150800F9D00BF0BCFF81B00090FEDE000080B582B05F
S3150800F9E0019001980090FFF777FA009802B080BD61
S3150800F9F04049096801290BD1428801888388028019
S3150800FA00C2881944C38082803B4A1288511A4180B1
S3150800FA10704700BF10B504463648006801280DD166
S3150800FA200A462088A1880844A11C0138208020465F
S3150800FA3000F030F860684FEA3040606010BD00BFE3
S3150800FA400B4B1B68012B11D10B6890ED000A9FED3B
S3150800FA50092A0360B2F9040001EE100AB8EEC11AC9
S3150800FA6031EE021A31EE400A81ED000A704700BFF6
S3150800FA701003002017B7D1B81E4A1268012A07D109
S3150800FA8002880B880380D0431B4A128810440880DA
S3150800FA90704700BF174B1B68012B09D110B50C889E
S3150800FAA003880480D843928810440880BDE8104033
S3150800FAB0704700BF0F49096801290BD102884188A0
S3150800FAC0C3884280828819448380C2800A4A128881
S3150800FAD0511A0180704700BF064A1268012A07D1E9
S3150800FAE0054A0B881288DB431A44038802800B8078
S3150800FAF0704700BF100300200803002080B582B0BD
S3150800FB00019000910198009900F002F802B080BDBA
S3150800FB1082B00190009101990098C86402B07047BC
S3150800FB2080B582B001900198009000F05BF80098CB
S3150800FB3043F21831C0F60201083101600021C164A0
S3150800FB4002B080BD80B582B001900198009000F0A7
S3150800FB5005F800980BF00CFD02B080BD80B582B0A8
S3150800FB6001900198009000F04FF8009802B080BD0F
S3150800FB7082B00190009101990098C86402B070475C
S3150800FB8082B00190009101990098086502B070470B
S3150800FB9080B582B001900198009000F023F8009893
S3150800FBA043F2A831C0F60201083101600021C164A0
S3150800FBB0016502B080BD000080B582B00190019851
S3150800FBC0009000F005F800980BF0D2FC02B080BD5A
S3150800FBD080B582B001900198009000F015F8009861
S3150800FBE002B080BD80B582B001900198009008F0FF
S3150800FBF08FF9009843F23841C0F6020108310160D6
S3150800FC0002B080BD0BF0B4BC80B582B001900198FB
S3150800FC10009008F0C1F9009802B080BDB0B504465E
S3150800FC200AF024FD054620460AF07AFCA90060F38E
S3150800FC304101481C80B2B0BD80B54AF28830C2F294
S3150800FC400000006850B1FFE74AF28830C2F20000AF
S3150800FC5000684FF0FF3110F093FB0BE04EF60451AD
S3150800FC60CEF200014FF080500860BFF34F8FBFF30C
S3150800FC706F8FFFE780BDB0B504460AF0F7FC05466E
S3150800FC8020460AF04DFCA90060F3410188B2B0BDD8
S3150800FC907047000082B0019100900099019888622F
S3150800FCA002B0704780B584B003900398009026216F
S3150800FCB0F0F791FD009804F039FA009843F2C8412C
S3150800FCC0C0F6020108310160FF2180F826102830AD
S3150800FCD0002108F0D1FDFFE7009804B080BD024678
S3150800FCE000980292019104F035FAFFE70BF02EFE18
S3150800FCF00BF03EBC80B582B001900198009004F0EC
S3150800FD0029FA009802B080BD81B0009001B0704712
S3150800FD10E34990F876000978B0FA80F04009B1FA1C
S3150800FD2081F149090843704780B582B0019001986E
S3150800FD30406801688969884702B080BD10B50446E5
S3150800FD40FCF73EF902F098FF60680168C9688847C1
S3150800FD50E0680168896888472068816F2046BDE8A1
S3150800FD601040084780B584B002900298019090F838
S3150800FD708500C00738B1FFE701984068016809683F
S3150800FD808847039002E000200390FFE7039804B039
S3150800FD9080BD00004BF29C40C2F20000006870472C
S3150800FDA081B0009001B070472DE9F04389B0044650
S3150800FDB01298DDF84480DDF8409000271D46164667
S3150800FDC001918DF81C700397ADF818004FF4806008
S3150800FDD0ADF81680ADF814900090F5F770FF1399FA
S3150800FDE000EB4600CDF81D70ADF81A10694300EB1C
S3150800FDF04100B9F1000F04900DD0B8F1000F0AD0F8
S3150800FE00F5F733FF40050CD5F5F7ACFF6946904783
S3150800FE1009B0BDE8F0835C485C4940F26A22F0F715
S3150800FE20F9FB5B48594940F26B22F0F7F3FB00BF38
S3150800FE302DE9F0418AB004464FF400600025984643
S3150800FE4016460F4601902046029500F02DFA129BA1
S3150800FE50109A119900EB4600ADF81C5008950497C6
S3150800FE608DF82450ADF81E3003FB08F3ADF81A10D0
S3150800FE70ADF8182000EB430005905AB151B1F5F7DB
S3150800FE80F4FE00050CD5F5F76DFF01A990470AB0F9
S3150800FE90BDE8F081EB4905A040F28122F0F7BAFBF4
S3150800FEA01048E84940F28222F0F7B4FB28776964E3
S3150800FEB07468203E20302920262620286865696730
S3150800FEC06874203E203029202626202243616E6E43
S3150800FED06F742066696C6C20656D70747920726524
S3150800FEE063742200ED4C02082DE9F04389B00446FC
S3150800FEF01498DDF84490109FDDF854801D46164688
S3150800FF0001918DF81C001298ADF81690ADF8147092
S3150800FF10CDF80080ADF81800F5F7D1FE0346204667
S3150800FF2031462A4609F02EFE0490DE480089ADF8CF
S3150800FF301A00F5F783FD8DF81E008DF81D00BFB178
S3150800FF40B9F1000F14D0F5F790FE10EA080F15D096
S3150800FF5016981399039100218DF81F0060688DF893
S3150800FF60201001684A686946904709B0BDE8F083E1
S3150800FF700548B44940F24E22F0F74CFB0448B14913
S3150800FF8040F24F22F0F746FBAB4E0208E34E02085A
S3150800FF90374D020881B0009001B0704780B582B035
S3150800FFA001900198009000F059F800980168D1F87E
S3150800FFB0BC10884702B080BD81B000900098406DA3
S3150800FFC001B0704710B50446B648007848B9E06CE9
S3150800FFD038B96068FEF7B2FC18B16068417A002942
S3150800FFE0FCD0FCF77BF8D4F8880038B12068D0F844
S3150800FFF0D810204688470020C4F888002046BDE867
S31508010000104000F051B900BF2DE9F0438BB0074607
S31508010010A4481E46904689460489F5F70FFD3968B6
S31508010020002243460D6C1699CDE90801022049467E
S31508010030CDE906400120059015980490149803907F
S31508010040139802901298CDE900603846A8470BB07C
S31508010050BDE8F083F5F760BEF5F75EBEB0B50446B8
S3150801006090F87600D0B1022002F01AFE0020A4F81A
S315080100707500F5F724FE01462068D0F8C820204609
S315080100809047E56955B1F5F71AFE0146E548028933
S31508010090286803682846BDE8B0401847B0BD00BFC8
S315080100A00403002082B00190ADF8021002B0704737
S315080100B040680121417201680969084781B00090C9
S315080100C04FF6FF7001B0704710B50446FBF7FAFF0B
S315080100D060680021817210BD84B00390ADF80A10E2
S315080100E0ADF80820BDF80A0040F20831C2F2000155
S315080100F0098888420BDBFFE7BDF8080040F20A31A0
S31508010100C2F200010988884201DBFFE70AE044F2EE
S315080101103A20C0F6020044F29D21C0F60201A5224A
S31508010120F0F778FABDF80A1040F20830C2F200007A
S3150801013002880020914201900FDBFFE7BDF8081005
S3150801014040F20A30C2F20000028800209142019072
S3150801015003DBFFE701200190FFE70198BDF80A00DC
S3150801016040F20C31C2F200010880BDF8080040F2E5
S315080101700E31C2F20001088004B07047B0B50546D9
S31508010180D0F8880088420AD0DC200C46002908BF2E
S31508010190D8202968095828468847C5F88840B0BD37
S315080101A080B582B00190019840680168496988471D
S315080101B002B080BD82B001900091019900988864CF
S315080101C00098002818BF012040F20531C2F200014B
S315080101D0087002B070470000F0B589B0B74F044601
S315080101E0787838B301200E46154600900020039012
S315080101F02068416B204688470346B1B2320C204637
S3150801020009F0C0FC0190A06CADF81450049038892F
S31508010210ADF81A00ADF81800280CADF81600F5F778
S315080102200DFCF5F764FCF5F79DFD69469047A06C52
S3150801023009B0F0BD0248A34940F2BD22F0F7EAF938
S315080102407C4D0208E34E0208F0B589B00546012047
S315080102500F461C4616460090002003902868416BFD
S31508010260284688470346B9B23A0C284609F08AFC5B
S3150801027001900E980494ADF81460ADF81A008F48F1
S315080102800089ADF81800300CADF81600F5F7D6FB65
S31508010290F5F72DFC686801684A6869469047204663
S315080102A009B0F0BD0403002080B584B0029002981D
S315080102B0019040F20430C2F200000078C00768B12C
S315080102C0FFE701980168496B88470199096C8842DB
S315080102D004D1FFE70198406C039003E00198006C94
S315080102E00390FFE7039804B080BD4166203005F00E
S315080102F049BA000082B00190009101990098C1F8AD
S315080103008000012081F8840002B0704781B0009016
S3150801031001B0704781B000900098806901B07047BC
S3150801032082B00190009101990098886102B07047E6
S3150801033080B584B00290019102980090019820B18D
S31508010340FFE70198032807D1FFE700990198C864D8
S3150801035001208DF80F0049E00198012821D1FFE716
S315080103600098C06BC8B1FFE700980168D1F8A810DA
S3150801037088474FF6FF7188420FD0FFE740F20430F5
S31508010380C2F200000078C00738B9FFE70099019862
S31508010390C86401208DF80F0028E000208DF80F00B1
S315080103A024E0019802281DD1FFE700980168D1F8D9
S315080103B0A81088474FF6FF7188420FD0FFE740F231
S315080103C00430C2F200000078C00738B9FFE7009987
S315080103D00198C86401208DF80F0007E000208DF808
S315080103E00F0003E000208DF80F00FFE79DF80F00CE
S315080103F004B080BDF8B514460D460646FFF754FF0E
S315080104000346A9B22A0C304609F0BCFB03463068FC
S3150801041029462246076FE748008900903046B847C3
S31508010420F8BD00BF0403002081B0009001B07047F9
S315080104302DE9FF4704468069C8B3924600220F4654
S315080104400C991D4603920268166803AACDE90012A3
S3150801045039465246B047DFF86C988046A9F80850E5
S31508010460F5F7ECFA50B101280BD002380F2812D251
S315080104701348D2494FF4C972F0F7CCF86FF001006E
S3150801048001E06FF00200B9F80810039A01FB0A713E
S3150801049001FB00202064E06928B10368B9F8082047
S315080104A0216C1B689847404604B0BDE8F0870648AA
S315080104B0C2494FF4B972F0F7ADF800BF0403002042
S315080104C04D4E0208E34E0208A84C02081CB500234B
S315080104D0CDE900330368D3F8B4406B46A0471CBD89
S315080104E02DE9F04F8FB004461046984617460D463B
S315080104F003F0ECF8002800F0C7802068C16A20469E
S3150801050088472068016B20468847DFF8B8970DF1C0
S315080105103A06ADF83A70B9F80A00B9F808A0B9F878
S3150801052004B00190B9F80600079030460AF070F851
S31508010530A9F8040030460AF0D5F8D9F80C10B9F82C
S315080105400420A9F806000029114608BF0146A9F8A2
S315080105500A1008BF1046A9F80800D4E91001CDE928
S315080105600510384603F0B2F80146C4E91000E069FF
S3150801057020B10368B9F808201B689847E8882F4610
S3150801058000210022049037F8040F0390284605F04D
S3150801059003F8012095F8251085F82500B8F9040017
S315080105A0029101280BDBB8F90600002807DD0AA825
S315080105B03946424609F0ADFEDDE90A1003E0D7E9FE
S315080105C00010CDE90A100D90D9F804000027D0468D
S315080105D0DDF804A00C91089709900CA808A902F067
S315080105E095FD606DC8B10DF13A000AF03FF806466F
S315080105F0606D0168096B884786420ED100F04CF997
S3150801060006460DF13A000AF031F801463068826B68
S315080106103046904780F0010000E0002084F8600031
S3150801062028686E696F6182680CA928469047029806
S3150801063084F860706E6185F82500039801B2049804
S3150801064002B2284604F0A8FFDDE90510A9F80AA0B8
S31508010650A9F80880A9F804B0C4E910010798A9F80F
S3150801066006002068C16A204688472068016B204633
S315080106708847E56945B1F5F722FB01462868B9F8C7
S3150801068008200368284698470FB0BDE8F08F00BFD9
S3150801069080B588B007900691059204930798039050
S315080106A0069808B1FFE70BE044F20220C0F6020003
S315080106B044F29D21C0F6020140F20132EFF7AAFF8A
S315080106C006990020029019B1FFE701200290FFE781
S315080106D003980299069901640599416405990029C7
S315080106E018BF012140F20432C2F2000211700499C6
S315080106F00268D2F8902090470398C06980B1FFE755
S315080107000398C1690191FFF7CFFD0146019840F2AF
S315080107100C32C2F20002128803681B689847FFE789
S3150801072008B080BD2DE9F843DFF8988590F88D70FB
S31508010730046C89460546B8F80A60F5F77FF910286A
S3150801074024D8B6FBF7F1DFE800F0090F182F2F2F91
S315080107502F2F2F2F2F2F2F2F2F2F2F0009FB01F090
S315080107600021A1EB40000DE009FB01F0B8F80810E3
S315080107704843A0EB8000044408E009FB01F000218E
S31508010780A1EB8000B8F8081000FB0144E8692C6465
S3150801079040B10168B8F808200B68214601B0BDE8E8
S315080107A0F0431847BDE8F8830348044940F2BD12EF
S315080107B0EFF730FF04030020E34D0208E34E020879
S315080107C082B001900198816BD0F8800088421FD0D1
S315080107D0FFE740F21030C2F200000068B8B9FFE73F
S315080107E040F20A32C2F200021088ADF8020040F265
S315080107F00831C2F2000108881080BDF8020008809D
S3150801080040F21031C2F2000101200860FFE71EE044
S3150801081040F21030C2F200000068B8B1FFE740F2BA
S315080108200A32C2F200021088ADF8000040F208311F
S31508010830C2F2000108881080BDF80000088040F265
S315080108401031C2F2000100200860FFE7FFE702B09D
S315080108507047F8B50446C9B120680021D4F88870F4
S31508010860C4F88810C16A204688470546012660688B
S31508010870C4F88870012F867206D02068D0F8DC107B
S3150801088020468847C4F888602846F8BD2068C16AAA
S315080108902046BDE8F840084781B04BF29C40C2F2B9
S315080108A00000006890F86000C00780B1FFE74BF2CE
S315080108B09C40C2F200000068406D40B1FFE74BF270
S315080108C09C40C2F200000068406D009007E04BF2C0
S315080108D09C40C2F20000006880680090FFE700981B
S315080108E001B070477FB504460068D0F8C0102046AD
S315080108F08847002800F0A680E06C022802D0012073
S3150801090002F0A8F994F88410002594F8720084F886
S31508010910525084F8725084F8730031B12068D0F8C7
S31508010920D4102046884784F8845094F85110E54D30
S315080109306068012681F00101AE704172FBF732FD54
S315080109400168496B884794F8730008B984F873609D
S31508010950FBF728FD016849698847606E01680969DE
S31508010960884794F8730094F87410013884F8730072
S3150801097009B10006ECD1E87894F970100130E870F5
S3150801098040B2884215DB0020E870E0680168CB6850
S3150801099003A902AA984738B12068DDE90221D0F8EF
S315080109A0CC302046984704E02068D0F8D01020467D
S315080109B0884700208DF80700606958B10168CA6840
S315080109C00DF10701904728B1606E0168CA689DF864
S315080109D00710904704F1200004F0D6FE94F8780039
S315080109E030B320690168096988470546E06F08B987
S315080109F02846E5671B49281A884219D320690168E0
S31508010A0089698847E16F6A1A6421B2FBF1F2B0FB82
S31508010A10F2F0012804DB632894BFC0F164010021C8
S31508010A20206984F871100168CA6900219047E56751
S31508010A302068D0F8E01020468847FBF7B3FC016828
S31508010A40896B88472068D0F8C41020468847E06C2F
S31508010A50022802D0012002F011F99A48002181707A
S31508010A607FBD00BF01E1F505BFB50446CDE9021218
S31508010A7002A8FEF76FFADDE90201ADF80600ADF846
S31508010A8004100DF1060001A9FFF726F894F877106E
S31508010A9004F1200061B1B4F86C20B4F86810BDF80F
S31508010AA00630BDF80450009504F0E0FD50B9BFBD0D
S31508010AB0BDF80430BDF80620002104F01BFE012014
S31508010AC084F87700BDF90600BDF90410C4E91A01D6
S31508010AD0BFBD000081B00090009991F87200013005
S31508010AE081F87200002081F88C0001B0704710B5BA
S31508010AF0044690F8770058B1B4F86C30B4F8682019
S31508010B0004F12000012104F0F5FD002084F87700A6
S31508010B1010BD00002DE9F04F8BB00DF16C0A0446AB
S31508010B2000200DF1600B1F46149E9AE820060590D9
S31508010B309BE80809DDE9160E022D04D00B2D10D10C
S31508010B404FF0800819E0DDF864C04FF02008BCF1C9
S31508010B50000F18BF4FF04008FF2B18BF4FF0400891
S31508010B600BE0C4464FF00108BCF1000F18BF4FF067
S31508010B700408FF2B18BF4FF00408ADF81E0015989E
S31508010B80CDF808808DF82430ADF820E0CDE90312C0
S31508010B90ADF81C00F5F793F8034620463946324668
S31508010BA0CDE900B909F004F80690159800218DF8E9
S31508010BB027A08DF826908DF82550ADF822B08DF82E
S31508010BC0281068B1169858B1F5F74FF810EA080FCA
S31508010BD00CD0F5F7C7F802A990470BB0BDE8F08F1E
S31508010BE00548724940F23122EFF714FD6E486F4904
S31508010BF040F23222EFF70EFDAB4E02082DE9F04125
S31508010C008AB01E4690460D460746F4F717FF39681F
S31508010C10159A43460C6C2B49CDE90802002209892D
S31508010C20CDE9061014982946059013980490129850
S31508010C300390119802901098CDE900603846A047B4
S31508010C400AB0BDE8F08100BFB0B58AB014460268A3
S31508010C50156C169A0992159A0892149A0792139A7C
S31508010C600692129A0592119A0492109A03920F9A71
S31508010C7002920E9ACDE9003200222346A8470AB00D
S31508010C80B0BD00002DE9F04387B007460D489846E8
S31508010C9091460E460489F4F7D1FE39684A46434619
S31508010CA0CD6DCDE903401098119902900F980591E1
S31508010CB0314601900E9800903846A84707B0BDE81E
S31508010CC0F08300BF040300202DE9F04F8BB00446E2
S31508010CD00020DDF858A008261F4690468B4603904B
S31508010CE02046BAF1FF0F08BF02260296FFF7DCFA83
S31508010CF0DDF86090179D0346204641463A46CDF8F1
S31508010D000490009508F054FF0690DDF864C0DDE90B
S31508010D101420BAF1FF0F08BFB9F1000F21D0ADF8C1
S31508010D201E0020680023ADF82250ADF81C208DF86E
S31508010D3027C08DF824A0CDF814B08DF826908DF82B
S31508010D402590ADF820308DF82830C16B20468847AC
S31508010D50304222D0F5F706F802A990470BB0BDE854
S31508010D60F08F4FF4FC634FF4784703EA5B1307EA05
S31508010D701B273B44CBF3C40703EB070B42EA0803E3
S31508010D802B43DB0706D14BEA0B4B52086D084FF094
S31508010D900209C4E74FF00009C1E7034803494FF4C4
S31508010DA02B72EFF737FC00BF374D0208E34E0208F6
S31508010DB010B50446406801688968884794F8750043
S31508010DC010B1012084F8760010BD40680168896871
S31508010DD00847002B43D0B0B502F0010001F0010429
S31508010DE0A04215D120B112F8010B013B01F8010B04
S31508010DF0022B1FD382EA0100800714D023F00100D9
S31508010E00084481420CD232F8024B21F8024BF8E72A
S31508010E10C818814221D212F8013B01F8013BF8E7D3
S31508010E2003F0010306E0900704D032F8020B023BF7
S31508010E3021F8020B23F003000844814202D210CAAA
S31508010E4010C1FAE703F0030000230844CC188442D2
S31508010E5003D2D55C01332570F8E7BDE8B04001201F
S31508010E607047000082B001900091002002B07047DF
S31508010E7080B584B00390ADF80A1003980190C06B51
S31508010E8030B1FFE70198C16BBDF80A008847FFE753
S31508010E9004B080BD04460068D0F88410204688470F
S31508010EA02068C16F20468847E06C022818BFFBF707
S31508010EB0F3F82068416FF5E780B588B08C46864619
S31508010EC00B980A99CDF81CE0CDF818C00592049341
S31508010ED0ADF80E10ADF80C000798009043F23051AA
S31508010EE0C0F60201083101600699416005998160E1
S31508010EF00499C16000210291016141618161C16169
S31508010F00203004F05DFC009802998163C163016495
S31508010F1041648164C1640122019280F8502080F8FD
S31508010F20511080F852104165583002F0E5F80098E2
S31508010F30019A029980F8601041668166C16680F857
S31508010F40702080F8711080F8721080F8732080F88C
S31508010F50741080F8751080F8761080F8771080F88C
S31508010F607810C167C0F8801080F8841080F8852051
S31508010F70C0F8882080F88C10042280F88D20BDF8EE
S31508010F800C2090F88D30B2FBF3F2A0F88E20B0F861
S31508010F908E2045F25653C5F25553A2FB0332A0F8EB
S31508010FA090201422A0F892204BF29C42C2F2000231
S31508010FB01060BDF80E2040F20833C2F200031A8011
S31508010FC040F20C33C2F200031A80BDF80C2040F23D
S31508010FD00A33C2F200031A8040F20E33C2F200034A
S31508010FE01A8040F21032C2F200021160BDF80E20DA
S31508010FF0BDF80C309A42B8BF0121816308B080BDA3
S31508011000FEDE000081B00090009801B07047000034
S3150801101080B588B0DDF82CC0DDF828C007920691A6
S315080110200590049305980CA90391049A0A9B0B99B8
S31508011030DDF80CC0CDF808C0DDF808E0EC46CCF8C0
S3150801104004E0CCF8001006A900F0A8F808B080BDA5
S31508011050B0B5032A0FD0022A17D0012A25D18388D1
S31508011060C2880488898842EA03422344C91A438804
S3150801107043EA014117E08288C3884488C98843EA5C
S3150801108002422344C91A03880BE0C2884388CC88E4
S31508011090058889881344E31A8488254444EA024268
S315080110A0491BC1EA034101604260B0BD2DE9F04127
S315080110B08EB0044609B318680D46DDF850801E4601
S315080110C01746816B184688474042CDE900761FFAD4
S315080110D088F221464FF6FF7300B2CDE9020504AD49
S315080110E0284601F0B1F90026284601F075F8BDF841
S315080110F0100001360028F7D10BE02046FCF7D5FB96
S3150801110001260A28204608BF0136FCF7CEFB00282F
S31508011110F7D1B0B20EB0BDE8F0812DE9FE4F154604
S315080111200E464FF0000B00244FF0000A4FF000085E
S3150801113001930090A8452DDA002042F20B013246B0
S315080111400290A0B288424FF6FF6108BF5446884212
S3150801115018BFA246DDE9000102ABFCF7B1FEC8B132
S3150801116004460A2816D0029A8AB13068948892F8F9
S315080111700A90577B1FFA8AF1436C304698470BEB66
S31508011180090107F0800201EB420101EB000B08F1AE
S315080111900108CFE71FFA8BF0BDE8FE8F2DE9F04F66
S315080111A0E9B0DDF8C881B8F1000F00F0A1808246E8
S315080111B018681C46002800F09B80A07C002800F0D7
S315080111C097800F4610685168A5680DF5C879DDF84E
S315080111D0CCB16679CDE96601002049462A46649074
S315080111E07868659066A8FFF733FF484649462A4658
S315080111F0FFF72EFFCDE9047A3EB12079012E06903C
S315080112000BD1023818BF012008E02079002807BF52
S31508011210002006900690012000E0002008904BAFC0
S315080112203846FDF7EBFAF4F7A1FDF4F722FD009035
S31508011230384641465A46F4F736FE2068F4F78AFCE2
S3150801124081462068B4F810A0477A32A8FDF7D6FA85
S31508011250606958B1F4F78AFDF4F70BFD009032A8DE
S3150801126041465A46F4F71FFE606900E00020BDF8C2
S315080112709411B4F9105094F813C00AEB090807EB56
S31508011280090A62792768BDF89631CDE90250084600
S31508011290CDE900270791A1EB0C0082B228A832A953
S315080112A001F0D2F86069BDF8929120B3BDF99A01AF
S315080112B04BADA0EB0A070DF1A00A0FFA89F0874298
S315080112C02CDD504600F088FFBDF8BAB05FEA0B4046
S315080112D006D028463146FCF7B5FDABF1010BF5E71B
S315080112E0BDF8A00020B19DF8C600C1440028E4D08D
S315080112F069B0BDE8F08FBDF99A01A0EB0A070DF5B3
S31508011300967A0FFA89F5AF4208DD5046FCF7CDFA11
S315080113100028EDD00A28F6D1C144F2E7DDE9041A1E
S3150801132066AA06980025ADF89490CDE9262423955A
S3150801133030432491B0FA80F0470907980FFA80FBE9
S315080113406069ADF88A5010B128A800F045FF0FB1C1
S31508011350E07C2EE0089820B1606930B1BDF8C20082
S3150801136014E0E07C0799081A23E05D460DF1240B89
S315080113704BA964225846EFF7D2F92168584647F631
S31508011380FF723346AB460025FFF7C7FE21792EB11A
S3150801139069B101290FD10BFA80F004E0012943D183
S315080113A000B2ABEB0000022190FBF1F001E0E17C19
S315080113B00844ADF88A009DF8C63060692268BDF810
S315080113C0BA10002B18BF0123002818BF012000EA14
S315080113D0030047F6FF7308BF19464BAB0290CDE9E8
S315080113E0003123A80DF18A0133460390504600F0D7
S315080113F033F99DF8C61009EB0800ADF894000029E9
S315080114007FF476AF0FFA80F9BDF89A01BDF89E11FF
S31508011410084400B281453FF76BAF4BA8FCF73DFA8C
S3150801142000283FF48DAF63E7E17C08449AE70000A2
S3150801143001480160704700BFA0B400202DE9F84FAC
S315080114402DED0C8BB0B08346B2F90440B2F9068093
S3150801145008461F4616460D4609F0DAF800EE100A48
S315080114602846B8EEC08A09F03DF900EE100A75481B
S31508011470B8EEC09A0068012808D19FED73AAB0EEAC
S3150801148048CAB0EE49BAB0EE4ADA0BE09FED6EBA39
S31508011490B0EE49CAB0EE49AAB0EE489AB0EE48DABB
S315080114A0B0EE4B8A38687968CDE92E01CDE92C0171
S315080114B031880144ADF8B010718801EB10407168AC
S315080114C0ADF8B2003068CDE92A012AAF3846FEF7F1
S315080114D08FFA70684FF0000ACDF8A0A029902EA8BF
S315080114E028A9FEF797FA0DF1B0094846FEF780FAE2
S315080114F0284609F051F8002800F09D8000EE108A70
S3150801150001EE104A0646CDF89CA0CDF890A0CDE98B
S3150801151022AAB8464D4CB8EEC00AB8EEC11A8DEDEE
S31508011520261A8DED251A8DED210A8DED200A27A89B
S3150801153023A928AF3A46A04726A822A93A46A04792
S3150801154025A821A93A46A04724A820A93A46A04792
S315080115509DED201AB3EE000A3D488DED1FCA8DEDAB
S315080115601EBA8DED1AAA8DED199ACDF854A08DEDF6
S3150801157014DA8DED108ACDF828A0059621EE001A09
S315080115801D9018901390CDE90E0A3248BDEEC11A86
S315080115908DED1C1A9DED241A008821EE001A0B9078
S315080115A02846BDEEC11A8DED1B1A9DED211AF4F7D9
S315080115B0B9FB8DED171A9DED251AF4F7B3FB8DEDE1
S315080115C0161A9DED221AF4F7ADFB8DED121A9DED53
S315080115D0261AF4F7A7FB8DED111A9DED231AF4F7D8
S315080115E0A1FB8DED0D1A9DED271A21EE000ABDEE20
S315080115F0C00A8DED0C0A08F005FF0690284609F089
S3150801160007F80790284609F06DF80890284608F06B
S31508011610FFFF0990DBF800004699446C029147994F
S315080116204FF6FF70CDE90089CDE903100AA90CAA86
S3150801163005AB5846A04730B0BDEC0C8B01B0BDE8F0
S31508011640F08F00BF100300200000000041FA0008D7
S315080116500000C8420C0300202DE9F04FA7B0CDE9E0
S315080116600701309914460EA864221D46EFF757F86C
S31508011670002100200995002D0D9100F08D814FF074
S31508011680000B00264FF000084FF000090027A2467C
S3150801169006900B9005900A90049431998E4280F237
S315080116A05581B9B242F20B024846914208BF4F46EC
S315080116B04FF6FF62B946914208BF814609993098AB
S315080116C022460DABFCF7FCFB0D9A82B1DAF8000055
S315080116D09788957A547B1FFA89F1436C5046984747
S315080116E004F08001544645EA41010D1801E0074618
S315080116F00025A7F12800012216280FD95B2F13D040
S315080117005D2F11D07B2F0FD07D2F0DD0002F00F02C
S315080117101D810A2F00F01A81002205E0012101FA34
S3150801172000F0D6490842E9D0A7F5CC60A7F1300107
S3150801173080B289B20A284FF0000038BF01200A2971
S315080117404FF0000138BF01210843A7F5B26189B2FC
S31508011750B1F5B87F0DD307F5966182F0010289B21A
S315080117600B0900213A2B4FF0000388BF01231342CE
S3150801177001D180F0010142F20B02A7F141044FF6B3
S31508011780FF63BA1AA4B218BF0122FB1A18BF0123B4
S315080117901A2CCDF830B004D3A7F16104A4B21A2CDF
S315080117A002D24FF0010B09E00024802F4FF0000B05
S315080117B038BF01240C4308BF03EA020B5446B8F1AB
S315080117C0070F00F2A98040EA0B02DFE808F004A53A
S315080117D010A5181C23284FF00208BBF1000F18BFEB
S315080117E04FF00608002818BF4FF0040877E0F0B15B
S315080117F00A980EA9F4F787F94FF0040866E038B39A
S31508011800F4F7BFF902E0C0B3F4F7DEFA01304FF09E
S31508011810040880E0012A5BD1F4F7B3F903E0012A51
S3150801182061D1F4F7D1FA01304FF0060873E0BBF144
S31508011830000F62D00A980EA900910B9980B2CDE9E2
S3150801184001103398039001200B90DDE9070137E079
S31508011850A7F12C004FF005080E2806D8012101FA38
S3150801186000F044F20D01084263D1A7F26B60022829
S315080118705FD3BBF1000FCFD12BE00A980EA9224600
S31508011880DDF81C80089C002300910B9980B2CDE9F4
S315080118900110339821460390404600F022FCBBF123
S315080118A0000F30D005980EA90091069980B2CDE9AE
S315080118B0011033982146049C039001200B90404661
S315080118C02246012300F00DFC4FF006080A9523E095
S315080118D069B30A980EA9F4F7BAF84FF0020801207D
S315080118E0CDE90A5018E041B30A980EA9F4F7AFF802
S315080118F0059828440A90069801E0F4F742F9013060
S315080119004FF0020807E00598049C4FF002082844A6
S315080119100A90069801300B90A8F10200DDF830B064
S315080119200136B0FA80F040094BEA000BB5E64FF0F4
S3150801193007080120CDE90550EEE705984FF007089D
S3150801194028440590069801300690E5E7A8F10200BB
S31508011950A146DDE90745DDE932670DF138080528B5
S3150801196000F2A881DFE810F03F01A6013701060061
S31508011970370106005FEACB7000F042810A980B999D
S315080119804A460023CDF800800397CA4680B2F4F789
S3150801199040FA0598069928E14FF0000B4FF0000828
S315080119A000260990CDE90B0006900A90319A9142DA
S315080119B080F201818946B1B242F20B0240464FF0EC
S315080119C0000A914208BF46464FF6FF62B046914269
S315080119D008BF8046309822460DAB0021FCF770FA05
S315080119E00D9A7AB120689688977A557B1FFA88F1FD
S315080119F0436C2046984705F0800147EA410101EB0F
S31508011A00000A00E00646A6F12801012016290FD989
S31508011A105B2E13D05D2E11D07B2E0FD07D2E0DD0CF
S31508011A20002E00F0C8800A2E00F0C580002005E0CF
S31508011A30012202FA01F1A74A1142E9D0A6F5CC61C1
S31508011A40A6F1300289B292B20A294FF0000138BFD5
S31508011A5001210A2A4FF0000238BF01220A43A6F5DE
S31508011A60B26189B2B1F5B87F05D306F5966189B237
S31508011A7009093A2904D882F0010102E0030050005D
S31508011A80002142F20B034FF6FF65F31A18BF012333
S31508011A90771BA6F14105ADB218BF01271A2D0FD341
S31508011AA0A6F16105ADB21A2D0AD33B40002581F096
S31508011AB001077F2E88BF01253D402B401A4300D0E0
S31508011AC00120BBF1030F5BD8DFE80BF0020B151FF2
S31508011AD001204FF0010B0B90002918BF4FF0020BA4
S31508011AE010E0E1B10A980EA9F3F7B1FF01204FF012
S31508011AF0020B0B9006E0C8B10A980EA9F4F703F891
S31508011B004FF0010BCDF828A03AE001B306980A99DF
S31508011B1008440B9950440A900998084413E00A9816
S31508011B204FF0010B50440A900B9827E039B94FF64C
S31508011B30FF60864203D042F20B00864234D10A98EE
S31508011B4050440A900B9801304FF0020B17E018B376
S31508011B500A9D0EA9224601234FF0010B00910B990C
S31508011B60A8B2CDE9011033980390DDE9070100F029
S31508011B70B8FA0698284450440A90099801300B90FF
S31508011B80ABF101000C9A4946B0FA80F009F101015E
S31508011B90400902430C9209E706984FF0030B50449B
S31508011BA006900998013004E001204FF0030BCDF8A7
S31508011BB018A00990E4E7BBF1030F42D0A146BBF197
S31508011BC0020F2FD0DDE90745DDE93267BBF1010FC9
S31508011BD00DF138086ED10A980B99CDF8008080B2BC
S31508011BE0CDE9011016E00A980B99CDF8008080B26C
S31508011BF0CDE901100397204629464A4601230EE0FE
S31508011C0006980B990A9A08440599CDE9008011446A
S31508011C1089B20291204629464A460023039700F0D5
S31508011C2060FA47E00A980B99079C089D339F0DF1C6
S31508011C3038084A46CDF8008080B20397CDE90110ED
S31508011C4032E00C98C0071DD00A9826460B99079CC6
S31508011C50089D339F0DF1380801233246CDF80080DF
S31508011C6080B20397F4F7D5F806980999CDF800805C
S31508011C700397B1463246002380B2CDE901102046CA
S31508011C80294614E009980B990A9A339F089D0DF184
S31508011C903808084406990397CDE90080114422467D
S31508011CA0079C89B29146029120462946012300F0F4
S31508011CB018FA329E56B1002029464A460023CDE934
S31508011CC00080CDE90207204600F00BFA27B0BDE8EF
S31508011CD0F08F00BF030050002DE9F04F9FB010911F
S31508011CE02999CDE912202A9D1793088889880C1805
S31508011CF028680168496D88472968DDE92D9214909D
S31508011D00C87ACDF86C9042B12A9A01235269062AFB
S31508011D1008BF022303EB09021B92097B00FA84F030
S31508011D202B9E4FF0000B42F20B054FF000080027DF
S31508011D30159020B200241191289918900020199025
S31508011D401A911B98844280F22B811FFA88F0DDF8DC
S31508011D50A8A04FF6FF61CDE91DBB8DF873B0A84267
S31508011D6008BFB846884218BF4746DAF800204C45EE
S31508011D700BDA0DF173001DA9CDE900102C98314637
S31508011D801EABFCF7BDF880460FE0106841691046A6
S31508011D9088478046DAF800000DF1730301688E68FA
S31508011DA041461DAAB0472B9E1E9042F20B05A84537
S31508011DB000F0F4804FF6FF60804500F0EF80B8F13F
S31508011DC0000F00F0ED80B8F10A0F00F0E9801E9AC5
S31508011DD0FAB1B2F80480002EDDE9190308BF0344FD
S31508011DE032B3517B907A012E01F0800140EA41001D
S31508011DF0199008BF1B1A38041A931DD02A9800682F
S31508011E0001684B6CB9B298472EB31A99091A1A91F7
S31508011E1013E02A980068016809698847A84200F012
S31508011E20BD804FF6FF61884200F0B8801E9AD2E75E
S31508011E3000201A931990B1E086B12998012EB0F9BC
S31508011E40001088B211D1119A199B1A441A9B1A4487
S31508011E508A420ADAA4E01A9901441A9115981A993C
S31508011E60814200F39D80299800881E9A1A9B92F94F
S31508011E70091019449379527B0B4402F0080203EBCB
S31508011E80421302B29342C0F28980189B994280F2AA
S31508011E908580DDF868902A9D00214FF0000A169189
S31508011EA09145B8BFA0EB090A28680168096B8847FC
S31508011EB006461E9809F0D1F81799301A084406B251
S31508011EC02998B0F90200B0420CDD1E99CA79497BFE
S31508011ED0324401F0100102EB0111814259DB811BE9
S31508011EE0064616911498B8B113988068002873D0DD
S31508011EF001682A6895F812E01D9BD1F808C0D5E952
S31508011F000261CDF81090CDE900211799299ACDE9FA
S31508011F1002E6059112993BE09DF87300082861D8FD
S31508011F20012101FA00F010F48B7F5BD012981E9AFA
S31508011F30016840680D921D9A0E9028680F910C92BF
S31508011F400168096C88472A460546139892F812E0F3
S31508011F50D2E902230168D1F850C09DF87310CDE982
S31508011F600AE21FFA8AF2CDE9083116990AEB090342
S31508011F701BB289B2CDE90036CDE902212999DDE9FD
S31508011F800E3204910D9905910C99CDE90615109912
S31508011F90E047DDF8B4902B9E42F20B050134D0E6FA
S31508011FA01FFA88F080B10A280ED008E02C9831462D
S31508011FB0FBF748FF804638B1B8F10A0F02D0013461
S31508011FC04C45F3DB4FF001081FFA88F0B0FA80F0B0
S31508011FD040091FB0BDE8F08F064907A040F2D73285
S31508011FE0EEF718FB0248034940F2D232EEF712FB2C
S31508011FF0694F0208E04F0208766563746F72466F8F
S315080120006E7452656E646572657220262620224EAC
S315080120106F20566563746F72466F6E7452656E648F
S315080120206572657220696E7374616E636520666F89
S31508012030756E6421220000002DE9F04F95B0174610
S315080120408846814607CA9B460DF1180EDDF878A029
S3150801205007F10C0C9CE878108EE87F1007F1200632
S315080120600DF1380C7FCEACE87F00D9F80000414667
S315080120705B46046C2298CDF800A004902198039041
S31508012080209802901F98019006AA4846A04797E80B
S315080120901F0006AD07F1280C0DF12C0E1FC59CE893
S315080120A01F10D7E91065AEE81F00D7E91201CDE97F
S315080120B010C65B46CDE91250D9F800001491414685
S315080120C0046C1F98CDF800A00190209802902198E1
S315080120D0039022980490484606AAA04715B0BDE881
S315080120E0F08F2DE9F04F87B0DDE91165DDF84C80F9
S315080120F099468B4686469EB1D8F81070DDF840C0E1
S31508012100B9F1010F797908BF002931D0BBF8000070
S31508012110B9F1000F344608BF01292FD1401B2BE026
S31508012120106817467446416910468847002850D0FA
S31508012130824638685146C26838469047002845D0D5
S315080121400246807AA646517B01F0800140EA4101A8
S31508012150D8F810000D4440690628CDD13868436C7B
S3150801216038460F4651469847E919A6460D18C3E75A
S31508012170BBF8000034462844ABF80000AA462546B9
S31508012180B4FA84F4B8F90830D8E9001200B2D8F8DC
S315080121900C6064098DE8C1127046CDE90554FFF754
S315080121A09BFDD8F81000407950EA090109D0B9F128
S315080121B0010F08BF012809D1BBF80000A0EB0A00EE
S315080121C002E0BBF800005044ABF8000007B0BDE8D8
S315080121D0F08FA64690E700002DE9F04F87B0044638
S315080121E090F82600002840F014812069E58AF3F763
S315080121F0B1FCB4F918104FF0000B01EB40010020B7
S31508012200A942C8BF0120E268013A052A0DD8DFE8CC
S3150801221002F012171A25030300230246A9424FF0BA
S315080122200001D8BF012102911CE0002000220023F1
S31508012230CDE9010018E001200022002301900AE0FF
S315080122400023024601E000220346A9424FF000019D
S31508012250D8BF012101910020029005E0012000224A
S31508012260002302900020019042EA030042F20B0982
S315080122704FF0000A00274FF00008C4F81AB0CDE95C
S3150801228003320590F80740F0B98060682269217A1F
S31508012290CDF818B0258806AB4646FBF711FE208017
S315080122A04D45A8464FF6FF6108BFB0468D4208BFA7
S315080122B0B04620B1E18B01310A28E18307D1218C8F
S315080122C0204600230A4600F0AFF80127DAE7069A06
S315080122D0002A47D09088967A577B20802069016822
S315080122E04B6C1FFA88F1984707F0800146EA4101CD
S315080122F00F182088A5EB0901A5F12002B1FA81F191
S31508012300B2FA82F24909520942EA0103218CCA1931
S315080123108B462284484518BFD346202808BF8B46DA
S31508012320DE0718BFD346A38B059FA58A13FA82F346
S315080123306FB10499F1B1A08C1844A84201D9608BF8
S31508012340F0B991B20027204600230A4607E0AB42BE
S3150801235022D9029A8AB3012720460A46012300F0A8
S3150801236063F83EE000274845C4D04FF6FF6188422E
S31508012370C0D087E7039919B14845DCD02028DAD0BF
S31508012380AB422DD9608B58B3A08C618C012784F898
S3150801239026700844608424E016B30027202821D03B
S315080123A048454FF0000B3FF46DAF1FFA8AF22046FD
S315080123B0012300F039F8002764E7019A82B1002762
S315080123C09EB120280ED048454FF0000B3FF45AAF76
S315080123D01FFA8AF220460123012700F025F851E762
S315080123E00027DA464FF0000B4CE72028F9D048457C
S315080123F0F7D0608B0028F4D00127F2E72069F3F7BC
S31508012400A9FB218B0844E18A081AE08207B0BDE8D6
S31508012410F08F034803494FF47D72EEF7FBF800BFCE
S31508012420154F0208E04F020870B5858BC48BC3832C
S315080124302A446E184284028C8683511A428B01847F
S31508012440E11A1144418370BD70B500250446C0F8F0
S315080124501A500698A282079AE382049B6160258036
S31508012460C4F81E50C4F8225084F8265020830598D3
S31508012470E260237220612AB301684969884708B373
S31508012480054620690168CA6829469047D0B10646BB
S31508012490807A717B01F0800140EA4100A084E068FE
S315080124A006280FD12069324601684B6C29469847A0
S315080124B0B17A727B0844A18C084402F0800100EBD2
S315080124C04100A084204670BD2DE9F04F8BB093EDF5
S315080124D0070AB7EE003AD3F814E01E6893ED0D4AE1
S315080124E093ED0A6A149B169CDDF85C8083EE001A4C
S315080124F01B68B4F90070B4F902C09C1B1A9B06EB61
S31508012500070B9C42B8BF2346D2ED092AD2ED0B0A26
S3150801251021EE042A61EE061A01EE103AB8EEC17AE6
S3150801252092ED0D1AB8F9002060EE874A21EE075A96
S3150801253076EE240A1FFA82F95A4534EE051A22EE76
S31508012540874A30EE040A2CDDA2EB0B0595FBF3F264
S3150801255006EE102A02FB135A012AB8EEC66A05EEE0
S31508012560061A44EE860A04EE060A14DB30EE442AFD
S31508012570B0EE437AB5EE402A83EE026A31EE452A79
S31508012580F1EE10FA18BFB0EE467A30EEE46A22EEA2
S31508012590072A66EE071A02FB036502FB1344EE19C6
S315080125A003E000225E464FF0000AB8F804703519B8
S315080125B04F443FB2BD42C8BFBC1B012C50DBC3EE22
S315080125C0003A40680EEB0C059FED277ADDF864E0CA
S315080125D0159E0768D7F808C007950AEB0B05CDE9DC
S315080125E0086E009302FB0352CDE9051221EE233A48
S315080125F060EEA32A33EE426A26EE076ABDEEC66A84
S3150801260016EE101A32EEE16A26EE076A91FBF3F12D
S31508012610BDEEC66A16EE102A22EE076A0491BDEED1
S31508012620C66A92FBF3F216EE105A21EE876A01FB8F
S315080126300A51BDEEC66A0392029116EE101A02FB02
S315080126400A11019194FBF3F101FB1342002A04BF1D
S3150801265001391A460029D8BF1346A3EB0A03E047F6
S315080126600BB0BDE8F08F00BF000080472DE9F04FA1
S31508012670D5B005460068DDE960A8144689461E46B8
S315080126801946876C284652464346B847686080B360
S315080126900FCE5492B2EE040ACDE95001BE48006845
S315080126A00028104608BF1846539008BF134694EDF4
S315080126B0021A5293F3F77BFA1BDD94ED071AF3F727
S315080126C076FA16DD94ED0C1AF3F771FA11DD206826
S315080126D0B24A90420DDB666996420ADBA36A9342C7
S315080126E007DBAF4F791C884203DC8E42D8BFBB4259
S315080126F002DD55B0BDE8F08F60689042F9DBA66946
S315080127009642F6DBD4F82CC09445F2DB8842F0DC1D
S315080127108E42D8BFBC45ECDC0221B04208DA0991E9
S3150801272001210B9184450EDA00204FF0010B07E0D9
S31508012730099100210B91B44514DA01204FF0000BE1
S315080127400A90089025E066454FF002074FF0010B05
S31508012750B8BF0127B8BF4FF0020BCDE90A7B08972E
S31508012760002015E00223032100226045B8BF032398
S31508012770B8BF0221A8BF01225200089260454FF056
S315080127800000B8BF01204FEA400BCDE90A3101200C
S3150801279009903FAE2146304605F068FECDF800B0F7
S315080127A02FA83146099E7F4F22463346B847BC4675
S315080127B0089F33462246664600971FA83FA9E04769
S315080127C0CDF800B00FA83FA922463B46B047D9E944
S315080127D000010DF17C0B5E46CDE90C01DDE90A210C
S315080127E091422FA90C4684BF5C468B4628B96E4890
S315080127F000680168C96A88470C90DDE90A108842B1
S3150801280031462FA888BF014609914869259F5E99D7
S315080128103B46B1F9021008445F99B1F90220C9880B
S31508012820114409B2884207DA82421ADD012F18DB00
S31508012830131A3E46BB4202DC012B1E4611DB1FA8BA
S31508012840F3F713FB2FA8F3F710FB5E9809995F9A24
S31508012850BF1BB0F90200496908445188D28811445E
S3150801286009B20E1AB742B8BF3E465F9F012E25DB55
S315080128705E982168B0F900000A18B7F900108A4273
S3150801288014DDDBF8002089B21044BA88114409B274
S3150801289088420BDC28685B46C76C009450A8F3F79E
S315080128A011FA0CA928463FAAB8475F9F584600F077
S315080128B0ECF8204600F0E9F8013ED7E7DDE90A1011
S315080128C088422FA90FA80C4684BF044608465E997C
S315080128D08346B7F902204069B1F902100844F9881C
S315080128E0159F11443B4609B2884207DA82421ADD2E
S315080128F0012F18DB131A3E46BB4202DC012B1E468A
S3150801290011DB0FA8F3F7B1FA2FA8F3F7AEFA5E9821
S31508012910DBF814105F9ABF1BB0F90200084451880E
S31508012920D288114409B20E1AB742B8BF3E465F9F14
S31508012930012E25DB5E982168B0F900305846CA1881
S31508012940B7F900108A4214DD026889B21344BA88BD
S31508012950114409B28B420CDC28685B46C76C0094AB
S3150801296050A8F3F7AFF90CA928463FAAB8475F9FC5
S31508012970584600F08AF8204600F087F8013ED7E766
S31508012980D9F8000000287FF4B4AE0748006801684A
S31508012990096B8847ADE600BF10030020018FFDFFD4
S315080129A0FF700200112B01089CB4002010B50C46DB
S315080129B00168096B8847001BB0FA80F0400910BD11
S315080129C010B5032B14D8DFE803F00209040E0088BA
S315080129D00BE002888088C943104406E00188808894
S315080129E00844D14301E00088114601FA80F010BD80
S315080129F01148124940F27F42EDF70CFE10B5032B40
S31508012A0014D8DFE803F00209040C40880BE041887A
S31508012A10C088D243084406E040880A4603E0428853
S31508012A20C0881044CA4302FA80F010BD024803491F
S31508012A304FF49262EDF7EEFD4D470208E04F0208AA
S31508012A4000EB10200130C0F30720704781B00090D9
S31508012A50009801B0704750B191FBF0F202FB1011DA
S31508012A6021B190FBF1F202FB1100F4E70146084699
S31508012A707047B0B50D460446012D04DB204600F02B
S31508012A8004F8013DF8E7A069B0BD10B5D0E9001218
S31508012A9090ED0A0A90ED0B1A90ED0E2A83680469E7
S31508012AA090ED083A0A44416931EE000A90ED0D1A93
S31508012AB02344C468026080ED0A0A0361013132EEDB
S31508012AC0011A90ED072A4161816980ED0D1A33EEED
S31508012AD0022A013980ED072AA342816115DB90EDAF
S31508012AE00C4A90ED093A90ED0F5A1B1B013203610E
S31508012AF0026030EE040A32EE032A80ED0A0A31EE4C
S31508012B00050A80ED072A80ED0D0A084610BD00006A
S31508012B102DE9F84F03EB830604469B469046894602
S31508012B2002EB860A5AF8040F05F044FA60610A981E
S31508012B3000EB800508EB850757F8040F05F03AFA0C
S31508012B406169401AA0617AD0DAF800003A6858F843
S31508012B50263058F82550121A03FB02F7EB1A15010D
S31508012B60584307EB02172246C043384437465E46A8
S31508012B704FEA031B04F110030BFB01002946FAF780
S31508012B802DFC221D04F1080358462946FAF726FCAE
S31508012B9094ED015A99ED0A2A99ED091A6169DAF84B
S31508012BA0002009EB86009FED277A99ED0C4A99EDED
S31508012BB00B3AE56090ED000AB8EEC55AB0EE426AE6
S31508012BC0C2EB0111226884ED091A05EE016A84ED4A
S31508012BD0086A06EE101A58F82710B8EEC66A26EEE5
S31508012BE0076AC1EB021106EE020A02EE101AB8EEE6
S31508012BF0C22A22EE072A02EE010A99ED0D1A84ED80
S31508012C00070A90ED030A84ED0C3A06EE040A05EE6E
S31508012C10034A02EE030A84ED0B4A99ED0E3A84ED56
S31508012C200A0A90ED060A84ED0F1A06EE030A05EE66
S31508012C30013A02EE010A84ED0E3A84ED0D0A2046A8
S31508012C40BDE8F88F0000803D81B00090009801B082
S31508012C507047000082B0019001980090032808D8B7
S31508012C600099DFE801F00203040502E001E000E053
S31508012C70FFE702B0704700007047000082B001907C
S31508012C8001980090032808D80099DFE801F00203AB
S31508012C90040502E001E000E0FFE702B0704700002A
S31508012CA082B0019001980090032808D80099DFE8BE
S31508012CB001F00203040502E001E000E0FFE702B0CB
S31508012CC07047000080B584B0039102900298009085
S31508012CD03C3007F03FFD019003A807F03BFD014694
S31508012CE00198884201D1FFE705E000980399C1637D
S31508012CF000F015F8FFE704B080BD000080B584B088
S31508012D000390029103980090029801F0C7FA0146D0
S31508012D10009801910199FFF7D5FF04B080BD2DE90F
S31508012D20F84F0446D0E90B10D4E90D231D1A561A9B
S31508012D302DD0002E374600D577427DB3002D294682
S31508012D4000D569423846FFF786FE012807D096FB6B
S31508012D50F0F695FBF0F5002E374600D57742002DA3
S31508012D60284600D568424BF205518F4203D34BF2F0
S31508012D70045188421ED84BF20451B1FBF7F2B1FB5C
S31508012D80F0F08242B8BF1046454346431EE03DB1C6
S31508012D90002D2F4600D56F4200261CE000251AE0BB
S31508012DA0C4E91111C4E91311C4E91500C4E91700EE
S31508012DB0BDE8F88FB7FBF1F2B0FBF1F08242C8BF6C
S31508012DC01046013095FBF0F596FBF0F6304629469C
S31508012DD001F0DAFA0746E06B29463A4601F0C4F9EA
S31508012DE0022531463A4690FBF5F8E06B01F0BCF94D
S31508012DF0D4F840C090FBF5FAACF1010102291DD2C5
S31508012E00D4E90BE6D4E90D70AAEB08050AEB08022A
S31508012E1005EB070BAB19A8EB0A05AEEB020102EBB2
S31508012E2000091744B21A28447544C4E9111BC4E9B8
S31508012E301539C4E91375C4E917021EE0BCF1000F80
S31508012E4019D104F12C07E4CF05EB0A0307EB0A09AC
S31508012E50A6EB080EA7EB0A07A5EB0A054644C4E943
S31508012E601539A2EB08014244C4E91775C4E9111ED4
S31508012E70C4E9136201E0616C636D00271E460A46C8
S31508012E80032F11D004EB8700856C806DB042C8BF53
S31508012E9006469842B8BF03468D42C8BF29469542A1
S31508012EA0B8BF2A460137EBE7202006F11F070025A0
S31508012EB093FBF0F392FBF0F07F09C0EA03426266E6
S31508012EC07242002E01F11F0648BFA5EB5217FA1AE6
S31508012ED04B427609002948BFA5EB5316301AC0EABA
S31508012EE00240BCF1010FA06618D104F12C030FCBE7
S31508012EF001EB0A0C03EB0A06A2EB0807A3EB0A038C
S31508012F00A1EB0A014244C4E915C6A0EB08054044F1
S31508012F10C4E91731C4E91157C4E91320BDE8F88F8C
S31508012F200164FFF7FCBE436B8B4203D1836B93426B
S31508012F3008BF7047C0E90D12FFF7F1BE80B586B02C
S31508012F4005900491039205980090049801F0A6F95A
S31508012F500290039801F0A2F901460098019102999D
S31508012F60019AFFF7E0FF06B080BDC36A8B4203D121
S31508012F70036B934208BF7047C0E90B12FFF7CFBE38
S31508012F8080B586B00590049103920598009004983F
S31508012F9001F084F90290039801F080F9014600983E
S31508012FA001910299019AFFF7E0FF06B080BD000082
S31508012FB010B50446FAF764FA0B490020C4E90B0078
S31508012FC0C4E90D0004F14000083121602021E163C4
S31508012FD02C21EDF700FC122000210022E066204694
S31508012FE002F054FA204610BD1C36020808F0C0BA91
S31508012FF080B582B0019001980090FAF757FA0098C7
S3150801300002B080BDB0B50488838825B2002D03D5EA
S3150801301000242B4404808380091B1BB29942B8BF44
S3150801302081804388C1881CB2002C03D50023214422
S315080130304380C180D21A09B28A42B8BFC280B0BDE4
S31508013040B1F90430012B37DBB1F90620012A33DB4C
S31508013050F0B5B0F90450012D28DBB0F906C0BCF172
S31508013060000F23DDB0F90060B1F90040B1F9027033
S31508013070B0F902E023443544BE4539463A44B8BF5F
S315080130807146A6422DB21BB24180B8BF34460480B0
S3150801309012B29D42C8BF2B461B1B83800EEB0C0345
S315080130A01BB29342C8BF1A46521A02E083800968C6
S315080130B00160C280BDE8F0407047000080B583B06A
S315080130C084460598CDF808C0ADF80610ADF8042079
S315080130D0ADF80230ADF800000298BDF8061001807F
S315080130E0BDF804104180BDF802108180BDF80010BA
S315080130F0C18003B080BD000081B000900098002116
S31508013100018041808180C18001B07047F8B50D46C4
S31508013110044607F0C0F840B3B5F90020B5F902C076
S31508013120B4F90210B4F90000614566461746C8BFEE
S315080131300E4666809042C8BF0746A3882780184472
S31508013140AB8800B21A4412B29042B8BF0246D01BED
S31508013150A080E0880844E98800B2614409B288423F
S31508013160B8BF0146881BE080F8BD0020606020607A
S31508013170F8BD000082B00190009101990098C863DA
S3150801318002B0704780B582B001900198009000F0B6
S3150801319029FF009843F29461C0F6020108310160E3
S315080131A00021C16302B080BD80B582B0019001984B
S315080131B0009000F005F8009808F0DAF902B080BD31
S315080131C080B582B001900198009000F03BFF00980D
S315080131D002B080BDE0B101460020B1F5803F38BF9D
S315080131E0012038BF09040001B1F1807F3CBF0830D6
S315080131F00902B1F1805F3CBF04300901B1F1804F8A
S315080132003CBF02308900B1F1FF3FC8BF01307047AA
S315080132102020704780B582B08DF803008DF8021022
S315080132208DF801209DF8030000049DF8021040EA7C
S3150801323001209DF80110084440F07F4101A805F0DE
S315080132401BFB019802B080BD70470A88C28402F050
S315080132500CB90000B0B50C46054604302221EDF73D
S31508013260BAFA0848214608302860012085F8250061
S31508013270FF2085F828002088E8842846FFF7E5FF1F
S315080132802846B0BDC836020808F072B980B582B0C2
S3150801329001900198009000F05DFF009802B080BD92
S315080132A080B586B0ADF8160000200490BDF816006A
S315080132B0002849DCFFE7BDF816104AF27C30C2F255
S315080132C0000050F82100F0B1FFE7BDF816104AF2E8
S315080132D07C30C2F2000050F821000390039801687F
S315080132E008444AF28431C2F2000108600398416831
S315080132F008444AF28C31C2F20001086003988168D9
S31508013300084404901FE04AF28431C2F2000144F6EF
S31508013310E070C0F603000860BDF8161042F66400B6
S31508013320C0F6020050F821004AF28C31C2F20001BF
S315080133300860BDF8161045F25020C0F6020050F894
S3150801334021000490FFE7FFE70498A0B1FFE7BDF865
S3150801335016004BF2A441C2F20001088004980290BB
S31508013360F7F72CFF0190F7F727FF01990246029814
S3150801337005F046FAFFE706B080BD000084B0DDF827
S3150801338010C00390029101928DF80330FFE74BF2CA
S315080133900000C4F202000068C00708B1FFE7F6E7BB
S315080133A04BF20801C4F20201232008604BF23401F2
S315080133B0C4F20201022008600298000401304BF2AF
S315080133C04401C4F20201086003984BF23C01C4F2BD
S315080133D0020108609DF80300FE282DDCFFE74BF289
S315080133E02401C4F20201022008609DF80310092095
S315080133F0C0F2010040EA01604BF21C01C4F202016D
S31508013400086001984BF22001C4F202010860039892
S315080134104BF21401C4F20201086003984BF20C0145
S31508013420C4F2020108604BF20001C4F20201012054
S31508013430C0F20200086014E04BF21C01C4F202015A
S315080134400220086004984BF23801C4F202010860B0
S315080134504BF20001C4F202010120C0F20300086028
S31508013460FFE704B07047000084B00390029101920F
S315080134708DF80330FFE74BF20000C4F20200006842
S31508013480C00708B1FFE7F6E74BF20801C4F20201EB
S31508013490232008604BF23401C4F2020102200860BD
S315080134A00198000401304BF24401C4F2020108609C
S315080134B003984BF23C01C4F20201086002984BF2F0
S315080134C00C01C4F2020108609DF80300FE281FDC06
S315080134D0FFE79DF80300000600F102104BF21C01FC
S315080134E0C4F2020108604BF22401C4F2020102206F
S315080134F0086003984BF21401C4F2020108604BF20A
S315080135000001C4F202010120C0F20200086010E0C5
S315080135109DF80300000600F102104BF21C01C4F2EB
S31508013520020108604BF20001C4F2020101200860A1
S31508013530FFE704B07047000084B00390029101923E
S315080135408DF80330FFE74BF20000C4F20200006871
S31508013550C00708B1FFE7F6E74BF20801C4F202011A
S31508013560232008604BF23401C4F2020102200860EC
S315080135700199090401314BF24402C4F202021160B5
S3150801358003994BF23C02C4F20202116002994BF212
S315080135900C02C4F2020211609DF80310090601F536
S315080135A000314BF21C02C4F2020211604BF22401F3
S315080135B0C4F20201086003984BF21401C4F2020135
S315080135C008604BF20001C4F202010120C0F20200B8
S315080135D0086004B070470000FFE74BF20000C4F230
S315080135E002000068C00708B1FFE7F6E74BF20801D9
S315080135F0C4F20201232008607047000082B00190DE
S31508013600009102B070470000F0B548480369CBB392
S315080136104288848802261C4F00210180C1802244E9
S31508013620C4EBC40406EB420603EB82053E40456142
S315080136303544C560032505EB440407F5F0152C4010
S3150801364004EB8204344423448361036A1B1B00246C
S31508013650C3614FF6FF73A24207D0056945F82410E6
S31508013660456925F814300134F5E700210C228388D1
S31508013670994207D2C36801319C5C04F0DF049C546B
S315080136800E32F4E7F0BD00BFFCFF010010B5274973
S31508013690002300244A88824298BF0124898811445C
S315080136A0814288BF012304EA030010BDB0B51F4D4E
S315080136B0AC6804B1B0BD049C6980A860104619467F
S315080136C02246BDE8B04000F00DB800BF10B5F2F7CC
S315080136D046FB20B11548006950F8240010BD0020AA
S315080136E010BD00BF10B5D9B1104B9C69C4B95C882F
S315080136F09A8014FA82F492B204EB4404C2EBC20231
S31508013700640004EB42028A420BD21962810720F057
S31508013710030118BF081D1861BDE81040FFF774BF03
S3150801372010BD034803493F22ECF774FFD802002075
S31508013730D04A0208294B020882B00190ADF802105E
S315080137400198BDF80210018002B0704780B582B0B9
S315080137500190019800900C3005F096F8009802B097
S3150801376080BD10B5044690F8600070B194F86C00FD
S3150801377094F86D10084208D118B1D4E91912F2F774
S315080137808CFAD4E91C12F2F788FAD4E90612002059
S3150801379084F860008A4298BF012010BD2DE9F041E6
S315080137A004464A480B4604F1500C0068012808BF34
S315080137B013469CE8E010A3EB05080023B8454FF033
S315080137C00007A8BF0127FF00B8F1000F48BF04276B
S315080137D0B4F90850012808BFC1EB4512961B664586
S315080137E0A8BF01235800002E48BF0120074494F8BA
S315080137F06C00B8B117B117EA00011AD194F8601034
S3150801380021B1D4E91912F2F748FA0BE0D4E91912F1
S3150801381084F86D0004F11400F8F78AFC40F20110EF
S31508013820A4F8600004F1140041463246F8F776FC24
S31508013830394684F86C10C4E91986BDE8F08100BFE1
S31508013840F8B5044690F8600016460F4618B12046AA
S31508013850FFF787FFC0B31D4801683846012908BF2D
S315080138603046D4E9142CD4E9163E851A00200022E4
S315080138709D42A8BF0122D200002D48BF0422B4F9F7
S315080138800830012908BFC7EB43160021A6EB0C0631
S315080138907645A8BF01214900002E48BF01218F188E
S315080138A00AD184F86D0004F1140029463246F8F766
S315080138B03FFC012084F86100C4E91C5684F86000C5
S315080138C084F86C70C4E91956F8BD00BF10030020CE
S315080138D02DE9FC410446807A484300EB102001306B
S315080138E0070A380636D094F86100002832D02046F7
S315080138F0FFF737FF002830D06068DFF808810168D4
S31508013900D8F800508968884701462846FCF7A1FF80
S315080139100546FCF7C1FF0168496B88470646FCF76F
S31508013920BBFF0168096B8847102811D8DFE800F04A
S315080139301820272F64373F09090909096464646453
S315080139406400B4F90C00B4F90E1001FB0600054435
S31508013950002039E00120BDE8FC810020BDE8FC819A
S31508013960B4F90E10B4F90C00714301EB4000EEE70F
S31508013970B4F90C00B4F90E1000EB4000E5E7B4F910
S315080139800E10B4F90C00714301EB8000DFE7A08942
S31508013990082201B291FBF2F1A0EBC1000EE0A08969
S315080139A0042201B291FBF2F1A0EB810006E0A089A5
S315080139B0022201B291FBF2F1A0EB4100B4F90E200B
S315080139C009B202FB06110D446168FAB2C0B233B2FC
S315080139D0CDE9000204F114002A46F8F7B3FB0546BF
S315080139E06068016809698847D8F800000168096BA9
S315080139F088472846BDE8FC813D4903A0E022ECF74B
S31508013A0009FE00BF9CB4002066616C7365202626FA
S31508013A102022556E737570706F72746564206269C1
S31508013A207420646570746822000000002DE9FE4365
S31508013A30044641600A98394900279946154604F112
S31508013A4014082646A07290880831276146F80C7F2B
S31508013A50216020814046F8F755FC04F150001221F7
S31508013A60C4E91C77ECF7B7FEA4F86C70C4E91977BA
S31508013A70FBF75CFFA0B32888D9F800206988D9F834
S31508013A80043001EB12411044CDE90023C0EA01409C
S31508013A902946C4E903036846FBF7BCFF3046FBF732
S31508013AA0A7FF0098A064404600F068FFB4F910002B
S31508013AB0B4F91210BDF90420BDF9063004F1500518
S31508013AC0C4E90F01A4F84C00BDF90000BDF90210C4
S31508013AD052015B01400149010FC52046BDE8FE833D
S31508013AE0024803492A22ECF795FD00BFD450020883
S31508013AF03051020880B500F005F8BDE8804007F0AE
S31508013B0037BD000010B50446044800F108012046F7
S31508013B1040F8141B00F0C8FF204610BD34370208D0
S31508013B2081B0009001B070470A4609688B69011D8A
S31508013B301046184782B001908DF8031002B07047FD
S31508013B4081B0009001B0704781B0009001B0704714
S31508013B50F0B589B00D46016B002969D0044607A85E
S31508013B6006F076FE2989A08E01440BB2BDF91C1018
S31508013B70994231DCBDF820200A4412B29A422BDD63
S31508013B806E89B4F836E0764437B2BDF91E60BE4296
S31508013B9022DCBDF8223033440FFA83FCBC451BDD19
S31508013BA0AB89184400B2814208DC824206DDE88905
S31508013BB0704400B2864201DC84450DDC4B4808306E
S31508013BC003900020ADF81800059002200490206BA0
S31508013BD001684A6C03A99047211D01A806F038FE21
S31508013BE01448BDF80610BDF804200830039068682B
S31508013BF00490BDF81E00081AE18E0844E9890144BB
S31508013C00ADF81A10BDF81C10511AA28E1144AA89D2
S31508013C100A44ADF818206A891044ADF816002889B7
S31508013C200844ADF81400206B0168CA6C03A99047D3
S31508013C3009B0F0BD683A020881B0009001B070473A
S31508013C40F0B58BB0044606460D4654F8300F10B150
S31508013C506868002848D0371D09A8394606F0F8FDD6
S31508013C606868A8B92989BDF82430B5F80AC0BDF82D
S31508013C7026E006F1360006F13402CDE90020C81A1D
S31508013C80234601B2ACEB0E0002B2384604F036FA0E
S31508013C90216849B307A806F0DBFD1448F18E002711
S31508013CA0ADF818700830039068680490688908446C
S31508013CB0BDF81E10401ABDF826100844B18EADF89D
S31508013CC0160028890844BDF81C10401ABDF82410AE
S31508013CD00844ADF81400306B01684A6C03A9904793
S31508013CE0686808B1C4E900770BB0F0BD942D0208E5
S31508013CF0B0B586B00D46016B01B3044604A806F0BB
S31508013D00A7FD0F48E18E083000902889ADF8080014
S31508013D1068680190A8890844BDF81210401AA18E56
S31508013D20ADF80C0068890844BDF81010401AADF8C2
S31508013D300A00206B01688A6C6946904706B0B0BDD7
S31508013D40582F020880B582B001900091019804307D
S31508013D50009904F0B5FA02B080BD1FB50A460446BB
S31508013D6000F1080102A806F0D4FA94F8380020B147
S31508013D7002A9204600F00FF91FBD04346846214602
S31508013D8006F066FDBDF80000BDF80810081ABDF872
S31508013D900A10ADF80800BDF80200081AADF80A00C5
S31508013DA002A9204607F01BF91FBD0000E0B5002156
S31508013DB00091A2490988ADF806109F490988ADF80E
S31508013DC0041001688A68694690478CBD2DE9F0415F
S31508013DD088B08046B1F904000128C0F2D980B1F94A
S31508013DE006000D460128C0F2D3801446204601F08C
S31508013DF099FB294606F04FFAE16918B900290C46DC
S31508013E00F4D1C5E0002900F09E8020682146C268E9
S31508013E1004A89047204601F0FDFA0746BDF8106050
S31508013E20204601F00AFB0599BDF812200391F11904
S31508013E301044C1EA00402946029002A8FFF766F934
S31508013E40204601F06FFB0146DDE90202CDE90002D9
S31508013E506846FFF75BF9DDE90001CDE9060106A829
S31508013E60294606F05FFA00286DD0BDF91C00012825
S31508013E7064DBBDF91E00002860DDB5F90220BDF935
S31508013E801A10914211DDA888ADF81220ADF8140078
S31508013E902888ADF81000881AE269ADF8160004A959
S31508013EA04046FFF793FFF1F7DFFDB5F90020BDF9AD
S31508013EB01830934212DDADF81600981AADF81020A5
S31508013EC0E269ADF81210ADF8140004A94046FFF7EF
S31508013ED07DFF2A88F1F7C8FDBDF81830BDF81C60CA
S31508013EE03344AE881BB2324412B29A420FDDADF8A2
S31508013EF01600D01AE269ADF81210ADF81030ADF817
S31508013F00140004A94046FFF761FFF1F7ADFD084427
S31508013F106988EA8800B2114409B2814213DDAA8888
S31508013F20ADF81200081AADF816004046ADF814208F
S31508013F302A88ADF81020E26904A902E0E269404640
S31508013F402946FFF743FF204601F0ECFA024606A888
S31508013F50294606F0DEF9BDF91C00012818DBBDF972
S31508013F601E00012814DB204601F054FABDF818108A
S31508013F70081AADF81800204601F05FFABDF81A10C4
S31508013F80081AADF81A002068826806A920469047E3
S31508013F9008B0BDE8F08170B586B0054600200C462C
S31508013FA02E1D059003A8314606F052FC6068BDF83F
S31508013FB00E1002906088401ABDF80C10ADF8060084
S31508013FC02088401AADF8040001A905AA304604F074
S31508013FD065F8059A1AB128462146FFF7F7FE06B095
S31508013FE070BD00001CB50446114821210830206027
S31508013FF004F10800ECF7EFFB002001210022C4E9D7
S315080140000B0060630B4884F8291084F8381000F116
S315080140100801204640F8041F0749B1F9003007494D
S31508014020B1F900100091002101F0BAF920461CBD32
S3150801403048370208D8390208080300200A03002075
S3150801404007F096BA80B582B00190019800900430C5
S3150801405004F0FAF9009802B080BD0000B0F84020DB
S315080140608A4210D9013AA0F8402092B28A4209D967
S3150801407000EBC20350F832205B6840F8312000EBB0
S31508014080C100436070471A481A4940F2DD12ECF73D
S31508014090C1FA00BF10B5B0F84030082B3FBF5C1C11
S315080140A0A0F8404040F8331000EBC3003CBF426023
S315080140B010BD03480F4940F2A312ECF7ABFA00BF53
S315080140C0F1490208B0F880208A420AD9013AA0F8D3
S315080140D0802092B28A4284BF50F8222040F82120DB
S315080140E070470348034940F2DD12ECF793FA00BF23
S315080140F0204A0208644A020880B584B00390ADF8E4
S315080141000A10ADF8082001930398009006F0CCFB3D
S3150801411048B1FFE7009806F059FB20B1FFE7009880
S3150801412001990860FFE704B080BD000080B582B040
S3150801413001900198009001F071FA009843F27C71A0
S31508014140C0F602010831016002B080BD81B000905D
S31508014150FEDE000080B582B001900198009001F062
S315080141607FFA009802B080BD7CB501AB14460D46B6
S31508014170064600F03BF8002E31464FF0FF322B463B
S3150801418018BF0121B6F1FF3FD8BF1146002D18BF50
S315080141900123B5F1FF3FD8BF134659432346002CE7
S315080141A018BF0123B4F1FF3FD8BF1346594301296C
S315080141B00CDB0199002900D54942002C00D564423F
S315080141C0621CB1EB520F28BF01307CBDB1F1FF3F34
S315080141D000DD7CBD002C00D564420199002900D57B
S315080141E04942B1EB540F88BF01387CBDF8B54FF091
S315080141F0FF37B0F1FF3F1C461546C8BF0127002906
S3150801420048BF7F42002800D54042002900D54942CF
S3150801421088420E462A4638BF064688BF0146002D03
S3150801422000D56A426B46304600F0EEFF00997943A5
S31508014230002D216048BF7F427843F8BD82B00190C6
S31508014240009101980099016002B070474FF4B4716A
S3150801425090FBF1F202FB1100002848BF00F5B4708B
S315080142605A2803D9B42805D8C0F1B400094931F848
S3150801427010007047B0F5877F05D8064901EB400065
S315080142800549405A04E00349C0F5B47031F81000F5
S31508014290404270479C3B020898FEFFFF80B582B0FA
S315080142A000900098410101A8FFF7C8FF019802B0E4
S315080142B080BD80B5002805D400290BD400F02AF862
S315080142C05A3080BD404200290AD400F023F8C0F5CF
S315080142D0877080BD494200F01DF8C0F15A0080BDC3
S315080142E0494200F017F800F5877080BD10B5014600
S315080142F000204FF48042B0EB114F18BF4FF08042B7
S315080143001318CC1A24BF2146981840089208F7D1E9
S3150801431010BD0000BCB5002820D40C46B1F1FF3F02
S315080143201CDD15460146A04206D220462A46FFF75D
S31508014330F1FFC0F15A00BCBD0846214600F024F839
S31508014340286048B1024601AB20464FF48061FFF769
S315080143504DFF00F039F8BCBD0020BCBD074902A0DD
S315080143604FF45D72ECF756F978203E3D2030202651
S31508014370262079203E3D2030000000001250020818
S31508014380C0F15A00FFF762BF70B501240028024642
S3150801439000D5424200290D4600D54D42960BAB0B7E
S315080143A0B6EB953FC8BF930B022B05D35C4391FB34
S315080143B0F3F190FBF3F0E9E7404301FB0100FFF756
S315080143C095FF604370BD000080B5002804D4B0F5A0
S315080143D0806F06D9002015E04042FFF7F5FF4042FD
S315080143E010E0B0F5357F09D94043C0F58010FFF7D5
S315080143F07DFFFFF7E9FFC0F15A0003E003300249E8
S31508014400C008085C40B280BD523C020884B0DDF8A1
S3150801441010C00390029101920093039843F2E4714C
S31508014420C0F6020108310160029941600199816073
S315080144300099C1600499016104B0704780B582B0E2
S3150801444001900198009000F005F8009807F090F89F
S3150801445002B080BD81B00090009801B07047016933
S31508014460CA888B881A430ED0B1F90220002A0AD4C9
S31508014470C36A934207DDD0E901329A423CBF08314B
S315080144800161511C816070472DE9F04FD1B080461A
S3150801449000EBC10B0DF1040AABEB0800482841DD1E
S315080144A06FF00701D8F80450D8F8004008F108065B
S315080144B001EA500008EB000158F800304A68C8F8CC
S315080144C00030C8F804204D60ABF1080548F80040F3
S315080144D03146284600F0C0FA38B1306871682A6852
S315080144E06B6832607360696028604046314600F047
S315080144F0B3FA78B1D8F80000D8F80820D8F804102B
S31508014500D8F80C30C8F80800C8F80C10C8F800200C
S31508014510C8F804302846414600F09EFA002840466D
S3150801452028D12FE06FF0070708F108045C4519D276
S315080145304FF0000908EB090505F10806294630463A
S3150801454000F08AFA58B130682A6871686B68A9F16F
S31508014550080932607360286069604F45EAD1083FEF
S31508014560A046E1E701A882453CD95AF8088DDAF850
S3150801457004B091E7016842682B686C68036044607F
S315080145806A602960ABEB060708364146304600F0FB
S3150801459063FA083F0028F7D1A5EB0804083D404611
S315080145A0294600F059FA083C0028F7D1AE4211D93C
S315080145B0D8F80000D8F804102A686B68BC42C8F815
S315080145C00020C8F804306960286005DD40462946A0
S315080145D0B04604E03046CDE759463046AB46EAE8F0
S315080145E0020159E751B0BDE8F08F2DE9F04F8DB0C2
S315080145F0054616980F465611984602F01F034111B3
S3150801460000F01F0A8E4205D1284631463A46CDE9C1
S31508014610008A95E0841AB4F1FF3F0DDDE86A864207
S3150801462000F390808142C8BF411CC3F12000069166
S315080146300122059220220FE0002A00F18380B0F1C1
S31508014640FF3F4FF0FF304FF0FF320590D8BF1146BC
S315080146500691644200221846A8EB070108924843CE
S315080146600C9190FBF4F101FB1409C819314600EBD2
S31508014670E97B2846CDE900B23A4600F0AFF805983D
S315080146804FEA6B11871928463A4600F05EF8069BF1
S315080146909F4203D10898C0F120034CE00C9ACDE95A
S315080146A003A8500190FBF4F000FB04F1C1EB4211A1
S315080146B000EBE17000290A9048BF2144059A0B9145
S315080146C02146D01AB9F1000F0C9058BFA9EB04097D
S315080146D0500009900898C0F1200007900C9880199D
S315080146E026D00B9897199246884681440A98B9F1BB
S315080146F0FF3F00EB0B04C4BF0134A9EB0109002FEE
S315080147000BD4E86A874208DA0898079B39465A465D
S31508014710CDE90040284600F061F80998611182192F
S31508014720284600F029F83E46A34641465246D5E7B3
S31508014730DDE903A8079B0699CDE9008A28465A466A
S3150801474000F04CF80DB0BDE8F08F70B5064600696B
S315080147500C461546B0F90010A14203D1B0F9020082
S31508014760A84207D03046FFF77AFE3069002141603A
S315080147704580048070BD000070B5064600690C4688
S315080147801546B0F90010A14203D1B0F90200A842BA
S3150801479008D03046FFF763FE306900214160458045
S315080147A0048070BD904902A06822EBF733FF00BF71
S315080147B063757243656C6C5074722D3E7820213D89
S315080147C02078207C7C2063757243656C6C5074720A
S315080147D02D3E7920213D2079000000002DE9F04F7A
S315080147E089B004461298139D1F460B464111BD42D6
S315080147F006D120461A4609B0BDE8F04FFFF7A5BF16
S31508014800561100F01F0C02F01F0A8E420BD12269C5
S31508014810E91B0CEB0A0093880B449380D38800FBB1
S315080148200130D08086E0CDF810C00891801AE91BC6
S31508014830B0F1FF3F06DDCAF120024FF001094FF042
S31508014840200C05E040424FF0FF394FF0000C52466C
S3150801485051430190CDF80CC0029391FBF0F202FB93
S31508014860101821694CEA0A00CA46B14402EBE87BF2
S315080148708A885A448A80CA880BFB00201A46C8804F
S3150801488020464946FFF778FF089B5F44994543D080
S315080148900BEB05000095D146C01B019D410191FB1B
S315080148A0F5F101FB05F2C2EB401001EBE0710028BE
S315080148B0069148BF28440790B8F1000FA3EB0A00F8
S315080148C008904FEA4A0058BFA8EB05080590DDF89D
S315080148D008B00898B0421ED00798DDF818A05A46C5
S315080148E08044B8F1FF3FC8BF0AF1010A20698188EF
S315080148F051448180C18801EB4A11C180059881190B
S315080149002046FFF739FFB8F1FF3FC8BFA8EB0508F6
S315080149104E445744DDE7009D2169DDE90336E81B6E
S315080149208A8802448A8006F12002D21ACB8800FBC3
S315080149300230C88009B0BDE8F08F10B50446406A58
S31508014940C10708D0D4E90712204600F04FF8606A7B
S3150801495020F00100606280070ED52046FFF77FFD33
S31508014960A16829B16068814202D8E068FFF78CFD29
S31508014970606A20F002006062E06810BD10B5044666
S31508014980FAF7B8FFE060FAF7C1FFC1080F286160BE
S315080149900FD900200139626AC4E90110E168216171
S315080149A048606FF080200860022060F301026262AD
S315080149B010BD0D4901A03A22EBF72CFE6D61784333
S315080149C0656C6C73203E203120262620224E6F749A
S315080149D020656E6F756768206D656D6F72792066E3
S315080149E06F72204357522200705102087CB5044663
S315080149F090F82400800712D515460E46D4E905120B
S31508014A00B14208BFAA420AD0204633460095FFF7AD
S31508014A10ECFD606AC4E9056540F0010060627CBD91
S31508014A2070B50546406A0E461446810703D42846E2
S31508014A30FFF7A4FF686AC00704D0D5E9071228461C
S31508014A40FFF7D4FF711162112846FFF77EFEC5E90B
S31508014A500564C5E9076470BD0246B1F90200B2F9F9
S31508014A6002308342BCBF012070474FF0000006D1D7
S31508014A70B1F90010B2F900208A42B8BF0120704787
S31508014A8010B504460C48242108302060201DEBF798
S31508014A90A2FE6FF00040C4E90A002046FFF76EFF48
S31508014AA0204610BD06F064BD0021C0E90311024984
S31508014AB008310160704700BFF43702082DE9F84F45
S31508014AC0D0F800808246994615460E46404600F0C3
S31508014AD0C8F9002E0746DDF834C0DDE90AE218BF39
S31508014AE00137582D18BF782D12D100260746B9F17E
S31508014AF0000F1DD0FAB901281DD1B8F800003028D9
S31508014B0011BF012108F10208CAF80080002113E04B
S31508014B10642DECD0692DEAD06F2DE6D0732D16D011
S31508014B20632D05D14FF0000E0121002601271AE059
S31508014B300025014618E00146B8B2904204DAD51BB1
S31508014B404FF0000E17460FE04FF0000E0BE0B9F1DB
S31508014B50000F01464FF0000E074618BF1146904256
S31508014B60D8BF014600260025DDF84490DDE90F206F
S31508014B70BCB20023644525DA0C9C1CB30E9CACEB35
S31508014B800703FCB98FB28EF00104B7FA87F77F09DC
S31508014B903C4301D11D4414E01C0412D01468A0F151
S31508014BA0010B4FF6FF7C4FF0200E1CFA83F39FB2E0
S31508014BB09F4206D05C4504DA29F814E001341460F2
S31508014BC0F3E70023471E14682EB1BC4203DA29F81D
S31508014BD01460013414602E0404D0BC4202DA013D8B
S31508014BE03026F4E708F102054FF6FF7616FA81F149
S31508014BF088B2884212D0BC4210DA35F8020CCAF8DB
S31508014C000050023529F8140001341460EEE7BC425D
S31508014C100BDA202029F81400013414604FF6FF70CE
S31508014C2010FA83F398B29842F1D1BDE8F88F2DE9CD
S31508014C30FE4F0546002017461E460C461870DDF83D
S31508014C4030B08BF800000D9A10700E9B38801870E2
S31508014C50109908702868DDF84480DDF83CA0CDE994
S31508014C600021029308B1008804E0206808B10078A1
S31508014C7000E000204FF00109202805D0232805D09F
S31508014C802D2806D02B2813D1388004E08BF8009004
S31508014C9001E086F8009028462146F0F7F6FE01D095
S31508014CA00088E9E7216800200029E5D00878E3E7CC
S31508014CB0A0F130010A290DD20121029A302811707A
S31508014CC062D10098017028462146F0F7DEFE07D02A
S31508014CD0008809E02A2817D102990120087005E001
S31508014CE0206800284FD000782A284DD14FF0FF3090
S31508014CF02146CAF800002846F0F7C7FE01D0008809
S31508014D0002E02068E8B300782E283AD101990120FB
S31508014D10087028462146F0F7B8FE01D0008802E05F
S31508014D20206868B100782A280BD14FF0FF30214658
S31508014D30C8F80000284603B0BDE8F04F00F0ADB84A
S31508014D4000200021C8F80010A0F13001092911D866
S31508014D50D8F80010F0F7F7FEC8F800002846F0F773
S31508014D6094FE01D00088EFE7216800200029EBD0E6
S31508014D700878E9E7D8F800000628A8BF0620C8F889
S31508014D800000BDE8FE8F00200021CAF80010A0F13E
S31508014D9030010929B8D8DAF80010F0F7D4FECAF8B4
S31508014DA000002846F0F771FE01D00088EFE7216878
S31508014DB000200029EBD00878E9E771B3F0B589B08E
S31508014DC09C1E222C26D800240DF1030C07468DF8CB
S31508014DD023401F2497FBF3F606FB03F57F1B4FF0D1
S31508014DE0570548BF7F420A2F38BF30253D4437460D
S31508014DF00CF80450013C002EECD1B0F1FF3FDABFAC
S31508014E002D200CF8040001340CEB0403084619465E
S31508014E1000F030F809B0BDE8F040704701B3F0B5CD
S31508014E2089B09C1E222C18D800248DF823400DF138
S31508014E3003041F34B0FBF3F5572705FB13060A2EA7
S31508014E40B8BF30273E44984204F801692846F1D292
S31508014E50631C0846194600F00DF809B0BDE8F04094
S31508014E607047002120B1028812B101310230FAE7F8
S31508014E7088B27047002370B169B110B50023934217
S31508014E8006D20C78048024B1013301310230F6E7E9
S31508014E901346BDE8104098B2704702680AB102325B
S31508014EA00260086808B101300860704781B0C0B572
S31508014EB0039303AB009300F004F8BDE8884001B002
S31508014EC070471CB5144600930022234600F002F8E9
S31508014ED01CBD00002DE9F04FA5B004460020CDE920
S31508014EE023320D4642219A469346229011AE304608
S31508014EF0EBF771FC002C00F080812E986F1E099546
S31508014F000A90B01C08902846229ED046584608B1F9
S31508014F10008805E0B8F1000F14BF98F800000020DA
S31508014F20002800F06781BE4280F26481D046584667
S31508014F3030B1018849B3252927D0BE420BDB24E0CD
S31508014F40B8F1000F26D098F8001041B325292AD0C8
S31508014F50BE4228DA68B130F8021BB8F1000F24F80E
S31508014F601610249001D0834608E04FF000088346C6
S31508014F7009E098F8000024F81600002008F1010A53
S31508014F80D046CDF88CA00136D2E7229601880025B5
S31508014F9081460FE022964FF000080020B7E72296D7
S31508014FA04FF0000903E0002881462296EED198F8D1
S31508014FB0001001250029AAD0BE42A8DA0020ADF8C2
S31508014FC042008DF841008DF840008DF83F008DF8BC
S31508014FD03E000E908DF837000C9015B909F10200C4
S31508014FE02490B8F1000F1CBF08F1010023900DF1C0
S31508014FF042020DF1410310A800900DF13F00019006
S315080150000DF13E0002900EA803900DF137000490B1
S315080150100CA8059024A823A9FFF709FEDDF838A0F6
S31508015020BAF1FF3F06DC0A9901C920EAE07A0A913A
S31508015030CDF838A0DDF830B0BBF1FF3F06DC0A99A0
S3150801504001C920EAE07B0A91CDF830B0DDE923C138
S3150801505009B10A8804E0BCF1000F4AD09CF8002087
S31508015060A2F16303152B0AD8012000FA03F3654858
S31508015070034204D011AD0B9559B108880EE0582AA0
S31508015080F8D0252A35D12522E046894624F8162066
S315080150909DE0BCF1000F48D09CF80000A0F16F011B
S315080150A0092919D9582856D0692818BF642831D131
S315080150B009980A990A23801B82B201C90A912946CD
S315080150C0FFF77BFEBDF844002D285BD108980B90AD
S315080150D02D20ADF8420055E00998801BDFE801F064
S315080150E00525252529252E2525320A9982B2082343
S315080150F02BE0CDE9238935B1B8F1000F14BF98F833
S315080151000000002001E0B9F8000024F81600701C20
S3150801511022905CE0632808D10A9901C90A91002105
S31508015120ADF84400ADF846102CE00020ADF8440077
S3150801513028E00A9901C9CDE90A1023E00A9982B241
S315080151400A2302E00A9982B2102301C90A91294663
S31508015150FFF764FE16E0099829461023801B82B2E0
S315080151600A980068FFF75AFE298841B1A1F1610240
S3150801517092B2192A9CBF203929800235F4E70A9888
S3150801518004300A90DDE92389BDF84210B9F1000F10
S3150801519002D0B9F8002005E0B8F1000F14BF98F85D
S315080151A0002000229DF83F009DF83E509DF8416081
S315080151B09DF83730CDE9000BCDE9025A049622A8AD
S315080151C005900998CDE906040BA8FFF777FCB9F114
S315080151D0000F1ABF09F1020BCDF890B04FF0000B82
S315080151E0B8F1000F0EBF4FF0000A08F1010ACDF819
S315080151F08CA089E6002024F81600204625B0BDE8D3
S31508015200F08F00BF431025002DE9FC471C461546C3
S315080152100E4690B18EB10746FDF7DCFF88B93046D8
S31508015220FDF7D8FF002830463E46F2DC4FF0FF3046
S3150801523020606FF00040BDE8FC8700202060BDE8D3
S31508015240FC8736FA00F824D04FF0FF3107FA00F947
S315080152502A46234601FA00F03946B9FBF5FA26EA49
S315080152600000FFF7D1FF0AFB1591064601AB404640
S315080152702A46FFF7C9FF2168019A1144B1FBF5F2E5
S3150801528002FB151121600AFB086108441044BDE8B8
S31508015290FC8706FB07F1B1FBF5F000FB1511216050
S315080152A0BDE8FC8780B584B003900398416882689D
S315080152B00192C06801EB60010291C00730B1FFE7B6
S315080152C00199029800684058009002E00198009000
S315080152D0FFE702980099884704B080BD80B58AB077
S315080152E0019302920A460199034602980991089088
S315080152F008980999079306920591049007980390CF
S31508015300F9F7F0FD039843F60401C0F602010831E6
S315080153100160069941600499059AC26081600AB0E4
S3150801532080BD000080B582B0019001980090F9F720
S31508015330D9FD009843F60401C0F60201083101605F
S3150801534000214160C160816002B080BD80B582B034
S3150801535001900198009000F005F8009806F008F908
S3150801536002B080BD80B582B0019001980090F9F72E
S31508015370C9FD009802B080BD80B584B00390029142
S31508015380039801900299F9F7C3FD0198029B5968A0
S315080153909A68DB68C3608260416004B080BD000022
S315080153A080B584B084460698CDF80CC0ADF80A10CD
S315080153B0ADF80820ADF80630ADF804000398009062
S315080153C0BDF90A10BDF9082000F0E6F80098BDF904
S315080153D00610BDF9042000F059F804B080BD70B577
S315080153E0044652EA010008BF70BD20680E461546FC
S315080153F0816920468847A088304401B2E08828445C
S3150801540002B2204600F0C8F8206881692046BDE846
S31508015410704008471CB50446008C4FF6FF71884258
S3150801542009D16846214605F013FABDF80000BDF812
S3150801543002102084618400B21CBD1CB50446408C50
S315080154404FF6FF71884209D16846214605F000FAF0
S31508015450BDF800002084BDF80200608400B21CBDBE
S3150801546081B00090002001B0704770B50546084626
S315080154700C4605F0CDF80646204605F033F90246F6
S3150801548028463146BDE87040AFF3008080B584B048
S315080154900390ADF80A10ADF8082003980190BDF9FC
S315080154A00A100268926B90470198BDF908100268C4
S315080154B0D26B904704B080BD80B584B00390029149
S315080154C001920398009000F01FF800980199096865
S315080154D0C1610199086004B080BD000082B00190E5
S315080154E0009102B07047000081B0009001B070478A
S315080154F082B00190009102B07047000082B001901D
S31508015500009102B07047000081B0009000994FF6F3
S31508015510FF7088810884488401B0704781B0009083
S3150801552001B07047BCB5044605464FF6FF7134F81D
S315080155300C0F88420CD10020A968009028680191B7
S315080155406946826A28469047DDE90001C5E90301F3
S315080155502046BCBDB0B5054608680C46C268284653
S31508015560904720682946C26A20469047B0BD000088
S3150801557082B00190ADF802100199BDF80200888049
S3150801558002B0704782B00190ADF802100199BDF8DA
S315080155900200C88002B0704780B584B00390ADF8A8
S315080155A00A10ADF8082003980190BDF90A1002689F
S315080155B0126B90470198BDF908100268526B904723
S315080155C004B080BD80B582B00190ADF80210ADF887
S315080155D000200198BDF802108288891ABDF80020BA
S315080155E0C388D21A03685B6D09B212B2984702B032
S315080155F080BD000082B00190ADF802100199BDF896
S315080156000200088102B0704782B00190ADF802101D
S315080156100199BDF80200488102B0704780B582B091
S3150801562001900198009043F61C01C0F60201083169
S3150801563001600430FDF760FD00980C30FDF75CFD54
S315080156400098002141618161C1610184418480F82A
S315080156502410012180F8251002B080BDFEDE00006D
S3150801566081B00090009801B0704700002DE9F04321
S3150801567085B0054617461E4A88460C9EC0884FF0D7
S3150801568000091C46ADF81030A988CDF808900832F3
S31508015690ADF81260ADF80E00ADF80C10591A01926A
S315080156A00AB281EAE231A1EBE2310AB2A98A8A4257
S315080156B008DC301A02B280EAE230A0EBE23000B22E
S315080156C0884210DD286901684A6801A99047F01BDC
S315080156D0A5F80890EE80AC80A881A4EB0800688143
S315080156E00120A87300E0002005B0BDE8F08300BFE3
S315080156F0683A0208F0B585B00446481E1F461646A4
S315080157000D46022820D2B4F90A00032802DC10F15A
S31508015710040F08DC1949F0F7C6F90021029101685E
S315080157208A6801A99047B4F90C00032802DC10F134
S31508015730040F10DC1149F0F7B6F90121029101684D
S315080157408A6801A9904706E02DB90020E780A6805E
S31508015750A060C4F80B000A48ADF80E70ADF80C60ED
S315080157600295083001900020ADF810002069016803
S315080157700A6801A9904705B0F0BD00BF582F020875
S31508015780942D020801617047817B49B10189013174
S31508015790018189B2082922BF00218173C0F80A1044
S315080157A07047000081B00090009800210180418077
S315080157B08180C180018141818181817301B07047F6
S315080157C080B582B0019001980090FFF7EBFF009831
S315080157D000210161818202B080BD0000FEB5177803
S315080157E05678DDE9084577B1012F17D0022F43D145
S315080157F0032E4ED8DFE806F002311D33F0F76AFBB7
S3150801580000F082FEFEBD032E37D8DFE806F0022E31
S315080158101518F0F75FFB01F0BDF9FEBD032E32D86E
S31508015820DFE806F002101215F0F754FB00F02EFF20
S31508015830FEBDD0F8800014E0D0F8800016E0D0F85C
S31508015840840013E0C06F04E0D0F8800001E0D0F8CE
S31508015850840088B1066836690BE0C06F01E0D0F8AC
S31508015860840048B10668B66803E0C06F20B10668CF
S31508015870F668CDE90045B047FEBD164916A040F2C7
S31508015880CF12EAF7C7FE134905A04FF4F672EAF7F5
S31508015890C1FE1F480F494FF4D972EAF7BBFE00BF94
S315080158A066616C73652026262022556E6B6E6F77AE
S315080158B06E204C385F52474238383820636F6D7016
S315080158C072657373696F6E20616C676F726974684C
S315080158D06D2122007449020866616C7365202626CB
S315080158E02022556E6B6E6F776E204C385F4152479A
S315080158F0423838383820636F6D7072657373696F13
S315080159006E20616C676F726974686D2122000000F0
S31508015910194702082DE9F04F85B090460F9A002ADB
S3150801592000F09880B3F90460012EC0F29380B3F9B0
S315080159300650012DC0F28E80B4B2B3F90060B3F9F6
S3150801594002300E98ADB2FF2A03FB086301EB43064A
S3150801595048D04FEA480182F0FF090194A1EB4401BE
S315080159600091C1B251430491C0F30721C0F3074026
S3150801597000FB02F705FB08F0DFF80081514306EB4F
S315080159804000039102900298864263D206EB440ACC
S31508015990564523D2B6F800B0FC2000EADB00CBF36B
S315080159A041210D18F82000EA1B2040EA5B3019FB5B
S315080159B0007080B2C0470446039819FB050080B2FF
S315080159C0C0470546F0F71EFA049919FB001080B284
S315080159D0C047F0F7D7F926F8020BD9E70098019CDA
S315080159E00644D0E705FB08F106EB410500F02AF964
S315080159F05FEAC87109D1B10718D04FEA48013246A2
S31508015A00AA4211D210800A44FAE74FEA4801A1EBEB
S31508015A104401AE421ED206EB4402964202D226F851
S31508015A20020BFAE70E44F4E7013C0236E10714D10A
S31508015A3084B1611000EB0040AE420BD2B20716D119
S31508015A4006EB81023346934201D201C3FBE706EB1B
S31508015A504806F1E705B0BDE8F08F013C4FEA480278
S31508015A6006EB4401A942E3D208801144FAE710493A
S31508015A7003A040F2A942EAF7CDFD00BF412A010879
S31508015A80287265696E746572707265745F63617395
S31508015A90743C75696E747074725F743E28776275AA
S31508015AA0663332292026203329203D3D2030000047
S31508015AB0744902082DE9F04F97B004460E46086866
S31508015AC049689946CDE9140110685168CDE9120172
S31508015AD014A8F9F78DFF12A8F0F73EF9F0F7AAF91D
S31508015AE0BDF84C50BDF84E60F0F7FEF800EB4000EB
S31508015AF00444C0480068F0F757F9B9F1FF0F6BD0B5
S31508015B0040076BD4BB4836B20FFA85F8F0F79DF813
S31508015B10B949F0F78EF8F0F794F90C90BDF95400ED
S31508015B20A0EB080000EB40000B904800B9F1FF0F0D
S31508015B306FD0A0EB4800CDF83890DFF83CAD0A905D
S31508015B4089F0FF00DDF838900D900C98834573D2E3
S31508015B500BEB48000F900F98834538D2BBF800002D
S31508015B600D9B454694F8018000F01F01C0F382029F
S31508015B7042EAC101C0F3412259431191FC2101EACC
S31508015B80D001114401FB03F7F82101EA102141EA8A
S31508015B905030217858431091A17811FB090080B241
S31508015BA0D047064618FB0970A84680B2D047074673
S31508015BB0DDE9101011FB090080B2D04702463046D4
S31508015BC0394601F0ADF92BF8020B0334C3E70B98FC
S31508015BD004440A988344B8E7C00793D08548BDF8BA
S31508015BE04A30BDF848204FF00108BDF854700068E6
S31508015BF00168D1F844C080498DE8E002B1F800E0B7
S31508015C0000210891CDE90681CDE9041E2146E04728
S31508015C1015E0A0EB48060C9883450DD20BEB480717
S31508015C20BB4505D2EFF7FCFF2BF8020B0334F7E768
S31508015C300B98B3440444EEE76E48EFF7F6FF17B046
S31508015C40BDE8F08F80B584B0039003A8019005F0F4
S31508015C504BFB024601984FF4784101EA1221009163
S31508015C6005F042FB0099034601984FF4FC6202EAEB
S31508015C7053121144029105F037FB01460298C1F30C
S31508015C80C401084404B080BD2DE9F04F91B0054622
S31508015C900E46086849689846CDE90E0110685168AC
S31508015CA0CDE90C010EA8F9F7A3FE0CA8F0F754F8F4
S31508015CB0EFF797FF4F4FBDF83440BDF83660F0F760
S31508015CC066F805EB80053868F0F76EF8B8F1FF0F4E
S31508015CD07CD040067DD4386836B224B2EFF7E1FFAE
S31508015CE04549BDF93020BDF93230DFF88CABF0F704
S31508015CF0A8F809900020A0EB8401A0EB4400CDE9A7
S31508015D0007140690099883455CD208980BEB400462
S31508015D100A94A34549D22E68300E42D0B8F1FF0F36
S31508015D2008BFFF2838D000FB08F0D0470746BBF864
S31508015D30000000F01F01C0F38202C0F3412342EACA
S31508015D40C10187F0FF0251430B91FC2101EAD00101
S31508015D50194401FB02F4F82101EA102141EA503005
S31508015D60C6F30741504311FB070080B2D04781466D
S31508015D70C6F3072010FB074080B2D0470B990446AB
S31508015D80F0B210FB071080B2D047024621464846BA
S31508015D900A9C01F0C5F802E03046FFF753FFABF85D
S31508015DA0000004350BF1020BB3E70798BDF93C1067
S31508015DB0284400EB8105104906980988584400EBE8
S31508015DC0410B9FE70B48EFF730FF10E080067FF5A0
S31508015DD082AF3868EFF7E4FE01684F6DBDF83C10F5
S31508015DE0CDE9004602AC84E802112946B84711B04C
S31508015DF0BDE8F08F9CB400200C0300202DE9F04F7C
S31508015E0093B01C9C1F4616468A4605460A2C18BF9F
S31508015E10082C1FD1DFF80C8FD8F800000168D1F8DB
S31508015E20AC108847012843D130687168CDE9100163
S31508015E3010A8F9F7DDFD38687968CDE90E010EA8D5
S31508015E40EFF78AFFDFF8B046206801283AD1EFF765
S31508015E50B3FE39E064BB1D98FF2809D0DFF8C40EEC
S31508015E6000680168D1F8AC108847012840F0BD8266
S31508015E70504604F091FB0490DFF8A80EEFF7E5FE13
S31508015E80814630687168CDE9100110A8F9F7B0FDAF
S31508015E9038687968CDE90E010EA8EFF75DFFDFF8DE
S31508015EA058462068012840F05D81EFF785FE5BE1E1
S31508015EB01D98CDE900402846514632463B46FBF738
S31508015EC0BDFA90E2EFF77BFE05902068012802D122
S31508015ED0EFF775FE01E0EFF76FFEBDF946104FF0DB
S31508015EE0FF340125BDF9446004EB0040013901295D
S31508015EF098BF2946B0FBF1F00490504604F04CFBDC
S31508015F000390D8F80000EFF7CCFEEFF797FEBDF93E
S31508015F1042701944DFF8283E3A441B8802FB0311F4
S31508015F2000EB4100711E0D900598012988BF0D46A9
S31508015F3004EB00400024B0FBF5F9DFF8C4554FEA3D
S31508015F40490C09EB49024FEA890E09EB8907C9EBA6
S31508015F50C9064FEA420BCDF82CC007A8A0E8C440F1
S31508015F60BDF93E00844280F23982BDF93800BDF997
S31508015F703A10069409FB00F860180499002448436E
S31508015F800599000C4843039901EB800ABDF93C00C9
S31508015F9004F1400181425EDC079C00200C91B0F5BA
S31508015FA0807F3AD04FEA184108EB09025AF82110C6
S31508015FB0130C2950291820305AF823304B600CEB62
S31508015FC008031B0C5AF823308B6004EB08031B0CDF
S31508015FD05AF82330CB600EEB08031B0C5AF8233012
S31508015FE00B6107EB08031B0C5AF823304B610BEBCB
S31508015FF008031B0C5AF823308B6106EB08031B0CAC
S315080160005AF82330CB6102EB090149444944494412
S315080160104944494401EB0908C1E728464FF4807110
S31508016020FDF7ECFA0D9C1D9B294640222046FDF7FB
S3150801603083FADFF8CC040DF1200EDDF82CC09EE8BA
S31508016040C04085420546DFF8BC0408BF05468034D2
S315080160500D940C9C9AE784424DDA0D9A05F11C0EB3
S31508016060002700260C92A31903F10802824245DC97
S315080160704FEA184208EB090320375AF822204FEA5B
S31508016080134C4EF81C2C05EB860208365AF82C10D0
S3150801609051600B994144090C5AF8211091600799EE
S315080160A04144090C5AF82110D1600A994144090C56
S315080160B05AF82110116109994144090C5AF821101D
S315080160C051610BEB0801090C5AF8211091610899E5
S315080160D00C9A41441032090C0C925AF821104EF8C8
S315080160E0201B03EB090149444944494449444944AD
S315080160F001EB0908B7E70D9B069C2BE0069C0022DD
S3150801610083420CDA4FEA1841C844013201335AF87E
S315080161102110E9510C99043702310C91F0E73946FF
S3150801612028461746FDF76AFA0D981D9BF219294666
S31508016130FDF702FADFF8C8030DF1200E8542054680
S31508016140DFF8C00308BF0546BDF93C00DDE90BC30E
S315080161509EE8C040E94901340988081A03EB400062
S315080161600D90FDE6EFF72BFD05902068012802D179
S31508016170EFF725FD01E0EFF71FFDEFF75FFDBDF92D
S315080161804240BDF94660BDF944501944DB4B2244EF
S315080161901B8802FB0311721E0123012A98BF1A46A6
S315080161A009EB410B4FF0FF3101EB0040B0FBF2F078
S315080161B00390059801EB0040691E012988BF0B462B
S315080161C0B0FBF3FA1D98FF2800F014810AEB4A0781
S315080161D0CAEBCA06DFF828934FEA4A0C4FEA8A0344
S315080161E00AEB8A050022CDE907767800CDF82CC09E
S315080161F0CDE90953DDE907760D90BDF93E008242E6
S3150801620080F2EC80BDF93800BDF93A104FF0000E66
S3150801621006920AFB00F85018039948430599000CA1
S315080162204843049901EB4004BDF93C100EF1800086
S3150801623088425BDCDDF82CC0DDE9095E0C900020A4
S31508016240B0F5807F3CD04FEA184108EB0A0234F8D2
S315080162501110130C29F8001009EB0001103034F85D
S3150801626013304B800CEB08031B0C34F813308B806E
S3150801627007EB08031B0C34F81330CB800EEB08032D
S315080162801B0C34F813300B8105EB08031B0C34F88F
S3150801629013304B810D9B43441B0C34F813308B810F
S315080162A006EB08031B0C34F81330CB8102EB0A0109
S315080162B05144514451445144514401EB0A08BFE742
S315080162C048464FF48071FDF799F91D9B5846494692
S315080162D08022FDF7C9F88A480BF5807B81458146FE
S315080162E0884808BF8146DDF830E09DE78E456DDABE
S315080162F08BB24FF0040C4A460EEB0C0118B204316E
S3150801630081423CDC4FEA1840BDF83C300CF1080CE0
S3150801631034F81000108008EB0A00010C504434F8D8
S3150801632011105044504451800B99504450444144F3
S315080163305044090C34F81110918007994144090C0D
S3150801634034F81110D1800A994144090C34F8111016
S31508016350118109994144090C34F8111051810D999B
S315080163604144090C34F8111091810899414400EB14
S315080163700A08090C34F81110D1811032BCE7ACF1C6
S31508016380040505EB0E0019B288420BDA4FEA1841EB
S31508016390BDF83C30D044013034F8111029F81510F5
S315080163A00135F0E769004846FDF728F91D9B58466F
S315080163B049462A46FDF758F851480BEB450B8145E6
S315080163C08146504808BF8146BDF93C10AE48069A39
S315080163D000880132401A0BEB400B0EE7FDF7FCF87B
S315080163E0A848EFF722FCEFF7F4BB1D990020CDE989
S315080163F0000160E54FEACA0000250B90BDF93E0091
S315080164008542EDDABDF938205C46BDF93A300A9580
S315080164100AFB02F00D90501C0AFB00F00C90901C30
S315080164200AFB00FBD01C0AFB00F8101D0AFB00F74B
S31508016430501D0AFB00F1901D07320AFB02F9EA1802
S31508016440039B0AFB00F000255A43059B120C5A438D
S31508016450049B03EB420208230D9EBDF93CE006EBC3
S31508016460050C734529DC4FEA1C46083332F81660D9
S3150801647026800C9E2E44EFF712FD66800BEB05066F
S31508016480EFF70DFDA68008EB0506EFF708FDE68098
S315080164907E19EFF704FD26814E19EFF700FD668197
S315080164A04619EFF7FCFCA68109EB0506EFF7F7FCA1
S315080164B0E6810B9E10343544CEE70A9D1FFA8EF10C
S315080164C0A3F10800A34609B288420CDA4FEA1C4137
S315080164D00CEB0A03013032F811109C462BF8021B0B
S315080164E0BDF83C10EFE7E348013500884000A0EB12
S315080164F04100834482E700BF100300200C030020FB
S3150801650060000020600100202DE9F04F8DB0804623
S315080165100888022840F0AE801698002800F0A78067
S315080165208A46EFF798FC0AA8F9F762FA08A8EFF77E
S3150801653013FCBDF92060BDF82800BDF92250BDF94C
S315080165402440BDF92690EFF70CFB2844ADF822004C
S31508016550C748EFF77AFBC749EFF73EFB039409886B
S3150801656003FB012200EB420C15FB0B60169A08EBA4
S3150801657000070AF1040006900020FF2AA0EB440058
S3150801658053D0019001FB09F0DFF890890CEB40002C
S3150801659002906042009082F0FF000490DDF81090AE
S315080165A00298844560D203980CEB40000590059843
S315080165B084452ED217F8011B069ABCF80060F82309
S315080165C0DDF858B032F811A003EA16200797674696
S315080165D009FB00F003EA1A21EFF7D8FAFC21044671
S315080165E001EAD60001EADA0109FB00F0EFF7CEFA73
S315080165F00546F0004FEACA01C0B2C9B200FB09F06C
S31508016600EFF7C4FAEFF7BEFBBC46079F2CF8020B5F
S31508016610CDE70098BDF92C103844471895490198DB
S315080166200988604400EB410CBAE701FB09F1069DB4
S3150801663062420CEB41018C4516D2039B0CEB4303DA
S315080166409C4506D217F8014B35F814402CF8024B35
S31508016650F6E7BDF92C40BB181F19864C0CEB000355
S31508016660248803EB440CE6E78148EFF7DEFA0DB020
S31508016670BDE8F08F02487D494FF41372E9F7CAFF66
S31508016680764802089CB400200C0300202DE9F04F3F
S3150801669097B004460888012840F0E080DDF880902C
S315080166A0B9F1000F00F0D7808B4610685168EFF7F3
S315080166B060FA14A8F9F79CF912A8EFF74DFBEFF762
S315080166C0B9FB6B4DBDF84C60BDF84E70EFF70CFB8E
S315080166D004442868EFF768FB0006286875D4016842
S315080166E00FFA87FA35B2C96A88476249EFF7A1FAFC
S315080166F0B9F1FF0F0D95098803FB012200EB42074B
S315080167000BF1040010904FF000007ED0A0EB45007D
S315080167100B9001FB0AF007EB40000C9068420A90C7
S3150801672089F0FF00DFF8F4970E90DDF838800C98B1
S31508016730874280F08D8007EB45000F900F988742BE
S3150801674036D214F8011BB7F800B0109DF820209B2B
S31508016750119701EB410100EA1B2027461C466A18DE
S3150801676040EA5B3015F801A05678927800FB08F0EC
S3150801677012FB030080B2C8470546EFF743FA00FB50
S3150801678008F016FB040080B2C8470646EFF73AFB45
S3150801679000FB08F01AFB04003C46119F80B2C8476B
S315080167A002462846314600F0BBFB27F8020BC5E72F
S315080167B00A98BDF954100D9D204444182D490B988B
S315080167C00988384400EB4107B1E70168BDF84A205A
S315080167D04FF00008BDF848304D464FF00109D1F891
S315080167E040C02449CDE908888DE8C4004FF00B085C
S315080167F0B1F800E0BDF8541003AACDF81C8082E870
S31508016800224221465A46E04725E0A0EB450901FB0D
S315080168100AF0C5F1000A07EB4006B74218D207EBA2
S315080168204505AF4207D214F8010B1099EFF72FFB74
S3150801683027F8020BF5E7BDF9541004EB0A000D9D84
S3150801684044180C4907EB0900098800EB4107E4E7FE
S31508016850CF48EFF7EAF917B0BDE8F08F0248CB4900
S3150801686040F29A22E9F7D6FE144902087449020849
S315080168709CB400200C030020412A01082DE9F04FA1
S3150801688089B0DDF84CA0BAF1000F00F059818346B2
S3150801689008461E4617460C4603F0BAFE054620462C
S315080168A003F020FFADF822002046ADF82050ADF8E0
S315080168B01E60ADF81C7003F06FFE8146204603F09A
S315080168C0A1FD0746204603F0D1FE102800F23881C3
S315080168D0DDF84880DFE810F0110088008F003601E6
S315080168E036013601360136013601360136019E007A
S315080168F036013601A7003601AF00204603F010FE27
S31508016900002800F0A38002A8214603F0C7FDDDE9AF
S315080169100201CDE9040104A84146FCF7F7FBBDF9DC
S3150801692014000128C0F2F780BDF91600002840F3CB
S31508016930F280DBF80000494604690020CDE900A091
S3150801694007AA04AB5846A047B8F90210BDF91200C8
S3150801695088420CDDB8F80420401AADF80A10EFF7A2
S3150801696026FA07AA02AB00F0F1F9BDF81200B8F948
S315080169700010BDF910208A4212DDBDF81630ADF8B7
S315080169800A00501AADF80810EFF795FA07AA02ABF4
S3150801699000F0DCF9B8F80010BDF81200BDF81020B7
S315080169A0BDF814301A44B8F8043012B2194409B2C1
S315080169B091420EDDBDF81630ADF80A00881AADF819
S315080169C00820EFF778FA07AA02AB00F0BFF9BDF87D
S315080169D01200EFF70BFA40F3B380EFF775FAEFF70A
S315080169E0E6F907AA02AB9CE007A948464246534680
S315080169F0FFF760F8A4E0CB480068EFF7D5F9BAF1DC
S31508016A00FF0F08BF10F020002CD007A948464246C0
S31508016A10534693E0CDE9008A07AB584649463A46BC
S31508016A20FEF7DCFE8CE0DBF88800002800F08880A1
S31508016A3001688C6806E0DBF88800002800F0808091
S31508016A400168CC68CDF800A007AA07E0DBF80000CA
S31508016A5004690020CDE900A007AA584649464346DD
S31508016A60A0476DE0204603F05BFD00285CD002A834
S31508016A70214603F013FDDDE90201CDE9040104A86D
S31508016A804146FCF743FBBDF91400012852DBBDF969
S31508016A90160000284EDDB8F90200BDF91210814230
S31508016AA008DDEFF711FAFF23EFF7E7F907A902AABD
S31508016AB0FFF7EAF8B8F90000BDF91010814205DDC3
S31508016AC0EFF73AF907A902AAFFF7DEF807AA04AB16
S31508016AD0494603F0F7FEBDF81000BDF81410B8F8E2
S31508016AE004200844B8F8001000B2114409B28142E2
S31508016AF005DDEFF721F907A902AAFFF7C5F8BDF8E1
S31508016B001200EFF773F91BDDEFF7DEF9EFF7B5F9C9
S31508016B1007A902AA11E0CDF800A007AA48463946F6
S31508016B20434600F013F90BE007AA4946434603F02A
S31508016B30C9FE05E007A948464246FF23FFF7A4F820
S31508016B40EFF75DB8764902A0CF22E9F763FD00BFEA
S31508016B5066616C73652026262022556E73757070E2
S31508016B606F72746564206269746D617020666F72F4
S31508016B706D617420696E204C434431366270703AF7
S31508016B803A626C6974436F7079212200744902086C
S31508016B909CB400202DE9F04F97B0044608880028D8
S31508016BA040F0B580894610685168DDF88080EEF7B7
S31508016BB0E0FF14A8F8F71CFF12A8EFF7CDF8EFF7D6
S31508016BC039F9D44DBDF84E60EFF78EF827182868C5
S31508016BD0BDF84C40EFF7E8F8000674D4286836B2D9
S31508016BE024B2EFF75EF8CC49EFF723F80D9409883C
S31508016BF003FB012200EB420A01FB06F00AEB400007
S31508016C000E90BDF95400001B0C904800A0EB4400FF
S31508016C1009F104040B900F940E98824571D20D98D0
S31508016C200AEB40061096B24548D217F8010B54F8FC
S31508016C302050280E3FD0B8F1FF0F08BFFF2835D0E6
S31508016C40BAF800B0F82100FB08F0DFF8188B01EA62
S31508016C501B2141EA5B34C04780F0FF090646C5F3AC
S31508016C60074104FB09F011FB060080B2C0471190E9
S31508016C70EEF7C8FFC5F3072100FB09F011FB060073
S31508016C8080B2C0470446EFF7BDF8E9B200FB09F048
S31508016C9011FB0600109E80B2C04702461198214694
S31508016CA0DDF880800F9C00F03BF902E02846FEF7EC
S31508016CB0C9FFAAF800000AF1020AB4E70C980744CA
S31508016CC00B988244A8E72868BDF84A200025BDF834
S31508016CD048304FF00B0E0168D1F840C08E49CDE916
S31508016CE008558DE8540001254A46B1F800A0BDF8BB
S31508016CF05410CDE9031805A981E820443946E0472F
S31508016D0002E08448EEF791FF17B0BDE8F08F03481B
S31508016D10034940F2F512E9F77DFC00BFC4480208B1
S31508016D20744902089CB400207B48008810B14000D1
S31508016D3080B27047034804495522E9F76BFC00BF46
S31508016D400C03002034480208B24902082DE9F04F25
S31508016D508DB089460546EFF77EF80AA8F8F748FE8A
S31508016D6008A8EEF7F9FFBDF92060BDF82800BDF9BE
S31508016D702240BDF92480BDF926A0EEF7F2FE204493
S31508016D80ADF822006348EEF760FF6349EEF724FF8A
S31508016D90CDF80C80098803FB012200EB420701FBB1
S31508016DA00AF007EB4000049014FB0B6009EB0006A0
S31508016DB005EB40051698FF284FF00000A0EB4800A8
S31508016DC052D00290C8F1000001900498874280F0E1
S31508016DD09B8007EB48094F453AD23078A0B31699FC
S31508016DE04843FBF72DFE78B3B7F800A0B5F800B015
S31508016DF0F82104460595494D84F0FF0801EA1A2051
S31508016E0001EA1B216143EEF7A8FEFC21069001EA7F
S31508016E10DA0001EADB016143EEF79FFE07960646B3
S31508016E204FEACB004FEACA012A46059DC0B2C9B24C
S31508016E30604311FB080080B2904702460698314626
S31508016E40079E00F06DF83880013602350237C2E731
S31508016E500198BDF92C10029AEFF74EF82E49B81889
S31508016E60098800EB4107B0E70590C8F100000290D8
S31508016E700498874248D207EB480106918F4237D2D8
S31508016E8096F800B0BBF1000F2ED0BBF1FF0F01D170
S31508016E90288828E03C88B5F80080F8218BF0FF0A9D
S31508016EA0DFF8209E01EA142001EA1821EEF772FEA6
S31508016EB0FC21079001EAD40001EAD801EEF76AFE3F
S31508016EC04A4681464FEAC800E100C0B2C9B200FB92
S31508016ED00BF011FB0A0080B2904702460798494613
S31508016EE000F01EF806993880013602350237C5E7E3
S31508016EF00298BDF92C10059AEEF7FEFFDE49B8187F
S31508016F00098800EB4107B3E7DC48EEF78EFE0DB0C2
S31508016F10BDE8F08F9CB400200C030020412A01082B
S31508016F206FF0180300F0F80003EAC10141EA0020F6
S31508016F3040EAD20070470000FF2B0BD00B2A15D868
S31508016F40DFE802F03436383AA6A6A6A6062C062CA1
S31508016F50C06D70470B2A15D8DFE802F063656769CB
S31508016F609A9A9A9A06240624006E70472C3A072A9A
S31508016F7000F28E80DFE802F02231404B041404143B
S31508016F80C06E70472C3A072A00F28280DFE802F0C9
S31508016F906372515A040C040C006F7047406E7047B7
S31508016FA0406F7047806E7047806F7047406C7047BE
S31508016FB0406D7047C06B7047C06C704749680029BF
S31508016FC074D04A78002A77D10978F1B1022965D0B7
S31508016FD0012904BFC06970475AE04968002971D080
S31508016FE04A78002A74D10978C9B1022958D00129E9
S31508016FF004BF406A70474BE0496800296ED04A7859
S31508017000002A71D10978002942D1C06A70474968B6
S3150801701000296FD04A78002A72D10978C1BB406B22
S315080170207047806C7047806D7047006C7047006DC3
S3150801703070474968002969D04A78002A6CD10978CD
S3150801704031BB27E0496800296CD04A78002A6FD1FC
S315080170500978E9B920E0496800296FD04A78002AF9
S3150801706072D10978B1B102291CD0012904BF006A7D
S3150801707070470DE0496800296CD04A78002A6FD11B
S31508017080097849B102290FD0012904BF806A7047DE
S3150801709000207047006B7047806B7047C068704767
S315080170A04069704700697047806970473048EB4905
S315080170B040F60302E9F7AEFA2C48E84940F60B0216
S315080170C0E9F7A8FA2A48E54940F2EA72E9F7A2FA85
S315080170D02648E24940F2F272E9F79CFA2448DF4968
S315080170E040F62F02E9F796FA2048DC4940F63702BE
S315080170F0E9F790FA1E48D94940F61C02E9F78AFAD7
S315080171001A48D64940F62302E9F784FA1848FA4993
S3150801711040F6A502E9F77EFA1448F74940F6AD02AA
S31508017120E9F778FA1248F44940F69102E9F772FA52
S315080171300E48F14940F69902E9F76CFA0C48EE490E
S3150801714040F67802E9F766FA0848EB494FF408620F
S31508017150E9F760FA0648E84940F65F02E9F75AFA9C
S315080171600248E54940F66702E9F754FA7147020809
S31508017170624902082DE9FF470020DFF8448B3D4AA2
S31508017180CDE90200B248B8F8003012880068002834
S31508017190184608BF1046ADF80E0008BF1A46ADF8E6
S315080171A00C2008684968CDE9000102AC6846214609
S315080171B0F8F730FC2046F8F71BFCBDF80800BDF8C7
S315080171C00010DFF8F89A0844BDF80210ADF800007F
S315080171D0BDF80A000844ADF80200D9F80000EEF738
S315080171E0E3FDC00739D1D9F80000BDF90460BDF93E
S315080171F006700168496B8847BDF90C10BDF9002076
S31508017200BDF9023013FB012100EB4104D9F8000056
S31508017210EEF747FDB8F80010BDF90020BDF90230B8
S315080172204FEA460A03FB012200EB420501FB07F080
S3150801723005EB4007D9F80000BD42016816D28E6BEE
S31508017240294622465346B047BDF90C0004EB4004D3
S31508017250B8F8000005EB4005ECE7D9F8000001682D
S315080172600B6EDDE900129847BDE8FF87096B884771
S31508017270BDE8FF870E0300200C0300209CB4002004
S315080172802DE9F04F8BB0DFF8349A0546D9F800009E
S31508017290C06C032800F0CB801498002800F0CD803C
S315080172A0DDE915B0884619461E461746ADF826008B
S315080172B01868ADF824B0089008AC2046FBF726FFFD
S315080172C020463946FBF722FF5F4FDFF880A12046AB
S315080172D0B7F90020BAF90010FBF794FE5C4800687C
S315080172E050B13888BDF92610081AB0FA80F042095B
S315080172F088B2BDF824100AE0BAF80000BDF92410D6
S31508017300081A89B2B0FA80F04209BDF8260009B216
S31508017310012963DB00B2002860DDDDE9080103927B
S31508017320ADF814B0696031882860411A29807188DE
S31508017330C1EB1040688028686968CDE9060116988E
S31508017340ADF816000020049006A804AC2146F8F70B
S3150801735061FB08A8F8F74CFB2046F8F749FB3D48BE
S31508017360BDF914B000880290D8F80000416B404678
S3150801737088478046D9F80000BDF91840BDF91AA01A
S315080173800168496B8847149906460AFB0BF0BDF953
S315080173902050BDF9227001EB440101EB4004D9F8F4
S315080173A00000EEF701FDC0071CD106EB4500039965
S315080173B007FB08060298ABEB0000B0FA80F040091B
S315080173C0084001281CD1BDF91E00324600FB08F30E
S315080173D0D9F8000001688D6B21460DE00020686030
S315080173E028600AE0D9F80000BDF91C3001680D6F64
S315080173F0DDE9081200932346A8470BB0BDE8F08FD4
S31508017400BDF91E004FEA4B0A00FB0BF004EB4007DF
S31508017410BC42F2D2D9F80000324601688D6BBDF93B
S315080174201C104B002146A84754444644F0E74348FC
S315080174306B4940F2DD32E9F7EDF80748684940F251
S31508017440DE32E9F7E7F800BF0A0300200803002047
S31508017450100300200C03002019460208744902088B
S315080174602DE9F04387B0064621480068C06C032819
S315080174702CD00DF11A0090468946ADF81A3003F062
S31508017480F5F807463068016B30468847874223D1AD
S315080174900DF11A0003F080F820B30DF11A0407461E
S315080174A0204603F0B5F80546204603F01BF9316876
S315080174B04A464346CC6902900DF112003146CDE9A0
S315080174C00075A047384607B0BDE8F0831B480A494E
S315080174D040F2D232E9F79EF8064807494FF4757229
S315080174E0E9F798F8044905A040F2D632E9F792F887
S315080174F09CB40020DF4702087449020828626D70AF
S315080175005F6461746120213D2030292026262022CE
S315080175104E6F206D656D6F727920616C6C6F63615A
S3150801752074656420666F722074686520676976657C
S315080175306E204269746D6170220000006746020878
S315080175407CB5102A88BF7CBDDDE90645DFE802F077
S3150801755009121B2424242424242424242424242412
S3150801756024000668089A3669CDE900521A46234668
S31508017570B0477CBD0846194622462B4602B0BDE8EF
S315080175807040FEF797BA0846194622462B4602B0BE
S31508017590BDE87040FEF778BBB24902A04FF473729A
S315080175A0E9F738F866616C73652026262022556E40
S315080175B0737570706F72746564206269746D617039
S315080175C020666F726D617420696E204C43443136B2
S315080175D03A3A626C6974436F70792122000000009F
S315080175E0744902082DE9F04F91B01A9E002E00F059
S315080175F0B6800C4610685168DDF86C801546EEF7C2
S31508017600F7FA0EA8F8F7F4F90CA82946F8F702FADA
S31508017610EEF7E7FABDF83450BDF83670EEF7B7FB6A
S3150801762004EB400978480068EEF7BEFBFF2E08BF59
S31508017630B8F1000F66D0FF2E01D0400764D4724816
S315080176403FB22CB2EEF701FB7049BDF93020BDF906
S315080176503230FF2E098803FB012200EB420563D075
S315080176600020DFF860B60794A0EB4400069001FB02
S3150801767007F005EB4000089086F0FF00099008988E
S31508017680854269D2079805EB40000A900A98854217
S315080176902BD2B5F8008039F8024BF821DDF868A03D
S315080176A02E46099D01EA182001EA1421EEF71EFC6F
S315080176B0FC210B9001EAD80001EAD401EEF716FC89
S315080176C00746E0004FEAC801C0B2C9B200FB0AF09A
S315080176D011FB0500354680B2D84702460B98394654
S315080176E0FFF71EFC25F8020BD0E7069ABDF93C10F8
S315080176F009EB020000EB41094449A818098800EB87
S315080177004105BCE7C0079AD03F48EEF749FA006839
S3150801771001688C6CBDF83C10CDE9005702AD85E8CF
S3150801772042114946A0471AE001FB07F0660005EB3E
S315080177304007BD4210D234484A46334600680168BC
S315080177408C6B2946A047BDF93C0009EB40092F4837
S31508017750008805EB4005ECE72B48EEF766FA11B011
S31508017760BDE8F08F412A0108002B4BD02DE9F041E5
S3150801777086B00646B1F90400012840DBB1F90600D6
S3150801778001283CDB086849681D461446CDE9040111
S3150801779004A8F8F72DF9DFF8008BD8F80000EEF702
S315080177A003FBFF2D15D0000715D4D8F80000EEF716
S315080177B078FA0146154802883068876ACDE9004596
S315080177C004AB3046B847D8F800000168096B88470A
S315080177D015E08007E9D5D8F80000BDF81670BDF8A0
S315080177E01230BDF810204FF0000C01684E6EBDF83E
S315080177F01410CDE9025CCDE900172146B04706B061
S31508017800BDE8F041704700BF9CB400200C0300207E
S3150801781080B548B103291CD80120DFE801F0040E20
S3150801782002124FF0FF3080BD032912D84FF0FF3006
S31508017830DFE801F00302070DF5E7FFF775FA4008DF
S3150801784080BDFFF771FA0021A1EB500080BD012030
S3150801785080BD0348034940F2F542E8F7DBFE00BF65
S315080178604D470208744902082DE9F04F99B0CDE950
S315080178701723279B587B9C7900F0080254EA421883
S315080178801EBFDA7900F0100052EA001702D119B0CA
S31508017890BDE8F08F269A2498229C93F9093008911D
S315080178A01297B2F802C0D588B2F900A0928840B101
S315080178B0C31A0FFA83FBBBF1FF3F05DCA4EB0B04EC
S315080178C000E01C444FF0000B05EB0C000FFA84F99D
S315080178D02D9FCDF83C80239E139002EB0A004D465E
S315080178E01190289832463B461590DFF8CC03CA45D5
S315080178F0C8BF554629460068149017A8FBF760F8D3
S31508017900ADF85A0017A8324629463B461095464611
S31508017910FBF774F8ADF858000DF15A0016A9F8F7F7
S31508017920ABF8CA45AAEB0400C8BF8344DDF8ACA08E
S31508017930DDF89490129D5B4617B91498012807D172
S315080179402D98012840F095801498012840F09180DF
S315080179501399239AA5EB090009B28C1AA042B8BF5C
S315080179600446012C93DBDFF830B91F46DBF800002B
S31508017970EEF71AFA2999002944D0BAF1040F41D130
S3150801798010F480713ED01199109806F1010E3B460C
S315080179902EF0010C0AB2B9B200B221B98319934289
S315080179A03B4640F36C81101A0844B042A8BF3046E2
S315080179B0B0EB01083FF46BAF41EA0800C00758D1A4
S315080179C0DBF80000A4B21FFA88F5BDF858304FF06D
S315080179D0000B4FF480770268966DCDE900542A9C16
S315080179E0BDF85A20CDF808C003942C9C04AD85E84F
S315080179F09008289D4FEA5E0404FB095404EB5101E3
S31508017A00B04744E7BAF1080F3B4632D110F400708B
S31508017A102FD01098119900B209B2081A99B210FA22
S31508017A2083F5B542A8BF35468D423FF430AFDBF842
S31508017A3000001F46A4B24FF4007EBDF858304FF03F
S31508017A40000CED1B0268ADB2D2F85880CDE900549E
S31508017A500F9CBDF85A20CDF818C002942A9C0394AD
S31508017A602C9CCDE9044E289C06FB09442144C047B9
S31508017A700DE7299868B108201C46B0FBFAF03118C1
S31508017A8001398AB2B2FBF0F358432346801A0844F7
S31508017A900F9043EA0900000412D00F982899A5EB24
S31508017AA009051FFA83F880B200FB09F010FA83F082
S31508017AB000FB0AF001EBD00100F00709159103E07C
S31508017AC01FFA83F84FF0000914982D9F013839469B
S31508017AD0B0FA80F04409204600F0F6F883462046BD
S31508017AE03946FFF795FE04461398239900B2421AC0
S31508017AF09542B8BF2A461098119900B209B2081AD8
S31508017B004044B042B8BF06460C92012AFFF6BFAE02
S31508017B10A6EB0805012DFFF6BAAE4FF0FF30CDE909
S31508017B2012B94FF0FF0B00FA0AF0C043C7B20F981B
S31508017B3080B2A0EB0509089810B96048EEF785F8F8
S31508017B40BBFBF7F1BDF95A20BDF9583010971491CE
S31508017B5009FB0AF10B915A49098801FB032100EB3C
S31508017B60410BA8EB0600129E61002A9C0A9006FBAF
S31508017B7005F0A1EB400009902046FEF763F8159B36
S31508017B801190139F0C994FEA4609187820FA07F2C3
S31508017B90E0B20F90C4F307200E90C4F307402C9C63
S31508017BA00D90002963D0DDF82880109D01390C91CC
S31508017BB0B8F1000F4CD012EA05003BD014994143A5
S31508017BC0FF2C02D11198FE2932D801FB04F03D4C55
S31508017BD01593139280B2A047BBF800502646044677
S31508017BE0F8200D9984F0FF0A00EA152040EA55307D
S31508017BF0EEF776F91290EEF70CF80E99EEF770F9A2
S31508017C0032463E460746EDF7DDFFDDE90F1500FB77
S31508017C100AF0DDF8ACA011FB04002C9C80B2904759
S31508017C200246129839463746FFF77AF9139A159B91
S31508017C30ABF800005744CB4408F10108B8B208284C
S31508017C4027BF13F8012F002722FA0AF0C2B2AFE7BD
S31508017C500B9840B1384481B200F00707CA089A5C0C
S31508017C6003EBD103FA4009980C99834499E70898DC
S31508017C7000287FF40CAE1148EDF7D7FF07E6DBF8CD
S31508017C800000A4B24FF48076BDF85830BDF85A20EA
S31508017C9001688D6DCDE900C42A9C0021CDF808C084
S31508017CA006914FEA5E0103942C9CCDE90446289C73
S31508017CB001FB0941A847EAE5100300209CB400200E
S31508017CC00C030020412A010880B528B1032919D8D7
S31508017CD0DFE801F011160A0E032913D80846012117
S31508017CE0DFE800F00E020609FFF71EF8410807E073
S31508017CF04FF0FF3104E0FFF717F80021A1EB50011F
S31508017D00084680BD0248034940F2D342E8F782FC9F
S31508017D104D4702087449020810B507490446002070
S31508017D20A0600831C4E9001004F10C008021E8F7CD
S31508017D3052FD204610BD00BF8438020803F018BC66
S31508017D4080B582B0019001980090FAF77FFE0098FD
S31508017D5002B080BD80B584B003900398019069464E
S31508017D604FF0FF330B60002202921146FBF7A6F98A
S31508017D7001980299816004B080BD000080B584B085
S31508017D800390ADF80A1003980190BDF80A10009106
S31508017D9002F03EFE03F01EFA0168096B8847009956
S31508017DA002460198891A0268526B09B2904704B0D3
S31508017DB080BD1FB5044688882189A0856089084346
S31508017DC002D1204600F03AF820682146D0F88420EE
S31508017DD001A8904701AA04F1400307CA07C31FBDBA
S31508017DE080B584B00390ADF80A10ADF80820039861
S31508017DF00190BDF90A100268126B90470198BDF906
S31508017E0008100268526E904704B080BD80B586B0EE
S31508017E100590ADF8121005990091BDF812008886F3
S31508017E200868D0F8842001A8904700990198029A19
S31508017E30039B8B644A64086406B080BDB0B50446EA
S31508017E400E48EDF71BFF28BFB0BD2068416F2046DD
S31508017E5088470546EDF766FE0346A06B40F002002B
S31508017E60022803BF29B220461A462AB21CBF204659
S31508017E701946BDE8B040FDF709BB00BFACB4002008
S31508017E8082B001908DF8031001999DF8030081F8DD
S31508017E90360002B07047000082B001910090009947
S31508017EA00198086302B0704780B586B00590ADF8B1
S31508017EB0121005980090BDF91210FDF79BFB009969
S31508017EC00868D0F8842001A8904700990198029A79
S31508017ED0039B8B644A64086406B080BD80B586B08E
S31508017EE00590ADF8121005980090BDF91210FDF72E
S31508017EF08BFB00990868D0F8842001A8904700995F
S31508017F000198029A039B8B644A64086406B080BD93
S31508017F1080B586B00590059801902621E8F75BFCA7
S31508017F200198FCF703F9019843F6E001C0F602014E
S31508017F30083140F8281B014602914FF6FF7100F0FF
S31508017F4079FCFFE701983030002100F095FCFFE746
S31508017F50019800218186FF2280F8362080F83710A3
S31508017F608163C1634030FFF7F5FEFFE7019806B06C
S31508017F7080BD0490039106E002460298049203919B
S31508017F8000F074FCFFE70198FCF7E4F8FFE703F05B
S31508017F90DDFC03F0EDBA000080B582B001900198CE
S31508017FA00090283000F062FC0098FCF7D3F800989E
S31508017FB002B080BD10F10F0FA2BF0F300009704744
S31508017FC06FF00E01081A10F00F0118BF4FF0FF31BC
S31508017FD0A1EB10107047000010B50A9C41610D49CC
S31508017FE00283069A83800482099C083101600599F7
S31508017FF0C481089C01F07F010473079C41EAC21100
S315080180008172C472049C4472039C0472029CC480EB
S3150801801010BD00BF70390208FEDE000080B582B0CF
S31508018020019001980090FAF70FFE009802B080BD02
S31508018030B0B50C46283005683DB1206829468268E6
S315080180402046904705F11800F5E7B0BD2DE9F04146
S315080180500E4690F824109846154609B1C8F800004E
S3150801806028300768B7B197F8250080B1381D314621
S315080180702A4602F033F950B1B8884346301A01B29C
S31508018080F888281A02B23868446A3846A04707F1C0
S315080180901800E6E7BDE8F081806A7047FEB50D462F
S315080180A090F8251041B3866A36B3144601AF1EB35C
S315080180B096F82500F0B1321D3846294602F029F90D
S315080180C0BDF90800012815DBBDF90A00012811DBF5
S315080180D0B088BDF804102246081ABDF80610ADF896
S315080180E00400F088081A3946ADF806003068C36DF1
S315080180F030469847B669DAE7FEBD00002DE9F04F2C
S315080181008FB01C46189B05460020CDE90812188039
S31508018110199B1880604B1B682060284693F85060AD
S315080181202346FFF793FF042E30460196C0F0B08030
S315080181300DA82946069502F08BFBD4F80080049415
S31508018140B8F1000F23D00BA8414602F081FBBDF917
S315080181503030BDF932406FF00100BDF93450BDF938
S315080181602C10BDF93660099FBDF92E2094FBF0F459
S3150801817093FBF0F0089B3E44B21A2B4402FA84F2B0
S31508018180591A01FA80F0404302FB020001E04FF060
S31508018190FF300590019803210138B0FBF1F003285F
S315080181A038BF014606980091002304300790002045
S315080181B08B426DD0394A039000F001000133002546
S315080181C0029302EB401A01985843B0FBF1F9042DCA
S315080181D059D05AF83560089806FB090007B20AEB28
S315080181E0C50044680998394604FB09000FFA80FB63
S315080181F007985A4602F072F8002842D000203946FC
S315080182005A460A9006980AABFFF720FF0A9FB7B3AA
S31508018210474534D00BA8394602F01AFBBDF932306E
S31508018220BDF9362009996FF0010BBDF92E80BDF90C
S3150801823030E0BDF93400BDF92CC00A4493FBFBF3C9
S31508018240A2EB08019EFBFBF201FA83F1089B184495
S31508018250A0EB0C0000FA82F0404301FB01000599EE
S3150801826088420DD2189B06FB09F104FB09F2059019
S3150801827019800A99049B196019990A8000E04746F2
S31508018280B8460135A3E703980099029B01308FE7A9
S315080182900FB0BDE8F08F00BF9CB40020DC270208B0
S315080182A070B514460D4600F12806306838B1064601
S315080182B0224656F8181B4B6D29469847F5E770BDB7
S315080182C0814217D04A69D2B90022C1E9050250F89C
S315080182D0282F6AB1906938B18A420246FAD11C48F8
S315080182E01A493222E8F796F98A420DD002F11800A6
S315080182F001607047154917A02022E8F78BF9134941
S3150801830004A02122E8F786F9114810493522E8F731
S3150801831081F900BF642E706172656E74203D3D203F
S3150801832030202626202243616E6E6F7420616464B4
S31508018330204472617761626C65206D756C74697031
S315080183406C652074696D657322000000374C02085C
S31508018350044C0208266420213D207468697320268E
S3150801836026202243616E6E6F742061646420447214
S31508018370617761626C6520746F2073656C66220093
S31508018380836A2BB141B17BB18B4209D09B69FAE76C
S3150801839001680B6E114618478262C2E905037047E8
S315080183A08B69C2E905038A61704750F8282FC2B163
S315080183B08A420BD0AAB1104692698A42FAD151F87B
S315080183C0182F002341F8043C826108E051F8182F60
S315080183D0002341F8043C002A14BF0260014600202C
S315080183E00860704700218162704700F12802002069
S315080183F0C30707D112682AB1501A1832B0FA80F0A9
S315080184004009F5E700F001007047826A00212AB1A8
S3150801841093695161916183621A46F8E770470000D2
S3150801842080B582B0019001980090FDF7F7F80098A1
S3150801843043F6D811C0F602010831016000218162B4
S3150801844002B080BD03F094B880B582B0019001985E
S315080184500090FDF705F9009802B080BD81B0009043
S31508018460009801B0704703F083B80000F0B54A6977
S31508018470D1E90A574C689FED733AB2EB050EA4EBA6
S31508018480070C17BFBC4200260CFB0EF2102418BFBE
S3150801849092FBF4F68A690B68D41B5D1B17BFBA42B7
S315080184A0002704FB05F26FF00F0318BF92FBF3F7E1
S315080184B0BA1900F1180600EE102A0027B8EEC00A0C
S315080184C020EE031AB7EE000A80EE012A3C2F14D0DB
S315080184D0CA19143792ED021A80EE011A06ED061A28
S315080184E092ED034A21EE044A06ED034A92ED044A47
S315080184F021EE041AA6EC011AE8E700EE105A90EDEF
S31508018500024A90ED011A02EE904A90ED035AD0ED17
S31508018510044AD0ED076AB8EEC00AF8EEE22A20EE60
S31508018520036A00EE10EA62EE832AB8EEC00A60EE2C
S31508018530030A90ED000A34EE407A31EE444A60EEC1
S31508018540871A44EE061A22EE611A01EE90CAF8EE6F
S31508018550E11A80ED0A1A61EE831A22EE873A04EED1
S31508018560213A90ED054A74EE453A34EEC44AD0ED07
S31508018570084A20EEA37A62EEA33A22EE033A04EE03
S31508018580067A44EE213A90ED064A80ED093A74EEF0
S31508018590C45A76EEE44A60EEA50A62EE233A22EE62
S315080185A0477A44EE860A80ED0C7AC0ED0B3A22EE44
S315080185B0606A62EEA50A44EEA10A80ED0E6A22EE11
S315080185C0202A63EE800A43EE450A80ED0D2AF5EE70
S315080185D0400AF1EE10FA12DCF5EE400AF1EE10FA55
S315080185E00ADBB1EE455A21EE055A07EE005AB5EEF9
S315080185F0405AF1EE10FA02DA47F6FF7101E04FF43C
S31508018600004122EE002AC16303EE442AB5EE402A50
S31508018610F1EE10FA12DCB5EE402AF1EE10FA0ADB99
S31508018620B1EE442A21EE021A06EE001AB5EE401AF8
S31508018630F1EE10FA02DA47F6FF7101E04FF4004154
S315080186400164F0BD0000803D81B0009041F64450C0
S3150801865001B0704782B00190ADF80210019ABDF8D9
S31508018660020041F6445100FB0120083002B0704770
S3150801867080B582B0019001980090F6F765FE0098E2
S3150801868043F67C21C0F602010831016002B080BDC3
S3150801869080B582B001900198009000F005F8009825
S315080186A002F066FF02B080BD80B582B001900198E4
S315080186B00090F6F752FE009802B080BD81B0009096
S315080186C0102001B07047000082B00190ADF8021089
S315080186D00198BDF8021000EB0110083002B070478E
S315080186E080B582B0019001980090F6F72DFE0098AA
S315080186F043F6B021C0F602010831016002B080BD1F
S3150801870080B582B001900198009000F005F80098B4
S3150801871002F02EFF02B080BD80B582B001900198AB
S315080187200090F6F71AFE009802B080BD81B000905D
S315080187300C2001B07047000082B00190ADF802101C
S315080187400198BDF8021001EB410100EB81000830E8
S3150801875002B0704780B582B0019001980090F6F793
S31508018760F3FD009843F6E421C0F6020108310160E1
S3150801877002B080BD80B582B001900198009000F0EA
S3150801878005F8009802F0F4FE02B080BD80B582B00B
S31508018790019001980090F6F7E0FD009802B080BDBF
S315080187A081B0009001B0704781B0009001B0704768
S315080187B081B00090009843F61831C0F602010831DD
S315080187C0016001B07047000080B582B00190019840
S315080187D0009000F005F8009802F0CAFE02B080BDCC
S315080187E081B00090009801B07047000081B00090F8
S315080187F000984BF2B441C2F20001086001B070471B
S3150801880083B002900191ADF8022002984BF2A8417B
S31508018810C2F20001086001984BF2B041C2F20001B0
S315080188200860BDF802004BF2AC41C2F200010880B3
S3150801883003B0704782B00190ADF80210019843F673
S315080188403031C0F6020108310160BDF8021081809D
S3150801885002B0704780B582B001900198009000F08F
S3150801886005F8009802F084FE02B080BD81B0009040
S31508018870009801B07047000082B0019000910198FC
S315080188800099016002B0704781B0009000980021FC
S31508018890016001B07047000080B584B00390029171
S315080188A00192F3F77FFDF4F713FD0198006830B1E3
S315080188B0FFE7019800680168C9688847FFE70198DA
S315080188C0006830B1FFE701980068016809688847C0
S315080188D0FFE70398006830B1FFE70398006801686D
S315080188E049698847FFE70298006830B1FFE70298AF
S315080188F00068016849688847FFE70398006830B14E
S31508018900FFE703980068016809688847FFE7029846
S31508018910006830B1FFE702980068016889688847EE
S31508018920FFE704B080BD000080B584B003900291D2
S31508018930019203980168C96888470298016809681D
S31508018940884703980199FBF7EFF8019801680969C7
S315080189508847019801684969884704B080BD0121A3
S3150801896080F84C107047B0B50C4621F00F01B1F5EF
S31508018970887F054610D0B1F5807F24D195F84D0042
S31508018980D8B995F84C10012085F84D0005F150002D
S3150801899089B1E8F7FFFA10E095F84E0030B90120E1
S315080189A085F84E0005F1D800E8F7F8FA05EBC4009A
S315080189B0A0F5F56005E0E8F7E9FA05EBC400A0F5CE
S315080189C0F66003C8B0BDE8F7ADFAF0B581B00E465A
S315080189D021F00F011C461546B1F5887F074610D0D0
S315080189E0B1F5807F26D197F84D00D8B997F84C1084
S315080189F0012087F84D0007F1500089B1E8F7CAFA56
S31508018A0010E097F84E0030B9012087F84E0007F1BB
S31508018A10D800E8F7C3FA07EBC600A0F5F56005E04C
S31508018A20E8F7B4FA07EBC600A0F5F660C0E900540A
S31508018A3001B0F0BDE8F776FA90F88101704710B5F4
S31508018A4082B004460021D0F8780101910091694667
S31508018A5001AA03F0AAFBDDE9002301462046EEF749
S31508018A6003FF0838B0FA80F0400902B010BD21F0C2
S31508018A701F00A0F58070B0FA80F04009704780B5F4
S31508018A800168CA684FF0FF319047002080BD08464B
S31508018A9000F096B92DE9F04F81B053685FEAD30C1F
S31508018AA050D0D2F800E00027634600BF07EB530514
S31508018AB00EEBC5041EF8358094F8019094F802A0CF
S31508018AC0E27848EA09284AEA022648EA064602F00E
S31508018AD0400246EA426222446FEA53041C448A422F
S31508018AE094BF6F1C5C08002C2346DFD157B367453A
S31508018AF00EEBC70102D14FF0FF3C13E0FA000EEB73
S31508018B0002031EF802205F789E78DD7842EA072282
S31508018B1046EA052742EA074205F0400742EA476264
S31508018B2002EB030C11F808BD0E1D0BD03278B7788D
S31508018B30F578747847EA052742EA042242EA0742A9
S31508018B40012A03D1002001B0BDE8F08F91F8018018
S31508018B5091F8029091F803E0002A1ED402F08044AD
S31508018B6042EA4404A719A45D7D78BE78FB7844EAF5
S31508018B70052446EA032344EA0345B5F1FF3F0EDD22
S31508018B8005F08043EC19FD7904EB430A07EB8503ED
S31508018B9003F1080500243E4628E0154600E03E4656
S31508018BA0C5F30364022C12D0012C0AD0ACBB351DC7
S31508018BB04BF22D6A002A48BF0025C0F6010A002497
S31508018BC014E04BF2356AC0F6010A002404E04BF2C0
S31508018BD03D6AC0F6010A0224C5F3074706EB870377
S31508018BE0B2F1FF3F03F1040500DCB7B94BEA0823EC
S31508018BF049EA0E2743EA07430EF0400743EA47636B
S31508018C001944C0E9561C44EAD271C0F87861C0E932
S31508018C10585AC0F86C11012095E7E8F783F9B0B501
S31508018C2084B0044600680D46C26820464FF0FF31FD
S31508018C30904730F001002DD040F20001C0F200014A
S31508018C40A0EB050591B103A902AA2846AFF3008056
S31508018C50B0FA80F100284FEA511016D1DDE9022158
S31508018C60CDE90012002918BF01210EE045F28C203A
S31508018C7045F6A441C0F60300C0F603010090081AA0
S31508018C804FF00101019018BF0120C00718BF5FEA24
S31508018C90C17004D1012084F8800104B0B0BD6A46D0
S31508018CA020462946FFF7F6FE0028F3D0F5E7B0B5CA
S31508018CB0054690F8800108B100240EE02846FFF722
S31508018CC0BEFE0446012808D128680121426B2846C0
S31508018CD0904795F880010028EED12046B0BD0C29B1
S31508018CE006DD0F2908D00E290AD00D2906D009E07C
S31508018CF08A1C03D04A1C05D1443008E03C3006E002
S31508018D00403004E00C2904D8083000EB81000068E3
S31508018D10704780B5E8F706F910B500F10804204652
S31508018D2000F018FA2046BDE81040E8F71BBE0C29EA
S31508018D3008DD0F290AD00E2904BF026470470D29E0
S31508018D4006D007E08B1C03D04B1C03D14264704745
S31508018D50C26370470C299EBF083040F8212070472E
S31508018D608F2904BF8264704780B5E8F7DBF8B0B590
S31508018D7090F8802122B108462821E7F72CFDB0BDDD
S31508018D80D0F86C4100F5B075D0E956CE2CCD4C61C2
S31508018D9001F108042CC4C1E900CED0F87021D0E94C
S31508018DA05E35D0F87401C1E90835C1E90620B0BDC0
S31508018DB002310020122938BF012070477047000090
S31508018DC0811C612900F26A8045F24C20C0F6020036
S31508018DD0DFE811F062007D00A800AC009800B00041
S31508018DE0B8009200A4009E009600AA00A20088007E
S31508018DF086006200C2007D007C007C007C007C004D
S31508018E007C007C007C007C007C007C007C007C0073
S31508018E107C007C007C007C007C007C007C007C0063
S31508018E207C007C007C007C007C007C007C007C0053
S31508018E307C007C007C007C007C007C007C007C0043
S31508018E407C007C007C007C007C007C007C007C0033
S31508018E507C007C007C007C008400B400BC00C60059
S31508018E60BA008A009A00C8009C00B600A600A000B5
S31508018E70C000D200AE00D000CA00CE00D400CC009B
S31508018E807E008000C400D8008E009400D6008200BF
S31508018E90B2008C009000BE00A7A07047A0F58070B4
S31508018EA01F2813D8DFE800F0108A828678929888FE
S31508018EB09E7C9C767A967484728E9AA49094A2A6C5
S31508018EC0807EAC70A8AAA08C6DA070479CA0704744
S31508018ED077A0704775A070476EA0704788A0704745
S31508018EE088A0704788A0704780A0704767A0704720
S31508018EF06BA0704764A0704789A0704767A0704748
S31508018F0084A0704789A0704777A0704774A07047FE
S31508018F1081A070476FA070477CA070477FA07047FB
S31508018F206DA0704783A0704779A0704780A07047ED
S31508018F3065A070477CA0704755A070476FA0704721
S31508018F4066A0704777A0704769A070476AA0704706
S31508018F504CA070475EA0704778A0704752A0704732
S31508018F6064A070475FA0704755A0704751A070472D
S31508018F7052A0704753A0704754A070474EA070473F
S31508018F8045A0704747A0704722A070472CA070479C
S31508018F902DA070472FA0704735A070472CA07047A9
S31508018FA02EA070471DA070471DA0704732A07047BC
S31508018FB024A070472FA070472AA070472FA070479A
S31508018FC010A070471DA0704719A0704727A07047C9
S31508018FD016A070471DA0704723A0704716A07047BA
S31508018FE01DA070471EA0704707A070470EA07047C6
S31508018FF010A070470BA0704705A0704703A07047E3
S3150801900005A0704764333100643330006432390097
S31508019010643238006432370064323600643235000F
S31508019020643234006432330064323200643231000F
S3150801903064323000643139006431380064313700F4
S3150801904064313600643135006431340064313300EB
S315080190506431320064313100643130006439000012
S315080190606438000064370000643600006435000087
S315080190706434000064330000643200006431000087
S3150801908064300000733331007333300073323900B2
S315080190907332380073323700733236007332350053
S315080190A07332340073323300733232007332310053
S315080190B07332300073313900733138007331370038
S315080190C0733136007331350073313400733133002F
S315080190D07331320073313100733130007339000056
S315080190E073380000733700007336000073350000CB
S315080190F073340000733300007332000073310000CB
S315080191007330000072313200723131007231300031
S31508019110723900007238000072370000723600009A
S31508019120723500007234000072330000723200009A
S315080191307231000072300000737000006C7200001A
S31508019140756E6B6E6F776E2072656769737465727B
S315080191500000000010B5044690F8450050B194F897
S315080191604400002804F1480002D0E8F707FC01E0B2
S31508019170E8F700FC94F8460028B104F1D000BDE8F0
S315080191801040E8F7FFBB10BD704770477047F0B550
S3150801919081B01546DDE906720E4689681C467AB124
S315080191A0814204D040684968E8F722FD60B9314632
S315080191B02A462346069701B0BDE8F04000F088B874
S315080191C0406849688842F2D001B0F0BD2DE9F04106
S315080191D01646069A0C468968984607468AB1B942E0
S315080191E030D07D6849682846E8F702FD50B3206803
S315080191F0B8420ED041682846E8F7FAFC48B1BDE8FE
S31508019200F0817868496888421CD021684968884293
S31508019210F5D12069B04220D06069B0421DD0D4E9A9
S315080192200901C4F82080013101286661A16205D1CE
S31508019230A069022804BF012084F836000420E062F0
S31508019240BDE8F0816068B042D9D1E06901281CBF48
S31508019250C4F81C80BDE8F081D1E7B8F1010F18BF49
S31508019260BDE8F08101202062BDE8F08180B5D1F822
S3150801927024E0BEF1000F10D0D1F814C0886B8445E4
S3150801928002D1086990420FD00EF10100486202200E
S315080192908861012081F8360080BD886B8B61C1E940
S315080192A004200120486280BD8869022804BF8B61B9
S315080192B080BDF1E780B5D1F808C0D0F804E0DCF844
S315080192C00400864518BF80BDBDE88040FFF7CEBFC4
S315080192D080B548684FF0010E984281F835E000D014
S315080192E080BD0B69DDF808C081F834E02BB19342E3
S315080192F00FD0486A0130486217E00120BCF1010F1E
S315080193000A61C1F818C04862EAD1086B01280CD075
S31508019310E6E78A69022A04BFC1F818C06246086BE3
S31508019320012818BF80BD012ADAD1012081F836004B
S3150801933080BD2DE9F04190B0054640684B689842DA
S3150801934033D042F668031446C0F6020342F67402A5
S31508019350C0F60202084619460023002702F042FC1D
S3150801936020B3276837B30DF10408064608F104004F
S315080193703821E7F730FA4FF0FF30049001203168C1
S315080193808DF83B000D900395CD69304641463A4626
S3150801939001230196A84707980138B0FA80F04FEAE9
S315080193A0501704BF0598206000E00127384610B021
S315080193B0BDE8F081E7F7B6FD2DE9F04383B0DDE9B5
S315080193C00A940E46896898461546074684B1B942F5
S315080193D004D078684968E8F70BFC68B931462A462B
S315080193E04346CDF8289003B0BDE8F043FFF770BFB8
S315080193F0786849688842F1D0B8682A4601684346C0
S315080194004F693146CDE90094B84703B0BDE8F0830A
S315080194102DE9F04383B0DDF828900C468968984613
S315080194201546B9F1000F07462FD0B9423FD07E68DD
S3150801943049683046E8F7DCFBC8B32068B84204D06F
S3150801944041683046E8F7D4FB38BB2069A84237D0D3
S315080194506069A84234D0E06AC4F82080042837D06D
S315080194600020A086B868012601682A464F69214668
S315080194702B46CDE90069B84794F8350030B394F81E
S3150801948034000321E16280BB22E07868496888429A
S315080194900DD0216849688842D7D0B8682A4601683C
S315080194A043468F692146CDF80090B8471DE06068AC
S315080194B0A8421AD1E069012818BFC4F81C8014E033
S315080194C0B8F1010F04BF012020620EE00420E0621A
S315080194D0D4E90901656101310128A16205D1A069B3
S315080194E0022804BF012084F8360003B0BDE8F083E2
S315080194F080B5D1F808C0D0F804E0DCF804C0E64528
S3150801950007D08068D0F800C0DCF81CC0BDE88040F0
S315080195106047BDE88040FFF7A9BE000080B582B06C
S315080195200190019800F002F802B080BD81B0009068
S31508019530002001B07047002070470022CB10002997
S3150801954048BFA2EBE10319466FF35F21B1F5807FAE
S3150801955088BFC1F50071006B012818BF1946FF299C
S31508019560A8BFFF2108467047BFB5044600682146D3
S31508019570826E02AD28469047002069460090A06891
S3150801958001902846F9F7C2FD206829460269204656
S315080195909047BFBD0021416001607047896800227C
S315080195A002604160704700007FB5044600686E4658
S315080195B00D462146826E3046904702A82946324614
S315080195C000F0A7FEA06A002857D00168CA68211DC5
S315080195D09047002851D0BDF90C1001294DDBBDF982
S315080195E00E20012A49DB25480068012823D00028D6
S315080195F043D1BDF80A0002AD81180EB200B2B042DD
S315080196003BDAECF74BFABDF80E1038B9012905D04B
S3150801961008B201304008ADF80E00F2E7BDF80A00BD
S3150801962008440144ADF80A0009B2B142C4BF311A6F
S31508019630ADF80E10E2E7BDF8080002AD01440EB21E
S3150801964000B2B04219DAECF729FABDF80C1038B9AC
S31508019650012905D008B201304008ADF80C00F2E73F
S31508019660BDF8080008440144ADF8080009B2B14242
S31508019670C4BF311AADF80C10E2E77FBD1003002014
S3150801968090F826007047383001F09AB9006B704798
S3150801969010B504460068D0F8B0102046884740B196
S315080196A094F8250028B1206841692046BDE8104094
S315080196B0084710BD90F86E007047806E704702200B
S315080196C07047F0B5002002249842A4BF0020F0BDDF
S315080196D0C51895FBF4F606EB860532F815708F4228
S315080196E001D2701CF0E73346EED802EB4500023092
S315080196F0F0BD826C02B3A1F221639BB2192B05D886
S31508019700D06800EBC10043F2081109E0A1F24163F8
S315080197109BB2092B06D8106900EBC10043F2082158
S31508019720401A7047A1F271639BB2622B04D8D38B9E
S3150801973013B15269FFF7C5BF0020704710889842D8
S3150801974005D802EB810030F8040C984201D20020BA
S31508019750704770B500208CB281B2A14210D214FABA
S3150801976080F525F0010132F8116069089E4201D29F
S31508019770481CF1E7EFD845F0010032F8100070BD3A
S31508019780002070BD90F82C1000200C2938BF01204C
S31508019790704790F82C000C210B30B0FBF1F101EB6E
S315080197A04101A0EB81000130704790F82C00704709
S315080197B090F82D00704790F82E00704780B588B054
S315080197C00690ADF81610049206980190049820B1F7
S315080197D0FFE70498007B20B9FFE700208DF81F00FA
S315080197E036E00198006A0090049801F02BFC0146C6
S315080197F0009800EB810003900498007BADF80A00FD
S31508019800FFE7BDF80A0001281EDBFFE7BDF81600D1
S3150801981003990988884205D1FFE7039880788DF86E
S315080198201F0015E0BDF8160003990988884201DA78
S31508019830FFE709E0FFE7BDF80A000138ADF80A00BD
S31508019840039804300390DCE700208DF81F00FFE73A
S315080198509DF91F0008B080BD81B000900098406A4C
S3150801986001B0704786B00590049105980499039153
S3150801987003990988029103994A88029941EA0241A2
S315080198800291C0690190019804998988C1F3C4219C
S3150801989050F82100009000980299084406B07047D4
S315080198A081B000900098806A01B0704780B505487C
S315080198B000680168D1F8AC1088470138B0FA80F021
S315080198C0400980BD9CB400201CB5C468008A00907C
S315080198D001EB4200DDE905132246F9F74FFD1CBDF0
S315080198E0F9F77ABEF0B585B0044691F82800FF2845
S315080198F023D101F126060D4602A8314600F0CEFD18
S31508019900BDF80C70304600F083FE80B2874214D150
S31508019910BDF80E70304600F0E5FE80B287420CD1E4
S31508019920DDE9020120600020616069460090A868AF
S3150801993001902046F9F7EAFB02E00020606020600A
S3150801994005B0F0BD01462630C96A09B1F6F766B910
S31508019950F6F791B92DE9FF41054690F82800C0B1FF
S315080199600DF108080C462946404600F071FFF6F746
S3150801997093FF07462846FFF7E5FF3968424623461F
S31508019980CE6895F82810CDE9000105F1260138467B
S31508019990B047BDE8FF81000081B00090002001B00A
S315080199A07047000082B00190009101990098808863
S315080199B08880012002B0704781B0009001B07047DD
S315080199C08088704781B000900098C06C01B07047DC
S315080199D081B000900098C06C01B0704781B00090CA
S315080199E00098006D01B0704780B582B0019001986A
S315080199F000F03AFF02B080BD80B582B00191FEF752
S31508019A00A9F902B080BD00002DE9F04F8DB00546D9
S31508019A1027480C46A98D0088814246D205F12806B9
S31508019A20304601F0D7FB00283FD00746D5F83090DD
S31508019A3095F836A0304601F067FB83460494AC6B73
S31508019A40B5F83480304601F081FB8DF82100E86BCA
S31508019A508DF82EA0ADF82C80CDE909498DF820B0F6
S31508019A6007970C9095F837008DF82F00F6F714FF35
S31508019A70074605A8294600F0EBFE304601F0F2FB41
S31508019A8004462868C16F2846884706462868D0F8DC
S31508019A90801028468847DDE9051207AB039038464A
S31508019AA08DE85800049BF7F7B3FA0DB0BDE8F08FBF
S31508019AB0ACB4002000224260026091F82620FF2AF9
S31508019AC000D0704789684160704790F8261029B11F
S31508019AD090F8251011B10168496908477047BCB566
S31508019AE00446086849686D46CDE90001206829469B
S31508019AF0C26A20469047F6F7CFFE0168A26A94F833
S31508019B0026304C6A2946A047BCBD0000102984BFEF
S31508019B1000207047DFE801F00B0D0F111111110933
S31508019B20090909091111111111000820704710209E
S31508019B3070471820704720207047114902A040F24B
S31508019B400932E6F767FD00BF66616C736520262654
S31508019B502022556E737570706F7274656420626920
S31508019B60746D617020666F726D617420696E20670D
S31508019B706574426974446570746828292200000076
S31508019B80E34E02082DE9FC41074608489846154662
S31508019B900E460489EBF752FFCDE9004038463146B7
S31508019BA02A46434600F004F8BDE8FC810403002078
S31508019BB0B0B504981C4600FB02150599FFF7A6FFE8
S31508019BC0C00805FB0040B0BD81B00090002001B07F
S31508019BD07047000081B000900098C08801B07047B6
S31508019BE080B50268D268904730B1817A407B00F02F
S31508019BF0800041EA400080BD002080BD81B0009010
S31508019C00002001B070470168096B084781B00090D0
S31508019C109FED010A01B070470000000082B080B5CF
S31508019C2086B00993089205900491059808A90391AD
S31508019C30049A03990191019B002100F0D9F8ADF826
S31508019C400A00BDF80A0006B0BDE8804002B07047B8
S31508019C5081B080B587B0099306908DF817100492E4
S31508019C60069809A903919DF81710049A039B019375
S31508019C70019B00F0BDF8ADF80A00BDF80A0007B06F
S31508019C80BDE8804001B0704781B000900098807AA5
S31508019C9000F07F0001B0704781B000900098807A8B
S31508019CA0C00901B07047000081B000900098008A91
S31508019CB001B0704781B000900098C08901B0704723
S31508019CC082B02DE9F0439DB00446CDE9242324A8AA
S31508019CD00DF10C09ECF71BF8EBF7ECFFEBF7C0FFFE
S31508019CE0EBF7A5FE002000212246029002AE484667
S31508019CF03346F4F7E5F847F6FF752FB278B10A2827
S31508019D000AD0029840B1E58801F0A7F9281A00B2ED
S31508019D10B842B8BF07463D46EBF7E3FEEDE73846DE
S31508019D201DB0BDE8F04302B0704782B02DE9F0439B
S31508019D309DB00446CDE9242324A80DF10C09EBF7BF
S31508019D40E6FFEBF7B7FFEBF78BFFEBF770FE0027A4
S31508019D50029702AEEBF7C5FEB0B10A28FAD002980F
S31508019D600028F7D0E58801F078F90299281A3FB258
S31508019D70CA79497B104401F0100100EB011000B2C9
S31508019D80B842C8BF0746E5E7B8B21DB0BDE8F0431B
S31508019D9002B0704782B02DE9F0419CB00646CDE984
S31508019DA0222322A888461B9002AC2046F4F726FDFA
S31508019DB030681B9FC16C3046884705463068016D7F
S31508019DC0304688470090204641463A462B46F3F7E7
S31508019DD00CFD01252046F3F768FD18B10A2808BFCE
S31508019DE00135F7E7A8B21CB0BDE8F04102B07047EB
S31508019DF02DE9F0479AB001AE0546984691468A463E
S31508019E003046F4F7FBFC2868C16C284688470746A4
S31508019E102868016D284688470090304649464246DB
S31508019E203B46F3F7E2FC00243046F3F736FDA7B2CA
S31508019E3058B93046294647F6FF725346F7F76DF982
S31508019E4001B2B942C8BF0446EEE738461AB0BDE8C2
S31508019E50F087000081B00090002001B07047417A78
S31508019E608088084480B2704781B00090002001B014
S31508019E707047000080B588B00690ADF816100698B0
S31508019E800190BDF8160018B9FFE70020079011E008
S31508019E900198002104918DF80F10BDF8161002687B
S31508019EA0D2F808C004AA0DF10F03E0470290029800
S31508019EB00790FFE7079808B080BD000081B00090C1
S31508019EC00098808801B07047D1E919124260016093
S31508019ED0704700002DE9F04FA3B0866A044603AF28
S31508019EE00D463846214600F0B3FC2068416E2046EF
S31508019EF08847009005A831463A462B46F9F796FD5C
S31508019F0000200390206C01283AD1D4E90B01626C38
S31508019F10636D0DF10C0B101A591A5A46FAF7C9F95D
S31508019F20616C626D05AD80462846F9F789FCA16C1E
S31508019F30A26D2846F9F732FCE56E0DF1040AB42D37
S31508019F403EDAA8EB05073846FAF780F90290584633
S31508019F5002A900F005FC0646D4F834903846FAF70B
S31508019F600FFA01905846514600F0FAFBA26B09EB2D
S31508019F700601121A05A8F9F711FCE06E0544DEE799
S31508019F80616C626D05AD2846F9F75AFCA16CA26DA4
S31508019F90254E2846B047E16CE26D2846B047216D4B
S31508019FA0226E2846B04705ACFF212046F9F790FCFA
S31508019FB005462046F9F7A6FD284623B0BDE8F08FE9
S31508019FC0E16CE26D05AD2846F9F7E8FB216D226ED5
S31508019FD02846F9F7E3FB4FF0B40B03AF0DF1040A7A
S31508019FE0E06EABEB000BBBF1010FDCDB0BEB0806FC
S31508019FF03046FAF72BF90290384602A900F0B0FB71
S3150801A0000546D4F82C903046FAF7BAF90190384645
S3150801A010514600F0A5FB226B09EB0501121A05A8AA
S3150801A020F9F7BCFBDCE700BF9D3701082DE9F047CE
S3150801A03086B0044690F82600002800F0EA802068D9
S3150801A0402146826E04A89047E26A636B6FF01F0689
S3150801A0502021E06B92FBF1F593FBF6F690FBF1F10B
S3150801A060AD1948BF6D42B5EB410F0FDBD4F83090FF
S3150801A070A66B20276FF01F05490099FBF7F796FB9A
S3150801A080F5F57F1948BF7F428F4203DA20680269D6
S3150801A09004A9BCE000EB40014FF0000C1F25033179
S3150801A0A0ACEBA10705EBA1014909B0F1FF3FB8BF28
S3150801A0B0ACEB571106EB0900BDF914C0BDF91680C2
S3150801A0C00225202790FBF5F000B290FBF7FA9818C5
S3150801A0D090FBF5F0C44500B290FBF7F007DA00EB08
S3150801A0E0010E401A93420BDA4E450CDB4BE00AEBA4
S3150801A0F0010EAAEB0107934224DA4E4525DB61E0FE
S3150801A10041D04E453FDDBDF81210BDF81020ADF81F
S3150801A1100000ACEB0000ADF802A0AAEB0103104465
S3150801A120ADF80A10ADF80820ADF80E30AEEB020313
S3150801A130ADF80400ADF80C30A8EB0A031944ADF8E4
S3150801A14006105CE03ED04E453CDDBDF81210BDF868
S3150801A1501020ADF80000ADF80270AEEB0103ADF8C2
S3150801A1600820ADF80A10ADF80E30831AADF80C3098
S3150801A170ACEB0003A8EB07001A440844ADF8042029
S3150801A180ADF806003BE0BDF81210ADF80800ACEBDF
S3150801A1900000ADF802A0AAEB0102ADF80A10ADF86D
S3150801A1A00E20BDF810201044ADF80020ADF80C00C3
S3150801A1B0A8EB0A000844ADF80600AEEB0200ADF8BC
S3150801A1C004001CE0BDF81010BDF81230ADF80A7095
S3150801A1D0ADF80000421AADF80810ADF80230ADF836
S3150801A1E00C20A8EB07021A44ADF80E20AEEB0302C9
S3150801A1F0ADF80620ACEB00021144ADF80410206856
S3150801A200026902A9204690472068694602692046E4
S3150801A210904706B0BDE8F0870A88038893420ED1B5
S3150801A2204A88438893420AD18A888388934206D109
S3150801A230C988C088401AB0FA80F0400970470020E2
S3150801A240704770B5B1F9044002460120012C21DBA3
S3150801A250B1F90630012B1DDBB2F90000B1F9006036
S3150801A260864205DBB2F90250B1F90210A94201DAB8
S3150801A270002070BD3444968824B2304406B20020CA
S3150801A280B44207DCD288194409B22A4412B291426F
S3150801A290D8BF012070BD10B5B1F900208B881344D1
S3150801A2A01CB2B0F90030A34215DA848823441BB2E4
S3150801A2B0934210DDB1F90220C988B0F90230114480
S3150801A2C00CB20021A34207DAC088184400B29042B2
S3150801A2D0C8BF012100E00021084610BD0346B0F9B8
S3150801A2E00000884213DC10B59C88204400B28842DD
S3150801A2F0BDE810400BDDB3F902100020914205DCE0
S3150801A300DB88194409B29142C8BF01207047002071
S3150801A310704780B50B684968416011460360F8F7D4
S3150801A320F5FE80BD80B5FFF777FF80F0010080BD9F
S3150801A33091F82820FF2A03D0002141600160704767
S3150801A34080B5263100F0AAF880BD90F8281029B109
S3150801A35090F8251011B10168496908477047F0B5A9
S3150801A3608BB0054600200F462C46CDE9080054F867
S3150801A370260BC26A08A92846904704A8214600F078
S3150801A38037F9DDE90401CDE9060106AE394630465D
S3150801A390F8F7BCFEBDF91C00012813DBBDF91E0048
S3150801A3A001280FDBF6F778FA0168BDF92020BDF917
S3150801A3B022308F6895F8281001250295CDE90061AC
S3150801A3C02146B8470BB0F0BD82B00190ADF8021036
S3150801A3D04AF28430C2F2000000684AF28C31C2F2B5
S3150801A3E000010968BDF8022051F8221000EB41006E
S3150801A3F002B07047018A3822408A02EA912141EA6D
S3150801A40050307047B0B5CE4D0446A86800283ED0F6
S3150801A410698822888A4220D202EB820100EB8101F7
S3150801A420486880B32B698BB353F8222072B3084668
S3150801A430FFF7E0FF0B3818BF01202388A9682A69AE
S3150801A44003EB830401EB84010C89498904FA00F0C2
S3150801A450484352F82310033011E0A8880844904273
S3150801A46011D9501AE968EBF7BDFA0ED00B290AD1B2
S3150801A4700189408948432969033051F8221020F09F
S3150801A48003000844B0BD0020B0BD0D30B0BDAF48D3
S3150801A490AF4940F6AB02E6F7BDF800BF10B5A84ACA
S3150801A4A0936893B354880988A1420DD201EB8101BF
S3150801A4B003EB8101CA6802604A8A098A6FF35F322F
S3150801A4C06FF35F31C2801AE0938823448B420BD91C
S3150801A4D0091BD268C1EBC10152F8113002EB4101E7
S3150801A4E049680360416010BD4FF6FE72914208D17A
S3150801A4F00021016008490988C180084909888180C5
S3150801A50010BD00214160016010BD9048904940F698
S3150801A5106C02E6F77FF800BF0A0300200803002053
S3150801A52087498A688AB34B880088984212D200EB19
S3150801A530800002EB8000028A01896FF35F328A424A
S3150801A54019D3428A418900206FF35F328A4238BFA4
S3150801A550012070478A881A4482429CBF00207047AE
S3150801A560C01AC968C0EBC00001EB40000189B0F907
S3150801A57004208A4201DA012070474189B0F9062090
S3150801A58000208A42B8BF012070477048704940F6DA
S3150801A5908502E6F73FF800BF10B5694B9A680AB31A
S3150801A5A05C880188A14205D2186958B150F8210082
S3150801A5B040B110BD98882044884208D9186900EB33
S3150801A5C081000DE001EB810002EB800008E04FF607
S3150801A5D0FE7081421CBF002010BDED48006848305E
S3150801A5E0006810BD59485A4940F69402E6F712F830
S3150801A5F070B5054608460C4600F00AF80646204698
S3150801A60000F070F8E8800020AE80286070BD000078
S3150801A6104B498A6822B34B880088984204D200EBDA
S3150801A620800002EB800009E08A881A44824208D930
S3150801A630C01AC968C0EBC00001EB4000008900B22E
S3150801A64070474FF6FE71884208D13E483E4AD149C5
S3150801A6500068002808BF0A461088F0E70020EEE7E0
S3150801A6603A483B4940F64602E5F7D4FFB0B5344DC2
S3150801A670A96889B304466A880088904211D200EB1A
S3150801A680800001EB8000FFF7B5FE296919B322881E
S3150801A69051F82210F9B1A0F10E01032938BF084675
S3150801A6A0B0BDA9881144814209D9801AE968C0EB6D
S3150801A6B0C00001EB4000007B00F01F00B0BD4FF663
S3150801A6C0FE71884206D1F6F7E7F80168096BBDE81D
S3150801A6D0B04008470020B0BD1C481D4940F6DC02C1
S3150801A6E0E5F798FF16498A6822B34B88008898428D
S3150801A6F004D200EB800002EB800009E08A881A4444
S3150801A700824208D9C01AC968C0EBC00001EB4000F3
S3150801A710408900B270474FF6FE71884208D1094850
S3150801A7209C4A09490068002808BF0A461088F0E7CC
S3150801A7300020EEE70548064940F65902E5F76AFFA3
S3150801A740D8020020100300200E030020994A0208AF
S3150801A750294B020881B000900098006801B0704743
S3150801A760E0B50968006801AB4FF40042F9F73EFD10
S3150801A7708CBD000083B002900298009041680020C9
S3150801A780019099B1FFE700998868CA6802F001014A
S3150801A7900143002818BF0120002A18BF01220029F9
S3150801A7A018BF0121114008430190FFE7019800F005
S3150801A7B0010003B07047E0B5002182680091016885
S3150801A7C001920A69694690478CBD000081B00090E4
S3150801A7D0009890F8240000F0010001B07047B0B568
S3150801A7E0EBF716F9B4F9040001280BDBB4F90600F6
S3150801A7F0012807DB686928B101688A6A2146BDE82C
S3150801A800B0401047B0BD0000B0B5EBF701F9B4F997
S3150801A8100400012810DBB4F9060001280CDB68697D
S3150801A82028B101680A692146BDE8B04010470748C2
S3150801A83000680430A84200D0B0BDF1F7B3FD036843
S3150801A840216862681B6CBDE8B0401847C402002045
S3150801A85080B5024600208B68106008685360C36A99
S3150801A86008461146984780BD80B582B00190019887
S3150801A870009090F82500C00728B1FFE70098016805
S3150801A88049698847FFE702B080BD82880B881A4468
S3150801A8904B880A80C28840691A444A8010B1026806
S3150801A8A0D26A10477047000081B00090009890F86E
S3150801A8B0250000F0010001B0704700207047FCF741
S3150801A8C033BA00002DE9F04F87B00191106851683D
S3150801A8D01546CDE9040118685968CDE9020104A8AD
S3150801A8E0F5F786F802A82946F5F794F8BDF9087030
S3150801A8F0BDF81000BDF90A60BDF91420BDF90CB008
S3150801A900BDF90E5038440092ADF80800BDF81200A2
S3150801A9103044ADF80A001E48EBF797F9DFF874A042
S3150801A920BDF90820BDF90A30BAF8001003FB012267
S3150801A93000EB420401FB05F0019904EB40090020F4
S3150801A940A0EB8B08A0EB4B05009816FB007001EBFA
S3150801A95080074C4515D204EB4B06B44205D201CF0C
S3150801A960FBF770F924F8020BF7E7BDF9141007EBAA
S3150801A970080000EB8107BAF80010601900EB4104E2
S3150801A980E7E70348EBF751F907B0BDE8F08F00BFD9
S3150801A9909CB400200C030020102070477949828D51
S3150801A9A009888A4224BF00207047283000F0ACBBD2
S3150801A9B080B582B00191F8F79FFB02B080BD000017
S3150801A9C02DE9FC4104466F48EBF758F924BF0020EE
S3150801A9D0BDE8FC8104F12806304600F0FBFB05467C
S3150801A9E0304600F0B3FB8046304600F03BFC064695
S3150801A9F0EBF7C0F90746EBF73CF8296832463B46C0
S3150801AA00CC69009028464146A047BDE8FC8100BFB5
S3150801AA1081B000900098283001B070470020704737
S3150801AA2081B00090002001B07047000070B504465F
S3150801AA30ED48EBF723F924BF002070BD04F1280087
S3150801AA4000F010FC0546EBF795F90646EBF711F809
S3150801AA500346206829463246D0F878C02046BDE824
S3150801AA60704060471CB5044690F8360018B3DE48B6
S3150801AA70EBF704F91FD2B4F9080001281BDBB4F976
S3150801AA800A00012817DB04F1280000F0EBFBB4F9F2
S3150801AA904610002910D4B4F9441000290CD4A16C2D
S3150801AAA0814209D1D4E910122068CDE90012026960
S3150801AAB06946204690471CBD206841692046BDE885
S3150801AAC01C40084782B02DE9F04F9BB00546C648A1
S3150801AAD0CDE924238946A98D0088814246D224A836
S3150801AAE005F128071A90384600F074FB06460068F7
S3150801AAF0816B304688470DF1040804464046F3F752
S3150801AB007DFE3068DDF868A0C16C3046884783460B
S3150801AB103068016D3046884700904046494652469E
S3150801AB205B46F2F762FED5F83C90384600F00EFB1C
S3150801AB300646384600F04EFB034695F83700298944
S3150801AB403246081A494600B200904046F6F7AEFA70
S3150801AB50B5F9341000B201FA84F2012A08DB00FBC8
S3150801AB6004F289B2013801FB002404E0002402E062
S3150801AB700028D8BF002420B21BB0BDE8F04F02B0B0
S3150801AB80704700BFACB400202DE9F04FABB0824648
S3150801AB90CF488B46898D0088814273D20BF12804F0
S3150801ABA0204600F017FB07462046079400F05AFB9B
S3150801ABB004463868816B38468847BBF834100690D6
S3150801ABC001EB0008DBF83C1012A8002960D0F3F766
S3150801ABD015FE3868C16C3846884706463868016DDF
S3150801ABE038468847EBF7F9F88146EBF718F9CDE9C6
S3150801ABF0009012A8214632462B46F2F7EDFDDBF806
S3150801AC00380040F002010BF10800022914BF0BF1CC
S3150801AC100A0202461488022908BF0BF10A000588B0
S3150801AC209BF83760079800F091FABBF93410DBF806
S3150801AC303C20CDE90007A01B0DF120092B46CDE9E3
S3150801AC40021282B212A94846F7F7FEFB0026002433
S3150801AC504846F7F7C1FA20B2BDF84240A042C8BF3C
S3150801AC600446BDF82000013600285AD09DF8460052
S3150801AC70002856D1387AA5EB080500FA85F0002890
S3150801AC80E6DC4EE04FF0FF310020CAE90001A6E0FC
S3150801AC90F3F7B4FD3868C16C384688478146386889
S3150801ACA0016D38468847EBF798F80646EBF7B7F88B
S3150801ACB0CDE9006012A821464A462B46F2F78CFDDB
S3150801ACC0DBF83800CDF814A00DF148094FF0000A59
S3150801ACD040F00200022814BF0BF108000BF10A002C
S3150801ACE005880026079800F031FA03464846394692
S3150801ACF047F6FF72F6F711FA04460FFA8AF0A042F0
S3150801AD00C8BF044648460136F2F7C7FD38B9387A4E
S3150801AD10A5EB0805A24600FA85F00028E2DCDDF875
S3150801AD2014A0BBF8341006FB08F0069A401A01B2C3
S3150801AD3010B28142C8BF0846DBF83820797A42F05A
S3150801AD400202022A14BF0BF10A020BF10802B2F938
S3150801AD5000604518DBF80000C16E5846884701288F
S3150801AD6007D002280BD19BF83710B0B22144401AFC
S3150801AD7007E020B20221301A90FBF1F001E09BF8BE
S3150801AD803700FA7A3B7B811A1019DBF83820184408
S3150801AD90032A08D0022A0ED0012A14D1BBF80820AA
S3150801ADA00C46561B04E0BBF80A2001440026541A37
S3150801ADB0294605460AE0BBF80A200144541BBBF89C
S3150801ADC00820561A01E00E46002401460798C1EAF2
S3150801ADD0054500F047FAC6EA0441CAE90015CAF86A
S3150801ADE008002BB0BDE8F08FACB400202DE9F04F78
S3150801ADF08FB00446D148A28D0088824265D2086880
S3150801AE004E6804F12805CDE90C06284600F02AFA11
S3150801AE10B4F94620310C002A12D4B4F94420002A88
S3150801AE200ED4A26C82420BD1D4E91001CDE90601F8
S3150801AE300CA806A9F8F76AF9BDF83610BDF834600A
S3150801AE4030B2012841DB08B201283EDB284600F072
S3150801AE50C1F9D0B30646206894F83680D4F8309004
S3150801AE60C16E204688478246D4F838B0A78E284650
S3150801AE7000F06CF98DF81D00E06B8DF82A80ADF8AD
S3150801AE802870CDE908B98DF81CA006960B9094F8A0
S3150801AE9037008DF82B00F5F7FFFC064604A8214676
S3150801AEA0FFF7D6FC284600F0DDF90546EAF762FF0A
S3150801AEB00746EAF7DEFDDDE9041206AB03903046E4
S3150801AEC08DE8A8000CABF6F7A3F80FB0BDE8F08F34
S3150801AED0ACB4002042697AB1F0B59388CC1A09D48A
S3150801AEE0008B431E84420ED3C3EBC300EAF783FDEE
S3150801AEF0002803DD0020F0BD002070470225C41894
S3150801AF0048BF93FBF5F4002602259E42F2DCC4EB0A
S3150801AF10C40002EB400087888F42ECD010D9B442B6
S3150801AF20E8DD631EC3EBC300EAF765FD1844A042DA
S3150801AF30E0DA9C19B042B8BF94FBF5F00446E4E7A1
S3150801AF409C42D7DA661CC6EBC600EAF754FDD1D493
S3150801AF508419F0189C42C8BF90FBF5F4D5E7F8B5FB
S3150801AF60002631B30A2924D0054642F20B00814254
S3150801AF701FD04FF6FF6081421BD028461C46174654
S3150801AF80FFF7A8FF064648B9286801692846884791
S3150801AF9001462846FFF79EFF064660B128683146F6
S3150801AFA0C26D2846904738602868C16B284688478D
S3150801AFB020703046F8BD0026FBE70021416001609C
S3150801AFC07047B0B58D6A04460020606020602DB1D7
S3150801AFD0291D2046F8F734F8AD69F8E7B0BD90F8B1
S3150801AFE0252062B3FEB5846A3CB30E684F686D4688
S3150801AFF01CB394F82500F0B1211D2846CDE9006758
S3150801B000F8F784F8BDF90400012814DBBDF9060038
S3150801B010012810DBA088BDF80010081ABDF8021037
S3150801B020ADF80000E088081A2946ADF80200206844
S3150801B030826820469047A469DAE7BDE8FE40704772
S3150801B0400120704781B000900099C87A497B01F0C8
S3150801B050070140EA012001B07047017A407B00F000
S3150801B0602002400641EAC20148BF01F57E4108B205
S3150801B0707047000082B00190ADF80210019ABDF840
S3150801B080020041F6445100FB0120083002B0704726
S3150801B09081B00090012001B07047000082B0019094
S3150801B0A0ADF802100198BDF8021000EB0110083046
S3150801B0B002B0704781B00090012001B070470000CE
S3150801B0C082B00190ADF802100198BDF8021001EBAB
S3150801B0D0410100EB8100083002B0704781B0009051
S3150801B0E0012001B07047000081B000900098818866
S3150801B0F04BF2AC40C2F20000028800209142B8BF70
S3150801B100012001B0704700000B49096879B10B4A63
S3150801B1108088128890423FBF01EB4000407800F0DA
S3150801B12003007047064807498522E5F773FA06487A
S3150801B13004498422E5F76EFAA8B40020ACB40020CD
S3150801B140EF3C020854500208AD3C020880B584B0B1
S3150801B1500390039802904BF2A840C2F200000068DF
S3150801B16008B1FFE70AE043F6AD40C0F6020043F630
S3150801B1705A51C0F602019022E5F74CFA4BF2A84063
S3150801B180C2F2000001680020019019B1FFE7012011
S3150801B1900190FFE702980199FFF7A6FF08B1FFE7BB
S3150801B1A00AE043F6EF40C0F6020043F65A51C0F6EC
S3150801B1B002019122E5F72EFA02994BF2A840C2F252
S3150801B1C000000068898800EB41004078C0F38100DF
S3150801B1D004B080BD80B584B00390039802904BF209
S3150801B1E0A840C2F20000006808B1FFE70AE043F68A
S3150801B1F0AD40C0F6020043F65A51C0F602016C2270
S3150801B200E5F708FA4BF2A840C2F2000001680020EF
S3150801B210019019B1FFE701200190FFE70298019912
S3150801B220FFF762FF08B1FFE70AE043F6EF40C0F611
S3150801B230020043F65A51C0F602016D22E5F7EAF912
S3150801B240029A4BF2B040C2F2000000684BF2A841E4
S3150801B250C2F200010968928811F8121050F821000B
S3150801B26004B080BD80B584B00390039802904BF278
S3150801B270A840C2F20000006808B1FFE70AE043F6F9
S3150801B280AD40C0F6020043F65A51C0F602016022EB
S3150801B290E5F7C0F94BF2A840C2F2000001680020A8
S3150801B2A0019019B1FFE701200190FFE70298019982
S3150801B2B0FFF71AFF08B1FFE70AE043F6EF40C0F6C9
S3150801B2C0020043F65A51C0F602016122E5F7A2F9D6
S3150801B2D002994BF2B440C2F2000000688988FFF770
S3150801B2E073F804B080BD000081B000900098006832
S3150801B2F001B0704700A070477374643A3A6261649A
S3150801B3005F657863657074696F6E0000042100F0EB
S3150801B31031B970477047000080B5804704A000F036
S3150801B32014FE00F0A9F90CA000F00FFE00F08AF94E
S3150801B3307465726D696E6174655F68616E646C656A
S3150801B3407220756E65787065637465646C792072B0
S3150801B350657475726E6564007465726D696E617483
S3150801B360655F68616E646C657220756E6578706577
S3150801B370637465646C7920746872657720616E20E0
S3150801B380657863657074696F6E00000080B58047E3
S3150801B39001A000F0DAFD00BF756E6578706563740B
S3150801B3A065645F68616E646C657220756E65787038
S3150801B3B065637465646C792072657475726E65640B
S3150801B3C00000000040F21000C2F200000068704759
S3150801B3D040F21400C2F200000068704710B500F090
S3150801B3E0C6FA08B104681CB9FFF7ECFFFFF794FF2A
S3150801B3F004F12800EDF7B9F80028F5D06069FFF7E0
S3150801B4008BFF00F01FF9000070B58AB00DF1140E1C
S3150801B41094460C46054610980F990E9A0995ADF86B
S3150801B4202240ADF820C0ADF81E308DF81D208EEDF6
S3150801B430010ACEED000A8DF813108DF8120009984D
S3150801B4400438BDF92210BDF92020BDF91E309DF83A
S3150801B4501DC09EED010ADEED000A9DF813409DF818
S3150801B4601250EE46CEF80850CEF80440CEF800C089
S3150801B470EFF762FD0AB070BD80B584B084460698C0
S3150801B480CDF80CC0ADF80A10ADF80820ADF80630B5
S3150801B4908DF8050003980438BDF90A10BDF908208E
S3150801B4A0BDF906309DF805C0EE46CEF800C0EFF7A7
S3150801B4B093FD04B080BD000082B001908DF80310A1
S3150801B4C0019804389DF9031002B0EFF7AFBD0000EB
S3150801B4D080B584B084460698CDF80CC08DF80B105B
S3150801B4E08DF80A208DF809308DF80800039804387C
S3150801B4F09DF90B109DF90A209DF909309DF908C09F
S3150801B500EE46CEF800C0EFF79FFD04B080BD0000FF
S3150801B51082B001908DF80310019804389DF9031043
S3150801B52002B0EFF7BBBD000081B000900098043867
S3150801B53001B0EFF7E9BD000082B0009000980190D4
S3150801B540043802B0EFF7ECBD82B001910090009883
S3150801B5500838019902B0F3F72DBB083800F008B88E
S3150801B56082B0009000980190083802B0F3F75CBBEE
S3150801B570E4F73FBFFFF7FCBF81B0009000980028B1
S3150801B5800DD4FFE7009901F01F02012090404A09F6
S3150801B5904EF20011CEF2000141F82200FFE701B098
S3150801B5A0704700004EF60C50CEF200000068C0F35A
S3150801B5B00220704782B0019000910198002809D4B1
S3150801B5C0FFE70098000101994EF20042CEF200020F
S3150801B5D088540AE000980001019901F00F014EF61E
S3150801B5E01452CEF200028854FFE702B070470000F9
S3150801B5F083B00290029800F0070000904EF60C51B5
S3150801B600CEF200010868019001984FF6FF0210403A
S3150801B61001900198009A40EA02200022C0F2FA52EB
S3150801B620104301900198086003B070470846114617
S3150801B630EDF70ABF08461146EDF706BF084611465B
S3150801B640EDF702BF80B500F017F8FFF7C7FEB0B5F2
S3150801B650873020F007042046ECF7ABFF054630B1EA
S3150801B66028462146E5F7B7F805F18000B0BDFFF792
S3150801B670B5FEFFF7E7FF000070B50546ECF775FF65
S3150801B680064600F06FF904462846283800BF7EB101
S3150801B690C169002948BF4942226801319042C16106
S3150801B6A01CBF82612060616801396160C06C70BD30
S3150801B6B02168002902BF206005F1580070BDFFF717
S3150801B6C08DFEFFF7BFFF10B5044600F04BF9D4E92C
S3150801B6D0001244F64E43C0F24303090A83EA1223D1
S3150801B6E041EA026142F62B32C4F2437251401943D0
S3150801B6F0A4F128010AD154F8042C1AB98368816087
S3150801B70044F8083C501C44F8040C02E0826812B95B
S3150801B7108160012010BDFFF761FEFFF793FF00006E
S3150801B7202DE9F04F87B020B90020FFF7A5FFFFF7F5
S3150801B73055FE0546FFF7A0FF2846ECF716FF074614
S3150801B74040B16C6B55E9060BEE6AA5F1280A4FEA7A
S3150801B750E47806E0FFF736FE83464FF0000AFFF766
S3150801B76037FEFFF713FEFFF787FF002F67D016F89E
S3150801B770011B06A80696EDF723F906980178FF2915
S3150801B7805FD0CDE9034800F1010800204FF0000918
S3150801B79018F9011B01F07F02824049EA02090029D2
S3150801B7A000F10700F4D4CDF8188000F0E0F8066837
S3150801B7B00746002E45D006F128042046ECF7D5FEAB
S3150801B7C0B6EB0A0118BF01210840C844DDF81090FC
S3150801B7D001281DD1D6F808A0204603C800BF42F6A5
S3150801B7E00132C4F22B32504044F64762C4F24C325D
S3150801B7F05140084314BF06F1800CD6F804C00398DB
S3150801B800494642465346CDE900C5EDF7B1F960B35D
S3150801B81043F68830C0F6020000F10806059642F69E
S3150801B8208C03039805AFC0F6020349464246CDE9A3
S3150801B8300075EDF79DF938B105A8AFF3008000F062
S3150801B84046F85846FFF768FD00F041F80420FFF76F
S3150801B850FEFE066042F68C014BF21332C0F6020177
S3150801B860C0F6010200F0F1F80EE0F069796840428D
S3150801B870F061481C786000F02AF800F028F82046A4
S3150801B880FFF7FAFE00F0B4F805A8AFF3008001E06F
S3150801B89000E0FFE700F01BF800F058F8FFF7D2FECA
S3150801B8A010B578B1044650F87C0C013844F87C0C84
S3150801B8B008D154F8741C09B120468847A4F18000C0
S3150801B8C0ECF767FE10BDFFF7BDFEFFF7BBFEB0B58F
S3150801B8D000F04DF805460068D0B1014651F8282F09
S3150801B8E044F64E444B68C0F24304120A84EA132410
S3150801B8F042EA036242F62B33C4F243735A402243A7
S3150801B90007D1C169B1F1FF3F09DD0139C1610BD029
S3150801B910B0BD0846EBF7E3FE00202860B0BD013153
S3150801B920C161F5D38069F8E78169296090F8281023
S3150801B930012905D14168A1F18004ECF72AFE2046C8
S3150801B9408030BDE8B040FFF7ABBF00001EB47446B7
S3150801B950EDF7D3F8A646024CA4461EBC6047000084
S3150801B960C17700084BF25820C2F2000070474BF22B
S3150801B9705820C2F200007047F0B581B00646A0F122
S3150801B9808007002014460D4646F87C0CFFF720FD7B
S3150801B99046F8700CFFF716FD46F86C0C44F647603E
S3150801B9A042F6003148F65B32C4F24C30C4F22B3110
S3150801B9B0C0F6000246E91E5446E91610384646F80E
S3150801B9C0502C01B0F0BD000080B501A000F0BDFA11
S3150801B9D050757265207669727475616C2066756E2C
S3150801B9E06374696F6E2063616C6C65642100000085
S3150801B9F070B5FFF7B7FF05682DB32C4654F8281F15
S3150801BA0044F647636268C4F24C335A4042F600333F
S3150801BA1021F0FF01C4F22B33594051EA020606D13F
S3150801BA20E96942684942E961511C416001E0002126
S3150801BA3001602046EBF788FE2046FFF71DFE16B982
S3150801BA406869FFF769FCFFF7C9FC70B514460D462E
S3150801BA500646FFF787FF41682246013141603046B5
S3150801BA602946FFF789FF04460120606004F1280092
S3150801BA70EBF76AFE2046ECF760FF000080B582B05E
S3150801BA80ECF712F94DF6EC31C2F2000101910860AA
S3150801BA90ECF76CF901994860ECF7A4F8019988600C
S3150801BAA0ECF794FA0199C860ECF7C2F901990861B3
S3150801BAB0ECF724FA01994861ECF7ECFA01998861E7
S3150801BAC002B080BD80B582B04AF29030C2F2000061
S3150801BAD00190EFF7BDFB01994BF28920C0F60000F2
S3150801BAE040F20002C0F60002E4F78EFD02B080BD06
S3150801BAF080B582B040F24030C2F200000190F3F7FF
S3150801BB0055FE01994FF66100C0F6000040F20002A9
S3150801BB10C0F60002E4F778FD02B080BD80B582B0B8
S3150801BB204AF29430C2F200000190F0F7D7F9019970
S3150801BB304BF68570C0F6000040F20002C0F600021E
S3150801BB40E4F762FD02B080BD80B582B04BF2CC103D
S3150801BB50C2F200000190FCF7DFF8019947F641505F
S3150801BB60C0F6010040F20002C0F60002E4F74CFDFF
S3150801BB7002B080BD80B54BF2ED40C0F6000040F240
S3150801BB800401C2F2000140F20002C0F60002E4F725
S3150801BB903BFD80BD80B584B069464FF4A07048600E
S3150801BBA0F02008604BF23410C2F2000003904AF20A
S3150801BBB09431C2F200014BF2CC12C2F200024AF2EF
S3150801BBC09033C2F20003EDF777FA039949F225108B
S3150801BBD0C0F6000040F20002C0F60002E4F714FDC8
S3150801BBE004B080BD2DE9F04385B00746884602A812
S3150801BBF0394699461546ECF79CFC039E294630467C
S3150801BC000022ECF7D1FB029C58B1049E3846214626
S3150801BC1042462B46CDE90069ECF721FC05B0BDE8A3
S3150801BC20F083384621462A463346CDF80090ECF78C
S3150801BC304CFC10B105B0BDE8F083384621464246B2
S3150801BC402B46CDE90069ECF7C4FB05B0BDE8F083E6
S3150801BC5080B5084600F06DF90921002808BF0521BD
S3150801BC60013818BF084680BD2DE9F0418CB007465A
S3150801BC7000294FF0030000F086801546002A00F0DF
S3150801BC80828008460C46ECF770FC27F00801022969
S3150801BC905DD00646012907F0080727D0002943D1B8
S3150801BCA0002F54D102A80121324623460095ECF70C
S3150801BCB095FC089808284AD0062864D100200B90DC
S3150801BCC00BAF284600210D2200230097EBF794FDC0
S3150801BCD00B98206246B10798029904AF04F1240C27
S3150801BCE08CCF8CE88D00616306204CE00020D4F8E7
S3150801BCF0208002900DF1080C284600210D22002310
S3150801BD00CDF800C0EBF778FD029880450ED156B301
S3150801BD1004F124078FCF079004A80EC0F817CDE9C0
S3150801BD2002700620089028E003202CE047F0020163
S3150801BD3002A8324623460095ECF750FC08980828D5
S3150801BD4005D006281FD12046FFF7BDFC15E0204681
S3150801BD502946FFF77DFF0146052818BF0920002956
S3150801BD6008BF08200FE002A80621002223460095F5
S3150801BD70ECF734FC0898062808D102AA2046294679
S3150801BD80ECF7E3FD07200CB0BDE8F0812046FFF78C
S3150801BD9073FCFFF723FB000080B582B001908DF894
S3150801BDA00310FFE70198E9F74BFB08B9FFE7F9E745
S3150801BDB001989DF80310E9F74BFB02B080BD70B5F9
S3150801BDC0054600681446426928460E46904740B122
S3150801BDD028683146826928469047C4E9000100204F
S3150801BDE070BD4EF27260CFF6FF7070BD10B5026875
S3150801BDF00C46526A904761680020002904BF4EF23A
S3150801BE006B60CFF6FF7010BD70B505460068144625
S3150801BE10826828460E46904738B128683146C26876
S3150801BE20284690472060002070BD4EF27260CFF61A
S3150801BE30FF7070BDB0B5044643F64030C0F6020047
S3150801BE404BF2B8420830C2F20002C4E9000204F11A
S3150801BE50080000254022A4F84C5084F84E50E4F717
S3150801BE6019FC04F150004FF49971A564E4F7B3FC89
S3150801BE7020460021FCF7D3FE0020B0BD80B501683D
S3150801BE80896A88474EF27460CFF6FF7080BD0168F3
S3150801BE90C96B08472DE9F04105460068164642690F
S3150801BEA0284698460F46904748B128683946C469D6
S3150801BEB0284632464346A0470020BDE8F0814EF2A7
S3150801BEC07260CFF6FF70BDE8F08170B58AB004469E
S3150801BED000681646826820460D46904718B32068C2
S3150801BEE029460369204632469847681C19D12068B5
S3150801BEF06946426A2046904720680021426B2046DF
S3150801BF009047049868B120686FF00101C26820461D
S3150801BF1090472168049A0B69024420466FF0010193
S3150801BF209847002003E04EF27260CFF6FF700AB020
S3150801BF3070BD01680A6A00211047000080B582B009
S3150801BF400190E6F76BFEFFE7FEE780B5E4F7EAFF47
S3150801BF5080B582B08DF80700E6F70EF8002108468D
S3150801BF6000F062F80A20009000F092F90120FF2102
S3150801BF7000F05AF8009800F08BF90220E02100F051
S3150801BF8053F8009800F084F90321084600F04CF8AC
S3150801BF90009800F07DF99DF807100520EAF71AFDCB
S3150801BFA0009800F075F99DF807100620EAF712FDCA
S3150801BFB0009800F06DF99DF807100720EAF70AFDC9
S3150801BFC0009800F065F99DF807100820EAF702FDC8
S3150801BFD0009800F05DF99DF807100920EAF7FAFCC8
S3150801BFE0009800F055F9E5F761FE02B080BD000042
S3150801BFF080B584B0ADF80E000020C4F202000190AD
S3150801C000102102910022E7F767F89DF80F0000F06A
S3150801C01075F89DF80E0000F071F801980299012251
S3150801C020E7F75AF804B080BD80B584B08DF80F00E3
S3150801C0308DF80E100020C4F2020001901021029121
S3150801C0400022E7F749F89DF80F0040000130C0B219
S3150801C05000F054F89DF80E0000F050F80198029986
S3150801C0600122E7F739F804B080BD000080B584B035
S3150801C070002202928DF80F200020C4F2020010213E
S3150801C080E7F72AF802988DF80E00FFE79DF80E00EB
S3150801C09007282FDCFFE79DF80F0040008DF80F00F9
S3150801C0A00020C4F20200019020210122E7F714F8CA
S3150801C0B001984021E6F7E8FF38B1FFE79DF80F0040
S3150801C0C040F001008DF80F0006E09DF80F0000F022
S3150801C0D0FE008DF80F00FFE70020C4F202002021C0
S3150801C0E00022E6F7F9FFFFE79DF80E0001308DF80B
S3150801C0F00E00CBE79DF80F0004B080BD80B584B073
S3150801C1008DF80F009DF80F008DF80E000020C4F27F
S3150801C1100200102100220292E6F7DEFF02988DF84E
S3150801C1200D00FFE79DF80D00072830DCFFE79DF8B5
S3150801C1300E000006002808D5FFE70020C4F2020019
S3150801C14080210122E6F7C8FF07E00020C4F20200B9
S3150801C15080210022E6F7C0FFFFE70020C4F20200B3
S3150801C1600090202101910122E6F7B6FF0098019976
S3150801C1709DF80E2052008DF80E200022E6F7ACFF3E
S3150801C180FFE79DF80D0001308DF80D00CAE704B0F0
S3150801C19080BD000080B54DF2FC70C2F2000002F0CD
S3150801C1A0F1FF0620FFF7D4FE80BD0368002B08D4F3
S3150801C1B001230B60C1790423043003EB810111606B
S3150801C1C07047C3F3036CBCF1000F0FD0BCF1030F2A
S3150801C1D004D0BCF1010F1CBF00207047C3F3074C04
S3150801C1E0042303EB8C034FF0020C02E04FF0010C21
S3150801C1F004231360C1F800C07047000080B582B0FF
S3150801C200ADF806000420E8F7CDF8BDF806004DF2B2
S3150801C210B851C2F200010860BDF806000090009806
S3150801C2204FF47A71484300904EF21001CEF20001A4
S3150801C230086840F00200086000984EF21402CEF237
S3150801C24000021060086840F00100086002B080BD75
S3150801C25080B582B0019004F04FFA012804D0FFE7B7
S3150801C260019803F043FA11E000200090FFE70098D7
S3150801C2700199884209D2FFE74FF47A7000F008F86D
S3150801C280FFE7009801300090F1E7FFE702B080BDB3
S3150801C29086B00590002001904EF21400CEF20000FF
S3150801C2A00068009005984DF2B851C2F2000109687C
S3150801C2B0484304904EF21800CEF20000006803903D
S3150801C2C0FFE74EF21800CEF20000006802900298CD
S3150801C2D0039988421ED0FFE702980399884207D23C
S3150801C2E0FFE703980299411A01980844019008E06A
S3150801C2F000980299401A039901440198084401904B
S3150801C300FFE70298039001980499884201D3FFE751
S3150801C31001E0FFE7D5E706B07047000080B582B0B7
S3150801C3200190009100984DF25451C2F200018842E1
S3150801C33009D1FFE79DF8041041F20000C4F201009B
S3150801C340FFF72AFD11E000984DF20051C2F20001F3
S3150801C350884209D1FFE79DF8041041F20000C4F2B2
S3150801C3600100FFF719FDFFE7FFE7019802B080BD5D
S3150801C37080B582B04DF6E030C2F2000069464860E9
S3150801C380022008604EF6D140C0F6010044F222515F
S3150801C390C0F602018022002304F024F903F072FB9F
S3150801C3A002B080BD80B582B001909DF804104DF2AF
S3150801C3B0A850C2F20000E5F7F5FD02B080BD000005
S3150801C3C081B08DF8030001208DF80200FFE79DF882
S3150801C3D00300C00758B9FFE79DF8020001308DF840
S3150801C3E002009DF8030040088DF80300EFE79DF869
S3150801C3F0020001B07047000080B584B0ADF80E00A8
S3150801C4008DF80D109DF80D00E8B9FFE7BDF80E008F
S3150801C41005F07EFC41EC100B9FED251B53EC112B0F
S3150801C42051EC100B05F088FC41EC100B51EC100B8C
S3150801C4309FED210B53EC102B05F09AFA41EC100BEA
S3150801C4408DED000B2EE0BDF80E0005F061FC41EC08
S3150801C450100B9FED1B1B53EC112B51EC100B05F028
S3150801C4606BFC41EC100B51EC100B9FED130B53ECCD
S3150801C470102B05F07DFA41EC100B51EC100B9FEDDA
S3150801C480120B53EC102B05F057FC41EC100B51EC39
S3150801C490100B05F0C9FB05F024FC41EC100B8DEDE2
S3150801C4A0000BFFE79DED000B04B080BD00BF00BF88
S3150801C4B09A9999999999494000000000E0FFEF403F
S3150801C4C000000000000024400000000000408F40EA
S3150801C4D082B0019001990020009041B1FFE70198CF
S3150801C4E0411E0840B0FA80F040090090FFE7009825
S3150801C4F000F0010002B0704782B001900199002056
S3150801C500009041B1FFE70198411E0840B0FA80F05A
S3150801C51040090090FFE7009800F0010002B070475B
S3150801C52082B001900198C0F1140000900098152876
S3150801C53003DBFFE71420009009E0009810F1150FBE
S3150801C54004DCFFE76FF013000090FFE7FFE79DF9B2
S3150801C550000002B07047000080B582B08DF8030074
S3150801C5609DF80300012807D1FFE740F21801C2F23E
S3150801C570000101200870FFE740F21800C2F200002E
S3150801C5800078002800F00381FFE741F20000C4F2B9
S3150801C59002000821E6F778FD002861D0FFE70020B0
S3150801C5A0C4F202004FF40041E6F76EFD002857D0A9
S3150801C5B0FFE740F20040C4F202004FF40061E6F7DB
S3150801C5C063FD00284CD0FFE740F20040C4F20200A8
S3150801C5D04FF48061E6F758FD002841D0FFE70020B7
S3150801C5E0C4F202004FF48071E6F74EFD012837D0F8
S3150801C5F0FFE740F60000C4F202004FF40071E6F7C7
S3150801C60043FD01282CD0FFE740F60000C4F20200E2
S3150801C6104FF48071E6F738FD012821D0FFE741F292
S3150801C6200000C4F202008021E6F72EFD012817D08A
S3150801C630FFE741F20000C4F202004FF48071E6F709
S3150801C64023FD01280CD0FFE741F20000C4F20200E5
S3150801C6504FF40071E6F718FD012840F09880FFE7CE
S3150801C6600A20E6F711FB40F21801C2F20001002088
S3150801C670087041F20000C4F202000821E6F704FD41
S3150801C68018B9FFE701200190F0E00020C4F202008A
S3150801C6904FF40041E6F7F8FC18B9FFE702200190CC
S3150801C6A0E4E040F20040C4F202004FF40061E6F70C
S3150801C6B0EBFC18B9FFE703200190D7E040F20040F0
S3150801C6C0C4F202004FF48061E6F7DEFC18B9FFE711
S3150801C6D004200190CAE00020C4F202004FF48071E0
S3150801C6E0E6F7D2FC012803D1FFE705200190BDE05A
S3150801C6F040F60000C4F202004FF40071E6F7C4FCEC
S3150801C700012803D1FFE706200190AFE040F60000BB
S3150801C710C4F202004FF48071E6F7B6FC012803D192
S3150801C720FFE707200190A1E041F20000C4F20200F0
S3150801C7308021E6F7A9FC012803D1FFE7082001902B
S3150801C74094E041F20000C4F202004FF48071E6F76A
S3150801C7509BFC012803D1FFE70920019086E041F2FD
S3150801C7600000C4F202004FF40071E6F78DFC0128BF
S3150801C77003D1FFE70A20019078E0FFE7FFE7FFE72B
S3150801C780FFE7FFE7FFE7FFE7FFE7FFE76BE041F2B8
S3150801C7900000C4F202000821E6F776FC012861D1FF
S3150801C7A0FFE70020C4F202004FF40041E6F76CFCF3
S3150801C7B0012857D1FFE740F20040C4F202004FF4C6
S3150801C7C00061E6F761FC01284CD1FFE740F2004021
S3150801C7D0C4F202004FF48061E6F756FC012841D104
S3150801C7E0FFE70020C4F202004FF48071E6F74CFC23
S3150801C7F0C0BBFFE740F60000C4F202004FF4007127
S3150801C800E6F742FC70BBFFE740F60000C4F20200FF
S3150801C8104FF48071E6F738FC20BBFFE741F20000D0
S3150801C820C4F202008021E6F72FFCD8B9FFE741F2EE
S3150801C8300000C4F202004FF48071E6F725FC88B9BE
S3150801C840FFE741F20000C4F202004FF40071E6F777
S3150801C8501BFC38B9FFE740F21801C2F200010120BA
S3150801C8600870FFE7FFE700200190FFE7019802B093
S3150801C87080BD000080B588B0002003908DF81E00A9
S3150801C8808DF81D0040F60000C4F2020005900F2144
S3150801C89004910122E6F720FC039A0598F021E6F7B0
S3150801C8A01BFC0498E6F7F0F90598E5F773FB00F029
S3150801C8B0F0008DF81D009DF81D0020B9FFE7002046
S3150801C8C08DF81F005FE09DF81D00102813D0FFE7C3
S3150801C8D09DF81D0020280ED0FFE79DF81D00402871
S3150801C8E009D0FFE79DF81D00802804D0FFE7002046
S3150801C8F08DF81F0047E040F60000C4F202000290DE
S3150801C9000F2101910022E6F7E7FB0298F0210122A7
S3150801C910E6F7E2FB0198E6F7B7F90298E5F73AFB7D
S3150801C92000F00F008DF81E009DF81E00012813D097
S3150801C930FFE79DF81E0002280ED0FFE79DF81E00AE
S3150801C940042809D0FFE79DF81E00082804D0FFE750
S3150801C95000208DF81F0016E09DF81D00FFF730FD39
S3150801C96004388DF81C009DF81E00FFF729FD8DF887
S3150801C9701B009DF81C109DF81B0000EB8100043874
S3150801C9808DF81F00FFE79DF81F0008B080BD000065
S3150801C99080B5E6F7CBFBB420FFF730FCEAF75EF883
S3150801C9A0E8F7CEFDE8F79AFDE8F7BEFFE8F75AFD86
S3150801C9B0E8F76AFDE8F746FFE8F76CFFE8F7AAFF2C
S3150801C9C0FFF7E8FBFFF7D4FC002080BD80B588B0EF
S3150801C9D007900798806A08B9FFE7C8E00798406A90
S3150801C9E00690FFE70698C06806990969884200F02B
S3150801C9F0BE80FFE70698C168069A52681140084446
S3150801CA00007D8DF817009DF8170008B9FFE7AEE01D
S3150801CA100698C06806990969884205D9FFE7079902
S3150801CA20486B01304863A2E00698C06806994968D0
S3150801CA30084002900698C0689DF8171008440699A0
S3150801CA404968084001909DF8170004380699CA6894
S3150801CA500232069B5B681A401144097D88420FD051
S3150801CA60FFE79DF817200699C8681044C86007991A
S3150801CA70886A013888620799486B01304863B1E7CB
S3150801CA800198029988423AD2FFE79DF8170007995B
S3150801CA90C969884223D8FFE707988069069A029BE5
S3150801CAA0D11814311268D21AE3F7F4FD0798806990
S3150801CAB0069951F8142B029BD21A1044019AE3F7EE
S3150801CAC0E9FD0798806940788DF816009DF81700EA
S3150801CAD00438039007988069033004900EE09DF8A6
S3150801CAE017200699C8681044C8600799886A0138EA
S3150801CAF088620799486B0130486373E71CE006981A
S3150801CB00C1680131069A526811400844007D8DF8C2
S3150801CB1016000698C1680231069A526811400844FF
S3150801CB20007D03900698C1680331069A5268114040
S3150801CB30084414300490FFE70798006840B1FFE7FE
S3150801CB400798036803989DF81610049A9847FFE713
S3150801CB500799086B013008639DF817200699C8687C
S3150801CB601044C8600799886A013888623AE708B0AC
S3150801CB7080BD000084B0039002910398406A019039
S3150801CB8000200090FFE700980299884280F08A8089
S3150801CB90FFE7039880690099405C8F280BD1FFE76E
S3150801CBA0039890F82000C00728B9FFE703990120E8
S3150801CBB081F8200072E00198407AC00778B1FFE752
S3150801CBC001980169019A52681140014400200875CB
S3150801CBD0019A11690131116101994872FFE70398B8
S3150801CBE080690099405C01990A69019B5B681A4052
S3150801CBF01144087501990869013008610199087A93
S3150801CC0001300872019908680969019AD268891A76
S3150801CC1088420ED1FFE701990020C8600199086191
S3150801CC2003998862019908720399C86B0130C86330
S3150801CC30FFE7039890F82000C00728B1FFE703999A
S3150801CC40002081F8200029E0039880690099405C5A
S3150801CC507F2818D1FFE70199087A0130D1F810C069
S3150801CC60019B1A7AD24362445B681A4011440875DB
S3150801CC700199002008720199012048720399886A6E
S3150801CC8001308862FFE70399886A896B884204D96B
S3150801CC90FFE70399886A8863FFE7FFE70098013091
S3150801CCA0009070E704B0704780B584B00020019009
S3150801CCB0FFE7019801282DD8FFE701994DF63410B1
S3150801CCC0C2F2000050F821000390039808B9FFE763
S3150801CCD01CE00398806808B9FFE717E00398406AE3
S3150801CCE008B9FFE712E00398FFF770FE039A906808
S3150801CCF09169D26902F0A2F90290029808B9FFE790
S3150801CD0004E003980299FFF735FFFFE70198013020
S3150801CD100190CEE704B080BD80B584B003904DF292
S3150801CD20FC70C2F20000029001F06AFB4EF21D315E
S3150801CD30C0F601010120019000F060F801980299FE
S3150801CD4080231A4600F008F8FFE7FFF7ADFF0A202F
S3150801CD5002F0CCFCF9E7000080B586B00590049195
S3150801CD60039202930598022801D3FFE743E002984C
S3150801CD70FFF7AEFB08B9FFE73DE005994DF634101C
S3150801CD80C2F2000050F8210098B9FFE74020009050
S3150801CD90E3F700FB00990246059B4DF63410C2F2F3
S3150801CDA0000040F82320059A50F82200E3F713FD06
S3150801CDB0FFE705994DF63410C2F2000050F821003C
S3150801CDC001900498019988600398E3F7E3FA0199B9
S3150801CDD088610198806908B9FFE70CE00398019911
S3150801CDE0C861029800F068F9019948620198406A99
S3150801CDF008B9FFE7FFE706B080BD000080B584B03B
S3150801CE00039002910398022801D3FFE725E00399CD
S3150801CE104DF63410C2F2000050F8210098B9FFE728
S3150801CE2040200190E3F7B6FA01990246039B4DF6B5
S3150801CE303410C2F2000040F82320039A50F8220069
S3150801CE40E3F7C9FCFFE70298039A4DF63411C2F2DB
S3150801CE50000151F822100860FFE704B080BD000008
S3150801CE6080B586B00590049103920598022801D3EE
S3150801CE70FFE746E005994DF63410C2F2000050F876
S3150801CE80210098B9FFE740200190E3F783FA019959
S3150801CE900246059B4DF63410C2F2000040F82320E5
S3150801CEA0059A50F82200E3F796FCFFE705994DF637
S3150801CEB03410C2F2000050F8210002900498029939
S3150801CEC048600298C06828B1FFE70298C068E3F78E
S3150801CED090FAFFE70398E3F75DFA0299C8600298AA
S3150801CEE0C06808B9FFE70CE003980299086102983F
S3150801CEF0406930B9FFE7012002F000FF0299486155
S3150801CF00FFE706B080BD000080B58AB00990089198
S3150801CF1007920693079818B1FFE7069808B9FFE73D
S3150801CF20C8E00998022801D3FFE7C3E009994DF63D
S3150801CF303410C2F2000050F8210008B9FFE7B9E041
S3150801CF4009994DF63410C2F2000050F821000590F7
S3150801CF500598406820B1FFE70598C06808B9FFE75A
S3150801CF60A8E0059840694FF0FF3103F009FA0598E2
S3150801CF70006906990531884213D8FFE70598C06804
S3150801CF8006994900E3F75CFA0490049808B9FFE7A3
S3150801CF9090E004980599C8600698400005990861CB
S3150801CFA01CE0069800EB400009300599096988429A
S3150801CFB013D8FFE70599C86809694908E3F740FAEC
S3150801CFC00390039808B9FFE774E003980599C860C8
S3150801CFD00599086940080861FFE7FFE70598C068F1
S3150801CFE0029000200190099A089941EA0211029AD1
S3150801CFF0019BD1540199013101910699029A019B2C
S3150801D000D1540199013101910090FFE700980699E1
S3150801D010884222D2FFE707980099405C7F2806D00C
S3150801D020FFE707980099405C8F2808D1FFE7029926
S3150801D030019A8F208854019801300190FFE70798DB
S3150801D0400099405C0299019A88540198013001902F
S3150801D050FFE7009801300090D8E70299019A7F20EE
S3150801D060885401980130019005984068806B58B141
S3150801D070FFE7059840680299019A02F03DF805987C
S3150801D080406801F0FFFF09E0059840680299BDF87C
S3150801D09004204FF6FF73E8F7C7F8FFE70599C86A52
S3150801D0A00130C86205984069002319461A4602F0FC
S3150801D0B0E1FEFFE70AB080BD80B584B00290029810
S3150801D0C01430E3F767F90190019818B9FFE70020D2
S3150801D0D0039011E0029801990860029801380199B4
S3150801D0E0486001990020C8600199086101990120E9
S3150801D0F0487201980390FFE7039804B080BD0000C9
S3150801D10081B00090009801380090009840EA5000DC
S3150801D1100090009840EA90000090009840EA1010AC
S3150801D1200090009840EA10200090009840EA1040CC
S3150801D13000900098013001B07047000080B588B0B2
S3150801D140079006914DF62050C2F20100006804903E
S3150801D1504DF64810C2F20000006803904DF65010D3
S3150801D160C2F20000006802904DF64010C2F20000BB
S3150801D1700268002182F859100068043002F0E6F8C6
S3150801D18088B9FFE74DF64010C2F200000068C16A8F
S3150801D190012000FA01F24DF62441C2F201010868A4
S3150801D1A09043086000E0FFE70798013028BBFFE7D6
S3150801D1B0069810B3FFE7FFE74DF6F841C2F2010101
S3150801D1C048680190019A4DF64010C2F200000368C2
S3150801D1D09A60019A92680368DA6002680432019BD0
S3150801D1E09B685A6002680432019B9A600068416133
S3150801D1F0086801300860FFE735E004980799084494
S3150801D200059005984DF64011C2F20001096848607B
S3150801D2100598049988420AD2FFE702984DF640110B
S3150801D220C2F200010968043102F0F8F81AE003981D
S3150801D2304DF64011C2F200010968043102F0EEF818
S3150801D24005984DF68441C2F201010968884207D260
S3150801D250FFE705984DF68441C2F20101086000E036
S3150801D260FFE7FFE7FFE708B080BD000080B582B0A1
S3150801D270019002F031F94DF61441C2F20101086834
S3150801D280013008604DF64010C2F20000006898B9F6
S3150801D290FFE701984DF64011C2F2000108604DF60C
S3150801D2A01440C2F201000068012803D1FFE700F02B
S3150801D2B083FB00E0FFE71CE04DF6EC40C2F20100FB
S3150801D2C00068A0B9FFE74DF64010C2F200000068F9
S3150801D2D0C06A0199C96A884207D8FFE701984DF6DD
S3150801D2E04011C2F20001086000E0FFE700E0FFE735
S3150801D2F0FFE74DF62040C2F20100016801310160E5
S3150801D300006801994864FFE70198C16A012000FA9B
S3150801D31001F24DF62441C2F2010108681043086082
S3150801D320FFE70198C06A00EB80004DF65811C2F27A
S3150801D330000101EB8000406800900098019A906016
S3150801D34000988068019AD06001980430009A926822
S3150801D350506001980430009A9060019AD06A00EBF7
S3150801D360800001EB800050610198C06A00EB8002E1
S3150801D37051F82200013041F82200FFE7FFE702F0E9
S3150801D380C3F84DF6EC40C2F201000068D8B1FFE7D8
S3150801D390FFE74DF64010C2F200000068C06A019925
S3150801D3A0C96A88420CD2FFE74EF60451CEF2000153
S3150801D3B04FF080500860BFF34F8FBFF36F8F00E0C7
S3150801D3C0FFE7FFE700E0FFE702B080BD80B582B066
S3150801D3D002F082F84DF62450C2F201000068B0BB93
S3150801D3E0FFE74DF62840C2F20100009001F0F6FF72
S3150801D3F04DF63C40C2F20100019001F0EFFF0099A1
S3150801D40001984DF64412C2F2000211604DF654110C
S3150801D410C2F20001086005201021002202F082FCF8
S3150801D42001464DF62450C2F201000160006860B160
S3150801D430FFE74DF62450C2F20100006844F241515B
S3150801D440C0F6020102F0D2F800E0FFE700E0FFE7CC
S3150801D45002F05AF802B080BD80B582B0FFE74DF6FA
S3150801D4601840C2F20100006808B3FFE702F034F879
S3150801D4704DF60C50C2F20100C068C06801900198CF
S3150801D480043001F063FF4DF61441C2F20101086848
S3150801D490013808604DF61841C2F2010108680138E1
S3150801D4A0086002F031F8019800F01EF9D7E702B0DA
S3150801D4B080BD000080B582B0019000910198006C92
S3150801D4C0B8B1FFE70199C8680A6C1044C8600198A9
S3150801D4D08168C068884204D3FFE701990868C86073
S3150801D4E000E0FFE70098019AD168126CE3F7D2F8D9
S3150801D4F0FFE702B080BD000080B586B005900491B3
S3150801D5000392002002900598806B01900598006CA3
S3150801D51078B9FFE70598006848B9FFE70598806874
S3150801D52003F038FA029005990020886000E0FFE7C9
S3150801D53041E00398B8B9FFE7059A04995068126C57
S3150801D540E3F7A8F8059948680A6C104448600599F4
S3150801D55048688968884204D3FFE7059908684860DE
S3150801D56000E0FFE726E0059A0499D068126CE3F714
S3150801D57091F80599C8680A6C801AC8600598016807
S3150801D580C068884206D2FFE7059988680A6C801A3E
S3150801D590C86000E0FFE70398022809D1FFE7019870
S3150801D5A020B1FFE701980138019000E0FFE700E0AC
S3150801D5B0FFE7FFE7FFE701980130059988630298BD
S3150801D5C006B080BD80B58AB001200990002003907D
S3150801D5D00290FFE702980F2813DCFFE7029A44F24C
S3150801D5E03C50C0F60200815C04A881540299405C53
S3150801D5F008B9FFE705E0FFE7FFE702980130029067
S3150801D600E8E700200890FFE70898002820DCFFE7F4
S3150801D6104DF61900C0F6010003900398089A4DF6D5
S3150801D6207C41C2F2010101EB820269464A6000238C
S3150801D6300B6004A9802202F0D5FF0990099808B960
S3150801D640FFE705E0FFE7FFE7089801300890DBE709
S3150801D65009980AB080BD000070B58AB0DDF83CC0F3
S3150801D660DDF838C009900891ADF81E200693BDF87B
S3150801D6701E00800000F046FD04900498A0B1FFE763
S3150801D6805C2000F03FFD0590059840B1FFE705983D
S3150801D6905C21E3F77EF804980599086303E004988A
S3150801D6A001F046FFFFE702E000200590FFE7059835
S3150801D6B0B0B1FFE709980899BDF81E20069BDDF869
S3150801D6C038C00F9C059DEE460026CEF80C60CEF8B4
S3150801D6D00850CEF80440CEF800C000F0F7F8FFE78E
S3150801D6E005980AB070BD000080B582B00190019816
S3150801D6F0006B01F01DFF019801F01AFF02B080BD11
S3150801D70082B001900198406A38B1FFE70198006B31
S3150801D7100068C0F12000009002E000200090FFE7B9
S3150801D720009802B07047000082B001904DF644108F
S3150801D730C2F2000000680068B0FA80F04009019959
S3150801D74008600198006848B9FFE74DF64410C2F22F
S3150801D75000000068C0680068009002E000200090A0
S3150801D760FFE7009802B0704784B04FF6FF7000904B
S3150801D7704DF60840C2F2000001909DF804004007EA
S3150801D78088B1FFE7019807300190019820F007005A
S3150801D7900190019A4DF60841C2F200010098891AD2
S3150801D7A008440090FFE70198029002994DF6F0406F
S3150801D7B0C2F201000160002141600298009A1044FA
S3150801D7C00190019808380190019820F0070001900E
S3150801D7D0019A4DF64C10C2F20000026002685160CF
S3150801D7E002681160029903910199039A891A516095
S3150801D7F0006803990860039840684DF68041C2F2B3
S3150801D80001010860039840684DF67841C2F20101AA
S3150801D810086004B07047000080B582B00190FFE748
S3150801D820FFF71AFE4DF65810C2F2000000680228EA
S3150801D8300CD3FFE74EF60451CEF200014FF08050AB
S3150801D8400860BFF34F8FBFF36F8F00E0FFE7E7E78D
S3150801D85080B582B00190019868B1FFE7019800236D
S3150801D8608360019803600198C360019819461A46B6
S3150801D87002F000FB00E0FFE702B080BD80B584B08E
S3150801D880DDF818C00390029101928DF803300298D1
S3150801D89018B9FFE70698006003E001980699086041
S3150801D8A0FFE703980699C8630298069908640698DB
S3150801D8B0012102F077FA9DF80300069981F85000D4
S3150801D8C006990020886404B080BD000080B586B042
S3150801D8D0DDF82CC0DDF828C0DDF824C0DDF820C04D
S3150801D8E005900491ADF80E2002930A98006BBDF8D5
S3150801D8F00E108900A522E2F744FF0A98006BBDF8CD
S3150801D9000E1000EB810004380190019820F0070001
S3150801D91001900498F8B1FFE700200090FFE700980E
S3150801D9200F2813D8FFE70498009A805C0A991144D6
S3150801D93081F8340004980099405C08B9FFE705E0CE
S3150801D940FFE7FFE7009801300090E8E70A99002011
S3150801D95081F8430000E0FFE70898202803D3FFE792
S3150801D9601F20089000E0FFE708980A99C8620898FE
S3150801D9700A99C8640A98043001F048FD0A981830D3
S3150801D98001F044FD0A9800610898C0F120000A993F
S3150801D99088610A98406201980599029A00F08EFCFE
S3150801D9A00A990860099820B1FFE70A980999086059
S3150801D9B000E0FFE706B080BD80B584B00020039083
S3150801D9C0FFE703981F2810D8FFE7039800EB8001AB
S3150801D9D04DF65810C2F2000000EB810001F0FEFC82
S3150801D9E0FFE7039801300390EBE74DF65040C2F28A
S3150801D9F00100019001F0F2FC4DF66440C2F201000B
S3150801DA00029001F0EBFC4DF69840C2F2010001F0DC
S3150801DA10E5FC4DF60C50C2F2010001F0DFFC4DF6B3
S3150801DA20F840C2F2010001F0D9FC019902984DF6BD
S3150801DA304812C2F2000211604DF65011C2F20001FD
S3150801DA40086004B080BD000083B002904DF6F04036
S3150801DA50C2F201000190FFE7019800680299884225
S3150801DA6005D2FFE7FFE7019800680190F4E70198FE
S3150801DA70009000980199496808440299884209D199
S3150801DA80FFE702984268019948681044486001987E
S3150801DA90029000E0FFE70298009000980299496811
S3150801DAA0084401990968884220D1FFE7019800686E
S3150801DAB04DF64C11C2F20001096888420DD0FFE704
S3150801DAC001980068426802994868104448600198BC
S3150801DAD0006800680299086007E04DF64C10C2F22A
S3150801DAE00000006802990860FFE704E001980068F1
S3150801DAF002990860FFE701980299884204D0FFE776
S3150801DB0002980199086000E0FFE703B0704700003A
S3150801DB1080B586B005900491039202930020019086
S3150801DB200498059948600598006104980399884204
S3150801DB3016D8FFE703980299401A05998969884218
S3150801DB4003D3FFE70120019009E04DF65410C2F214
S3150801DB50000000680599043101F060FCFFE717E051
S3150801DB6003980299884208D2FFE7049802998842E5
S3150801DB7003D3FFE70120019009E04DF64410C2F2F4
S3150801DB80000000680599043101F048FCFFE7FFE74A
S3150801DB90019806B080BD000080B582B0019001F001
S3150801DBA09BFC0198806B18B9FFE70120009002E001
S3150801DBB000200090FFE701F0A7FC009802B080BDA5
S3150801DBC080B582B0019001F087FC0198806B0199BC
S3150801DBD0C96B884203D1FFE70120009002E00020CB
S3150801DBE00090FFE701F090FC009802B080BD0000AC
S3150801DBF080B586B005900598806C04900020039046
S3150801DC000498806B0499C96B884235D2FFE704985A
S3150801DC1090F845008DF80B00049805A90022FFF736
S3150801DC206BFC03909DF90B00013088B9FFE7049856
S3150801DC30406A58B1FFE70498243002F0DBFF18B1B7
S3150801DC40FFE70120039000E0FFE700E0FFE712E0AD
S3150801DC50FFE701F09FFB01909DF90B0001998842AE
S3150801DC6007D2FFE79DF80B000130049981F84500BA
S3150801DC70FFE7FFE7FFE700E0FFE7039806B080BD8F
S3150801DC8008480068006880F308884FF0000080F3B0
S3150801DC90148862B661B6BFF34F8FBFF36F8F00DF8B
S3150801DCA000BF000008ED00E080B584B00390029142
S3150801DCB04DF64410C2F200000068C068C0680190C1
S3150801DCC00198043001F042FB019890F828004007BA
S3150801DCD0002806D5FFE701980399029A00F004F98E
S3150801DCE007E0019991F8280000F0FE0081F8280064
S3150801DCF0FFE70198016A884704B080BD80B58AB0FC
S3150801DD0000200990089007900690FFE74DF62450E9
S3150801DD10C2F20100006806A9002202F087FA00286B
S3150801DD2000F09180FFE70698B0F1FF3F09DCFFE7B5
S3150801DD3006A80430029002990A68486889689047DB
S3150801DD4000E0FFE70698002800F17C80FFE70898C5
S3150801DD5005900598406928B1FFE70598043001F058
S3150801DD60F5FA00E0FFE704A800F0F6F80390069834
S3150801DD70013801460191082862D80199DFE801F0C6
S3150801DD800505323A4C0505323A00059991F82800FD
S3150801DD9040F0010081F828000598079B816919441C
S3150801DDA0039AFFF7B5FED8B1FFE7059890F8280062
S3150801DDB04007002808D5FFE70598079982691144A5
S3150801DDC0039A00F091F807E0059991F8280000F008
S3150801DDD0FE0081F82800FFE70598016A884700E0F8
S3150801DDE0FFE72EE0059991F8280000F0FE0081F87A
S3150801DDF0280026E0059991F8280040F0010081F8ED
S3150801DE0028000798059988610598039B8169194433
S3150801DE101A46FFF77DFE14E0059890F8280080075A
S3150801DE20002804D4FFE7059801F082FB07E005996D
S3150801DE3091F8280000F0FE0081F82800FFE700E0CD
S3150801DE40FFE7FFE762E70AB080BD000080B584B04E
S3150801DE500390029101F050FE684600F07DF80190AA
S3150801DE600098D8BBFFE7029860B9FFE703980199C4
S3150801DE70884207D8FFE702F07FFF03980199FFF769
S3150801DE8013FF2AE0029858B1FFE74DF65410C2F283
S3150801DE90000000680068B0FA80F040090290FFE7C8
S3150801DEA04DF62450C2F2010000680399019A891AB5
S3150801DEB0029A01F0E9FB02F05FFF60B9FFE74EF64F
S3150801DEC00451CEF200014FF080500860BFF34F8F26
S3150801DED0BFF36F8F00E0FFE7FFE702E002F04CFFB8
S3150801DEE0FFE704B080BD000080B584B003900291BD
S3150801DEF00192FFE70398029B81691944019AFFF78A
S3150801DF0007FE48B1FFE70398816902980844029021
S3150801DF100398016A8847EDE704B080BD4DF64810BD
S3150801DF20C2F200000068006840B9FFE74DF6844177
S3150801DF30C2F201014FF0FF3008600CE04DF64810BF
S3150801DF40C2F200000068C06800684DF68441C2F25A
S3150801DF5001010860FFE7704780B582B0019002F0C1
S3150801DF60E7FB009000984DF63C11C2F200010968E2
S3150801DF70884206D2FFE700F011F8019901200860EE
S3150801DF8003E0019900200860FFE700984DF63C116F
S3150801DF90C2F200010860009802B080BD80B582B067
S3150801DFA0FFE74DF64410C2F200000068006870B140
S3150801DFB0FFE74DF64410C2F200000068C068006829
S3150801DFC0019001984FF0FF31FFF76EFEE9E74DF634
S3150801DFD04412C2F20002106800904DF65411C2F2C2
S3150801DFE00001086810600098086002B080BD000052
S3150801DFF082B0002000904FF0500080F31188BFF3E3
S3150801E0006F8FBFF34F8F0190FFE7009808B9FFE7BD
S3150801E010FBE702B07047000080B584B00390FFE7C4
S3150801E02001A8FFF781FB029002980199FFF70EFFFD
S3150801E030FFF764FEF4E7000080B582B0019001F0B5
S3150801E0404BFA019890F845008DF80300FFE79DF912
S3150801E0500300012825DBFFE70198806C50B1FFE733
S3150801E0600198FFF7C5FD18B1FFE701F01DFC00E0B7
S3150801E070FFE710E00198406A58B1FFE7019824309C
S3150801E08002F0B8FD18B1FFE701F00EFC00E0FFE76A
S3150801E09000E006E0FFE79DF8030001388DF803006C
S3150801E0A0D5E70199FF2081F8450001F02DFA01F025
S3150801E0B013FA019890F844008DF80200FFE79DF9DC
S3150801E0C00200012816DBFFE70198006980B1FFE726
S3150801E0D00198103002F08EFD18B1FFE701F0E4FB5C
S3150801E0E000E0FFE79DF8020001388DF8020000E024
S3150801E0F000E0E4E70199FF2081F8440001F004FA01
S3150801E10002B080BD80B588B007900020039001F069
S3150801E110F3FC4DF64C10C2F20000006818B9FFE78F
S3150801E120FFF722FB00E0FFE70798A8B1FFE707988A
S3150801E13000F00700C0F11000029007980299C94340
S3150801E140884205D8FFE7029907980844079002E034
S3150801E15000200790FFE700E0FFE79DF81F00000693
S3150801E160002800F18C80FFE70798002800F08580D9
S3150801E170FFE707984DF67841C2F20101096888421E
S3150801E1807BD8FFE74DF6F040C2F201000590006822
S3150801E1900690FFE706984168079A00209142019088
S3150801E1A007D2FFE706980068002818BF01200190EA
S3150801E1B0FFE70198C00730B1FFE706980590069872
S3150801E1C000680690E6E706984DF64C11C2F2000182
S3150801E1D0096888424FD0FFE7059800680830039020
S3150801E1E00698006805990860069840680799401AD4
S3150801E1F0112811D3FFE70698079908440490069851
S3150801E20040680799401A0499486007980699486032
S3150801E2100498FFF719FC00E0FFE7069842684DF6F7
S3150801E2207840C2F201000168891A016000684DF65A
S3150801E2308041C2F20101096888420BD2FFE74DF617
S3150801E2407840C2F2010000684DF68041C2F2010130
S3150801E250086000E0FFE70699486840F0004048601A
S3150801E2600699002008604DF68C41C2F20101086842
S3150801E2700130086000E0FFE700E0FFE700E0FFE7A4
S3150801E28002F07AFD039818B9FFE701F089F800E072
S3150801E290FFE7039808B080BD81B04DF64010C2F281
S3150801E2A0000000680090009828B1FFE70099086D02
S3150801E2B001300865FFE7009801B0704783B0029006
S3150801E2C00191009202980438029002994FF08070E9
S3150801E2D00860029804380290019820F0010002991A
S3150801E2E0086002980438029002994DF6F170C0F65A
S3150801E2F00100086002981438029000980299086093
S3150801E30002980438029002996FF002000860029898
S3150801E31020380290029803B07047000080B594B087
S3150801E32013908DF84B1011920020039010900F90C6
S3150801E3300E900D900C900B900A90099008900790FA
S3150801E340069005900490119838B1FFE79DF84B1097
S3150801E3500120B0EB111F01D0FFE74FE09DF84B00FC
S3150801E360000708B1FFE749E01398182801D0FFE72D
S3150801E37044E011990BA800901822E2F78BF900994D
S3150801E380012004904DF60C42C2F201020192106876
S3150801E39001301060059004A8029008301122E2F7B6
S3150801E3A079F9029800F080FF019A029802210491F6
S3150801E3B01168013111600591DDF83D10109ACDF80B
S3150801E3C01B20069100F070FFE4F79CFE4DF6D8314C
S3150801E3D0C2F200010968401AC9280FD3FFE7E4F71A
S3150801E3E091FE4DF6D831C2F20001086040F60040B0
S3150801E3F0C4F202000821E4F75BFEFFE714B080BD12
S3150801E40080B584B00390039808B9FFE71BE0039928
S3150801E410002002901422FEF723FD029B4DF6DC3004
S3150801E420C2F2000069464860032008604EF24D407A
S3150801E430C0F6010044F28741C0F602014FF40072AA
S3150801E44002F0D0F8FFE704B080BD000080B596B0B1
S3150801E4501590002002908DF853008DF852008DF822
S3150801E46051008DF8500013901290119010900F9052
S3150801E4708DF838000D900C900B900A900990089031
S3150801E4800790069002F054F9059002F051F9029AA4
S3150801E490049008201C2101F045FC01464DF6084070
S3150801E4A0C2F201000160006820B9FFE7002001F00F
S3150801E4B043F9FFE7FFE7FEF7DDF98DF85000012084
S3150801E4C0FEF74AF88DF851000FA80A21282200F014
S3150801E4D04FFB9DF8510030B1FFE79DF85100103010
S3150801E4E08DF85000FFE713988DF853009DF85000FA
S3150801E4F08DF834000F98FEF713F88DF83700109849
S3150801E500FEF70EF88DF838001198FEF709F88DF820
S3150801E51035001298FEF704F88DF8360000210191AE
S3150801E5200DAA05230846FEF7EFFC019806904DF65D
S3150801E5300C41C2F2010108680130086007909DF894
S3150801E54053008DF820009DF838008DF825000D98A8
S3150801E550CDF8210006A800F0A7FE9DF834008DF835
S3150801E5600F009DF80F009DF8521088425DD0FFE715
S3150801E5709DF8520050B3FFE7FFE79DF852000128C6
S3150801E58022DBFFE79DF8520012281DDCFFE79DF804
S3150801E590520000EB40014DF64C00C2F2000000EBC0
S3150801E5A0810050F8040C78B1FFE79DF8520000EBA2
S3150801E5B040024DF64C01C2F2000101EB820151F80D
S3150801E5C0042C02219047FFE7FFE7FFE79DF80F00BC
S3150801E5D050B3FFE7FFE79DF80F00012822DBFFE7AD
S3150801E5E09DF80F0012281DDCFFE79DF80F0000EBD0
S3150801E5F040014DF64C00C2F2000000EB810050F8D4
S3150801E6000C0C78B1FFE79DF80F0000EB40024DF6C0
S3150801E6104C01C2F2000101EB820151F80C2C0021D8
S3150801E6209047FFE7FFE7FFE72EE09DF80F0050B39D
S3150801E630FFE7FFE79DF80F00012822DBFFE79DF8BA
S3150801E6400F0012281DDCFFE79DF80F0000EB4001C3
S3150801E6504DF64C00C2F2000000EB810050F8080CA0
S3150801E66078B1FFE79DF80F0000EB40024DF64C012B
S3150801E670C2F2000101EB820151F8082C01219047F1
S3150801E680FFE7FFE7FFE7FFE79DF80F008DF8520068
S3150801E69002F04EF80499401AC9280BD3FFE702F095
S3150801E6A047F8049040F60040C4F202000421E4F75A
S3150801E6B0FFFCFFE7FFE705A80A2101F0BFFFFFE717
S3150801E6C0F9E6000080B586B0049003910292049899
S3150801E6D040B1FFE70398FDF70FFF18B9FFE70020E0
S3150801E6E0059045E01C20E1F755FE0190019818B9FF
S3150801E6F0FFE7002005903BE00398B0F1FF3F04DCFB
S3150801E700FFE76FF000400390FFE70398FEF7F8FC78
S3150801E7100390049898B9FFE70398E1F73BFE01993E
S3150801E72008610198006930B9FFE70198E1F761FED0
S3150801E730002005901CE001990120486106E0049833
S3150801E74001990861019900204861FFE701990020B4
S3150801E750486001990860039801998860039801380F
S3150801E7600199C86002980199886101980590FFE7A7
S3150801E770059806B080BD000080B58CB00A90099155
S3150801E78008920A9840680A990968401A06900A98F0
S3150801E7908069A8BBFFE704200390002002900A992C
S3150801E7A0886809680A9AD2681140401A039988420A
S3150801E7B00DD2FFE70A99886809680A9AD268114052
S3150801E7C0401A02900299039808440390FFE70698B5
S3150801E7D018B9FFE700200B905EE00A9908690968F5
S3150801E7E0029A11440A9AD26811404058079008982B
S3150801E7F00799884203D2FFE700200B904CE015E009
S3150801E8000020039008980699884203D9FFE70698DD
S3150801E810019002E008980190FFE701980790079890
S3150801E82018B9FFE700200B9036E0FFE70A98006861
S3150801E830039908440A99C9680840059007980A99EE
S3150801E8408968059A891A884206D9FFE70A9880686D
S3150801E8500599401A009002E007980090FFE7009892
S3150801E860049009980A990969059A1144049AE1F7E5
S3150801E87011FF0998049B18440A990969079AD21A3B
S3150801E880E1F708FF0798039942180A99086810449E
S3150801E890086007980B90FFE70B980CB080BD000045
S3150801E8A080B58CB00A90099108920A9988684A68D5
S3150801E8B00A990968891A084406900A988069C8BBA2
S3150801E8C0FFE704200390002002900A9988684968A6
S3150801E8D00A9AD2681140401A039988420DD2FFE775
S3150801E8E00A99886849680A9AD2681140401A0290BA
S3150801E8F00299039808440390FFE708980399084486
S3150801E9000699884203D9FFE700200B905EE0089834
S3150801E9100790079818B9FFE700200B9056E007986B
S3150801E9200A9A11695268029B1A440A9BDB681A40C3
S3150801E930885015E00020039008980699884203D963
S3150801E940FFE70698019002E008980190FFE7019811
S3150801E9500790079818B9FFE700200B9036E0FFE704
S3150801E9600A984068039908440A99C96808400590B5
S3150801E97007980A998968059A891A884206D9FFE784
S3150801E9800A9880680599401A009002E00798009055
S3150801E990FFE7009804900A980069059908440999BF
S3150801E9A0049AE1F777FE0A9800690999049B1944C4
S3150801E9B0079AD21AE1F76EFE0798039942180A993F
S3150801E9C048681044486007980B90FFE70B980CB00D
S3150801E9D080BD000086B002AB009303460098ADF8EF
S3150801E9E014308DF813108DF8122049F64041ADF810
S3150801E9F0101045F20821ADF80E104FF4FA61ADF882
S3150801EA000C10BDF81010BDF80C20891A9DF81320BA
S3150801EA10514348F21F52C5F2EB1251FB02F2511152
S3150801EA2001EBD27100EE101AB8EEC00A80ED000AA9
S3150801EA30BDF80E10BDF80C20891A00EE101AB8EEB2
S3150801EA40C00A90ED001A30EE410A30EE000A9DF830
S3150801EA50121001EE101AB8EEC11A80EE010ABDEEC7
S3150801EA60C00A10EE101AADF8061000218DF805102F
S3150801EA70BDF8141000EE101AB8EEC00ABDF80E1053
S3150801EA8001EE101AB8EEC11A90ED002A31EE421ABB
S3150801EA90B4EE410AF1EE10FA1CDBFFE70098BDF867
S3150801EAA0141000EE101AB8EEC00ABDF80E1001EEE9
S3150801EAB0101AB8EEC11A90ED002A31EE021AB4EE18
S3150801EAC0410AF1EE10FA05DCFFE7BDF80E00ADF8D4
S3150801EAD01400FFE7BDF81400BDF80E10884225DDC5
S3150801EAE0FFE70098BDF81410BDF80E20891A00EE4C
S3150801EAF0101AB8EEC00A90ED001A30EE410ABDF8B8
S3150801EB00060001EE100AB8EEC11A80EE010AB3EE4C
S3150801EB10041A30EE010ABDEEC00A10EE100A8DF88D
S3150801EB2005009DF80500ADF816001CE0BDF81400B7
S3150801EB30BDF80E10884210DAFFE7BDF81400BDF8DB
S3150801EB400C10401ABDF8061090FBF1F08DF805007F
S3150801EB509DF80500ADF8160005E09DF8120040087D
S3150801EB60ADF81600FFE7BDF8160006B070470000BD
S3150801EB7080B588B007908DF81B108DF81A20079973
S3150801EB800020086007994860079988600799C86056
S3150801EB90079908610590FFE7059863285EDCFFE79A
S3150801EBA00520FDF7FFFB4DF2A850C2F200000190C7
S3150801EBB000889DF81B109DF81A20FFF70BFF0346E6
S3150801EBC00198079A11681944116040889DF81B102D
S3150801EBD09DF81A20FFF7FEFE03460198079A516829
S3150801EBE01944516080889DF81B109DF81A20FFF77B
S3150801EBF0F1FE03460198079A916819449160C08805
S3150801EC009DF81B109DF81A20FFF7E4FE03460198AC
S3150801EC10079AD1681944D16000890021FDF7ECFBF8
S3150801EC208DED020B07980490006903F071F89DEDCC
S3150801EC30021B41EC100B53EC112B51EC100B02F09B
S3150801EC40EFFD41EC100B51EC100B03F01DF8049984
S3150801EC500861FFE70598013005909DE7079908685F
S3150801EC6048F21F52C5F2EB12A0FB023040090860B8
S3150801EC7007994868A0FB02304009486007998868E7
S3150801EC80A0FB0230400988600799C868A0FB0230DA
S3150801EC904009C86007990869A0FB02204009086174
S3150801ECA008B080BD81B0EFF3058000900098002878
S3150801ECB018BF012001B0704780B5FFF7F3FF18B1FF
S3150801ECC0FFE700F0B5F802E000F09EF8FFE780BD27
S3150801ECD080B584B0039000F0FFFB4DF6E430C2F234
S3150801ECE0000069464860022008604EF6A150C0F649
S3150801ECF0010044F2F941C0F602018022002301F025
S3150801ED0071FC02900298012804D0FFE700F0FCFB91
S3150801ED10FFE7FEE740F21830C2F200006946486094
S3150801ED200220086046F6F550C0F6000044F2FF419D
S3150801ED30C0F602014FF48052002301F053FC029001
S3150801ED400298012804D0FFE700F0DEFBFFE7FEE7A3
S3150801ED504DF63010C2F2000069464860022008608C
S3150801ED604CF61950C0F6010044F20D51C0F60201E5
S3150801ED708022002301F036FC02900298012804D073
S3150801ED80FFE700F0C1FBFFE7FEE74DF6E030C2F210
S3150801ED900000006800F0D0FC00F0B6FB04B080BDAE
S3150801EDA080B582B00190FFE740F60040C4F2020048
S3150801EDB00121E4F77DF94FF47A7000F097FCF3E747
S3150801EDC040F21430C2F200000078704780B584B072
S3150801EDD084460698CDF80CC0ADF80A10ADF808209F
S3150801EDE0ADF80630ADF804000398BDF80A10BDF871
S3150801EDF00820BDF80630BDF804C0EE46CEF800C0BE
S3150801EE00E7F722FA04B080BD80B54AF28830C2F22B
S3150801EE100000006858B1FFE74AF28830C2F20000E4
S3150801EE200068002319461A4601F024F8FFE780BD59
S3150801EE3080B582B04AF28830C2F200000068E8B1B3
S3150801EE40FFE7002001904AF28830C2F2000000680C
S3150801EE5001A901F073F9FFE7019860B1FFE74EF6E2
S3150801EE600451CEF200014FF080500860BFF34F8F76
S3150801EE70BFF36F8F00E0FFE7FFE7FFE702B080BD52
S3150801EE8080B5F0F787FFF1F725FEEDF7F5F880BDB8
S3150801EE907047000080B584B0EAF708FC0190EAF7EC
S3150801EEA00BFC014601986A460023029313601A4631
S3150801EEB0F4F7FCFB4BF2C810C2F20000F9F796FC16
S3150801EEC00298F4F7EDF940F20400C2F20000EEF7F9
S3150801EED07FFAEAF731F903904BF23410C2F20000D7
S3150801EEE0EAF772F804B080BD80B54BF23410C2F26D
S3150801EEF00000F1F7CFFF80BD80B586B00590059873
S3150801EF0000F0A2F90490049808B9FFE733E00598E0
S3150801EF10808D03900498C2680598818DB2FBF1F043
S3150801EF2000FB1120029003980299401A0190019A58
S3150801EF300499C8681044C860049800680599896AE4
S3150801EF40029A1144019AFFF7ABFC0598C06BC06998
S3150801EF50B0F5807F0FD0FFE7FFE70598816A828DBC
S3150801EF60E6F720F930B1FFE7FFE7059900200864C5
S3150801EF70FFE7F2E7FFE706B080BD000080B586B07F
S3150801EF800590059800F060F90490049808B9FFE720
S3150801EF9022E00598818D01F0010000EB51000390F4
S3150801EFA00498C2680598818DB2FBF1F000FB112027
S3150801EFB0029003980299401A0190019A0499C86827
S3150801EFC01044C860049800680599896A029A114430
S3150801EFD0019AFFF765FCFFE706B080BD80B586B0EC
S3150801EFE00590059800F030F90490049808B9FFE7F0
S3150801EFF022E00599888DC96B09684968401A03900A
S3150801F0000498C2680598818DB2FBF1F000FB1120C6
S3150801F010019003980199401A0290029A0499C868C6
S3150801F0201044C860049800680599896A019A1144D0
S3150801F030029AFFF735FCFFE706B080BD80B586B0BA
S3150801F040049003910292039818B1FFE7029818B940
S3150801F050FFE70020059011E0049800F0F5F801900B
S3150801F060019818B9FFE70020059007E001980068A4
S3150801F0700399029AFFF780FB0590FFE7059806B00A
S3150801F08080BD000080B584B00290029800F0F4F8C3
S3150801F0900190019818B9FFE70020039028E002982B
S3150801F0A0806B18B9FFE70020039021E001984068BA
S3150801F0B00090009818B9FFE70020039018E0FFE7D1
S3150801F0C002980068006800F040010020B0EB911F2B
S3150801F0D001D1FFE7F4E7029801990968BDF8002014
S3150801F0E0E6F72EF901990020486000980390FFE79A
S3150801F0F0039804B080BD000080B586B004900391E2
S3150801F1000292039818B1FFE7029818B9FFE70020A1
S3150801F110059033E0049800F0AFF80190019818B90A
S3150801F120FFE70020059029E0019841688068401AA8
S3150801F130009000980299884210D2FFE70199086861
S3150801F140496808440399009AE1F7A4FA009A0199D3
S3150801F150486810444860009805900FE001990868CE
S3150801F160496808440399029AE1F794FA029A0199BF
S3150801F17048681044486002980590FFE7059806B06C
S3150801F18080BD000080B584B003900398406C80066A
S3150801F190002803D4FFE7E2F7F9FEFFE70398C06BFF
S3150801F1A0B0B3FFE7039800F04FF80290029870B3E6
S3150801F1B0FFE702980069E1F7EDF80299886002987D
S3150801F1C04069E1F7E7F80299486002994868496990
S3150801F1D00122FFF777FA0299086003980168C8685F
S3150801F1E040F01000C860FFE700200190039800680E
S3150801F1F00068019003980068406801900198FFE74C
S3150801F2000398029A9168128AE5F7CCFFFFE702E0B4
S3150801F210E2F7BCFEFFE70398806B78B1FFE7039836
S3150801F22000F02AF80090009838B1FFE70098806846
S3150801F230E1F7B0F800990860FFE702E0E2F7A6FEF9
S3150801F240FFE704B080BD000082B000900098006816
S3150801F25041F20001C4F20101884206D1FFE740F2FA
S3150801F2601C00C2F20000019003E0FFE700200190B4
S3150801F270FFE7019802B0704782B0009000980068D5
S3150801F28041F20001C4F20101884206D1FFE740F2CA
S3150801F2903400C2F20000019003E0FFE7002001906C
S3150801F2A0FFE7019802B0704780B58AB009904DF61C
S3150801F2B00840C2F20100006818B1FFE7099808B9C9
S3150801F2C0FFE726E04DF60840C2F2010000680999F9
S3150801F2D000231A4600F0CEFD01281AD0FFE70022C6
S3150801F2E0009208920792069205920492039202925C
S3150801F2F04DF60840C2F201000190006802A900F02B
S3150801F30095FF009B0198006809991A4600F0B2FD1D
S3150801F310FFE70AB080BD017809B10020704741783E
S3150801F320012903D08A0705D402224270481E18BF54
S3150801F3300120704780B545F2B910C0F60200FCF706
S3150801F34004FE0121017041707047000082B00190EE
S3150801F3500198006900900198416880688860019960
S3150801F360486889684860009840680199884205D1CB
S3150801F370FFE7019880680099486000E0FFE7019976
S3150801F380002008610099086801380860009800683B
S3150801F39002B070474DF61440C2F20100006870478A
S3150801F3A080B54DF20050C2F2000044F29141C0F618
S3150801F3B00201E1F71FF980BD80B582B00190009185
S3150801F3C0009A4DF20050C2F2000044F2AB41C0F679
S3150801F3D00201E1F70FF902B080BD000081B000908B
S3150801F3E0009901F10800486000994FF0FF308860E4
S3150801F3F0009901F10800C860009901F10800086147
S3150801F40000990020086001B07047000081B00090A3
S3150801F41000990020086101B07047000084B003908C
S3150801F42002910298006800900098013020B9FFE720
S3150801F43003980069019010E0039808300190FFE7EE
S3150801F4400198406800680099884205D8FFE7FFE7F8
S3150801F450019840680190F3E7FFE70198406802992F
S3150801F4604860029841688860019802998860029804
S3150801F470019948600398029908610399086801305F
S3150801F480086004B07047000083B0029001910298A9
S3150801F4904068009000980199486000988068019931
S3150801F4A08860019800998968486001980099886080
S3150801F4B0029801990861029908680130086003B049
S3150801F4C070470000DFF80C00016841F47001016023
S3150801F4D07047000088ED00E081B04FF0500080F3DE
S3150801F4E01188BFF36F8FBFF34F8F009040F248002A
S3150801F4F0C2F200000168013101600068012801D1EA
S3150801F500FFE7FFE701B0704781B040F24800C2F259
S3150801F5100000016801390160006830B9FFE7002081
S3150801F5200090009880F31188FFE701B0704700004A
S3150801F53080B584B0039003980290039888B3FFE7D7
S3150801F540029808380290029801900198C179002022
S3150801F550B0EBD11F23D0FFE701980068E8B9FFE7B0
S3150801F5600199486820F00040486000F0C5FA019802
S3150801F57042684DF67841C2F20101086810440860F4
S3150801F5800198FEF761FA4DF69041C2F20101086849
S3150801F5900130086001F0F0FB00E0FFE700E0FFE75B
S3150801F5A0FFE704B080BD00004EF21001CEF2000163
S3150801F5B0002008604EF21802CEF20002106040F2F6
S3150801F5C00000C2F20000006844F6D352C1F262029A
S3150801F5D0A0FB02024FF0FF3000EB92104EF214022C
S3150801F5E0CEF20002106007200860704784B00390CD
S3150801F5F00291002000900298C8B3FFE7002001900D
S3150801F600FFE70198072831D8FFE70398019A4DF6D5
S3150801F610AC41C2F2010101EBC2014968884209D134
S3150801F620FFE701994DF6AC40C2F2010000EBC100BB
S3150801F63000901BE0009890B9FFE701994DF6AC40A0
S3150801F640C2F2010050F8310048B9FFE701994DF6B9
S3150801F650AC40C2F2010000EBC100009000E0FFE7F8
S3150801F660FFE7FFE7019801300190CAE7FFE7009835
S3150801F67038B1FFE702980099086003980099486035
S3150801F680FFE704B07047000080B584B0039002918B
S3150801F690019203980090FFF71FFF009890F9440024
S3150801F6A0013028B9FFE70099002081F84400FFE7F7
S3150801F6B0009890F94500013028B9FFE70099002024
S3150801F6C081F84500FFE7FFF71FFF0098806B38B9FF
S3150801F6D0FFE7009824300299019A00F001F900E049
S3150801F6E0FFE70098FEF7A8FC04B080BD80B582B09C
S3150801F6F0019000200090019850B1FFE700F0FCF955
S3150801F70001980021FDF71AFD01F036FB009000E093
S3150801F710FFE7009860B9FFE74EF60451CEF2000103
S3150801F7204FF080500860BFF34F8FBFF36F8F00E033
S3150801F730FFE702B080BD000080B586B005900020C5
S3150801F7400390FFF7C9FE059838B9FFE74DF6401053
S3150801F750C2F200000068019002E005980190FFE7F7
S3150801F7600198049004980430FFF7F0FDE0B9FFE72B
S3150801F770FFE70498C06A00EB80014DF65810C2F203
S3150801F780000050F8210068B9FFE70498C16A012012
S3150801F79000FA01F24DF62441C2F2010108689043CC
S3150801F7A00860FFE7FFE700E0FFE70498806A28B1F1
S3150801F7B0FFE704981830FFF7C9FD00E0FFE74DF6AB
S3150801F7C02041C2F2010108680130086004984DF62B
S3150801F7D04011C2F200010968401AB0FA80F04009E6
S3150801F7E002904DF6EC40C2F201000068A8B1FFE7AD
S3150801F7F0029890B1FFE70498011D4DF60C50C2F22C
S3150801F8000100FFF741FE4DF61841C2F201010868F1
S3150801F810013008600120039009E04DF61441C2F257
S3150801F8200101086801380860FEF778FBFFE7FFF772
S3150801F8306BFE0398012804D0FFE70498FDF754FFEF
S3150801F840FFE74DF6EC40C2F201000068B8B1FFE7E8
S3150801F85004984DF64011C2F20001096888420CD19C
S3150801F860FFE74EF60451CEF200014FF080500860D2
S3150801F870BFF34F8FBFF36F8F00E0FFE7FFE706B0D7
S3150801F88080BD000081B000904DF68840C2F20100AB
S3150801F8900068009908604DF62050C2F20100006820
S3150801F8A00099486001B070474DF62C51C2F201012A
S3150801F8B0012008607047000080B582B00190009170
S3150801F8C001984DF64011C2F2000109681831FFF797
S3150801F8D0A5FD00980121FDF731FC02B080BD0000AD
S3150801F8E080B584B0039002910192FFE703984068BE
S3150801F8F0009000984DF64011C2F200010A68D061E5
S3150801F900009880680A68106208681830009A926838
S3150801F910506008681830009A9060039809688862F0
S3150801F9200399086801300860FFE7019820B1FFE7ED
S3150801F9304FF0FF300290FFE702980199FDF7FEFBB1
S3150801F94004B080BD80B588B00790069107980590E8
S3150801F950012002900798002800F09180FFE705989A
S3150801F960C06C0699884203D2FFE70698039003E024
S3150801F9700598C06C0390FFE70598C06A0399884209
S3150801F9807BD0FFE70598006D012874D1FFE705983C
S3150801F990C06A049003980599C8620598C07E000656
S3150801F9A0002806D4FFE70398C0F12000059988616D
S3150801F9B000E0FFE705984069049901EB81024DF6DD
S3150801F9C05811C2F2000101EB8201884251D1FFE7C9
S3150801F9D005980430FFF7BAFC68B9FFE70598C16ACC
S3150801F9E0012000FA01F24DF62441C2F2010108682C
S3150801F9F09043086000E0FFE7FFE70598C16A012028
S3150801FA0000FA01F24DF62441C2F2010108681043D9
S3150801FA100860FFE70598C06A00EB80004DF65811AB
S3150801FA20C2F2000101EB8000406801900198059A35
S3150801FA30906001988068059AD06005980430019A0B
S3150801FA409268506005980430019A9060059AD06AC8
S3150801FA5000EB800001EB800050610598C06A00EB5D
S3150801FA60800251F82200013041F82200FFE7FFE742
S3150801FA7000E0FFE700E0FFE700E0FFE700E0FFE75F
S3150801FA8008B080BD80B582B0FDF79CFD0090009856
S3150801FA90012804D1FFE701F087FA009000E0FFE7AB
S3150801FAA0009801281FD1FFE74FF0500080F3118815
S3150801FAB0BFF36F8FBFF34F8F01904DF68441C2F2AA
S3150801FAC001014FF0FF3008604DF6EC41C2F2010129
S3150801FAD0012008604DF62051C2F20101002008609C
S3150801FAE000F094F800E0FFE745F25420C0F6020062
S3150801FAF0006802B080BD00004DF61C41C2F201014A
S3150801FB00086801300860704780B588B04DF61C401A
S3150801FB10C2F20100006838B1FFE74DF62C51C2F276
S3150801FB200101012008606FE04DF62C51C2F2010176
S3150801FB3000200860FFE74DF64010C2F20000006899
S3150801FB40006B05904FF0A530049005980068B0F158
S3150801FB50A53F12D1FFE705984068B0F1A53F0CD142
S3150801FB60FFE705988068B0F1A53F06D1FFE705983C
S3150801FB70C068B0F1A53F0CD0FFE74DF64010C2F2C0
S3150801FB80000001683431039100680399FFF714FCFA
S3150801FB90FFE7FFE7FFE74DF62440C2F201000068E0
S3150801FBA007900798B0FA80F08DF81B009DF81B00A6
S3150801FBB0C0F11F000290FFE7029800EB80014DF6A5
S3150801FBC05810C2F2000000EB8100019001994868C3
S3150801FBD040684860019948680831884204D1FFE7BE
S3150801FBE00199C8684860FFE701984068C0684DF602
S3150801FBF04011C2F200010860FFE7FFE74DF6401029
S3150801FC00C2F200000068FFE708B080BD80B582B087
S3150801FC104EF60850CEF20000006801904EF62051CB
S3150801FC20CEF20001086840F47F000860086840F0D9
S3150801FC307F4008604EF61C51CEF20001002000906C
S3150801FC400860FFF7B1FC009840F24801C2F20001D2
S3150801FC500860FFF737FC4EF63471CEF200010868EA
S3150801FC6040F040400860FEF70BF8FFF74DFFFEF73E
S3150801FC70BFF9009802B080BD80B582B04FF0500040
S3150801FC8080F31188BFF36F8FBFF34F8F009000F099
S3150801FC9059FD40B1FFE74EF60451CEF200014FF08F
S3150801FCA08050086000E0FFE700200190019880F38A
S3150801FCB0118802B080BD000080B584B0039002911E
S3150801FCC0002001900398A0B1FFE7029803998842A2
S3150801FCD00FD8FFE703980021022200F023F80190CC
S3150801FCE0019820B1FFE702980199886300E0FFE7D0
S3150801FCF000E0FFE7019804B080BD000080B584B03C
S3150801FD008DF80F0001200190002100919DF80F2028
S3150801FD1000F008F802900298FDF79AFD029804B0DF
S3150801FD2080BD000080B588B0079006918DF8172030
S3150801FD3000200490079880B3FFE707994FF0FF303A
S3150801FD40B0FBF1F00699884227D3FFE70798069991
S3150801FD50484310F1550F20D8FFE7079806994843FD
S3150801FD60039003985430FEF7CDF90490049890B1A6
S3150801FD70FFE7049802900298543002900798069972
S3150801FD80029A9DF81730DDF810C0EE46CEF800C08D
S3150801FD90FDF774FD00E0FFE700E0FFE7049808B00F
S3150801FDA080BD000080B584B00390029101200190C6
S3150801FDB0039800900098002856D0FFE70098C06B7A
S3150801FDC0002851D0FFE70098C26B016C4FF0FF3055
S3150801FDD0B0FBF2F0884247D3FFE7FFF77DFB0099B6
S3150801FDE00B68C86B0A6C00FB02308860009900201A
S3150801FDF0886300990868486000990B68C86B0A6CA3
S3150801FE00013800FB0230C8600099FF2081F84400E0
S3150801FE10009981F845000298D0B9FFE70098006972
S3150801FE20A0B1FFE70098103000F0E4FE60B1FFE7EB
S3150801FE304EF60451CEF200014FF080500860BFF330
S3150801FE404F8FBFF36F8F00E0FFE700E0FFE708E0A1
S3150801FE5000981030FFF7C2FA00982430FFF7BEFA6F
S3150801FE60FFE7FFF751FB02E000200190FFE7019849
S3150801FE7004B080BD80B58CB00A90099108920793A9
S3150801FE80002006900A980290FFE7FFF725FB0298E3
S3150801FE90806B0299C96B884204D3FFE70798022849
S3150801FEA058D1FFE70298806B019002980999079A41
S3150801FEB0FDF722FB05900298806CE0B1FFE70798F1
S3150801FEC0022804D1FFE7019808B1FFE712E002987A
S3150801FED0FDF78EFE60B1FFE74EF60451CEF2000142
S3150801FEE04FF080500860BFF34F8FBFF36F8F00E06C
S3150801FEF0FFE7FFE729E00298406AA0B1FFE7029809
S3150801FF00243000F077FE60B1FFE74EF60451CEF2D9
S3150801FF1000014FF080500860BFF34F8FBFF36F8F1A
S3150801FF2000E0FFE710E0059860B1FFE74EF60451DF
S3150801FF30CEF200014FF080500860BFF34F8FBFF338
S3150801FF406F8F00E0FFE7FFE7FFE7FFF7DDFA012024
S3150801FF500B9065E0089828B9FFE7FFF7D5FA002066
S3150801FF600B905DE0069830B9FFE703A8FFF78AFC16
S3150801FF700120069000E0FFE7FFE7FFE7FFF7C4FA75
S3150801FF80FFF7BAFDFFF7A8FA029890F94400013085
S3150801FF9028B9FFE70299002081F84400FFE7029893
S3150801FFA090F94500013028B9FFE70299002081F848
S3150801FFB04500FFE7FFF7A8FA03A808A900F0B0FA79
S3150801FFC028BBFFE70298FDF7FBFDC8B1FFE70298DA
S3150801FFD010300899FFF770FC0298FEF72DF800F02B
S3150801FFE0CBFE60B9FFE74EF60451CEF200014FF0A1
S3150801FFF080500860BFF34F8FBFF36F8FFFE705E0AF
S315080200000298FEF719F800F0B7FEFFE707E0029834
S31508020010FEF712F800F0B0FE00200B9000E034E77D
S315080200200B980CB080BD000080B58EB00A9009917D
S31508020030089207930A980490EFF311814FF0500043
S3150802004080F31188BFF36F8FBFF34F8F0C910B901C
S315080200500C9805900498806B0499C96B884204D35E
S31508020060FFE7079802285DD1FFE7049890F8450054
S315080200708DF80F000498806B029004980999079AE4
S31508020080FDF73AFA9DF90F000130A8BBFFE704987D
S31508020090806CC8B1FFE70798022804D1FFE70298E7
S315080200A008B1FFE70FE00498FDF7A2FD48B1FFE7A4
S315080200B0089820B1FFE708990120086000E0FFE7E9
S315080200C000E0FFE7FFE716E00498406A88B1FFE719
S315080200D00498243000F08EFD48B1FFE7089820B155
S315080200E0FFE708990120086000E0FFE700E0FFE764
S315080200F000E0FFE7FFE712E0FFE7FFF74BF90190A1
S315080201009DF90F000199884207D2FFE79DF80F0073
S315080201100130049981F84500FFE7FFE7FFE7012070
S31508020120069002E000200690FFE705980D900D98CC
S3150802013080F3118806980EB080BD000080B58CB099
S315080201400890079108980490EFF311814FF0500038
S3150802015080F31188BFF36F8FBFF34F8F0A9109900F
S315080201600A9805900498806B039003980499C96BC2
S31508020170884250D2FFE7049890F845008DF80B00A4
S3150802018003980130049988639DF90B00013060BB1E
S31508020190FFE70498806C80B1FFE70498FDF728FD15
S315080201A048B1FFE7079820B1FFE7079901200860E1
S315080201B000E0FFE700E0FFE716E00498406A88B12E
S315080201C0FFE70498243000F015FD48B1FFE70798C9
S315080201D020B1FFE707990120086000E0FFE700E089
S315080201E0FFE700E0FFE7FFE712E0FFE7FFF7D2F8D5
S315080201F001909DF90B000199884207D2FFE79DF805
S315080202000B000130049981F84500FFE7FFE7FFE795
S315080202100120069002E000200690FFE705980B9061
S315080202200B9880F3118806980CB080BD80B58AB009
S315080202300890079106920020059008980290FFE719
S31508020240FFF74AF90298806B0190019830B3FFE7ED
S3150802025002980799FDF72EF90198013802998863E1
S3150802026002980069A0B1FFE70298103000F0C2FCBC
S3150802027060B1FFE74EF60451CEF200014FF080500E
S315080202800860BFF34F8FBFF36F8F00E0FFE700E010
S31508020290FFE7FFF739F9012009906DE0069828B9BA
S315080202A0FFE7FFF731F90020099065E0059830B9B4
S315080202B0FFE703A8FFF7E6FA0120059000E0FFE74B
S315080202C0FFE7FFE7FFF720F9FFF716FCFFF704F948
S315080202D0029890F94400013028B9FFE702990020F4
S315080202E081F84400FFE7029890F94500013028B9E1
S315080202F0FFE70299002081F84500FFE7FFF704F9B6
S3150802030003A806A900F00CF930BBFFE70298FDF72F
S3150802031043FCD0B1FFE7029824300699FFF7CCFADE
S315080203200298FDF789FE00F027FD60B9FFE74EF651
S315080203300451CEF200014FF080500860BFF34F8F90
S31508020340BFF36F8F00E0FFE705E00298FDF774FE42
S3150802035000F012FDFFE70EE00298FDF76DFE00F0D1
S315080203600BFD0298FDF718FC18B1FFE7002009906B
S3150802037002E0FFE7FFE763E709980AB080BD0000DD
S3150802038080B58AB0089007910020069008990391D3
S315080203900290FFE7FFF7A0F80398806B0190019897
S315080203A060B3FFE7019801380399886303980068E8
S315080203B028B9FFE7FDF770FF0399886000E0FFE7B9
S315080203C003980069A0B1FFE70398103000F012FC09
S315080203D060B1FFE74EF60451CEF200014FF08050AD
S315080203E00860BFF34F8FBFF36F8F00E0FFE700E0AF
S315080203F0FFE7FFF789F8012009908DE0079828B9E9
S31508020400FFE7FFF781F80020099085E0069830B9E2
S31508020410FFE704A8FFF736FA0120069000E0FFE797
S31508020420FFE7FFE7FFF770F8FFF766FBFFF754F8F9
S31508020430039890F94400013028B9FFE70399002090
S3150802044081F84400FFE7039890F94500013028B97E
S31508020450FFE70399002081F84500FFE7FFF754F804
S3150802046004A807A900F05CF8A8BBFFE70398FDF704
S3150802047093FB48B3FFE70398006850B9FFE7FFF715
S315080204802BF80398806800F003FB0290FFF73CF80C
S3150802049000E0FFE7039824300799FFF70DFA03985F
S315080204A0FDF7CAFD00F068FC60B9FFE74EF6045195
S315080204B0CEF200014FF080500860BFF34F8FBFF3B2
S315080204C06F8F00E0FFE705E00398FDF7B5FD00F042
S315080204D053FCFFE71FE00398FDF7AEFD00F04CFC66
S315080204E00398FDF759FBA0B1FFE7029870B1FFE741
S315080204F0FEF7F2FF0398FDF703F900900398806868
S315080205000099FFF71FFAFEF7FFFFFFE700200990A1
S3150802051002E0FFE7FFE73DE709980AB080BD000061
S3150802052080B586B005900491FEF7D6FF4DF62050A9
S31508020530C2F2010000680290029805994968401AB9
S3150802054001904DF64010C2F20000006890F859007A
S3150802055058B1FFE74DF64010C2F2000001680020CC
S3150802056081F859000120039037E0049800680130A9
S3150802057018B9FFE7002003902EE04DF68840C2F234
S31508020580010000680599096888420CD0FFE70298BD
S3150802059005994968884206D3FFE701200390049922
S315080205A00020086017E001980499096888420BD26E
S315080205B0FFE7019A04990868801A08600598FFF708
S315080205C061F90020039005E00499002008600120E3
S315080205D00390FFE7FFE7FFE7FFE7FEF795FF0398BC
S315080205E006B080BD10B588B0DDF82CC0DDF828C08D
S315080205F007900691ADF81620049307980699BDF858
S315080206001620049BDDF828C00B9CEE46CEF8044063
S31508020610CEF800C0FDF720F80390039830B1FFE743
S315080206200398FCF723FE0120029003E04FF0FF3007
S315080206300290FFE7029808B010BD000080B586B0A8
S315080206400590049100200190FFF756FA4DF62050C6
S31508020650C2F20100006800900598006804990844EF
S315080206600390009805990968884210D2FFE7039813
S3150802067005990968884208D2FFE7039800998842D3
S3150802068003D9FFE70120019000E0FFE70FE0039896
S3150802069005990968884205D3FFE7039800998842B5
S315080206A003D9FFE70120019000E0FFE7FFE703987F
S315080206B005990860019838B1FFE703980099401A2E
S315080206C00021FCF73BFD00E0FFE700F055FB029036
S315080206D0029860B9FFE74EF60451CEF200014FF0D8
S315080206E080500860BFF34F8FBFF36F8F00E0FFE7BC
S315080206F0019806B080BD000081B04DF6EC40C2F20A
S315080207000100006818B9FFE7012000900DE04DF6D8
S315080207101C40C2F20100006818B9FFE702200090E7
S3150802072002E000200090FFE7FFE7009801B070475B
S3150802073081B04DF62050C2F2010000680090009880
S3150802074001B0704780B588B0002005904DF61C4070
S31508020750C2F201000068002840F01081FFE74DF65A
S315080207602051C2F201010868013004900498086019
S315080207700498D0B9FFE7FFE74DF64812C2F2000225
S31508020780106803904DF65011C2F200010868106015
S31508020790039808604DF68841C2F2010108680130E3
S315080207A00860FDF7BBFBFFE700E0FFE704984DF69C
S315080207B08441C2F2010109688842C0F0BE80FFE79F
S315080207C0FFE74DF64810C2F200000068006840B91B
S315080207D0FFE74DF68441C2F201014FF0FF3008608F
S315080207E0AAE04DF64810C2F200000068C068C06868
S315080207F0079007984068069004980699884207D297
S31508020800FFE706984DF68441C2F20101086093E0BB
S31508020810FFE7FFE707984069029007988168C06872
S31508020820886007998868C968486002984068079985
S315080208300431884205D1FFE70798C06802994860E3
S31508020840FFE707990020486102990868013808609D
S31508020850FFE70798806A08B3FFE7FFE70798806A09
S3150802086001900798C169006A88600799C869096A88
S3150802087048600198406807991831884205D1FFE710
S315080208800798006A01994860FFE70799002088627D
S315080208900199086801380860FFE700E0FFE7FFE70B
S315080208A00798C16A012000FA01F24DF62441C2F204
S315080208B00101086810430860FFE70798C06A00EB61
S315080208C080004DF65811C2F2000101EB8000406823
S315080208D000900098079A906000988068079AD060FE
S315080208E007980430009A9268506007980430009A74
S315080208F09060079AD06A00EB800001EB8000506195
S315080209000798C06A00EB800251F82200013041F8CC
S315080209102200FFE7FFE70798C06A4DF64011C2F2C8
S3150802092000010968C96A884203D9FFE701200590D0
S3150802093000E0FFE7FFE744E7FFE74DF64010C2F2A3
S3150802094000000068C06A00EB80014DF65810C2F23A
S31508020950000050F82100022803D3FFE70120059082
S3150802096000E0FFE74DF62C50C2F20100006818B10C
S31508020970FFE70120059000E0FFE707E04DF6944106
S31508020980C2F20101086801300860FFE7059808B05D
S3150802099080BD000080B584B00390039802900020C1
S315080209A00190039800286ED0FFE70299086D013876
S315080209B008650299C86AC96C884262D0FFE702983C
S315080209C0006D00285BD1FFE702980430FEF7BEFCF3
S315080209D068B9FFE70298C16A012000FA01F24DF6EA
S315080209E02441C2F2010108689043086000E0FFE76B
S315080209F00299C86CC8620299C86AC0F12000886167
S31508020A00FFE70298C16A012000FA01F24DF6244175
S31508020A10C2F20101086810430860FFE70298C06A3B
S31508020A2000EB80004DF65811C2F2000101EB80007E
S31508020A30406800900098029A906000988068029A2E
S31508020A40D06002980430009A926850600298043086
S31508020A50009A9060029AD06A00EB800001EB80004F
S31508020A6050610298C06A00EB800251F822000130F8
S31508020A7041F82200FFE7FFE70120019000E0FFE7C7
S31508020A8000E0FFE700E0FFE7019804B080BD000040
S31508020A9080B584B0039003980290002001900398D1
S31508020AA0002800F0A380FFE70298C06A4DF64011BD
S31508020AB0C2F200010968C96A884280F08680FFE7A7
S31508020AC00298C07E000600280BD4FFE74DF64010B8
S31508020AD0C2F200000068C06AC0F12000029988616B
S31508020AE000E0FFE702994869C96A01EB81024DF6FF
S31508020AF05811C2F2000101EB8201884259D1FFE77F
S31508020B0002980430FEF722FC68B9FFE70298C16A28
S31508020B10012000FA01F24DF62441C2F201010868E9
S31508020B209043086000E0FFE74DF64010C2F200006D
S31508020B300068C06A0299C862FFE70298C16A012082
S31508020B4000FA01F24DF62441C2F201010868104387
S31508020B500860FFE70298C06A00EB80004DF658115C
S31508020B60C2F2000101EB8000406800900098029AE8
S31508020B70906000988068029AD06002980430009AC1
S31508020B809268506002980430009A9060029AD06A7D
S31508020B9000EB800001EB800050610298C06A00EB0E
S31508020BA0800251F82200013041F82200FFE7FFE7F0
S31508020BB008E04DF64010C2F200000068C06A0299C9
S31508020BC0C862FFE7012001900FE00298C06C4DF65B
S31508020BD04011C2F200010968C96A884203D2FFE7D6
S31508020BE00120019000E0FFE7FFE700E0FFE7019838
S31508020BF004B080BD87B006900698C068C0680590A4
S31508020C00FFE70598806A03900598C169006A8860BB
S31508020C100599C869096A48600398406805991831B0
S31508020C20884205D1FFE70598006A03994860FFE7FD
S31508020C300599002088620399086801380860FFE769
S31508020C404DF61C40C2F20100006800285DD1FFE79C
S31508020C50FFE705984069029005988168C068886030
S31508020C6005998868C96848600298406805990431F8
S31508020C70884205D1FFE70598C06802994860FFE7F0
S31508020C800599002048610299086801380860FFE75B
S31508020C90FFE70598C16A012000FA01F24DF62441E0
S31508020CA0C2F20101086810430860FFE70598C06AA6
S31508020CB000EB80004DF65811C2F2000101EB8000EC
S31508020CC0406801900198059A906001988068059A93
S31508020CD0D06005980430019A9268506005980430ED
S31508020CE0019A9060059AD06A00EB800001EB8000B9
S31508020CF050610598C06A00EB800251F82200013063
S31508020D0041F82200FFE7FFE71DE0FFE74DF69841AD
S31508020D10C2F20101486800900098059AD0610098CD
S31508020D208068059A106205981830009A9268506091
S31508020D3005981830009A9060059881620868013013
S31508020D400860FFE7FFE70598C06A4DF64011C2F250
S31508020D5000010968C96A884208D9FFE70120049098
S31508020D604DF62C51C2F20101086002E000200490FF
S31508020D70FFE7049807B0704780B588B00020009056
S31508020D8007900690FEF7A8FB009805904DF61C40C2
S31508020D90C2F201000168013901600068002840F0CA
S31508020DA0FC80FFE74DF61440C2F2010000680028F5
S31508020DB000F0F280FFE7FFE74DF69840C2F2010025
S31508020DC00068002800F09A80FFE74DF69840C2F2C4
S31508020DD00100C068C0680790FFE70798806A049018
S31508020DE00798C169006A88600799C869096A4860EC
S31508020DF00498406807991831884205D1FFE7079891
S31508020E00006A04994860FFE70799002088620499F6
S31508020E10086801380860FFE7FFE70798406903900A
S31508020E2007988168C068886007998868C9684860B1
S31508020E300398406807990431884205D1FFE7079865
S31508020E40C06803994860FFE707990020486103993B
S31508020E50086801380860FFE7FFE70798C16A0120BA
S31508020E6000FA01F24DF62441C2F201010868104364
S31508020E700860FFE70798C06A00EB80004DF6581134
S31508020E80C2F2000101EB8000406802900298079ABC
S31508020E90906002988068079AD06007980430029A90
S31508020EA09268506007980430029A9060079AD06A4E
S31508020EB000EB800001EB800050610798C06A00EBE6
S31508020EC0800251F82200013041F82200FFE7FFE7CD
S31508020ED00798C06A4DF64011C2F200010968C96A4C
S31508020EE0884209D9FFE7059A4DF62C51C2F201014B
S31508020EF0012041F8220000E0FFE75DE7079818B1F4
S31508020F00FFE7FDF70BF8FFE74DF69440C2F2010042
S31508020F10006801900198F0B1FFE7FFE7FFF712FCBE
S31508020F2048B1FFE7059A4DF62C51C2F2010101209C
S31508020F3041F8220000E0FFE7019801380190FFE737
S31508020F4001980028EAD1FFE74DF69441C2F2010161
S31508020F500020086000E0FFE705994DF62C50C2F222
S31508020F60010050F82100A8B1FFE701200690FFE72B
S31508020F704DF64010C2F2000000684EF60451CEF259
S31508020F8000014FF080500860BFF34F8FBFF36F8F99
S31508020F90FFE700E0FFE7FFE700E0FFE7FEF7B4FA46
S31508020FA0069808B080BD000080B584B00020039082
S31508020FB0FCF70CFA4DF62450C2F201000068B8B1EB
S31508020FC0FFE74DF62850C2F20100694648601F2025
S31508020FD008604EF21900C0F6010044F24651C0F606
S31508020FE002014FF480720023FFF7FCFA039000E037
S31508020FF0FFE7039804B080BD5FEA400C08BF91F092
S31508021000000F4FEA8C234FEAC12243EA51514FEAB5
S315080210101C5018BF00F5F0404FEA300018BF41F0E7
S3150802102000415FEA6C5C00F02980BCF1FF3F08BF13
S3150802103040F080407047130C06BF12044FF0100CA4
S315080210404FF0000C130E04BF12020CF1080C130F1A
S3150802105004BF12010CF1040C930F04BF92000CF1A9
S31508021060020CD30F04BF52000CF1010C11464FF0CB
S315080210700002A0F11F00A0EB0C00704711F0004F10
S3150802108008BF704731F000413FF4D5AF0B0C06BFDD
S3150802109009044FF0100C4FF0000C0B0E04BF0902A6
S315080210A00CF1080C0B0F04BF09010CF1040C8B0F91
S315080210B004BF89000CF1020CCB0F04BF49000CF1E6
S315080210C0010CCCF1200322FA03F341EA030102FAE6
S315080210D00CF2A0EB0C0000F10100704723F07F47E9
S315080210E020F07F4C80EA030000F00040ACEB0703D7
S315080210F003F57C5303F1FF032DE9804909B44FEA4E
S31508021100144324EA03484FEA154B25EA0B4E0FF21D
S31508021110042606EB13273E7803FB0667C7F5000786
S3150802112007FB06F64FEAD64606F102064FEA543799
S3150802113007FB066CCCF1005C4FEA1C472CEA074C0D
S315080211400CFB06F507FB06F404EB15464FEA961662
S3150802115049085FEA320234BF00204FF000404FEAE6
S31508021160D13706FB07FC4FEA1C4C0CFB0BF7D21BCC
S3150802117003FB0CF761EB07010CFB0EF7B0EB07401C
S3150802118072EB17420CFB08F734BFA2EB0742B2EB2D
S31508021190074261EB17414FEA0C444FEA910706FBF7
S315080211A007FC4FEA1C4C0CFB0BF7B0EBC74072EB83
S315080211B0573203FB0CF734BFA2EBC742B2EBC74266
S315080211C061EB57310CFB0EF7B0EBC70072EB5772A7
S315080211D00CFB08F734BFA2EBC702B2EBC70261EBFE
S315080211E057714FEA816141EA92114FEA826242EAF5
S315080211F090124FEA806004EBCC04039F4FEAD13782
S3150802120006FB07FC4FEA1C4C0CFB0BF7D21B03FB35
S315080212100CF761EB07010CFB0EF7B0EB074072EB1C
S3150802122017420CFB08F734BFA2EB0742B2EB0742A0
S3150802123061EB17414FEA8C5504EB9C244FEA910760
S3150802124006FB07FC4FEA1C4C0CFB0BF7B0EBC7403E
S3150802125072EB573203FB0CF734BFA2EBC742B2EB71
S31508021260C74261EB57310CFB0EF7B0EBC70072EBC6
S3150802127057720CFB08F734BFA2EBC702B2EBC702E0
S3150802128061EB57714FEA816141EA92114FEA826234
S3150802129042EA90124FEA806015EB4C2544F10004AD
S315080212A04FEAD13706FB07FC4FEA1C4C0CFB0BF73F
S315080212B0D21B03FB0CF761EB07010CFB0EF7B0EB35
S315080212C0074072EB17420CFB08F734BFA2EB074242
S315080212D0B2EB074261EB17414FEA813141EA92418B
S315080212E04FEA823242EA90424FEA80304FEA0C765F
S315080212F015EB1C1544F1000448EA03434EEA0B4871
S315080213004FF0000EB2EB080C71EB030724BF6246DE
S3150802131039464EEB0E0E4FF0000B0018524149416A
S315080213204BEB0B0BB2EB080C71EB03077BF1000BD3
S3150802133024BF624639464EEB0E0E4FF0000B0018DC
S31508021340524149414BEB0B0BB2EB080C71EB03070D
S315080213507BF1000B24BF624639464EEB0E0E51EA6C
S31508021360020718BF46F0010616EB0E7655F1000283
S3150802137054F1000103D5BDE88901BDE80088BDE83E
S315080213808901BDE80048B619524141EB0101A3F1B2
S315080213900103704780807F7E7D7C7B7A79787776B9
S315080213A076757473727171706F6E6E6D6C6C6B6A32
S315080213B06A696868676666656464636362616160D0
S315080213C0605F5F5E5E5D5D5C5C5B5B5A5A5959584D
S315080213D058575756565555555454535352525251B7
S315080213E0515050504F4F4F4E4E4D4D4D4C4C4C4B0D
S315080213F04B4B4A4A4A494949484848474747474654
S31508021400464645454544444444434343434242428F
S31508021410424141419C46002B30D477002BD04FEAFB
S3150802142037071CB503B44FF010004FF01001BAF19C
S31508021430000F06D0BCF1000FDCBF40F0080040F0F8
S3150802144008014FF000000FBCBDE810400BF1010B7C
S31508021450BBF1010F08BF5FEA170722BF12F10102AB
S3150802146011F101014FF0004143F1000300F0004081
S3150802147043EA00007047F9D35708D0E746EA06461A
S315080214804FEA164613F1400F1FDD13F1200FDFBF97
S3150802149016430A46002120335B42BED0C3F1200719
S315080214A046EA06464FEA164602FA07F746EA0706E4
S315080214B022FA03F2C3F1200701FA07F742EA070202
S315080214C021FA03F14FF00003A7E746EA020646EAC5
S315080214D006464FEA164646EA0106BCBF46EA0646ED
S315080214E0360C4FF000034FF000024FF0000194E76C
S315080214F02DE9804C70B49A46934691E8380007C89D
S3150802150031EA400C48BF34EA430C03D5FFF7E6FD3F
S31508021510FFF780FFF0BCBDE8008C2DE9804C70B463
S315080215209A46934691E8380007C810F0804F08BFDC
S3150802153013F0804F03D100F005F8FFF76BFFF0BCFC
S31508021540BDE8008C20F07F4723F07F4C80EA030039
S3150802155000F0004007EB0C03A3F57C53A3F1FE034E
S3150802156092F0000F00F0B38095F0000F00F077803C
S315080215702DE901494FEA114021EA00484FEA14468B
S3150802158024EA064700FB06FC08FB06F607FB08F8F2
S3150802159018EB06484CEB164C00FB07F718EB074806
S315080215A04CEB17404FEA124B22EA0B4E4FEA15460E
S315080215B025EA06470BFB06FC0EFB06F607FB0EFEA4
S315080215C01EEB064E4CEB164C0BFB07F71EEB074EB3
S315080215D04CEB174B18EB0B0840F1000018EB0E0BFF
S315080215E058EB000840F100008F1A4FF000014FF047
S315080215F000063CBFC943661B14BFB5EB040C0021A9
S315080216003CBFC943F61B4FEA174427EA04454FEA8B
S315080216101C472CEA074C04FB076205FB07F70CFB81
S3150802162005F616EB074642EB174204FB0CFC16EBD3
S315080216300C4642EB1C421BEB060658EB02024141E2
S315080216404EEA8E0E46EA9E0601D5BDE80189B6190E
S31508021650524141EB0101A3F10103BDE801894FEAB9
S31508021660144524EA05464FEA114721EA074C05FBC9
S3150802167007F406FB07F70CFB06F111EB074144EBEF
S31508021680174405FB0CFC11EB0C4144EB1C444FEAD6
S31508021690124722EA074C05FB07F206FB07F70CFB83
S315080216A006F616EB074642EB174205FB0CFC16EB51
S315080216B00C4642EB1C456A1854F1000148BF7047B4
S315080216C0B619524141EB0101A3F10103704795F0A6
S315080216D0000F37D04FEA114221EA02464FEA144771
S315080216E024EA074C02FB07F106FB07F70CFB06F494
S315080216F014EB074441EB174102FB0CFC14EB0C44B8
S3150802170041EB1C414FEA154725EA074C02FB07F550
S3150802171006FB07F70CFB06F616EB074645EB1745DD
S3150802172002FB0CFC16EB0C4645EB1C42121951F156
S31508021730000148BF7047B619524141EB0101A3F1B6
S31508021740010370474FEA144524EA05464FEA114752
S3150802175021EA074C05FB07F106FB07F70CFB06F225
S3150802176012EB074241EB174105FB0CFC12EB0C424C
S3150802177051EB1C414FF0000648BF7047921841EBE7
S315080217800101A3F10103704703B4019841000098CF
S3150802179050EAC12018BF04204A0D18BF40F00100C4
S315080217A040F2FF72B2EB515F08BF40F00200012817
S315080217B008BF052002B0704730380A2801D2012036
S315080217C0704700207047000010B500290AD0087833
S315080217D0002807D005487844E0F70AFA002801D01D
S315080217E0002010BD0248784410BD00007E39010071
S315080217F07639010010B500290AD00878002807D0E2
S3150802180005487844E0F7F4F9002801D0002010BD15
S315080218100248784410BD00006E390100663901009D
S3150802182010B591EA030F48BF83F0004300F18A839B
S31508021830841A71EB030C05D2121943EB0C03001B35
S3150802184061EB0C014FEA1154A4EB135CDFF81CE1BF
S315080218501EEA430F18BF9EEA445F00F0748021EA2D
S31508021860045123EA0E0343F48013DCF1200E32D32B
S3150802187022FA0CFE10EB0E0023FA0CFE41EB0E01C7
S31508021880CCF1200E03FA0EFE10EB0E00CCF1200E60
S3150802189051F10001B1F5801F32D201EB045112FA5F
S315080218A00EF2BDE8104058BF7047401C38BF5FEAC9
S315080218B0420218BF7047002814BF20F0010041F108
S315080218C000014FEA410313F5001F38BF7047A1F123
S315080218D0C04100F029BB012A43EB0302ACF1200CFC
S315080218E0DCF11F0E32BF4FF0000E23FA0CF310EB99
S315080218F0030041EB0451B4EB115FD0D0A1EB0451C4
S3150802190001F58011490801EB04515FEA30000ED354
S3150802191050F1000038BF12FA0EFE08D1BDE8104099
S31508021920C9E7401C38BF5FEA4202CAD1C3E7BDE82D
S3150802193010404FEA410313F5001F38BF7047A1F163
S31508021940C04100F0F1BA9EEA445F08D011EA5E0F80
S31508021950BDE8104004BF01F0004100207047BDE811
S31508021960104070B500F092FA64FBBE3E0000E0FF3C
S315080219702DE9C04130B4DFF8A8C23CEA111418BFF9
S315080219803CEA131400F0F0801CEA111481EA0305FC
S3150802199044EAD57418BF1CEA131500F0CB80A4EBF1
S315080219A0050404F17F7404F500344FF0004545EA56
S315080219B0C12145EAC32341EA505143EA52534FEA49
S315080219C0C0204FEAC222994208BF904200F0A08086
S315080219D04FEA13650FF24816765D4FEA134506FB82
S315080219E005F7C7F1807706FB07F74FEAD737A7FB54
S315080219F003687642A7FB06CEC8F5803838BFA8F139
S31508021A00010807FB08E6A6FB028C4FF0000EE6FB70
S31508021A1003CED8F100086FEA0C0C5CF1000C6FEAF1
S31508021A200E0E4EF1004EA6FB0C584FF00007E6FBD1
S31508021A300E87A1FB08C6A0FB07CE16EB0E064FF0D3
S31508021A40000545F10005E1FB076515F1E04E7EBF8D
S31508021A50A4F580345FEA46066D4116F1800745F122
S31508021A6000054FEA172747EA05674FEA15254FEAA1
S31508021A700666A6F1DE46B6F1805F20D9384605EB42
S31508021A80C47124F0010C01EB0C11BCF1FE6F02D8F3
S31508021A90F0BCBDE8008124425CBF01F5801E9EEAC7
S31508021AA0C47F02D4F0BCBDE80081244200F139802B
S31508021AB0A1F1C041F0BCBDE8004100F035BA4FEAD9
S31508021AC0D02040EA41504FEAD1214FEAD22242EAD7
S31508021AD043524FEAD323A7FB028607FB036605FB9D
S31508021AE002661EEA0E0F58BFA6EB0056B6EB005664
S31508021AF04FEA520E4EEAC37E18EB0E0E56EB530E03
S31508021B00BCD518EB02085E417F1C55F10005B5E706
S31508021B104FF480154FF000074FF000064FF000080B
S31508021B20ACE701F1C04101F000414FF00000F0BC02
S31508021B30BDE800810CEA131511EA0C1F00D00CE06F
S31508021B4013EA0C1F00F025804FF0000081EA03011A
S31508021B5001F00041F0BCBDE80081F0BCBDE80041DF
S31508021B6081EA030100F0E0B9F0BCBDE8004170B5B6
S31508021B7000F08CF9097EFC3E00F007B84FF0000031
S31508021B8081EA030101F00041704781EA030100F08E
S31508021B90CBB9F0BCBDE8004122494FF000007047BE
S31508021BA0FFFDFBF9F7F5F4F2F0EEEDEBE9E8E6E412
S31508021BB0E3E1E0DEDDDBDAD8D7D5D4D3D1D0CFCD99
S31508021BC0CCCBCAC8C7C6C5C4C2C1C0BFBEBDBCBBD2
S31508021BD0BAB9B8B7B6B5B4B3B2B1B0AFAEADACABCD
S31508021BE0AAA9A8A8A7A6A5A4A3A3A2A1A09F9F9EA7
S31508021BF09D9C9C9B9A999998979796959594939359
S31508021C00929191908F8F8E8E8D8C8C8B8B8A8989EF
S31508021C108888878786858584848383828281818072
S31508021C200000FF070000F87F4FEA41034FEA5353CB
S31508021C30A3F58063D3F11E03C8BFD3F1210C0CDDD3
S31508021C404FF0004242EAC12242EA505232FA03FCFB
S31508021C508CEAE17CACEBE1707047102BC4BF002024
S31508021C60704703F5787CBCF1FF3F04D06FF0004261
S31508021C7082EA2100704770B500F008F9499224807B
S31508021C8000207047F2E700004FEA1153A3F580637C
S31508021C90D3F11E03A8BFD3F1200C08DB4FF0004294
S31508021CA042EAC12252EA505232FA03F07047094216
S31508021CB00BD4102BC4BF0020704703F5787CBCF107
S31508021CC0FF3F05D04FF0FF3070474FF000007047D6
S31508021CD070B500F0DBF800BF4992248000207047F7
S31508021CE0F0E710F0004248BF4042B0FA80F310FA1B
S31508021CF003F10AD0C3F11D0303F5806302EB035215
S31508021D004FEA415002EBD12170474FF0000070476D
S31508021D10B0FA80F310FA03F10AD0C3F11D0303F5F2
S31508021D2080634FEA03524FEA415002EBD1217047D2
S31508021D304FF000007047000070B5DFF848C11CEA92
S31508021D40111E1EBF1CEA13159EEA0C0F95EA0C0F0C
S31508021D5000F06F8081EA03044EEAD47EAE4421EA9B
S31508021D604C1123EA4C1341F4801143F48013AEF16B
S31508021D707F7EA1FB024CA0FB0365361955EB0C05C9
S31508021D80A1FB034C4CF10003A0FB021C16EB0C064C
S31508021D90654153F10003094218BF46F0010613F4E0
S31508021DA0007F0BD14FEA03314FEA053041EA15515C
S31508021DB040EA165034036FF003020AE04FEAC321E1
S31508021DC04FEAC52041EA555140EA5650F4026FF0EF
S31508021DD0020202EB2E4201EB025585EACE710AD0C7
S31508021DE05FEA440C18BF24F0004450F1000041F1A8
S31508021DF0000120EAD47040F2FE7C624500D270BD32
S31508021E00A84214BF4FF080444FF04044002E08BF4A
S31508021E100024BEF1806FA8BFA1F1C041BDE87040A1
S31508021E2080F2828001F1C04101F000414FF00000CA
S31508021E3070470CEA13159EEA0C0F18BF95EA0C0FA9
S31508021E4006D081EA030E4FF000000EF0004170BD85
S31508021E5000F01CF88900013E00F007B800F009B846
S31508021E604FEA430C5FEA5C5C08D081EA030100F0A2
S31508021E705BB84FEA410C5FEA5C5CF6D102494FF067
S31508021E80000070470000FF070000F87F0EF1020EFF
S31508021E902EF0030E5EF8046B364205D4012A43EB94
S31508021EA0030515F5001F12D8012841EB010C1CF594
S31508021EB0001F0CD80ED14FEAD17C0CEB4C0C0CF15E
S31508021EC0020C15F5001F08BF4CEBD37C04E04FF05B
S31508021ED0080C01E04FEAD37C0CEB4C0526FA05F612
S31508021EE006F00706B6F1040C06D20EEB860CBDE820
S31508021EF070404CF0010C6047DFE80CF0090B020257
S31508021F004FF00041A1F500214FF0000070BD1946BF
S31508021F101046012851EB010418BFD4F5001484BFFA
S31508021F20002001F0004170BD0808A0F500114FEA33
S31508021F303101704710B591EA030F48BF83F0004399
S31508021F403FF576AC841A71EB030C07D28CF0004C81
S31508021F50121943EB0C03001B61EB0C014FEA1154F7
S31508021F60A4EB135CDFF8A4E11EEA430F18BF9EEA4E
S31508021F70445F00F0B48021EA045123EA6E03524218
S31508021F80C3EB6E0338BF5B1EDCF1200E25D322FAA3
S31508021F900CFE10EB0E0043FA0CFE41EB0E01CCF1DF
S31508021FA0200E03FA0EFE10EB0E00CCF1200E51F1B4
S31508021FB0000129D401EB045112FA0EF2BDE81040D1
S31508021FC058BF7047401C1CBFB2F1004F704700282B
S31508021FD00CBF491C20F00100704712EB020E43EBBE
S31508021FE0030218BF4FF0010E4EEA4202ACF1200C72
S31508021FF0DCF11E0E56D943FA0CFE10EB0E00CCF19C
S315080220001E0E51F1FF31D5D50EF1010E12FA0EFE52
S31508022010404141EB010101EB445C5FEA5C5C10D98B
S3150802202001EB045110EBDE7038BFBEF1004FBDE87C
S31508022030104018BF704700280CBF491C20F0010049
S31508022040704734D24FEAD42C24F4006411F50011F7
S315080220501BD0B1FA81F20B3AA41AA41ED2F12003BC
S31508022060914030FA03F31943904001EBCC7101EB2E
S315080220700451002CBDE81040A8BF704701F1C041C9
S3150802208001F000414FF000007047B0FA80F310FAF1
S3150802209003F102D1BDE810407047E41A173C48051F
S315080220A0C90AE2E701EB0451BDE81040704749103E
S315080220B04FEA300001EB0451BDE8104002E04FF050
S315080220C0000170474A0008BF0042F8D0B2F5001F67
S315080220D028BF704701F000414FF0000070479EEAA2
S315080220E0445F07D011EA5E0FBDE8104004BF002125
S315080220F000207047BDE8104070B5FFF7C7FE00BF65
S3150802210040DFF63E104683F0004170470000E0FFCC
S31508022110F1EE100A4FF6FF71C0F2C03120EA010053
S3150802212040F04070E1EE100A7047DFF7D3B8DFF7E8
S3150802213007BA0000359BFF7F08840F00FFFF0109DD
S315080221402A4CAE0100764E00000000001D9BFF7F60
S3150802215008840F00FFFF01092A4CAE0100764E00E3
S3150802216000000000059BFF7F08840F00FFFF01099E
S315080221702A4CAE0100764E0000000000ED9AFF7F61
S3150802218008840F00FFFF01092C50B401007C4E00A1
S3150802219000000000D59AFF7F08840F00FFFF010A9E
S315080221A02C54B8010080014E00000000BD9AFF7F42
S315080221B008840F00FFFF01092A4EB00100784E007D
S315080221C000000000A59AFF7F08840F00FFFF01099F
S315080221D02C50B401007C4E00000000008D9AFF7F4F
S315080221E008840100FFFF0108280C6C00344E000029
S315080221F0799AFF7F08840B00FFFF01230044000041
S315080222004404A601005204AC01006404B20100723F
S315080222101CB801009C0102BE01009E01520000008A
S31508022220499AFF7F8473B201B0B0B008FFFF0185F7
S3150802223005002400002404DE26003018E426005295
S3150802224004EA26006004F026007004F626008001DF
S3150802225004FC2600900104822700A00104882700B6
S31508022260B001048E2700C00104942700D001049A05
S315080222702700DE0112A02700FC0104A627008A0215
S3150802228012AC2700A80204B22700B80204B8270035
S31508022290C80204BE2700D80204C42700E80204CAFA
S315080222A02700F80204D02700880304D627009803DB
S315080222B004DC2700A80304E22700B80304E8270081
S315080222C0C80304EE2700D80304F42700E80304FA37
S315080222D02700F603188028009A0404862800AE040C
S315080222E08A028C2800BA061C922800E806148C2852
S315080222F000FE06089E28009607608C2800F8071C30
S31508022300AA2800A608168C2800BE0808B62800D8EF
S3150802231008608C2800BA091CC22800E809168C280D
S3150802232000800A08CE28009A0A608C2800FC0A1C3B
S31508022330DA2800AA0B168C2800C20B08E62800DC4D
S315080223400B588C2800B60C1CF22800E40C228C28A8
S3150802235000880D08FE2800A20D608C2800840E1C39
S315080223608A2900B20E168C2800CA0E08962900E49D
S315080223700E608C2800C60F1CA22900F40F168C28A2
S31508022380008C1008AE2900A61094038C2800BC13F2
S3150802239008BA2900D613608C2800B81408C6290082
S315080223A0D214608C2800B4151CD22900E215168CAA
S315080223B02800FA1508DE29009416608C2800F616FD
S315080223C01CEA2900A417168C2800BC1708F629004F
S315080223D0D617608C2800B8181C822A00E618168CB4
S315080223E02800FE18088E2A009819608C2800FA1907
S315080223F01C9A2A00A81A168C2800C01A08A62A00AF
S31508022400DA1A608C2800BC1B1CB22A00EA1B168C3E
S315080224102800821C08BE2A009C1C86018C2800A45F
S315080224201D1CCA2A00D21D168C2800EA1D08D62AA7
S3150802243000841E608C2800E61E1CE22A00941F16E1
S315080224408C2800AC1F08EE2A00C61F608C2800A83C
S31508022450201CFA2A00D620168C2800EE201C862B71
S31508022460009C21168C2800B42108922B00CE2160EC
S315080224708C2800B0221C9E2B00DE22168C2800F621
S31508022480221CAA2B00A423168C2800BC2308B62BD0
S3150802249000D623528C2800AA2408C22B00C024E89E
S315080224A0018C2800AA2608CE2B00C426108C2800E8
S315080224B0D426FA0600000000B197FF7F08840100BF
S315080224C0FF000D01051604C202010100000000000A
S315080224D09997FF7F08840500FFFF01081404360058
S315080224E0183000008597FF7F08840700FFFF011058
S315080224F00028000028045E003C1A640056280000E2
S315080225006997FF7F08840B00FFFF010C34066E00F3
S315080225104C087400543A00005197FF7F0884010062
S31508022520FF000D010416063201010000000000003A
S315080225303997FF7F08840500FFFF010C001400008D
S3150802254014043200182C00002197FF7F0884090022
S31508022550FFFF01093008820100386200000000000E
S315080225600997FF7F08840500FFFF01081E06480039
S31508022570243C0000F596FF7F08840300FFFF010C48
S31508022580002C00002C063A00321A0000DD96FF7F66
S3150802259008840500FFFF0110002A00002A086200CD
S315080225A0382268005A28000084050181B0B0010863
S315080225B00000000084060181B0B000080000000097
S315080225C0A996FF7FB0088400FF0015010C02080ACD
S315080225D0010A0400000E06140101000000000000B2
S315080225E08996FF7FB0B0A800FF000D0104021A26E3
S315080225F001010000000000007196FF7FB00B840005
S31508022600FF00110108080624010E1A000001000045
S31508022610000000005596FF7FB0B0AA00FF00110126
S31508022620080A044A010E40000001000000000000EA
S315080226303996FF7FB0B0A800FF00110108040454C0
S315080226400108500000010000000000001D96FF7FEF
S31508022650B0AF0600FF00510147004200004204469F
S31508022660018A0104F402009A0106F20200B8013650
S31508022670F00200FE0118E802009602120000A80203
S3150802268004E80200AC02080000B40214E80200D60C
S315080226900212F00200F40204FC0201F80208000029
S315080226A00100000000000000C195FF7FB0B0A8003D
S315080226B0FF00110108180426011C082A010100005E
S315080226C00000000000000000000000003031323334
S315080226D03435363738394142434445464030580046
S315080226E03031323334353637383961626364656678
S315080226F040307800040000080000000000000002D4
S31508022700000100001030313233343536373839613A
S315080227106263646566787000303132333435363731
S3150802272038394142434445465850000002400000A9
S31508022730000000A00000000005400000000000C8DC
S31508022740000000000C4000000000409C0000000051
S31508022750194000000020BCBE000000003440000002
S31508022760BFC91B8E00000004B5400000504BCFD0F5
S315080227706607E2CF010000006C4100003E8251AAC2
S31508022780DFEEA73401000000D9420000DCB5A0E262
S315080227903A301F97FFFFFFFFB4450000FD25A0C88A
S315080227A0E9A3C14FFFFFFFFFFF3F000000000080C3
S315080227B000000000FF3F000000000080000000004B
S315080227C000000000000000000000000000000000F9
S315080227D000000000000000000000000000000000E9
S315080227E0FFFFFFFFFFFFFFFF0000000001000000E0
S315080227F0000000000000000001000000FFFFFFFFCC
S31508022800FFFFFFFF01000000FFFFFFFFFFFFFFFFC3
S3150802281001000000010000000100000000000000A5
S315080228200000000001020304060708090000000070
S3150802283001020304000610160006101658F50208CF
S31508022840000000003200320027000C000300184086
S315080228505852020800000000A30080000000000091
S31508022860A3008000584F0308742D0208A8280208FE
S31508022870A0280208742D0208C92802086828020836
S31508022880742D0208EB28020874280208742D02081F
S3150802289010290208982802084C2D02082229020843
S315080228A04C2D02082F2902084E31305F5F63787873
S315080228B0616269763131365F5F7368696D5F747913
S315080228C070655F696E666F45004E31305F5F63788B
S315080228D078616269763131375F5F636C6173735F02
S315080228E0747970655F696E666F45004E31305F5F59
S315080228F0637878616269763132305F5F73695F63E4
S315080229006C6173735F747970655F696E666F450093
S31508022910537431336261645F657863657074696F95
S315080229206E00537439657863657074696F6E005307
S315080229307439747970655F696E666F00000000000D
S3150802294000000000A58F00088D8F00085B3D010876
S31508022950058E0008493B0108158E0008413C01080E
S31508022960513B0108F13C0108258E0008353B010858
S31508022970BD8B000800000000000000002591000839
S315080229800D910008F5020108D9000108C98F00084F
S31508022990950E01083990000825900008B100010833
S315080229A0CB0D0108A1FD0008C5FF0008C9000108F2
S315080229B01D9501089D90000865FD0008150B010884
S315080229C0490C0108FD0B0108A9FD000831FE0008A3
S315080229D009000108E9FE0008C90C0108F503010807
S315080229E0850C0108EB020108D90101084902010810
S315080229F09DFF00086D900008159000084990000890
S31508022A007D900008650E010891060108B5010108C6
S31508022A103104010825070108A5000108C99B010818
S31508022A20710E0108BD00010829FD0008CD04010840
S31508022A30E104010829040108E5080108B98F00081C
S31508022A408D90000859900008690A0108EF0A0108E2
S31508022A50C107010895FF000809FD00080D030108D2
S31508022A600000000000000000C5920008AD920008B0
S31508022A703DB100080000000000000000A196000811
S31508022A80899600085196000825960008319600088E
S31508022A90C195000805960008000000000000000025
S31508022AA0E9AD0008D1AD00085B3D0108C5960008EE
S31508022AB0493B0108413B0108413C0108513B0108D9
S31508022AC0F13C0108CD960008353B0108BD96000881
S31508022AD00000000000000000B9B0000831AF00088D
S31508022AE021B1000809B100089DB000082DB0000800
S31508022AF049B0000839AF0008D9AF0008FCFFFFFF4C
S31508022B000000000039B5010829B5010811B5010808
S31508022B10B9B40108D1B4010809B4010879B40108A5
S31508022B200000000000000000A5B100088DB10008F1
S31508022B303DB100080000000000000000A9D200080C
S31508022B4039D20008B9D2000809C50008C9B1000877
S31508022B507DEC000825B200080DB2000801B5000890
S31508022B6081C4000845CB0008EDC40008D1C400089A
S31508022B70A1D2000851CB000891C300081DC5000860
S31508022B802DD30008E5D2000800000000000000006E
S31508022B9089B2000871B2000849B2000839B20008C1
S31508022BA0000000000000000049B4000831B4000823
S31508022BB0F5020108D9000108ADB20008950E010810
S31508022BC059B30008FDB20008B1000108CB0D01088F
S31508022BD0A1FD0008C5FF0008C90001082D950108D6
S31508022BE0C1B3000865FD0008150B0108490C010868
S31508022BF0FD0B0108A9FD000831FE000809000108BD
S31508022C00E9FE0008C90C0108F5030108850C01084C
S31508022C10EB020108D9010108490201089DFF0008D3
S31508022C2085B30008EDB2000869B3000899B3000835
S31508022C30650E010891060108B5010108310401086B
S31508022C4025070108A5000108C99B0108710E01089C
S31508022C50BD00010829FD0008CD040108E1040108A8
S31508022C6029040108E50801089DB20008A1B3000875
S31508022C7079B30008690A0108EF0A0108C1070108C1
S31508022C8095FF000809FD00080D0301080000000071
S31508022C90000000005DB40008EDB40008D5B40008D1
S31508022CA00000000000000000A9D2000839D200087E
S31508022CB0B9D2000809C5000849D200087DEC000807
S31508022CC01DB6000805B6000801B5000881C400084B
S31508022CD045CB0008EDC40008D1C40008A1D20008FB
S31508022CE051CB000891C300081DC500082DD3000862
S31508022CF0E5D20008000000000000000031B9000813
S31508022D00E1E800088DE90008C9B800089FE900084B
S31508022D1019BE0008BDB8000885BF00086DBF0008C7
S31508022D20C1E9000845E9000837E900083DB9000885
S31508022D30EDBC000833E9000835E900088BE900080C
S31508022D407DE900080000000074280208478500088B
S31508022D504B8500088B9101088D9101083393010870
S31508022D608F910108CD910108B59201080000000073
S31508022D7080280208478500085B8500088B910108B0
S31508022D808D91010833930108B9930108119401083A
S31508022D90F194010800000000000000004932010811
S31508022DA0BBBF0008379501080000000000000000BC
S31508022DB085C300086DC3000829C3000849C3000873
S31508022DC041C3000815C3000831C30008000000000B
S31508022DD000000000A9D2000839D20008B9D20008BA
S31508022DE009C5000849D20008E3D2000849EF0008DD
S31508022DF0B9D30008C9D2000881C4000845CB000827
S31508022E00EDC40008D1C40008A1D2000851CB0008BD
S31508022E1091C300081DC500082DD30008E5D2000895
S31508022E20000000000000000061560108A9D400084D
S31508022E30A99501089595010809A801086995010847
S31508022E4069A801086154010855550108F9400108A5
S31508022E50DFA701088BA801087155010885550108E5
S31508022E60F5550108095601081D550108F1540108CE
S31508022E70FD540108DD540108E9540108DF5301082D
S31508022E80C5550108B954010879D400088196010884
S31508022E909D950108C9B9010800000000000000005C
S31508022EA051D700084DD70008DFAF0108BBAF0108AC
S31508022EB009A80108B7A7010891960108998001088F
S31508022EC0555501084D800108DFA701088BA801089E
S31508022ED07155010885550108CBD60008E9D60008C0
S31508022EE01D550108F1540108FD540108DD54010875
S31508022EF0E9540108DF530108C55501089D800108F8
S31508022F00C1820108AB8301080B840108E583010825
S31508022F10EB83010881830108FD80010831800108DD
S31508022F20C3AF0108A182010859E8000835E800087C
S31508022F30C1D400082DD6000869D60008B9D60008FB
S31508022F40BB9601089DD600088D960108B3D60008DF
S31508022F50B5960108879601080000000000000000E7
S31508022F604932010877D70008BF9601080000000019
S31508022F7000000000C5D70008ADD700087DD70008B5
S31508022F8049C3000841C3000815C3000831C3000835
S31508022F90000000000000000061560108C9E80008A8
S31508022FA0DFAF0108BBAF010809A80108B7A70108E6
S31508022FB069A8010899800108555501084D8001083C
S31508022FC0DFA701088BA80108715501088555010874
S31508022FD0F5550108095601081D550108F15401085D
S31508022FE0FD540108DD540108E9540108DF530108BC
S31508022FF0C55501089D800108C1820108AB830108F5
S315080230000B840108E5830108EB8301088183010823
S31508023010FD80010831800108C3AF0108A1820108B9
S3150802302059E8000835E80008C9B901080000000097
S3150802303000000000C9B90108E1E800088DE90008A6
S3150802304031E900089FE90008C9B901082DE9000815
S315080230509DEA00089BEA0008C1E9000845E900085C
S3150802306037E90008C9B90108C9B9010833E90008EE
S3150802307035E900088BE900087DE900080000000030
S3150802308000000000A1EB000889EB00085FAF010809
S31508023090759E0108B59C0108A99C01081D9C01089A
S315080230A0519C0108E19B0108C19C01082B9D01085E
S315080230B0079C0108D59B01085F9E0108BD9E010871
S315080230C0899C0108999C0108BD970108959D0108EC
S315080230D059980108A1980108559E01080D9C0108F6
S315080230E065980108000000000000000029EC0008AD
S315080230F025EC0008AD980108A5990108E198010890
S31508023100C9980108B5EB0008F8FFFFFF00000000A8
S3150802311061B501085BB5010849B501080000000060
S31508023120000000006156010865EC0008559901087F
S31508023130E598010809A80108B7A701084BA30108E1
S315080231406154010855550108F9400108DFA701082D
S315080231508BA801087155010885550108F55501081E
S31508023160095601081D550108F1540108FD540108C4
S31508023170DD540108E9540108DF530108C555010861
S31508023180B95401084B32010849EC000845EC00081D
S315080231900000000000000000A9D2000839D2000889
S315080231A0B9D2000809C5000849D200087DEC000812
S315080231B015ED0008FDEC0008C9D2000881C4000814
S315080231C045CB0008EDC40008D1C40008A1D2000806
S315080231D051CB000891C300081DC500082DD300086D
S315080231E0E5D200080000000000000000D9EE000841
S315080231F0D1EE000899990108A5990108B99901081B
S31508023200C9B90108000000000000000005EF000827
S31508023210FDEE0008C9B90108C9B901080000000095
S31508023220000000003DEF000835EF0008C9B90108A3
S31508023230C9B9010800000000000000005BF300089D
S3150802324059F30008DDF20008DDF10008C19901080A
S3150802325061F200085BF20008C9B90108C9B9010898
S31508023260C9B90108C9B90108000000000000000038
S3150802327047F400082FF400085DF300085D8401088E
S315080232806DF40008C5F3000821F4000800000000E8
S315080232900000000085F4000861F7000819F7000825
S315080232A0E1F5000875F60008ADF50008D1F6000844
S315080232B061F8000849F80008000000000000000054
S315080232C0C1F80008A9F8000875F80008000000000F
S315080232D000000000C9B90108C9B90108C9B901083D
S315080232E0C9B90108C9B90108C9B90108C9B90108A2
S315080232F069F9000861F900080000000000000000F2
S31508023300DDF90008D5F9000899990108A599010877
S31508023310B9990108C9B901080000000000000000B7
S315080233205DFB000845FB0008099A0108B1A90108D6
S3150802333009A80108B7A70108E99901086154010813
S3150802334055550108F9400108DFA701088BA80108AD
S315080233507155010885550108A97E0108DD7E010817
S315080233601D550108F1540108FD540108DD540108F0
S31508023370E9540108DF530108C5550108B954010883
S31508023380817E01087D7D0108E17D01089DA901086C
S315080233902DAA0108C1A90108C5AA0108C5990108EB
S315080233A021AA0108F999010800000000000000009E
S315080233B0D1FB0008B9FB0008099A0108B1A901085E
S315080233C009A80108B7A70108E99901086154010883
S315080233D055550108F9400108DFA701088BA801081D
S315080233E07155010885550108A97E0108DD7E010887
S315080233F01D550108F1540108FD540108DD54010860
S31508023400E9540108DF530108C5550108B9540108F2
S31508023410817E01087D7D0108E17D01089DA90108DB
S315080234202DAA0108C1A90108C5AA0108D19901084E
S31508023430DD990108F9990108000000000000000062
S31508023440997F010805FC0008099A0108B1A9010833
S3150802345009A80108B7A70108E999010861540108F2
S3150802346055550108F9400108DFA701088BA801088C
S315080234707155010885550108A97E0108DD7E0108F6
S315080234801D550108F1540108FD540108DD540108CF
S31508023490E9540108DF530108C5550108B954010862
S315080234A0817E01087D7D0108E17D01089DA901084B
S315080234B02DAA0108C1A90108C5AA01081DAA010861
S315080234C021AA0108F999010800000000000000007D
S315080234D061560108F1FC0008DF9A0108B59A01084D
S315080234E009A80108B7A70108CB9A0108615401087F
S315080234F055550108F9400108DFA701088BA80108FC
S315080235007155010885550108F5550108095601083E
S315080235101D550108F1540108FD540108DD5401083E
S31508023520E9540108DF530108C5550108B9540108D1
S315080235300000000000000000051001080110010843
S31508023540F5020108D90001083DFD0008950E01089B
S315080235505900010855000108B1000108CB0D010800
S31508023560A1FD0008C5FF0008C9000108C9B901087C
S31508023570D30D010865FD0008150B0108490C010861
S31508023580FD0B0108A9FD000831FE00080900010823
S31508023590E9FE0008C90C0108F5030108850C0108B3
S315080235A0EB020108D9010108490201089DFF00083A
S315080235B0C9B90108C9B90108C9B90108C9B90108CF
S315080235C0650E010891060108B501010831040108D2
S315080235D025070108A5000108C99B0108710E010803
S315080235E0BD00010829FD0008CD040108E10401080F
S315080235F029040108E508010811FD0008B10D0108B2
S31508023600C9B90108690A0108EF0A0108C1070108D0
S3150802361095FF000809FD00080D03010800000000D7
S315080236200000000061560108ED2F0108A99501085E
S315080236309595010809A80108699501082DA00108B0
S315080236406154010855550108F9400108DFA7010828
S315080236508BA801087155010885550108F555010819
S31508023660095601081D550108F1540108FD540108BF
S31508023670DD540108E9540108DF530108C55501085C
S31508023680B954010879D4000881960108C99E01082F
S31508023690D59E01080000000000000000C1310108A3
S315080236A0A93101085B3D0108213B0108493B010894
S315080236B0413B0108413C0108513B0108F13C010824
S315080236C0393C0108353B01080000000000000000F3
S315080236D061560108893201085FA3010831A301086E
S315080236E009A80108B7A701084BA3010861540108F4
S315080236F055550108F9400108DFA701088BA80108FA
S315080237007155010885550108F5550108095601083C
S315080237101D550108F1540108FD540108DD5401083C
S31508023720E9540108DF530108C5550108B9540108CF
S315080237304B3201080000000000000000053B0108AA
S31508023740F53A01089D370108000000000000000054
S3150802375045400108414001085B3D0108213B01083B
S31508023760493B0108413B0108413C0108513B01081C
S31508023770F13C0108393C0108353B0108000000000C
S3150802378000000000554101084D410108C9B9010868
S31508023790C9B9010809A80108B7A7010869A8010853
S315080237A06154010855550108F9400108DFA70108C7
S315080237B08BA801087155010885550108F5550108B8
S315080237C0095601081D550108F1540108FD5401085E
S315080237D0DD540108E9540108DF530108C5550108FB
S315080237E0B954010800000000000000005544010811
S315080237F03D4401080000000000000000A94A010833
S31508023800A54A0108000000000000000065530108EF
S315080238104D530108A552010875A7010800000000CA
S3150802382000000000615601085D560108C9B9010881
S31508023830C9B9010809A80108B7A7010869A80108B2
S315080238406154010855550108C9B90108DFA70108DD
S315080238508BA801087155010885550108F555010817
S31508023860095601081D550108F1540108FD540108BD
S31508023870DD540108E9540108DF530108C55501085A
S31508023880B954010800000000000000004D2A010892
S315080238903D7D01087D680108FD5D0108E5750108A1
S315080238A04175010861740108817201087571010880
S315080238B0697701081559010899A90108BBA80108E1
S315080238C0BFA80108AD290108311401086D260108AF
S315080238D039200108396F0108C924010869780108E5
S315080238E00000000000000000997F0108937F01088C
S315080238F0EDAD0108B1A9010809A80108B7A7010891
S3150802390065AA01086154010855550108F9400108DC
S31508023910DFA701088BA8010871550108855501081A
S31508023920A97E0108DD7E01081D550108F15401082A
S31508023930FD540108DD540108E9540108DF53010862
S31508023940C5550108B9540108817E01087D7D010823
S31508023950E17D01089DA901082DAA0108C1A901084E
S31508023960C5AA01081DAA010821AA010889AB0108EE
S315080239700000000000000000492C01081980010817
S315080239805FAF0108759E0108B59C0108A99C01084C
S315080239901D9C0108519C0108E19B0108C19C010874
S315080239A02B9D0108079C0108D59B01085F9E01080B
S315080239B0BD9E0108899C0108999C0108C9B901089C
S315080239C0959D0108FD9B0108699E0108559E0108FF
S315080239D00D9C0108C9B9010800000000000000009A
S315080239E06156010845840108DFAF0108BBAF01082B
S315080239F009A80108B7A7010869A80108998001085A
S31508023A00555501084D800108DFA701088BA8010852
S31508023A107155010885550108F55501080956010829
S31508023A201D550108F1540108FD540108DD54010829
S31508023A30E9540108DF530108C55501089D800108AC
S31508023A40C1820108AB8301080B840108E5830108DA
S31508023A50EB83010881830108FD8001083180010892
S31508023A60C3AF0108A182010800000000000000009F
S31508023A70493201086784010841B0010800000000C4
S31508023A8000000000A986010891860108DDF20008F7
S31508023A90DDF10008C199010861F200085BF200082D
S31508023AA091B00108498601085586010875B00108D2
S31508023AB000000000000000001987010801870108BC
S31508023AC0DDF20008DDF10008C199010861F200087B
S31508023AD05BF20008B5B00108BD860108C98601086F
S31508023AE09DB0010800000000000000008D87010853
S31508023AF075870108DDF20008DDF10008C1990108A1
S31508023B0061F200085BF20008DDB001082D870108A2
S31508023B1039870108C1B00108000000000000000052
S31508023B20A9870108A1870108E1870108C987010851
S31508023B3000000000000000006D8801085588010891
S31508023B40000000000000000089910108BD8D0108EF
S31508023B50B18D0108DF8C01082F8D01086F8A0108D3
S31508023B6067890108CB890108AF8C01086F8D0108A6
S31508023B70198D0108398A01087F8A01081F8C0108F4
S31508023B808F8A01085F890108000000008C28020854
S31508023B9013B301080DB30108F5B2010800003C028F
S31508023BA07804B306EE08280B610D990FD011061496
S31508023BB03A166C189D1ACB1CF71E212148236C2530
S31508023BC08E27AC29C72BDF2DF32F03321034183674
S31508023BD01D381C3A183C0E3E0040ED41D443B74509
S31508023BE094476B493D4B084DCE4E8E504752FA5379
S31508023BF0A6554C57EB58825A135C9D5D1F5F9A6017
S31508023C000E627A63DE643A668E67DA681E6A5A6BF1
S31508023C108D6CB86DDA6EF46F04710D720C730274E2
S31508023C20EF74D375AE76807748780779BC79687A67
S31508023C300B7BA37B337CB87C347DA67D0E7E6D7EA2
S31508023C40C17E0C7F4C7F837FB07FD37FEC7FFB7F67
S31508023C5000800000010102020303040404050506AC
S31508023C6006070708080909090A0A0B0B0C0C0D0DA9
S31508023C700E0E0E0F0F101011111212131314141523
S31508023C80151616171717181819191A1A1B1B1C1C9A
S31508023C901D1D1E1F1F202021212222232324242505
S31508023CA0262627272828292A2A2B2B2C2D74797091
S31508023CB06564546578747320213D203020262620B9
S31508023CC022547970656454657874206461746162FB
S31508023CD061736520686173206E6F74206265656E14
S31508023CE020696E697469616C697A65642E22006856
S31508023CF0617356616C696449642829202626202244
S31508023D007479706564546578744964206C61726765
S31508023D106572207468616E206E756D6265724F6693
S31508023D20547970656454657874732E2200547970D8
S31508023D306564546578742064617461626173652090
S31508023D40686173206E6F74206265656E20696E699C
S31508023D507469616C697A65642E00437562654D58AB
S31508023D602F4D6964646C6577617265732F53542F9E
S31508023D70746F7563686766782F6672616D65776FAB
S31508023D80726B2F696E636C7564655C746F756368B4
S31508023D906766782F5479706564546578742E6870EE
S31508023DA0700073697A656F66285472616E73547906
S31508023DB0706529203C3D20686561702E7472616EBB
S31508023DC0736974696F6E53746F726167652E656C79
S31508023DD0656D656E745F73697A65282920262620C3
S31508023DE0225472616E736974696F6E20616C6C6FAE
S31508023DF0636174696F6E206572726F723A204368E6
S31508023E0065636B207468617420616C6C20747261DE
S31508023E106E736974696F6E7320617265206164647A
S31508023E20656420746F2046726F6E74656E644865A9
S31508023E3061703A3A5472616E736974696F6E547935
S31508023E40706573220073697A656F662850726573A6
S31508023E50656E7465725479706529203C3D206865E3
S31508023E6061702E70726573656E74657253746F72C3
S31508023E706167652E656C656D656E745F73697A65D3
S31508023E802829202626202250726573656E7465726B
S31508023E9020616C6C6F636174696F6E206572726FF4
S31508023EA0723A20436865636B207468617420616C9A
S31508023EB06C2070726573656E7465727320617265C3
S31508023EC020616464656420746F2046726F6E74653F
S31508023ED06E64486561703A3A50726573656E7465C8
S31508023EE0725479706573220073697A656F6628530E
S31508023EF0637265656E5479706529203C3D20686554
S31508023F0061702E73637265656E53746F726167654D
S31508023F102E656C656D656E745F73697A65282920EE
S31508023F20262620225669657720616C6C6F63617458
S31508023F30696F6E206572726F723A20436865636BA9
S31508023F40207468617420616C6C20766965777320C9
S31508023F5061726520616464656420746F2046726FBD
S31508023F606E74656E64486561703A3A566965775447
S31508023F70797065732200437562654D582F4D6964E1
S31508023F80646C6577617265732F53542F746F75630A
S31508023F90686766782F6672616D65776F726B2F69CF
S31508023FA06E636C7564655C6D76702F4D5650417004
S31508023FB0706C69636174696F6E2E68707000636FE6
S31508023FC06D70617469626C654672616D656275666B
S31508023FD0666572284269746D61703A3A524742358B
S31508023FE036352920262620225468652063686F7391
S31508023FF0656E207061696E746572206F6E6C7920C9
S31508024000776F726B73207769746820524742353628
S315080240103520646973706C61797322004375626531
S315080240204D582F4D6964646C6577617265732F53B9
S31508024030542F746F7563686766782F6672616D654B
S31508024040776F726B2F696E636C7564655C746F75D6
S3150802405063686766782F776964676574732F636127
S315080240606E7661732F41627374726163745061690B
S315080240706E7465725247423536352E687070002561
S31508024080730075736564203E20300075736564207D
S315080240903E2031006F6666736574203C2075736531
S315080240A06400437562654D582F4D6964646C657783
S315080240B0617265732F53542F746F756368676678D8
S315080240C02F6672616D65776F726B2F696E636C7599
S315080240D064655C746F7563686766782F546578746F
S315080240E050726F76696465722E687070004B6579D6
S315080240F02564002D25642E25303164002575002897
S315080241006672616D655F6275666665725F73656D17
S3150802411020213D204E554C4C29202626202243722A
S31508024120656174696F6E206F66206672616D65627D
S3150802413075666665722073656D6170686F72652053
S315080241406661696C65642200287673796E635F71AD
S315080241507565756520213D204E554C4C292026262D
S3150802416020224372656174696F6E206F66207673CA
S31508024170796E63206D657373616765207175657500
S3150802418065206661696C65642200437265617469BB
S315080241906F6E206F66206672616D6562756666650A
S315080241A0722073656D6170686F7265206661696CED
S315080241B06564004372656174696F6E206F66207666
S315080241C073796E63206D65737361676520717565B2
S315080241D07565206661696C6564002E2F4375626594
S315080241E04D582F546F7563684746582F7461726726
S315080241F065742F4F5357726170706572732E6370B0
S3150802420070006672616D6542756666657220213D4B
S315080242102030202626202241206672616D6562754D
S31508024220666665722061646472657373206D757360
S315080242307420626520736574220077696474682045
S315080242403E3D20444953504C41595F5749445448CE
S3150802425020262620686569676874203E3D20444901
S3150802426053504C41595F4845494748542026262011
S31508024270224672616D656275666665722063616E55
S315080242806E6F7420626520736D616C6C6572207442
S3150802429068616E20646973706C6179220043756285
S315080242A0654D582F4D6964646C6577617265732F25
S315080242B053542F746F7563686766782F6672616DDB
S315080242C065776F726B2F696E636C7564655C746F64
S315080242D07563686766782F68616C2F48414C2E684B
S315080242E070700041206672616D65627566666572F8
S315080242F02061646472657373206D757374206265D8
S3150802430020736574004672616D65627566666572CC
S315080243102063616E6E6F7420626520736D616C6CCA
S315080243206572207468616E20646973706C617900C5
S31508024330302026262022556E737570706F7274654A
S315080243406420466F726D6174212200302026262071
S3150802435022556E737570706F7274656420666F721B
S315080243606D617422002E2F437562654D582F546F66
S315080243707563684746582F7461726765742F676557
S315080243806E6572617465642F53544D3332444D41E0
S315080243902E6370700073746174655B647261776909
S315080243A06E67426C6F636B5D203D3D20414C4C4FFE
S315080243B043415445440073746174655B73656E6466
S315080243C0696E67426C6F636B5D203D3D2053454EB7
S315080243D044494E470073746174655B6E657874531D
S315080243E0656E64696E67426C6F636B5D203D3D2046
S315080243F0445241574E0073746174655B73656E640B
S31508024400696E67426C6F636B5D203D3D2044524185
S31508024410574E0073746174655B64726177696E677F
S31508024420426C6F636B5D203D3D20454D50545900EB
S31508024430437562654D582F4D6964646C6577617280
S3150802444065732F53542F746F7563686766782F6682
S3150802445072616D65776F726B2F696E636C756465D1
S315080244605C746F7563686766782F68616C2F46722D
S31508024470616D65427566666572416C6C6F636174DF
S315080244806F722E6870700073656E64207461736B48
S31508024490004672656552544F53206D616C6C6F63AA
S315080244A0206661696C656421200A00537461636B36
S315080244B0206F766572666C6F7721205461736B6E16
S315080244C0616D653A2025732E200A0046726565528B
S315080244D0544F5320617373657274206661696C6503
S315080244E0642E2046696C653A2025732C206C696E09
S315080244F0653A2025752E200A007461736B310054C3
S315080245006F7563684746585F5461736B006D6573D0
S31508024510736167655F706F6C6C696E675F746173F0
S315080245206B0073746172745F7461736B000925633F
S315080245300925750925750925750D0A0049444C454D
S3150802454000546D725100546D72205376630073697C
S315080245507A65203C3D20656C656D656E745F73698E
S315080245607A6528290030203D3D20287374617469D4
S31508024570635F636173743C75696E7431365F743E4A
S3150802458028287374617469635F636173743C636F2B
S315080245906E73742075696E74385F742A3E28616476
S315080245A0647265737329202D207374617469635F5D
S315080245B0636173743C75696E74385F742A3E286544
S315080245C06C656D656E742830292929292025206590
S315080245D06C656D656E745F73697A65282929002E84
S315080245E02E2F2E2E2F2E2E2F2E2E2F6672616D65B2
S315080245F0776F726B2F736F757263652F636F6D6D4D
S315080246006F6E2F416273747261637450617274695A
S3150802461074696F6E2E637070002864737420213D6E
S315080246202028766F69642A293029202626202241E5
S3150802463020636F72726563742064657374696E6150
S3150802464074696F6E206D656D6F727920706F696E11
S31508024650746572206D7573742062652070726F7648
S31508024660696465642122002848414C3A3A676574B0
S31508024670496E7374616E636528292D3E67657446B3
S3150802468072616D6552656672657368537472617498
S31508024690656779282920213D2048414C3A3A5245F6
S315080246A046524553485F53545241544547595F5001
S315080246B041525449414C5F4652414D454255464640
S315080246C04552292026262022436F70792066726178
S315080246D06D6562756666657220726567696F6E20BA
S315080246E0746F206D656D6F7279206973206E6F74B1
S315080246F020737570706F7274656420696E205061DC
S31508024700727469616C204672616D6562756666656A
S3150802471072206D6F646521220066616C73652026BE
S31508024720262022556E6B6E6F776E204C385F524785
S315080247304235363520636F6D7072657373696F6EB5
S3150802474020616C676F726974686D21220066616CFC
S3150802475073652026262022556E6578706563746512
S3150802476064207465787420726F746174696F6E223E
S315080247700028636F6D7072657373696F6E416C673B
S315080247806F726974686D203D3D204269746D61706F
S315080247903A3A434F4D5052455353494F4E5F4C3860
S315080247A05F4E4F4E45292026262022546578747579
S315080247B072656D6170706572206F6E6C79207375A3
S315080247C070706F72747320756E636F6D7072657335
S315080247D0736564204C3820696D6167657322002809
S315080247E0626D702E676574466F726D617428292032
S315080247F03D3D206672616D65627566666572466FD5
S31508024800726D61742829292026262022546865207B
S31508024810676976656E206269746D61702068617376
S3150802482020616E20696E76616C696420666F726DAE
S315080248306174220048414C3A3A4652414D455F421C
S3150802484055464645525F5749445448203E20302033
S315080248502626202248414C20686173206E6F7420F8
S315080248606265656E20696E697469616C697A6564E8
S315080248702079657422002A7265696E74657270728F
S3150802488065745F636173743C636F6E7374207569D4
S315080248906E7431365F742A3E28636C75744461748B
S315080248A06129203D3D204269746D61703A3A434C54
S315080248B055545F464F524D41545F4C385F524742FA
S315080248C0353635002A7265696E746572707265745A
S315080248D05F636173743C636F6E73742075696E747B
S315080248E031365F742A3E28636C7574446174612993
S315080248F0203D3D204269746D61703A3A434C5554E5
S315080249005F464F524D41545F4C385F4152474238D9
S31508024910383838002A7265696E7465727072657401
S315080249205F636173743C636F6E73742075696E742A
S3150802493031365F742A3E28636C7574446174612942
S31508024940203D3D204269746D61703A3A434C555494
S315080249505F464F524D41545F4C385F524742383892
S315080249603800746578747572652E65787472614458
S31508024970617461002E2E2F2E2E2F2E2E2F2E2E2FC5
S315080249806672616D65776F726B2F736F7572636589
S315080249902F706C6174666F726D2F647269766572B8
S315080249A02F6C63642F4C434431366270702E6370E9
S315080249B070002E2E2F2E2E2F2E2E2F2E2E2F667273
S315080249C0616D65776F726B2F696E636C7564655C72
S315080249D0706C6174666F726D2F6472697665722F78
S315080249E06C63642F4C434431366270702E68707063
S315080249F0005F73697A65203C20636170616369743C
S31508024A00792026262022566563746F7220636170A8
S31508024A1061636974792065786365656465642200F3
S31508024A20696E646578203C205F73697A65002E2E6C
S31508024A302F2E2E2F2E2E2F2E2E2F6672616D657714
S31508024A406F726B2F736F757263652F746F756368F8
S31508024A506766782F4170706C69636174696F6E2E30
S31508024A60637070002E2E2F2E2E2F2E2E2F2E2E2FC7
S31508024A706672616D65776F726B2F696E636C7564AA
S31508024A80655C746F7563686766782F68616C2F5406
S31508024A90797065732E687070006269746D617073DF
S31508024AA020262620224269746D6170206461746131
S31508024AB06261736520686173206E6F742062656532
S31508024AC06E20696E697469616C697A65642E220062
S31508024AD0286373697A65203E202873697A655F635D
S31508024AE0616368655F7461626C6573202B20736904
S31508024AF07A655F64796E616D69635F6269746D6117
S31508024B00705F6461746129292026262022496E7302
S31508024B10756666696369656E742063616368652094
S31508024B2073746F7261676522002E2E2F2E2E2F2E1A
S31508024B302E2F2E2E2F6672616D65776F726B2F730D
S31508024B406F757263652F746F7563686766782F422F
S31508024B5069746D61702E637070006275666665723F
S31508024B6053697A65203E3D2032202A2073697A6588
S31508024B706F662843656C6C2920262620224E6F74A0
S31508024B8020656E6F756768206D656D6F7279206135
S31508024B906C6C6F636174656420666F72204357524A
S31508024BA022006861734275666665722829002E2E90
S31508024BB02F2E2E2F2E2E2F2E2E2F6672616D657793
S31508024BC06F726B2F736F757263652F746F75636877
S31508024BD06766782F63616E7661735F776964676566
S31508024BE0745F72656E64657265722F43616E766173
S31508024BF07357696467657452656E64657265722E69
S31508024C00637070006865616420213D202664202651
S31508024C1026202243616E6E6F74206164642044729A
S31508024C20617761626C65206D756C7469706C65205C
S31508024C3074696D657322002E2E2F2E2E2F2E2E2F7F
S31508024C402E2E2F6672616D65776F726B2F736F7575
S31508024C507263652F746F7563686766782F636F6E04
S31508024C607461696E6572732F436F6E7461696E65DE
S31508024C70722E637070002E2E2F2E2E2F2E2E2F2E72
S31508024C802E2F6672616D65776F726B2F736F7572F1
S31508024C9063652F746F7563686766782F68616C2F12
S31508024CA0444D412E637070006672616D6542756689
S31508024CB0666572416C6C6F6361746F72202626207A
S31508024CC02248414C3A3A6672616D65427566666576
S31508024CD072416C6C6F6361746F72206E6F742069B7
S31508024CE06E697469616C697A656421220028626C4E
S31508024CF069744F702E6F7065726174696F6E2026C3
S31508024D0020676574426C6974436170732829292087
S31508024D1026262022626C69742066696C6C206F7084
S31508024D2065726174696F6E206E6F74207375707028
S31508024D306F72746564220028626C69744F702E6FF4
S31508024D407065726174696F6E202620676574426C9D
S31508024D506974436170732829292026262022626CE9
S31508024D606974206F7065726174696F6E206E6F74F4
S31508024D7020737570706F7274656422005553455FAF
S31508024D80414E494D4154494F4E5F53544F52414744
S31508024D90452026262022416E696D6174696F6E2050
S31508024DA073746F726167652072657175697265647D
S31508024DB020666F722074686973206F7065726174F9
S31508024DC0696F6E2E205365652048414C3A3A7365E1
S31508024DD074416E696D6174696F6E53746F7261673F
S31508024DE065220066616C7365202626202248414C9E
S31508024DF03A3A524546524553485F535452415445EE
S31508024E0047595F5041525449414C5F4255464645BF
S31508024E10525F5446545F4354524C206F6E6C79204D
S31508024E20737570706F7274732031366269742C20D0
S31508024E3032346269742C206F7220333262697420AC
S31508024E406672616D65627566666572220066616C78
S31508024E507365202626202248414C3A3A5245465244
S31508024E604553485F53545241544547595F5041523E
S31508024E705449414C5F4652414D4542554646455274
S31508024E80206F6E6C7920737570706F72747320312F
S31508024E9036626974206F72203234626974206672CF
S31508024EA0616D656275666665722200287769647443
S31508024EB068203E20302920262620286865696768EA
S31508024EC074203E203029202626202243616E6E6FEA
S31508024ED07420626C697420656D70747920726563DA
S31508024EE07422002E2E2F2E2E2F2E2E2F2E2E2F668A
S31508024EF072616D65776F726B2F736F757263652F4B
S31508024F00746F7563686766782F68616C2F48414CC1
S31508024F102E6370700021757365456C6C69707369D0
S31508024F2073202626202257696465205465787420E2
S31508024F306861732073746F7070656420776974682A
S31508024F4020616E20656C6C6970736973202D20640C
S31508024F506F206E6F74207363616E20616E792066AE
S31508024F6075727468657221220028626974735065C5
S31508024F7072506978656C203D3D2031207C7C206228
S31508024F80697473506572506978656C203D3D2032AC
S31508024F90207C7C2062697473506572506978656CEE
S31508024FA0203D3D2034207C7C2062697473506572F2
S31508024FB0506978656C203D3D203829202626202216
S31508024FC0496C6C6567616C206269747350657250CE
S31508024FD06978656C20666F7220676C797068220042
S31508024FE02E2E2F2E2E2F2E2E2F2E2E2F6672616DDF
S31508024FF065776F726B2F736F757263652F746F7532
S3150802500063686766782F6C63642F4C43442E63701B
S3150802501070002E2E2F2E2E2F2E2E2F2E2E2F66720C
S31508025020616D65776F726B2F696E636C7564655C0B
S31508025030746F7563686766782F77696467657473D2
S315080250402F63616E7661732F4357525574696C2EBE
S31508025050687070002E2E2F2E2E2F2E2E2F2E2E2FCC
S315080250606672616D65776F726B2F696E636C7564B4
S31508025070655C746F7563686766782F5479706564C2
S31508025080546578742E6870700075736564202B20D9
S315080250906E756D203C3D2073697A65002E2E2F2E83
S315080250A02E2F2E2E2F2E2E2F6672616D65776F721A
S315080250B06B2F696E636C7564655C746F756368677C
S315080250C066782F5465787450726F76696465722EA5
S315080250D06870700043616E766173576964676574B8
S315080250E052656E64657265723A3A686173427566AC
S315080250F0666572282920262620224E6F206275664A
S3150802510066657220616C6C6F636174656420666F94
S31508025110722043616E766173576964676574526576
S315080251206E64657265722064726177696E672200C1
S315080251302E2E2F2E2E2F2E2E2F2E2E2F6672616D8D
S3150802514065776F726B2F736F757263652F746F75E0
S3150802515063686766782F776964676574732F636116
S315080251606E7661732F43616E7661732E637070007B
S315080251702E2E2F2E2E2F2E2E2F2E2E2F6672616D4D
S3150802518065776F726B2F736F757263652F746F75A0
S3150802519063686766782F63616E7661735F776964A1
S315080251A06765745F72656E64657265722F4F757492
S315080251B06C696E652E637070005F5F6378615F6706
S315080251C0756172645F61637175697265206465747D
S315080251D065637465642072656375727369766520A2
S315080251E0696E697469616C697A6174696F6E3A206D
S315080251F0646F20796F75206861766520612066750F
S315080252006E6374696F6E2D6C6F63616C2073746163
S31508025210746963207661726961626C652077686F6A
S31508025220736520696E697469616C697A6174696FFC
S315080252306E20646570656E6473206F6E2074686193
S31508025240742066756E6374696F6E3F007063000042
S31508025250105103081F000000C921C921C921C9210B
S31508025260C921C921C921C921C921E921CA21C921BD
S31508025270EA29EA21EA29E921EA29EA29EA21EA21A7
S31508025280EA29EA21EA290A2A0A2AEA210A2A0A2A02
S315080252900A2A0A2A0A2A0A2A0A2A0A2A0A2A0B2A5D
S315080252A00A2A0B2A0B2A0B2A2A2A0B2A2B2A2B2AE8
S315080252B02B2A2B2A2B2A2B2A2B2A2B2A2B2A2B2A36
S315080252C02B2A2B2A2B2A2B2A2B2A4C324B2A4B2ABD
S315080252D04B2A2B2A2B2A2C2A4C324B2A4B2A4C3263
S315080252E04C2A4C2A4B2A4C324C324C2A4C324C2AE7
S315080252F04C2A4C324C324C2A4C324C2A4C326C32A6
S315080253004C2A6C326C324C326C2A6C326C326C32ED
S315080253106C326C326C2A6C326C326C326C326C3295
S315080253206C326D326C328C326C326C324C324C2AA4
S315080253304C324C2A6C324C324C2A4C326C324C2A45
S315080253404C326C324C2A6C324C326C326C326C32C5
S315080253506C326C326C326C326C326C326C326C324D
S315080253606C326C326C326C326C326D326C326C323C
S315080253706C326D326C326C328D328C328C328D32AA
S315080253808D328C326C328D328D328C328D328D3238
S315080253908C328C328D328D328C328D328D32C921DD
S315080253A0C921C921C921C921EA29EA29C921EA2922
S315080253B0C929E921EA29EA21E929EA21EA29EA2980
S315080253C0EA21EA29EA29EA29EA21EA29EA29EA214D
S315080253D00A2A0A2AEA290A220B2AEA290B220B2A6C
S315080253E00B2A0A2A0B2A0A2A0A2A0B2A2B2A0B2AE8
S315080253F00B2A2B2A2B2A0B2A0B2A0B2A2B2A2B2A75
S315080254002B2A2B2A2B2A2B2A2B2A2B2A4B2A4B2AA4
S315080254102C2A2B322C2A2C2A4B2A4C322B2A4B2A60
S315080254204C2A2B2A4C324C2A4B2A4C324C2A4C32C6
S315080254304C324C324C2A4B2A4C326C326C2A6C3225
S315080254404C2A4C326C324C2A4C326C326C2A6C32F4
S315080254506C326C326C2A6C326C326C326C326C3254
S315080254606D326D326C326C326D326C328D326C3218
S315080254704C2A4C2A4C324C2A4C324C326C2A6C320C
S315080254804C324C2A6C324C326C2A4C324C326C2AD4
S315080254906C324C326C2A6C326C326C326C326C3234
S315080254A06C326C326C326C326C326D326C328C32DB
S315080254B08D326C326C326D328D328C326D326D3287
S315080254C08C326D326C326C326D326C328D326C3299
S315080254D08D328D326C328D328D326C328C328D3207
S315080254E06D328C32C921C921C929CA29EA21E92979
S315080254F0C921CA21E929CA21E921EA29CA21E921B8
S31508025500E921EA29EA21EA29EA29EA21EA29EA2114
S315080255100A2AEA210A2A0A2A0A2AEA210B2A0A2A2C
S315080255200A2A0A2A0A220A2A0B2A0B2A0B2A2A2AB0
S315080255300B2A2A2A2B2A0B2A2B2A0A2A0B2A2B2A35
S315080255402B2A2B2A2B2A2B2A2B2A2B2A2B2A2B2AA3
S315080255502B2A2B322B2A2B2A2B2A4B324C2A4C3219
S315080255604B322B2A4C324C324B2A4C324B324C326F
S315080255702B2A4C2A4C2A4B2A4C324B2A4C324C2A7E
S315080255804C2A6C324C324C2A4C2A6C326C326C32B3
S315080255906C324C2A6C324C326D326C324C2A6D3279
S315080255A06D326C326C2A6C326D326C326D326C3200
S315080255B06C326C324C324C2A4C324B2A6C2A4C32A4
S315080255C06C324C326C326C2A4C326C326C2A4C2A53
S315080255D06C326C326C326C2A6C324C326C326D32F2
S315080255E06C2A6C326C2A6D326D326C326D326D32C7
S315080255F06C326C326C326C326D328C326C326C328A
S315080256008D328C326C328D326C326C328D328D32F6
S315080256108D328D326C326C328D328C326D328D3ADD
S315080256208D328D328D3A8C328D32C921C929C921E2
S31508025630C921C921C921C921C921EA21C921CA29E0
S31508025640E921C929EA21EA29C921EA21EA29E9211E
S31508025650EA21EA210A2AEA29EA21EA210A2A0A2A5F
S315080256600A2A0B2A0A2A0B2A0B2A0A220A220A2A97
S315080256700A2A0B2A2B2A0A2A0B2A2A2A2B2A0B2A15
S315080256802A2A2B2A0B2A2B2A2B2A2B2A0B2A2B2AA3
S315080256902B322B2A2B2A2B2A2C2A2B322B2A2C2A40
S315080256A04B324B2A4C2A2B2A2B2A4C2A2B2A4B2A98
S315080256B04C2A4C324B2A4C324C324B2A4C2A4B2A15
S315080256C04C324C324C2A4C2A6C324C324C2A6C32B2
S315080256D04C326C2A6C326C324C2A4C2A6C326D3241
S315080256E06C326C326C326D326C326C2A6D326C32C0
S315080256F06C2A6D326C326C326C2A4C2A4C324C3221
S315080257004C2A4C326C2A4C2A4B326C2A4C326C325A
S315080257106C324C2A4C326C326C326C324C326C32F1
S315080257206C326C2A4C326D326C326C326C2A6C32A8
S315080257306C326C326D326C326C326D326C326D3266
S315080257408D326C326C326D328C326D328D326C32F5
S315080257508C328C328C328D326C328C326D328D3286
S315080257608C328C328C328D3A8C328D328D326C324E
S31508025770C921C921C921C921C929EA29C921C92198
S31508025780EA29C929EA21CA21C929EA29EA29EA21EB
S31508025790EA29E929EA21EA29EA29EA29EA21EA2972
S315080257A00A2AEA21EB29EA210A2A0A2AEA210B2AE3
S315080257B00A2A0B2A0B2A0A2A0B2A2B2A0B2A0B2A13
S315080257C00A2A2B2A0B2A2B2A2B2A0B2A2A2A2B2A83
S315080257D02B2A2B2A2B2A2B322B2A2B2A2B2A2C2A08
S315080257E04B2A2B2A2C2A4B322B2A2C2A4C324B2A6E
S315080257F02B2A2C2A4C324C2A2B2A4C2A4B2A4C323C
S315080258004C324B2A4C324C324C324C324C324C2AA9
S315080258106C324C2A6C324C324C2A4C2A4C326C3240
S315080258206C2A6C2A6C2A6C326C326C2A6C326C3298
S315080258306C326C326C326D328D326C324C2A4C2A96
S315080258404C326C324C326C324B2A4C326C326C32E1
S315080258504C2A6C324C2A4C324C326C2A6C326C2AE8
S315080258604C324C2A6C326C326C326C324C326C2AA8
S315080258704C326C326C326C326D328C326C326C3227
S315080258806C2A6D328C326C326D326C326C328D32DD
S315080258906C326D328D326C326C328D328D326C32A4
S315080258A06D328C326C326D326C328D328C328C3275
S315080258B06C328D328D32C921C921CA29C921EA2100
S315080258C0EA29C921CA29EA21E921C921EA29EA21BB
S315080258D0E921EA21E929EA21EA29EA21EA29EA2942
S315080258E00A22EA21EA290A2A0A2AEA210A2A0A2A83
S315080258F00A2A0A2A0A2A0A2A0B2A0B2A0A2A0A22FE
S315080259000B2A0A2A0B2A0B2A0A2A2B2A2B2A0B2AA1
S315080259102B2A2B2A2B2A2B2A2B322B2A2B2A2B2AC7
S315080259202B2A2B2A2B322B2A4B2A4C322B2A2B2A6E
S315080259302B2A4C324B2A2B2A2B324C2A2B2A4B3215
S315080259404C324C2A4B2A4C2A4C324C2A6C2A6C3240
S315080259504C2A4C326C324C2A4C2A6C326C324C2A07
S315080259606C326C326C324C326D326C326C326D2A5D
S315080259706C326C326D2A6D326C326C2A6C326C3235
S315080259806C324C2A4C2A4C324C2A4C2A4C326C32F7
S315080259904C2A6C324C2A4C324C326B2A6C324C32C0
S315080259A06C326C324C2A6C326C326C2A6C326C3227
S315080259B06C326C326C326C326D326D326C326D32E4
S315080259C06C326D326C326C326D328C326C326D32B4
S315080259D08C326C328D328C326C326C326D328D3244
S315080259E08C326D328C328D326D328D328C3A8D3AE2
S315080259F06D328D328D3A8C328C328D32C921C92163
S31508025A00C929C921E921C921E929C921C921EA29BD
S31508025A10C921EA29EA21E921EA29CA21E929EA2149
S31508025A20EA29EA210A2A0A2AEA29EA210A2A0A2A5A
S31508025A300A2A0A2AEB210B2A0A2A0B2A0B2A0A2ADB
S31508025A400A2A0A220B2A0A2A0A2A2B2A0B2A0A2A8B
S31508025A502B2A0A2A2B2A2B2A0A2A2B2A2B2A0B2AF0
S31508025A602B2A2B2A2B2A2B2A2B2A2B2A2B2A4B3256
S31508025A702B2A4C324B322B2A2B2A4C2A4C324B32AB
S31508025A802C2A2B2A4C324B2A2B2A4C324C324C2AA1
S31508025A904B2A4C324B2A4B2A4C2A6C324C2A4C3211
S31508025AA04C2A4C2A4C326C324C2A4C2A6C326D32B5
S31508025AB06C326C324C326D326C324C326D326D3223
S31508025AC06C2A6C2A6C324C2A4C324B324C324B3290
S31508025AD06C2A4C2A4C324C2A4B2A6C326C324C2A8F
S31508025AE06C326C326C2A6C324C2A4C2A6C326C320E
S31508025AF06C326D324C2A6C2A6D326C326C326D32D3
S31508025B006C326C326C2A6C328D326C326C326D327B
S31508025B106C326C328D328D326C326D326C326C3242
S31508025B206C326C326C326C326C328D328C326C3234
S31508025B308D328C328C328D328C328D326D328D3A78
S31508025B408C32C921C921CA29EA29C921CA21C921EE
S31508025B50C921EA29CA21EA29C921C929EA29EA2938
S31508025B60EA21EA29EA29EA29EA21EA29EA290A2A7C
S31508025B70EA21EA21EA290B2A0A220A2AEA210B2A17
S31508025B800A2A0A220A2A0B2A0A2A0B2A0B2A0A2272
S31508025B900B2A2B2A0A2A2B2A2B2A2B2A2B2A0B2AAE
S31508025BA02B2A2B2A2B2A2B2A2B2A2B322B2A2B2A35
S31508025BB02B2A2C322B2A2B2A4C324C2A2B2A2B2ADA
S31508025BC04C2A2B2A4C2A4B324C2A4C2A2B2A4C3248
S31508025BD04C2A4B2A4C324B2A4C324C324C324C2AE7
S31508025BE04C326C324C2A4C324C2A4C2A4C2A6C3295
S31508025BF06C326C324C2A6C2A6C326D326C2A6C32DC
S31508025C006C326C326C326C326C324C2A4C2A4C2A0C
S31508025C104C324C2A4C326C324B324C2A4B324C2A7E
S31508025C206C324C324C2A4C324C2A4C2A6C324C324C
S31508025C304C326C2A4C326C326C326C326C326D32AB
S31508025C406C326C326C2A6D326C326C326C326C325B
S31508025C506D326C2A6C326C326C328C328D326D3209
S31508025C606C328D326D326C326D328D328C326D32CF
S31508025C706C326D328C326D326D326C328C326D32E0
S31508025C808C328D328D328D3AC921C921C921C92159
S31508025C90C921C929EA29CA21C921C921EA29E92129
S31508025CA0C921EA21E921E929EA21EA29EA21EA219F
S31508025CB0EA290A2A0A2AEA29EA21EA29EA210A2AE9
S31508025CC00A2AEA290A220A2A0B2A0B2A0A220B2A52
S31508025CD00A2A2B2A0A2A0B2A0B2A0A2A2B2A2B2AAF
S31508025CE00A2A0B2A0B2A2B2A2B2A2B320B2A2B2A75
S31508025CF02B2A2B2A2B2A2C322B2A2B2A2B2A2B2AE3
S31508025D002B2A4C324B322B2A2B2A4C322B2A2B3259
S31508025D104C2A4C324C324C2A4B2A4C324C2A4C2AAC
S31508025D204B2A4C324C2A4B326C326C324C2A6C322D
S31508025D304C326C326C324C2A4C2A4C326C326D32F2
S31508025D406C326C2A6C326D326C2A6C326D324C2A89
S31508025D504C2A4B324C324C2A6C324B2A4C2A4C3245
S31508025D606C324C2A4C324C324B2A4C326C326C32E4
S31508025D704C326C326C326C326C326C2A6C326C324B
S31508025D806C324C326C2A6C326C326C326C2A8D3222
S31508025D906C326C326D326C326C326C328D326D32E0
S31508025DA06C326C326C328C328D328D326C326C3291
S31508025DB08D328C326C328D328C326D328D328C321F
S31508025DC06D326D328D3A8D3A8C328C326C32C921F3
S31508025DD0C921C921C921C921EA21E929E921C921FA
S31508025DE0C921EA29EA29EA21EA29E921C921EA296E
S31508025DF0E921EA29EA21EA21EA21EA21EA290A2A03
S31508025E000A2AEA290A2A0B2AEA290A2A0B220A2A2A
S31508025E100A2A0A220B2A0A2A0B2A0B2A2A2A0B22BE
S31508025E200B2A0A2A0B2A2B2A0A2A2B2A2B2A2B2A3C
S31508025E302B2A0B2A2B2A2B2A2B2A2B2A2B2A2B2ACA
S31508025E402B2A4C2A4C322B2A2B2A4C2A4C324B2AE6
S31508025E504C2A4C324B324C2A4B324C2A4C2A4C3264
S31508025E604C324C324B2A4B2A4C326C2A4C2A6C3214
S31508025E706C324C2A6C326C324C2A4C326C324C2ABA
S31508025E804C326C326C2A4C326C326C326C326C2A62
S31508025E906C324C324C2A4B2A4B324B2A4C324C32FD
S31508025EA04B2A4B2A4C2A4C326C324C2A6C324C2ADC
S31508025EB04C2A4C324C2A4C2A6C326C326C2A6C3282
S31508025EC04C326C2A6C324D326C326C326D326C3218
S31508025ED06C326D326C326C2A6C328D326D326C2AAF
S31508025EE06C326C326C2A8D326C328D326C326C3278
S31508025EF08D326C326C326D326C328D328D326C323E
S31508025F008C328D328C328C328D328C328D3A6C32A6
S31508025F108D326D32C921C929C929C921CA21C92186
S31508025F20E921C921EA29EA29E921EA29C921EA2135
S31508025F30EA29EA21EA29EA29EA29E929EA21EA29CA
S31508025F400A2A0A2AEA290A220A220A2A0B220A2AD9
S31508025F50EA210A2A0B2A0A2A0B2A0B2A0B2A0A2AB6
S31508025F602A2A0B2A2B2A2B2A0B2A0A2A2B2A2B2ADB
S31508025F700B2A2B2A2B2A0B2A0B2A2B2A2B2A2B2AC9
S31508025F802B2A2B2A2B324B2A2B2A2B2A4C322B2A08
S31508025F902B2A4C324B2A4B2A4C2A4C322B2A4B2A76
S31508025FA04B324C324B2A4B2A4C324C2A4C324C320C
S31508025FB04C324C2A4C326C2A4C324C324C2A4C2AE1
S31508025FC06C326C326C326C326C2A4C2A6D326C3200
S31508025FD06C2A6D326C324C2A4C2A4C324B2A4C2A89
S31508025FE04C324C2A6C324C324C324B2A4B2A4C2AB3
S31508025FF04C326C324C2A6C324C324C2A4B2A4C327A
S315080260004C326C324C2A4C2A6C326C326C2A4C2A30
S315080260106C326C2A6C326D326C326C326C2A6C328F
S315080260206C326C326C326D326C326C328D328C322E
S315080260306D328D326C326C326D328C328C326C32FD
S315080260408D328C326D328D328D326C328D328D328A
S315080260506C326C326D328C328D32C921C921C9211A
S31508026060CA29C921C929EA29CA21C921C921C92195
S31508026070E921EA29E921CA21EA29E921EA21EA29C3
S31508026080E921EA29EA290A22EA29EA21EA29EA2960
S315080260900A2AEA210A2AEA290A2A0B2A0B2A0A22A0
S315080260A00A2A2B2A0A2A0B220B2A0A2A2B2A2B2AE3
S315080260B00A2A0B2A2B2A0A2A0B2A2B2A2B2A2B2AAA
S315080260C02B2A0B2A2B2A2B2A2B2A2B2A2B2A2B2A38
S315080260D02B2A2B2A4C322B2A4C2A2C324B324B2A6D
S315080260E02B2A4C2A2C2A4B2A2B2A4C2A2B2A4C2A74
S315080260F04C324C2A4C2A4C324B2A4C2A6C326C3281
S315080261004C2A4C2A4C2A6C326C326C326C324C3227
S315080261104C326D2A6C324C2A6D324C324C2A4B2A3E
S315080261204C322B2A4C2A4C324B2A4C326C324C3289
S315080261304C324C324C326B2A6C324C2A4B326C3211
S315080261404C326C326C2A4C326C324C324C326C32D7
S315080261506C326D326C326C324C2A6C326C2A6C326E
S315080261606C326C2A6D326D326C326C326C326D3234
S315080261706C326C328C326C326D328D328C326D32BC
S315080261808D328C326D326C328C328D328C326C326C
S315080261906D326C328D3A8D328D328C326C328C3253
S315080261A0C921C921C921CA21E921E929CA21C92145
S315080261B0E929CA21CA29EA29E921EA29EA29EA2989
S315080261C0E921EA29EA21EA21EA21EA21EA29EA2950
S315080261D00A220A2AEA290B2A0A2A0A2A0B2A0B2A35
S315080261E00A2A0A2A0A2A0A220B2A0A2A0B2A2A2AE5
S315080261F00A2A0B2A2B2A2B2A0A2A2B2A2B2A2B2A49
S315080262000A2A0B2A2B2A2B2A2B2A2B322B2A2B2A0F
S315080262102B2A2C322B2A2B2A2B2A4C324B322B2A6C
S315080262202B2A4C2A4C322B2A2C2A2B324C322C2A39
S315080262304C324B2A4C324B2A4C326C2A6C324C3238
S315080262404C2A6C324C326C324C2A4C326C326C2AE6
S315080262504C2A6C326D326C326C326C326C326C3265
S315080262604C2A2B2A4C324C324B2A4C2A4C324B3271
S315080262704C2A4C2A4B2A4B2A4C324C2A4C2A6C3230
S315080262804C324B2A4C2A4C326C326C324C2A6C32C7
S315080262906C2A4C2A4C326C326C326D326C326D324C
S315080262A04C326C326C326C326C326D326C2A6C3215
S315080262B06D328D328D326C326C326D328D326C3279
S315080262C06C326C326C326C326D326C328D328D3A83
S315080262D08D328C328D3A8D326C328D328D326C32F1
S315080262E06D328D3A8D32A921C921C921C929EA21DE
S315080262F0CA21C921C921C921EA29EA29EA21E921AA
S31508026300CA29E921EA21EA29E929EA29EA29EA211F
S31508026310EA29EA290A2A0A2AEA210A2A0A2A0A2A38
S315080263200B220A2A0A2A0A220B2A0B2A0B2A0A2AC9
S315080263300A2A0B2A0B2A2B2A0A220B2A2B2A0A2A70
S315080263402B2A2B2A2B2A2B2A2B2A2B2A2B2A0B2AB5
S315080263502B2A2B2A2B2A2B2A2B324C2A2B2A2B2A5C
S315080263604C324B2A4C324C2A2B2A2B2A4B2A2B2AC2
S315080263704C2A4C322B2A4B2A4C2A4C2A4C324C3267
S315080263804C2A4B324C324C2A4C2A4C2A6C326C32EE
S315080263904C324C2A4C324C2A6C324C2A6C2A6C32BD
S315080263A06D326C2A4C324B2A4B2A4C324C2A4B32CF
S315080263B04B2A4B2A4C2A4C324C324B2A6C324C32E0
S315080263C04C2A4C326C324C324C2A6C324C2A4C2AAD
S315080263D04C326C2A6C324C326C2A6C326C326C2A15
S315080263E06C326C326C2A4C2A4C326C2A6C326D3204
S315080263F06C326C328C326C326C326C326D326C327C
S315080264006C326C326C326D328D326C326C326D3269
S315080264106C326C326C326D328C326D328D326C3239
S315080264208D328C326C328D328D328C32C921C92131
S31508026430C929C921C921EA29E929C921EA29EA2159
S31508026440C921C921EA29E921EA21E921EA29EA2118
S31508026450EA29EA29EA29EA21EA21EA21EA29EA21B4
S315080264600A2AEA21EA290B2A0A2A0A2A0B2A0A2AC4
S315080264700A2A0A220A2A0A220B2A0B2A0A2A0B2A79
S315080264802B2A0A2A0B2A2B2A2B2A2B2A2B2A2B2A95
S315080264902A2A0B2A2B2A2B2A2B2A2B2A2B2A2B2A65
S315080264A02B2A2B2A2B2A2B2A2B2A2B2A4C322B2A0B
S315080264B04B2A4C322B2A4B2A2C2A4B324B2A4C3249
S315080264C04C324B2A4C2A4C324C2A4B2A4B324C32EF
S315080264D04C2A6C326C326C2A6C326C326C324C320C
S315080264E04C2A6C326D324C2A4C2A2B2A4C324C2AB4
S315080264F04B2A4B2A4C324C324C2A4C324C324B2ABF
S315080265004C324C2A4C324B2A4B2A4C324C2A6C328D
S315080265106C324C326C2A6C324C326C326C324C2AEB
S315080265204C326D326C2A4C326C326C326C326C32B2
S315080265306C326C2A6C326C326C2A6D326C326C326A
S315080265406C326C326C326C328D326C326C328D3209
S315080265506C326D328D326C326C328C326D328C32D8
S315080265608C328D326C328D328D3A6C326C328C3280
S315080265708D32C921C929CA21C921C921E929EA2194
S31508026580CA21EA29E929C921CA21EA29E921C9210F
S31508026590EA29EA21EA29EA21E921E921EA29EA2975
S315080265A0EA29EA210A2A0A2A0B2AEA210A2A0B2AAC
S315080265B00B2A0A2A0A2A0B220A2A0A2A0B2A0A2A30
S315080265C00A2A0A2A0B2A2B2A2B2A0B2A2B2A2B2A95
S315080265D00A2A0B2A2B2A2B2A2B2A2B2A2B2A2B323C
S315080265E02B2A2B2A2B2A2B2A2B2A2B2A2B2A2B2AF3
S315080265F04C322B2A4B2A4C322C2A2B2A2B2A4C2A4F
S315080266004C324B2A4C324C324B2A4C2A4C324C2AAC
S315080266104C2A4B2A4C2A4C324C2A4C324C2A4C2AAB
S315080266204C326C326C2A4C326C326C324C322B2A1B
S315080266304B324C322C324B2A4C324C324B2A4C328D
S315080266404C2A4B2A4B2A4C2A4B324C326C2A4C3255
S315080266504B2A4C324C2A6C324C326C326C324C32EB
S315080266604C2A6C2A6C326C326C326C326C326C325A
S315080266706D326C326C326D326C326C326D326C3217
S315080266806D326D328C326D328D326C2A6C326D32CD
S315080266906C2A8D328D328C326C326C328D326D327E
S315080266A08D326C326C328C326D326C328D328D3266
S315080266B06C328D326D328D3AC921C921C929E9292F
S315080266C0C921CA29E929C921C921EA21EA29E921CF
S315080266D0EA29CA29EA21CA29E929EA21EA29EA216B
S315080266E0EA290A2AEA290A2AEA21EA290A2A0A2A86
S315080266F00A2AEA210B2A0A220A2A0A2A0B2A0A2A19
S315080267000B2A0B2A2B2A2B2A0A2A0B2A0A2A2B2A73
S315080267100A2A0A2A2B2A0B2A2B2A0B2A2B2A2B2A43
S315080267202B2A2B2A2B2A2B2A2B2A2B322B2A2C2AA8
S315080267302B322C2A4C2A2B2A2B2A4C322B2A4B2A2E
S315080267404C322C322B2A2B2A4C2A2B2A4C324B2AF5
S315080267504C324B324C2A4C324C326C324C2A6C320A
S315080267604C2A4C326C324C2A6C2A4C326C326C32C1
S315080267704C2A4C2A4B2A4C2A2B2A4B324C2A2B2A95
S315080267804B2A4B2A4C324B2A4C2A4C324B324C322D
S315080267904C2A4C326C324C2A4C324C2A4C324C2AF9
S315080267A04C2A6C324C2A6C324C324C2A6C326C3281
S315080267B06C326C2A6C326C326C2A4C2A6D326C3210
S315080267C06C326C2A6C326C326C2A6C326D326C32D8
S315080267D06D326C326C328C328D326C326C326D3276
S315080267E06C326C326C328C328D326D328D328C3A1E
S315080267F08C328D328D328C328D326C326C32C921AA
S31508026800C921CA21C921EA29E921C921C921C921DE
S31508026810EA29C921C921C921EA29E921E921CA2185
S31508026820EA29EA29EA29EA21EA21EA21EA29EA29D8
S315080268300A220A2AEA21EA210A2A0A2AEA290B2A22
S315080268400B2A0A220A220A2A0A220B2A0B2A0A22B5
S315080268500A2A0B2A0B2A0A2A0B2A2B2A2B2A2B2A22
S315080268602B2A0A2A2B322B2A0B2A2B2A2B2A2B2AA9
S315080268702B2A2B2A2B322B2A2B2A2B2A2B324C3227
S315080268802C2A2B2A4B2A4C322B2A4B2A4C322C2ABC
S315080268904B2A4C324C2A4B2A4C2A4C324B2A4C3223
S315080268A04B2A4C326C326C2A4C2A6C326C2A4C3289
S315080268B06C324C2A6C2A4C322B2A2B2A2C2A4C2A2A
S315080268C04C324B324B2A2C324C324C2A4B324C2A03
S315080268D04C2A4B324C2A4C324B2A4B2A4C326C32BB
S315080268E06B326C2A6C324C324C2A4C326C326C3219
S315080268F04C2A4C2A6C326C324C2A4C2A6C326D3237
S315080269006C326C326C2A6C326C326C2A6C326C2A9F
S315080269106C326C326C328D326C326C328D326C3235
S315080269206C328D328D326C326C326D326C328C3204
S315080269306C326D328D328D328C326C326D328C32D3
S315080269408D328D32C921C921C929C921C921C92135
S31508026950CA21EA29EA21EA29EA29C921EA21EA21F8
S31508026960C921EA29EA21E921EA21EA29E921EA29CA
S31508026970EA21EA21EA290A2AEA29EA21EA290B2A44
S315080269800A2AEA290A220A2AEA290B2A0A2A0A2AA0
S315080269900A220B2A0B2A0A2A0B2A0B2A2B2A0A2A2A
S315080269A00B2A2B2A0A2A0B2A0B2A2B2A2B2A2B2AB0
S315080269B00B2A2B2A2B2A2B2A2B2A2B2A4C2A4B2AFE
S315080269C04B2A4B322B2A4B2A2B2A2C2A4C322B2A7D
S315080269D04B2A4C322B324B2A4C2A4C324B2A4C32FB
S315080269E04C2A4C2A6C324C2A4B2A4C324C326C3288
S315080269F04C2A4C326C324C2A6C2A4C2A2B2A4B32A1
S31508026A004C324B322B2A4C2A4C324B2A4C2A2B2AF2
S31508026A104B2A4C324C324B2A4C324C2A4C2A4C3298
S31508026A204C2A6C326C2A4C2A4C326C326C324C32FE
S31508026A304C2A6C326C324C2A6C326C326C324C32C6
S31508026A406C326D326C326C324C326D326C326D3263
S31508026A506C326D326C326D326D328C326C326C3213
S31508026A606C326D326C326C328D328D328C326D32C2
S31508026A708D326C328C328C326C326C326D328D3293
S31508026A806C328D328D328D326C32C921C929CA21B6
S31508026A90E929C921C921C921E929C921C921EA2125
S31508026AA0C929EA29C921C921CA29EA29EA29EA21D9
S31508026AB0E929EA29EA21E921EA290A2A0A2A0A22E5
S31508026AC0EA290A2AEA21EA21EA290A2A0A2A0A2AAA
S31508026AD00B2A0B220A2A0A2A0B2A0B2A0A2A0A2212
S31508026AE02B2A0A2A0B2A2A2A0B2A2B2A2A2A0B2A71
S31508026AF00B2A2A2A0B2A2B2A2B2A2B322B2A2B2A17
S31508026B002B322B2A2C2A2B2A4C2A2B2A4B324C3252
S31508026B102B2A4B2A2C2A4C2A4C324B2A4C324C2AE8
S31508026B204C324B2A4C2A4C324B2A4B2A4C324C2A90
S31508026B304C2A4C324C2A4C2A4C326C324C2A4C3255
S31508026B402B2A2B2A4C2A2B2A4B2A2B2A4B322B2A24
S31508026B504C324B322B2A4C2A4C324B2A4C2A4C3278
S31508026B604B324B2A4C324C324C2A4B324B2A4C2A49
S31508026B704C2A4C324C2A6C324C324C2A6C324C32ED
S31508026B806C324C2A6C2A4C326C326C326C326C2A5D
S31508026B906C324C326C326C326C326C2A6C326D321C
S31508026BA06C326D328D326C326C326C326D328C32A2
S31508026BB06C326D328C328D326C326D328D328C3251
S31508026BC08D328C328D326C328D3A6C326C328D3219
S31508026BD0C921C921C921CA29EA29C921C921CA2122
S31508026BE0C921C929EA21C921EA29EA29EA29E92181
S31508026BF0EA21EA29EA29EA21EA290A2AEA21EA29E4
S31508026C000A2AEA21EA290A2A0A22EA29EA210A2A70
S31508026C100B2A0B2A0A220A2A0B2A0B2A0A2A0A2AC8
S31508026C200A2A0B2A0B2A2B2A0A2A0B2A2B2A0B2A6E
S31508026C302A2A0A2A0A2A0B2A2B2A0A2A2B2A2B2A20
S31508026C400B2A2B2A2B2A2B322B2A2B2A4C322B3273
S31508026C502B2A2C2A2B2A4B2A2B2A4B322C2A4B2A12
S31508026C604C324C2A2B2A4C324C324C324C324B2A5E
S31508026C704C324C324C326B2A4C324B2A6C326C2ACE
S31508026C804C324C324B2A2B322B2A4C322B2A2C2AA8
S31508026C904C324B322B2A4C2A4C324B2A4C324C322F
S31508026CA04B2A4C2A4C324B2A4C324C324C2A4B3207
S31508026CB04C324C2A4C326C324B2A4C326C326C3285
S31508026CC04C326C324C2A4C2A6C324C326C2A6C325C
S31508026CD06C326C2A6C326C326C2A6C326D326C32C3
S31508026CE06C326C2A6C326C326C326C326C326C32AC
S31508026CF06C326D328C328C326C328D326C326D3231
S31508026D008D326C326D328D328C3A8C326D328D32D6
S31508026D106C326C328D32C921C929C921C921C921CE
S31508026D20CA29CA21C921EA29EA29C921E921EA2166
S31508026D30EA29EA21E921E929EA21EA29E921EA21D6
S31508026D40EA29EA29EA210A2AEA29EA210A2AEA2969
S31508026D500A2A0A2AEA210B2AEA210A2A0B2A0A2AD3
S31508026D600B2A0B2A0A2A0A220A2A0B2A2B2A0A225F
S31508026D700A2A0A2A0A2A0B2A0B2A0B2A0A2A0B2A5F
S31508026D802B2A2B2A2B2A2B2A2B2A2B2A2B2A2B2A4B
S31508026D902B2A2B2A2B2A2B2A2B2A2B324C324C2AE9
S31508026DA04B324B2A4C2A4C324B2A4B324C2A4B2A10
S31508026DB04C324C2A4C2A4C2A4C324B2A4C326C32D4
S31508026DC04C2A4C326C2A4C2A4B2A4B2A2B2A2B2A1F
S31508026DD02B2A4C324B2A4C2A2B2A4C2A2B2A4C2A4F
S31508026DE04B2A2B2A4C324C2A4B324C2A4C2A4B32EF
S31508026DF04C2A6C324C324C2A4C2A4B326C326C2A54
S31508026E006C324C326C2A6C2A4C326C326C326C32D2
S31508026E106C324C2A4C326C326C324D326D326C32D8
S31508026E206C326C2A6D326C326C326C328D326D3247
S31508026E306C326D326C2A8C326C326C326D328C3218
S31508026E408D326C328C328D326C326C328D328D329E
S31508026E508C326D328C328D328D326C32C921CA2116
S31508026E60EA29C921C921E921C921C921EA29EA212F
S31508026E70C921C921EA29EA21E921EA29CA21EA21FD
S31508026E80EA29EA29E921EA29EA29EA21EA290A2A4A
S31508026E900A22EA210A2AEB21EA290A2AEA210A2AE5
S31508026EA00B2A0A2A0A2A0A2A0A220B2A0B2A0A2A37
S31508026EB00A2A0A2A0A2A0B220A2A0B2A0B2A0A2A27
S31508026EC00A2A0B2A0A2A0B2A0B2A2B2A2B2A2B2AAC
S31508026ED02B2A2B2A2B322B2A2B2A4C2A4B2A2B2AB1
S31508026EE02B2A4C2A4C322B2A4C322B2A2B2A4C324E
S31508026EF04C2A4B2A4C2A4B324B2A4C324C2A4B2AC6
S31508026F004C324C326C2A6C324C324C2A2B2A2B2AA3
S31508026F104C324B322B2A4C322B2A2B2A4B324C32EE
S31508026F204C322B322B2A4C322B2A4B2A4C2A4C32E5
S31508026F304B324C2A4B2A4B324C2A6C326C2A4B2A3D
S31508026F404C324C2A4C2A6C324C324C2A6C326C32F9
S31508026F506C326C326C326C2A4C326C2A6C326C3261
S31508026F606C2A6C324C326C326C2A6C326D326C3250
S31508026F706C2A6D326C2A6C328D326C326D326C32FE
S31508026F806C2A6C328D326C326C326C328D326C32C7
S31508026F908C326D3A8D328C328C326C326D328C3246
S31508026FA06C32C921C921C921C929EA21C921C9299C
S31508026FB0CA21C921C921E929CA29EA29EA21EA29CC
S31508026FC0EA29C921EA29EA21EA29EA21EA210A2A39
S31508026FD0EA21EA29EA29EA21EA290A2A0A22EA29DF
S31508026FE00B2A0A2A0A2A0B2A0A2A0A2A0A220A22FF
S31508026FF00A2A0A2A0A220A220B2A0A2A0A2A0B2AEF
S315080270000B2A0A2A0A2A0B2A2B2A2B2A2B2A2B2A4A
S315080270102B2A0B2A2B322B2A2B2A2C2A2B322B2AC7
S315080270204C324B2A2B322C2A2B2A2B2A4C2A2B2A35
S315080270302B2A4C324C2A2B324C2A4C324C324C2AB2
S315080270404C324C326C2A4C324C2A4C326C324C2A18
S315080270504B2A4B322B322B2A2B2A4C324B2A2B2ADF
S315080270604C2A2B2A4C2A2B2A4B2A4C324C324C328B
S315080270704C324B2A4C2A4C324C324C2A4C324C3229
S315080270804C324C2A4C326C324C2A4B326C326C2AB9
S315080270904C326C326C2A4C2A4C2A6C324C326C2A90
S315080270A06C326C324C326C2A6C326C326D326C3207
S315080270B06C326C326C326C326C326C326C326C32D0
S315080270C06D326C326C326D326C326C326C326C32BE
S315080270D06D326C326C328D326C328C328D328D322C
S315080270E08D3A8C328D326D32C921C921C921CA29FC
S315080270F0C921EA29E929C921CA21E921E921C9219E
S31508027100EA29EA21E921E921EA29E921E929EA2103
S31508027110EA29EA29EA210A2AEA21EA21EA29EA29BE
S31508027120EA290A22EA290A2A0A220A2A0A220B2A08
S315080271300A2AEA29EA21EA290A2AEA210A2A0B2A32
S315080271400A2A0A2A0A2A0B2A0A2A0B2A0A2A2B2A6C
S315080271502B2A2B2A2B2A2B2A2B2A0B2A2B322B2A8F
S315080271602B2A2B2A2B2A2B2A2B2A2C2A4B322B2A3E
S315080271704B2A4C322B2A4B2A4C2A4B322B2A4B2A85
S315080271804B2A4C324C2A4B2A4B2A4C2A4C324B2A33
S315080271904C2A4C324B2A2B2A2B2A2C2A2B2A2B2ACC
S315080271A04B2A2B2A2B324B2A2C2A4B322B2A2C2AB5
S315080271B04B324B2A4C2A4B2A4B324B2A4C2A4B2A05
S315080271C04C324C2A4C324C2A4C324B324C2A4C2AE0
S315080271D06C324C324C2A6C324C324C326C326C3237
S315080271E04C2A4C324C324C2A6D326D324C2A4C2A7D
S315080271F06C326C326D326C326C2A6D326C326C3295
S315080272006D326C326C326D328C326C326C328D323B
S315080272108D326C326D326D326C326C326D326C324A
S315080272206C326D326C328C326D328C328C32C921B0
S31508027230C921C921C921C921EA21E921EA29C92184
S31508027240CA29C921E921C921EA29EA21EA29EA2919
S31508027250EA21E929EA21EA21E929EA29EA290A2A7F
S31508027260EA210A22EA29EA210A2AEA29EA21EA215C
S31508027270EA29EA21EA29EA290A2AEB21EA290A2A33
S31508027280EA210B2A0B2A0B2A0A220A2A0B2A0B2282
S315080272900A2A0B2A0A2A0B2A2B2A2A2A0B2A2B2AD9
S315080272A02B2A2B2A2B2A2B2A2B2A2B2A2C2A4C2A04
S315080272B04B322B2A2B2A4C322B2A2C2A4C322B2A9B
S315080272C02C2A4C324C324B2A4C324C324C324B2AF8
S315080272D04C324C2A4B2A4C324C2A2B2A2B322B2A3A
S315080272E02B2A4C324B322B2A2C2A2C324B2A2B2A6B
S315080272F04C324B2A2B2A2C322B2A4C2A4C322B2A3A
S315080273004C324C2A4B324B2A4C2A6C324B2A4C3280
S315080273106C324B2A4C326C326C2A4C2A6C324C3206
S315080273206C326C326C326C2A6C326C326C2A4C328D
S315080273306C324C324C2A6C326C326C326D326C3294
S315080273406C326C2A6C2A6C326C326C2A6C326D3254
S315080273508C326C326D328C328D328C326C326C32AB
S315080273608D328D328C328C326D328C326D326D3278
S315080273708C326C32C921C921C929C921C921C92915
S31508027380CA21C921C921CA21EA29CA29C921EA2940
S31508027390EA21EA29EA21E929EA21EA29EA21EA2966
S315080273A0EA21EA21EA29EA29EA29EA29EA21EA2155
S315080273B0EA29EA21EA29EA21EA29EA210A220A2A03
S315080273C0EA290A220A2AEA290A2A0A2A0A2A0A225F
S315080273D00A2A0B2A0A220A2A2B2A2B2A0B2A2B2AA0
S315080273E02B2A0A2A2B2A2B2A2B2A2B322B2A2B32F6
S315080273F02B2A2B2A4B322B2A2C2A4C2A2B2A4B2A6B
S315080274004C324B324B2A4C2A4C324C322B2A4C2ABF
S315080274104C324C2A4B2A4C324C2A4B324C322B2AAF
S315080274202B2A2B2A2B2A2B2A4B324C322B2A2B2A53
S315080274302B2A2B2A2B2A2B2A4C2A4B324B2A2C2A2A
S315080274404C324B2A4C2A2B324C2A4C2A4B324C327F
S315080274504C2A4B2A4C324C324C2A4C324C324B2A4E
S315080274604C2A4C2A6C324C2A6C326C324C2A4C32DC
S315080274706C324C2A4C2A6C326C326C326C2A6C3264
S315080274806C326C2A6D326C326C326D326C326C2A0A
S315080274906C326C326C326D326C326C326C328D32CA
S315080274A08D328C326C326C328D326D328C328D3238
S315080274B08C328C328D328D326D32C921C921C92165
S315080274C0CA29C921C921CA29C921E921E929C92102
S315080274D0EA21E929C921C921E921EA29EA21EA2970
S315080274E0E921EA29EA29E921EA21EA21EA29EA2916
S315080274F0EA21EA21EA29EA21EA29EA29EA21EA2904
S31508027500EA290A22EA29EA290A2A0A220A2A0B2A3D
S315080275100A2A0A2A0A2A0A2A0B2A0A2A0B2A2B2A98
S315080275200B2A0A2A2B2A2B2A0B2A2B2A2B2A2B2A04
S315080275302B2A2B2A2B2A2B2A2B2A4C322B2A4B3242
S315080275404C322B2A4C324B2A2B2A4C324B2A4B2AA8
S315080275502B2A4C2A4B324C2A4B2A4C324C324C2A76
S315080275604C2A2B2A2B2A2B2A2B322B2A2B2A2B2A3A
S315080275702B2A4B2A2B322C2A2B2A2B322B2A4C2A01
S315080275802B324B2A4B324C324B2A4B2A4C324B2A41
S315080275904B2A4C324C2A4B324C2A4C2A4C2A6C32F5
S315080275A04C2A4C324C324C326C324C2A4C2A6C32B3
S315080275B06C324C326C326C2A4C326C326C2A6C2A23
S315080275C06C326C324C2A6C326C326C2A6C326C32EB
S315080275D06D326D326C326D326C328D326C326D3286
S315080275E08C326C326C326D326C326C326D326C3279
S315080275F06C326C328D326D326C328D328C326C3228
S31508027600C921C921CA21C921C921E921C921CA29F0
S31508027610EA21E929C921CA21EA29E921CA21EA294D
S31508027620E921CA21E921EA29EA21E921E929EA2106
S31508027630E921E921E921E921EA29E929EA21EA29CF
S31508027640EA29EA21EA210A2A0A2AEA21EA290B2A46
S315080276500B2A0A22EA290B220A2A0B2A0B220A2AAF
S315080276602B2A2B2A0B2A2B2A2A2A0B2A0B2A2B2AC3
S315080276702B2A0B2A2B2A0B2A2B2A2B2A2B2A2B2A92
S315080276804C322B2A2B2A2B2A4C322B2A2B2A2C2AEF
S315080276904C322B2A4B2A4C322C2A4C2A4C324B2A55
S315080276A04C2A4C2A4B324B2A2B2A2B2A2B2A2B2A98
S315080276B02B322B2A2B2A2B2A2B2A2B2A4C322B2AE1
S315080276C02B2A4C2A4C324C2A2B2A2B2A2C324C2A6D
S315080276D04B324C324C322B2A4C2A4B2A4B324B32E7
S315080276E04C2A4B324C326C2A4B2A6C324C2A4C327C
S315080276F06C326C324C2A4C2A6C326C324C2A6C3202
S315080277006C326C324C2A6C326C324C324D326C32E0
S315080277106C326C326C2A6C326C326C326C2A6C3279
S315080277206D326C328C326D328D326C326C326C3216
S315080277306C326D326C326C326D328D326C326C3226
S315080277408D328D326C32C921C921C929C921CA296A
S31508027750E921C921CA21EA29C921CA21EA29C92155
S31508027760EA29CA21EA29E921E921CA29C929E921F5
S31508027770E921CA21C929E929CA21EA29EA29E921E5
S31508027780EA21E921EA29EA29EA21EA290A2AEA2949
S315080277900A2AEA210A2A0B2A0A2A0A2AEA290B2A81
S315080277A00A2A0A2A0B2A0B2A2B2A0A2A2B2A2B2AC4
S315080277B00B2A2B2A0B2A2B2A2B2A2B2A2B2A2B2A51
S315080277C02B322B2A2B2A2B2A2B2A2B2A2B2A4C32D0
S315080277D02B2A4B2A4C324C2A2B2A2B2A4C324B3236
S315080277E04C2A4C324C324C2A4C2A2B2A2B322B2A24
S315080277F02B2A2B2A2B2A4B2A2C2A2C2A2B2A2B2AAF
S315080278002C2A4B322B2A2B2A4B2A4C322B322C2A45
S315080278104C2A4B322C2A4B2A4C2A4C324B2A2C2ADB
S315080278204C324B2A4C2A4B2A4C324C324C324C3272
S315080278306C2A4B2A4B2A4C324C2A6C324C324C2A32
S315080278406C324C326C326C324C326C326C326C2A80
S315080278506C326C326D326C324C2A6C326C326C2A57
S315080278606D326C326C326D326C326C326C326D3215
S315080278706C328D326D326C328D328C326D326C32A4
S315080278806C328D328C3A6D326D328C32C921C921F5
S31508027890C921C929CA21C921C929EA21C921E9292E
S315080278A0C921EA21E929C921C921E929C921CA2106
S315080278B0C929C921CA21C921E929CA21CA21E9290D
S315080278C0EA29EA21C921EA21EA21EA29EA21EA2161
S315080278D0EA29EA21EA210A2AEA290A220A2A0A229C
S315080278E00A2A0A2A0B2A0A2A0A2A0B2A0B2A0A2AE5
S315080278F00A2A2B2A0B2A2A2A2A2A0B2A0A2A2B2A54
S315080279002B2A2B2A2B322B2A2B2A2B2A2B2A2B2AB7
S315080279102B2A4C324B2A2B2A2C324B2A4B2A2C2A1C
S315080279204B2A4C324B2A2B2A4B2A4C324C324B2AA4
S315080279302B2A2B2A2B322B2A2B2A2B322B2A2B2A7F
S315080279402B324B322B2A2B2A4B322B2A2C2A4B32FE
S315080279504B2A4C2A4B324B2A4C324B322B2A4C2A74
S315080279602B2A4B324B2A4C322C2A2B2A4B2A4C32A4
S315080279704B2A4C324C324C2A6C324C326C2A6C32C0
S315080279806C324C324C2A6C324C2A6C324C2A6C2A97
S315080279904C326D326C326C2A6C2A6C324C326C2A3E
S315080279A06D326C326C2A6C326C326C2A6C326C32E6
S315080279B08D326C326C328C328D328D326C326C3244
S315080279C08D328D328C326D328D326C328C328D32F2
S315080279D08C32C921C921C921C921C921C921EA294A
S315080279E0EA21C921CA29C921C921C921C921C9210D
S315080279F0C921C921C921C921EA29C921CA21E929D5
S31508027A00EA21C921C921EA29E921EA29EA29E9213A
S31508027A10EA29EA29EA21EA29EA290A2AEA21EA29AD
S31508027A200A2AEA21EA290B2A0B220A2A0B2A0A22FD
S31508027A300A2A2B2A0B2A0B2A2B2A0B2A0B2A2B2A2F
S31508027A402B2A2B2A2B2A2B2A2B2A2B2A2B2A2B2A7E
S31508027A502B322C2A2B2A2B2A2C2A2B2A2B2A4C323B
S31508027A602B2A2B2A4C322B2A2C2A4C324B2A4C2ACA
S31508027A704B2A4C322B2A2B2A2B2A2B2A2B2A2B2A05
S31508027A802B2A2B2A2B2A2B2A2C2A2B2A2B2A4C3214
S31508027A902B2A4B2A2C324C2A4B2A4C322B2A2B2A9B
S31508027AA04C322B2A2B322C2A4C324B2A4C324B3252
S31508027AB04C2A4C324C2A4B2A4B2A4C2A4B324C2AF9
S31508027AC06C324C324C2A6C326C324C2A4C326C3246
S31508027AD06C324C2A6C326C324C2A6C324C326C3216
S31508027AE06C326C326C326C326C326D326C326D3294
S31508027AF06C328C326D326C2A6D326C326C326C326C
S31508027B008D326C328C326D326C328C328D326C32F2
S31508027B106C326D328D328C32C921C921C921C921F3
S31508027B20CA29C921C921C921C921C921C921C921EC
S31508027B30C921C921CA29CA29C921C921C921C921D3
S31508027B40C921C929EA21E929C921EA21EA29E92912
S31508027B50EA21EA29C929E921EA29E921EA29EA29B8
S31508027B60EA21EA29EA290A2A0A2A0A22EA290A2AF9
S31508027B700B2A0B2A0A2A0B2A2B2A0A2A0A222B2A18
S31508027B802A2A0B2A0B2A0B2A2B2A2B2A0B2A2B2ABE
S31508027B902B2A2B2A2B2A2B2A2B2A2B2A2B2A2B2A2D
S31508027BA04C324B2A2B2A4C324B2A4B322C2A4C2A41
S31508027BB04B324C322B2A2C2A2B2A2B2A2B2A2B2ABB
S31508027BC02B2A2B2A2B2A2B2A2B2A2B2A2B2A2B2AFD
S31508027BD02B2A2B2A4C324B2A2B2A2B2A2B2A2B2AA4
S31508027BE02B2A2C324B2A2B2A4B2A4C2A4B324C2A2A
S31508027BF04B2A4C324C2A4B2A4B324C2A4B324C2AB1
S31508027C004C2A4C324B2A4C2A4C326C2A4C324C3275
S31508027C104C2A6C324C326C324C2A6C326C326C32D4
S31508027C206C326C324D326C2A4C326C2A4C326C32C3
S31508027C306C326C326D326C326D326C326C326D3241
S31508027C408D326C326C2A6C326D328C326C326C32FA
S31508027C506D326C326C326C328D328C328D32A92195
S31508027C60C921C921C921C921C921C921C921C921B4
S31508027C70C921C921C921C921C921C921C929E92974
S31508027C80C921C929C921C921C921EA29C921C9295B
S31508027C90EA21EA21C929EA21EA21E929EA21EA2986
S31508027CA0EA290A22EA290A22EA21EA290A2A0B2ABF
S31508027CB0EA210A2A0A2A0B2A0A2A0A220B2A0A2A43
S31508027CC02B2A0B2A0A2A0B2A0A2A2B2A0B2A2B2A9E
S31508027CD02B2A2B2A2B2A2B2A2B322B2A2B2A2B2AE4
S31508027CE02B2A2B322B2A4B2A2B2A2B2A2C324B2A8B
S31508027CF02B2A2B2A4C2A2B2A4C2A4B322B2A2B2A62
S31508027D002B2A2B2A0B2A2B2A0B2A2B2A2B322B2AF3
S31508027D102B322B322B2A4B2A2B322B2A4B324C3222
S31508027D202B2A2B322C2A2B2A2B2A4C322B2A2B2A69
S31508027D302C2A4B322B2A2B2A2B324C322B2A4B2A11
S31508027D404C324C324B2A4C324C324B2A4B324C2A4E
S31508027D506C326C324C2A4C326C2A6C2A6C324C329B
S31508027D606C324C2A4C2A6C326C2A6C326D326C326A
S31508027D706C326D326C2A6C2A6C326C2A6C2A6C3222
S31508027D806C326C326C326C326C326C326C326D32F2
S31508027D906D2A6C326D326C326D326C328D328C32A7
S31508027DA06D328D32C921A921A929A921C921A92161
S31508027DB0A921A929A921A921A921C929C921C921F3
S31508027DC0C921C921CA21C921CA21CA29E921CA2127
S31508027DD0C921EA29C921CA21C929EA21EA29E921A7
S31508027DE0EA21EA29EA29EA21EA29EA290A22EA29E2
S31508027DF00A2AEA21EA21EA290A220B220B2A0A2A54
S31508027E000A220B2A0A2A0B2A0B2A2B2A2B2A0A2A85
S31508027E100A2A2B2A2B2A2B322B2A0B2A2B2A2B2AE3
S31508027E202B2A2B2A2B322C2A4B2A2B2A2B2A2B2A71
S31508027E304C324C2A4C322B2A4C2A2B322C2A2B2AED
S31508027E404B2A2B2A0B2A2B2A2B2A2B2A2B2A2B2A7A
S31508027E500B2A2B2A2B2A2B2A2B2A2B2A4C324B2A41
S31508027E602B2A2B2A4C2A2B2A2B2A4B322B2A2B2A11
S31508027E704C322B2A4C2A4C324B2A2C322B2A4B2A8E
S31508027E804C324C322C2A4C2A4B324C2A4B2A4C3234
S31508027E904C324C2A4C326C324B2A4C2A4C326C32BB
S31508027EA04C2A4C326C326C2A4C324C324C2A4C2AB2
S31508027EB06C324C2A6C326C326C324C326D326C3209
S31508027EC06C326C326C2A6D326C326C2A6C326D32C0
S31508027ED08C326D328C326C328D326C328D328C32FF
S31508027EE08D326D326C326C328D32A921A821A921CC
S31508027EF0A921A821A821A921A821C921A921A92105
S31508027F00C921A921A921C921C921C921C921C92151
S31508027F10C921EA29E929CA21EA29E929E921EA211D
S31508027F20EA29E921CA21EA29E921EA21EA29EA29EB
S31508027F30EA210A2AEA290A2A0A22EA290A2A0B2A03
S31508027F400A2A0B2A0A2A0B2A0B2A2A2A0A222B2A45
S31508027F500B2A2B2A2B2A0B2A0A2A0B2A2B2A2B2AEA
S31508027F602B2A2B2A2B2A2B2A2B2A2B2A2B2A2B2A59
S31508027F702B2A2C2A2B322B2A4B2A2B2A4C2A4C2ADE
S31508027F804C324C322B2A2B2A0B2A0B2A2A2A2B2A28
S31508027F900B2A2B322B2A2B2A2B2A2B2A2B2A2B2A41
S31508027FA02B2A2B2A2B2A2B2A2B2A2B2A2B2A4B32F1
S31508027FB04C2A2B2A4C322B2A2B2A4B2A4B324B2A57
S31508027FC02C2A4C324B2A4C2A4B324B2A4C2A2B321D
S31508027FD04C324B2A4B2A4C324B2A4B2A4C324C2ACD
S31508027FE04C2A6C326C324C324C2A6C326C326C2A09
S31508027FF06C326C324C326C326C326C2A6C326D32A8
S315080280006C2A6C326C326D326C326C326C326D3276
S315080280106C326C326C326C326D328D326C326C323E
S315080280206C328D328C326C328C326C326C328D32CE
S31508028030A821A8218821A921A821A921A821C921E5
S31508028040A821A821C921C921C921A921C921C92132
S31508028050C921C929C929C921C921E921CA21E9216F
S31508028060C929EA29EA21C921C929EA21E929EA29E4
S31508028070EA21EA21EA21EA210A2AEA29EA21EA295F
S315080280800A2AEA210B2A0A2A0A220A220B2A0B2A76
S315080280900A2A0A2A0A2A0B2A2B2A2B2A0B2A2B2ACB
S315080280A02A2A2B2A2B2A2B2A2B2A2B322B322B2A09
S315080280B02B2A2B2A2B2A2B2A4C322B2A4B322B2AB7
S315080280C02B2A2B322B2A4B2A4B2A2B2A0B2A0B2AF0
S315080280D00A2A2B2A2B2A0B2A2B2A2B2A2B2A2B2A29
S315080280E02B2A2B322B2A2B2A2B2A2B2A2B2A2B32C8
S315080280F02B2A2B2A2B322B2A4C322B2A4B2A2B2A77
S315080281002C324B2A4C2A4B324C324C322B2A4B2AD3
S315080281104C324B2A4C2A4B2A4C2A4C324C324C2A89
S315080281204B324B2A4C324C324B2A4C2A4C324C2A72
S315080281306C324C324C2A6C326C326C326C326C2A8F
S315080281404C326C326C326C326C326C326D326C324E
S315080281506C326C326C328D326C326D328C326C32DD
S315080281608C328D326C326C328D326D326D326C32AB
S315080281706D328D328D32A821A821A821A921A921E3
S31508028180A921A921C921C921A921C921C821A92110
S31508028190C929C921C921C921C921C929CA21C9216E
S315080281A0C921CA21C921EA21EA29E929EA29EA21B2
S315080281B0E929EA29EA29EA29E929E929EA210A2A01
S315080281C0EA21EA290A2A0B2A0A2A0A2A0A2A0B2A47
S315080281D00A220A2A0B2A0B2A0B2A0A2A0A2A0A2AF4
S315080281E02B2A2B2A2B2A2B2A2B2A2B2A2B2A2B2AD7
S315080281F02B2A2B2A2B2A2B322C322B2A2B2A2B2AB6
S315080282002B2A4C2A2C2A4C324B324C2A2B2A2B2A22
S315080282100B2A2B2A2B2A2B2A0B2A0A2A2B2A2B2A07
S315080282200A2A2B2A2B2A2B2A2B322B2A2B322B2AA7
S315080282302B322C2A2C2A2B2A2C2A2B2A2B2A4C3252
S315080282402B2A2B2A2C322B322B2A4C322B2A2B2A3C
S315080282504C324C324B2A4C324C324C322B2A4B2A59
S315080282604C324C2A4C324C2A4C324B2A4C2A4B2A38
S315080282704C326C326C2A4C324C326C324C2A6D328D
S315080282806C326C2A6D324C326C2A6C324C326C2A45
S315080282906C2A6C326D328C2A6C2A6D326C326D32D3
S315080282A06C326C2A6C326C326D326D328C326C32B4
S315080282B06C326C328D326C326C328C32A921A92125
S315080282C0A821A821A921A821A821A921A821C92133
S315080282D0C929A921C921A921C921C929C921C9216E
S315080282E0C921C929E921C929EA29E921C921CA21B4
S315080282F0C921C921EA21EA21C921EA21EA29EA2969
S31508028300EA21EA29EA210A2A0A2A0A220A2A0B2A37
S315080283100A220B2A0A2A0B2A0A2A0A2A0B2A0B22B9
S315080283202B2A2B2A0B2A0A2A2B2A0B2A0A2A0B2A37
S315080283302B2A0B2A2B2A0B2A0B2A2B2A2B2A2B2AE5
S315080283402B2A2B2A2B2A2B2A2B2A2B2A4B324C2A2C
S315080283502B2A2B2A0B2A2B2A0B2A2A2A0A2A2B2AC7
S315080283600B2A0A2A0B2A2B2A0A2A0B2A2B2A2B2AF7
S315080283702B2A2B2A2B2A2B2A2B2A2B322B2A2B2A3D
S315080283802B2A4B324C324B2A2B2A2B2A2B2A4B2AA4
S315080283904C2A2B2A2B2A4C2A4B324C2A4C2A4B3251
S315080283A02B2A4C2A4B324B324B2A4B2A4C324C2A1A
S315080283B04B324C2A4C324C326C2A4C326C326C326E
S315080283C06C326C326C2A4C324C2A4C326C326C2A25
S315080283D06C2A6D326C326C326C326C326C326C2AAC
S315080283E06C326C2A6C2A6C326D326C326C326C329C
S315080283F08D328D326D328C326C326C326C326C321A
S315080284008D32A821A921A821A821C921A921A821FB
S31508028410A821A921A821A921C921C921A921C9219E
S31508028420C921C929C921C921C921CA21C921C921E3
S31508028430C929C921CA21EA29C921EA29EA21E92938
S31508028440EA29EA21EA21EA29EA21EA29EA29EA21A4
S315080284500A2A0B2A0A2A0A2A0A2A0B2A0A2A0A2272
S315080284600A2A0B2A0A2A0A220B2A2B2A0A2A0B2A40
S315080284702B2A0B2A0A2A0B2A0B2A2B2A2B2A2B2AC5
S315080284802B2A2B2A2B2A2B2A2B2A2C2A2B2A2B2A33
S315080284904C322B2A2B2A2B2A2B2A2B2A0B2A2B2A1B
S315080284A00A2A0B2A2B2A2B2A2B2A0B2A2B2A2B326D
S315080284B02B2A2B2A2B322B2A2B2A2B2A2B2A2B2AFC
S315080284C02B2A2B2A4B322B2A4B2A2B2A2B322B2AA4
S315080284D04C2A4C322B2A4B2A4C324B2A4B2A2C3208
S315080284E04C324B2A4B2A4C2A4C324C322C2A4B2AD7
S315080284F04C324C324C2A4C324B324C2A4B2A4B2A9F
S315080285004C324C326C2A6C326C324C2A4C326C32FB
S315080285106C324C2A4C326C326C324C326C324C2AEB
S315080285206C326D326C326C326D326C326C326D3248
S315080285306D326C326C328C326C328D326D326C32F8
S315080285406D328D328D326C328821A821A921A8215B
S31508028550A921A921A921C921C921A921C921C9213B
S31508028560A921A921C929C921C921C921CA21C921E2
S31508028570C929CA21C921C921C921E929EA29EA2918
S31508028580C921C921EA29E929EA21EA29E929EA21A7
S31508028590EA29EA210A2AEA210A2A0A2AEA210B2AC6
S315080285A00B2A0A220B2A0B2A0B2A0A2A0A2A2B2AFE
S315080285B00B2A0A2A0B2A2B2A2B2A2B2A2B2A0B2A84
S315080285C02B2A2B2A0B2A2B2A2B2A2B2A2B2A2B320B
S315080285D02B2A2B2A2B324C2A2B2A2B2A2B2A0B2ADA
S315080285E00A2A2B2A0A2A0B2A0B2A0A2A2B2A2B2A76
S315080285F00A2A2B2A2B2A2B2A0B2A2B2A2B2A2B2A04
S315080286002B322B2A2B2A2B322B2A2C2A2B2A2B2AA1
S315080286102B2A2B2A2B2A2B2A2B324B322C2A4B3249
S315080286204B2A2B2A4C2A4B322B2A2B2A4C324B2AE0
S315080286304C2A4B2A4C2A4B324C2A4C2A4B324C3265
S315080286404C2A4C324C324C2A6C324C2A4C2A6C320A
S315080286506C326C326C326C324C2A4C326C326C2A6A
S315080286606C324C326C2A6C326D326C326C326D3230
S315080286706C326C326C328D326C326D328D326C32B7
S315080286806C328D328C326C326D328C326D3288217C
S315080286908821A821A821A921A821A821A921A821A0
S315080286A0A921C921C921C921C929A921C921C921A2
S315080286B0C921C921C929C921C921C921EA29C92129
S315080286C0C921EA21C929C921EA21EA21EA29EA298D
S315080286D0E921E921EA29EA21EA210A2A0A2A0A2AB1
S315080286E00B2AEA210A2A0B2A0A2A0A2A0B2A0A2A00
S315080286F00B220B2A0A2A2B2A0B2A0A2A0A2A2B2A8D
S315080287000B2A2A2A0B2A0B2A2B2A2B2A2B2A2B2A12
S315080287102B2A2B2A2B2A4C322B2A2B2A2B2A2B2A78
S315080287202B2A0B2A0A2A0A2A0B2A0B2A0A2A0B2A74
S315080287300A2A2A2A2B322B2A0A2A0B2A0A2A2B2AFD
S315080287402B2A2B2A0B2A2B2A2B2A2B322B2A2B2A89
S315080287502B2A2C322B2A2C324B2A4B322B2A2B2A07
S315080287604C2A2B2A4C322B2A2C2A2B2A4C322B2ADD
S315080287702C2A2B324B2A2B322B2A4C324B2A4B2AA7
S315080287804C2A4B324C2A4B2A4C324C324C324C2A0B
S315080287904C324C2A6C324C2A6C324C2A6C2A6C3279
S315080287A06C326D326C2A6C326D326C326C326C32CF
S315080287B06C2A6C326C326C326C2A6D326C326C32C8
S315080287C06C326D326C2A6C326C326C326D328C328F
S315080287D06C326C3288218819A821A821A919A821E6
S315080287E0A921A821A921C921C921A821A921C921CB
S315080287F0C921C921C921C929C921C921CA29C92108
S31508028800E921C921CA21C921E921CA21E929CA219D
S31508028810EA21EA29EA21EA21EA290A2A0A2A0A2A65
S315080288200A2A0A22EB290A2A0A2A0B2A0A2A0A22C7
S315080288300B2A0A2A0B2A2B2A0A2A0A2A0B2A0B2A63
S315080288400A2A0B2A2B2A0A2A2B2A2B2A0A2A2B2AF3
S315080288502B2A2B2A2B2A2B322B2A2B2A2B2A2B2A58
S315080288602B2A2B2A2B2A0B2A0A2A0B2A0B2A0A2AF2
S315080288702B2A2B2A0B2A2B2A2B2A2B2A0B2A0B2AA0
S315080288802B2A2B2A2B2A2B2A2B2A2B2A2B322B2A28
S315080288902B2A2B2A2B2A2B2A2B2A2B2A2B2A4C32F7
S315080288A02B2A2B2A2C2A4B322B2A2B2A4C324B2A9E
S315080288B02B2A4C324B2A2B2A4C324C2A4C2A2B2A4C
S315080288C02C2A4C324C324C2A4C2A4B324C2A4B2AF2
S315080288D06C324B2A4B2A4C324C324C2A6C324C3272
S315080288E04C2A6C324C326C326C324C326C2A6C2A00
S315080288F04C326C326D326C2A6D326D328C326C327D
S315080289006D326C326C326C326C326C326D328C3245
S315080289106D326C326D326C328D32A82188218819FB
S3150802892088218821A821A821A921C921C921C921CB
S31508028930A821C921C921C929C921C921C921CA21EF
S31508028940C921C929CA21C921C929EA29E929CA2164
S31508028950E929EA29E929EA21E929E921EA29EA218B
S31508028960EA21EA290A2A0A2AEA210A2A0A220A2AD2
S315080289700A2A0B2A0A2A0A2A0A220B2A0B2A0A2A4C
S315080289800A2A0B2A2B2A0A220B2A2B2A0B2A0B2AF9
S315080289902B2A2B2A2B2A2B2A2B2A2B2A2B2A2B2A1F
S315080289A02B2A2B2A2B2A2B2A2B2A0B2A0B2A0A2A70
S315080289B00B2A0B2A0A2A0A2A0A2A2B2A0B2A0B2AE2
S315080289C00A2A0A2A2B2A2B2A2B2A0B2A2B2A2B2A51
S315080289D02B2A2B2A2B2A2B2A2B2A2B322B2A2B2AD7
S315080289E02B2A2B2A4B324B2A2B2A2B322B2A4C2A5E
S315080289F02B2A2B322B2A4C2A4C322B2A2B324C323C
S31508028A004B324C2A4B324C324C324B2A4C324C2A81
S31508028A104C324B2A4C324C2A4C324C2A4C324C326F
S31508028A204C2A6C324C2A6C326C324C2A4C2A6C32E6
S31508028A306C2A4C326C326C324C2A6C326C326C3286
S31508028A406C326C2A6C326C326C326D2A6C328C3215
S31508028A506D326C326D328D328D326C328D326C32B1
S31508028A608821882188198819A8218821A821A9215D
S31508028A70A821A921A921C921C921C929C921A9210F
S31508028A80C929C921C921C921C921E929C921C92156
S31508028A90EA29CA21C921C921EA21E929EA21CA21E1
S31508028AA0E929EA21EA29EA29EA210A2A0B2AEA29EC
S31508028AB0EA210B2A0A2A0B2A0A2A0A2AEA210B2A55
S31508028AC00A2A0A2A0B2A0B2A0A2A2B2A0B2A0A2AD2
S31508028AD00A2A2B2A2B2A2B2A2B2A0B2A2B322B2A17
S31508028AE00B2A2B2A2B2A2B2A2B2A2B2A2B2A0B2A0E
S31508028AF00A2A0A2A0B2A2A2A0A2A2B2A2B2A2B2A42
S31508028B000A2A2B2A2B2A0A2A0A2A2B2A2B2A2B2A10
S31508028B102A2A0B2A2B2A2B2A2B2A0B2A2B322B2AD6
S31508028B202B2A2B2A4B322B2A2C2A2B2A2B2A2B2A64
S31508028B302B2A2B2A2B2A4C324B2A2B2A2B2A4C320B
S31508028B404C2A4B2A4B322C2A4B2A4B2A4C2A4B2A82
S31508028B504B2A4C324C324C2A4C324B2A4C324C322F
S31508028B604B2A4C324C324C2A4C2A4C324C2A4C2A2E
S31508028B706C326C324D2A4C326C326C326C326D323B
S31508028B806C326C2A6C326C326D2A6C328D326C32D3
S31508028B906C326D326C326C326C326C326C326C32D4
S31508028BA06C328D326C328821A821A8218821A8210D
S31508028BB088198821A821A821A821A821C921A92183
S31508028BC0C921C921C921C929C921C921C921C9213D
S31508028BD0CA29E921C921EA21C921C921EA21C921CA
S31508028BE0CA21E929EA29EA29EA21EA290A2AEA29ED
S31508028BF00A22EA290A220B2AEA29EA210A220B2A46
S31508028C000B2A0A2A0B2A0B2A0A2A2B220A2A0B2A97
S31508028C100A2A2B2A0A220B2A2B2A0A2A0B2A0B2A67
S31508028C202B2A2B2A2B2A2B2A2B2A2B2A2B322B2A84
S31508028C302B2A0B2A0A2A0B2A0A2A0A2A0B2A0B2A5F
S31508028C402B2A0A2A0B2A2A2A0B2A2B2A2B2A0B2AEE
S31508028C502B2A2B322B2A2B2A2B2A2B322B2A2B2A4C
S31508028C602B2A2B2A2B322B2A2B2A2B2A2B2A2B2A44
S31508028C702C322B2A2B2A2B322C2A2B2A2B2A2B2A2A
S31508028C804C324B2A2B2A4B2A2C2A4C324B322C2A70
S31508028C904C324C324C2A4B2A4C324B2A4B2A4C2AFF
S31508028CA04B324C324C2A6C324B2A4C2A6C324C329E
S31508028CB04C324C2A4C2A6C326C324C326C326C2A4C
S31508028CC06C326D326C326C324C326C326C326C32C3
S31508028CD06C2A6C326C326C2A6C326D328D328C3262
S31508028CE06D328C326C328D326C326C32A821A821EC
S31508028CF08821A8218821882188198821A821A821C4
S31508028D00A821A921C921A921A921A921C921C921A4
S31508028D10C921C921C921C921C921C929CA21C921EA
S31508028D20C929EA29EA29E921E921EA29EA21EA21DE
S31508028D300A2AEA29EA21EA290A2AEA210A2A0A2A17
S31508028D400A2A0A2A0A220A2A0A220B2A0A2A0A228A
S31508028D500A2A0B2A0A2A2B2A0A2A0B2A0B2A2B2A1E
S31508028D602A2A2B2A0B2A2B2A2B2A0B2A2B2A2B2A8C
S31508028D702B2A2B2A2B2A0B2AEA290A2A0B2A0A2AFF
S31508028D800A2A0B2A0B2A0A2A2B2A0A2A0B2A2B2AEE
S31508028D900A2A0A2A2B2A2B2A0B2A2B2A0B2A2B2A9D
S31508028DA02B2A2B2A0B2A2B2A2B2A2B322B2A2B2A23
S31508028DB02B322B2A2B2A2B2A2B2A4B2A2B2A4B32AB
S31508028DC04C322B2A4C322B2A4B2A2B322C2A4B2A50
S31508028DD02B2A4C324B2A4B324B324C324B2A4C32D0
S31508028DE04B2A4B2A4C324C2A4B2A6C326C324B2A6F
S31508028DF04C324C326B2A6C324C324C2A4C326C2A2C
S31508028E004C324C2A6C326C326C2A6C326C2A6C32BA
S31508028E106D326C326C326C326C2A6D326C326C3258
S31508028E206C326C326C2A6C328D326D326C328D3207
S31508028E308D3288218821A8198821A921A821881973
S31508028E408821882188218821A821A821A821A92149
S31508028E50C921C921C929C921C929C921CA21C92999
S31508028E60C921C921CA21C921E929CA21EA29EA2926
S31508028E70EA21EA290A2A0A2AEA290A22EA29EA29F7
S31508028E800A2A0B2A0A220A2AEB29EA290A2A0B2A79
S31508028E900A220B2A0B2A0A2A0B2A0B220A2A0A2A2E
S31508028EA00B2A0A2A0B2A2B2A2B2A0A2A0B2A2B2AAC
S31508028EB00B2A2B2A2B2A2B2A2B2A0B2A0A2A0A2A7C
S31508028EC00B2A0A2A0A2A0A2A0B2A0A2A0B2A0A2AEF
S31508028ED00A2A2B2A2B2A0B2A0B2A2A2A0A2A0B2A7D
S31508028EE00A2A0A2A0B2A2B2A2B2A2A2A2B2A2B3225
S31508028EF02B2A2B2A2B2A2B2A2B2A2B2A4B322C2A91
S31508028F002B2A2B2A4B2A2B2A4C322B2A4B2A2B2A40
S31508028F104C324B2A2B2A2B324C2A4C2A2B2A4C2AE5
S31508028F202B2A4C2A4C324B2A4C324C324C2A4B2A8C
S31508028F304C324C324C324C2A4C2A4C324B2A6C322A
S31508028F406C324C2A4C2A4C326C326C324C326C2AB9
S31508028F504C326C326C326D324C2A6C326C326D3257
S31508028F606C2A6C326D326C2A6C326D326C326C320F
S31508028F706C2A6C328D326C328821A821A921881973
S31508028F80A821A82188198819A821A8218821A821F9
S31508028F908821A821A921A921C921C921C921C9290B
S31508028FA0C921C921CA21E929E929EA21EA21C921CE
S31508028FB0C921EA29EA21EA21EA290A2AEA210A2A08
S31508028FC00A2AEA210A2AEA21EA21EA290A2A0B2294
S31508028FD00A2A0B2A0A2A0A2A0A2A0A2A0B220A2AE7
S31508028FE00B2A0A2A0A222B2A0B2A2A2A0B2A0B2A94
S31508028FF02A2A2B2A2B2A2B2A2B322B2A2B2A2B2AB2
S315080290000A2A0A2A0B2A0B2A0B2A0A220A2A0B2AB4
S315080290100B2A2B2A0A2A2B2A0A2A0A2A2B2A0B2A3B
S315080290202B2A2B2A2B2A0A2A0B2A2B2A2B2A2B2AC9
S315080290302B2A2B2A2B2A2B2A2B2A2B2A2B2A2B3270
S315080290402B2A2B2A2B2A2B2A2B2A2B2A2B2A2B2A68
S315080290502B2A4C322C322B2A4C2A2B2A4C2A2B2AE4
S315080290602B324C2A4B324B2A2C2A4B322C2A4C3284
S315080290704B2A4C2A4C324B2A4C2A4C324C324C3212
S315080290804C2A4C2A4C324C2A4C324C324C2A4C2A08
S315080290906C326C326C326D324C326C2A6C326D32F6
S315080290A06C2A6C326C326C326C326D326C326C32C7
S315080290B06D326C326D326C326C326C326C328821A3
S315080290C08821A821A8218821A921A82188218819CF
S315080290D08821A921A921A821A821A921A821A92154
S315080290E0A921C921C921C921C921C921C921C92140
S315080290F0C929C921E921EA29EA29E921EA21EA292C
S31508029100EA21EA29EA21EA21EA29EA290A2A0A2295
S31508029110EA290A2A0B220A2A0A2AEA210A2A0A2AF0
S315080291200B220A2A0A2A0B2A0B220A2A0B2A0A22A3
S315080291300B2A2B2A2B2A2B2A0B2A0A2A0B2A2B2AF8
S315080291402B2A0B2A0A2A0A2A0A2A0A2A0A2A0B2A4C
S315080291500B2A0A2A0A2A0B2A2B2A0B2A2B2A0B2A19
S315080291600A2A2B2A0B2A0A2A2B2A2B2A2B2A2B2AA9
S315080291700A2A2B2A2B2A2B2A0B2A2B2A2B2A2B2A78
S315080291802B2A2B2A2C322B2A2B2A2B2A2B322B2A16
S315080291902B322B322B2A2B2A4C324B2A2B2A2B32B6
S315080291A04C324C2A4B324C2A2B322B324C2A4B321B
S315080291B04B2A4C2A4B2A4B324C324C324C2A4B2ADB
S315080291C04B324C324B2A6B324C324C324B2A6C2A7B
S315080291D06C326C324C2A4C326C326C2A6C326C32DF
S315080291E04C2A6C326C326D326D326C326C2A6D32AC
S315080291F06C326C326C2A6C326D328C328C326D3235
S315080292008D328D3288218819A821A921A821881989
S31508029210A921A921A821A8198819A821A921A92122
S31508029220A821A821A821A921C921C921C921C92959
S31508029230CA29C921C921CA21E929EA29EA21C9294A
S31508029240EA29EA21EA29EA29EA29EA29EA21EA2986
S31508029250EA290A220A2AEA290B2A0A2AEA290A2AC8
S315080292600B2A0B2A0B220A2A0B2A0B2A0A2A0A2A51
S315080292702B2A0B2A0A2A0B2A2B2A0A2A0B2A2B2AD8
S315080292802B2A0A2A0B2A0B2A0A2A0A2A0A2A0B2A0A
S315080292900A2A0A2A0B2A0A2A0A220A2A0A2A2B2A04
S315080292A00A2A0A2A2B2A0B2A0A2A0B2A2B2A0A2ACA
S315080292B00B2A2B2A2A2A0B2A2B2A2B320B2A2B2A4F
S315080292C02B2A2B2A2B2A2B2A2B322B2A2B322B2AD6
S315080292D02B2A2B2A2C2A2B2A4B2A2B2A2C2A4B328C
S315080292E02B2A4C2A4B322B2A2B2A4B2A4C2A2B2A3C
S315080292F02B2A4C2A4C322B2A4C2A4B324C2A4C2AE1
S315080293004B2A4C324C2A4B2A6C324C2A4C2A4C3267
S315080293104C2A6B324C2A6C324C324C2A4C2A4C322E
S315080293206C326C2A6C326D326C326C326C326D3243
S315080293306C326C326C2A6C326D326C326C326C3234
S315080293406D326C328C326C326D328821A8218821BA
S315080293508819A921A8218821A821A821A82188211C
S31508029360A821A821A921A821A821A921A821A921A2
S31508029370A921A921C921C929C921EA29E921EA2953
S31508029380CA21EA21E921EA29EA29EA210A2AEA215D
S31508029390EA21EA29EA21EA29EA21EA290A2AEA2124
S315080293A00A2AEA21EA210A2A0B2A0A2A0A2A0A2A5E
S315080293B00B2A0A220A2A0B2A2B2A0A220A2A2B2AC9
S315080293C00B2A2A2A2B2A0B2A2B2A2B2A0A2A0A2A68
S315080293D0EA290B2A0A2A0B2A0A2A0B2A0A220B2A02
S315080293E00B2A0A2A0B2A0B2A0A2A2B2A2B2A2B2A67
S315080293F02B2A0B2A0A2A0A2A2B2A2B2A0B2A0A2A58
S315080294002B2A2B2A2A2A0B2A2B2A0B2A2B2A2B2AE5
S315080294102B2A2B2A2B2A2B2A2B2A2B2A2B2A2B2A94
S315080294202C2A2B2A2B2A2B2A2B2A4B2A2C324B2A3A
S315080294302C2A2B324C324C324B2A4C322C2A2B32C7
S315080294404C2A4B2A4B324C324C2A4C324B324C3237
S315080294504C2A4B324C2A4B2A4C2A4C324B2A4C2A3F
S315080294606C324C326C2A4C326C326C326C326C2A4C
S315080294706C326C326C2A6C326C326C326D326D32F2
S315080294808C326D328C326C326D326C326C326C329A
S315080294908821A8218821A821A821A921A8218821D3
S315080294A0A921A921A821A819A821A921A821A92168
S315080294B0A821A821A921C921A921C921C921C921CE
S315080294C0C921C929E921EA29EA29EA21EA21EA2957
S315080294D0EA29EA21EA210A2AEA21EA290A2AEA21C2
S315080294E0EA290A2A0A22EA290A2AEA21EA210A2A68
S315080294F00A2AEA210A2A0B2A0B2A0A2A0A2A0B2AE2
S315080295000B2A0B2A2B2A0B2A0B2A2A2A0B2A2B2A44
S315080295100A2AEA29EA21EA210A2A0A220B2A0A221D
S315080295200A2A0B2A0A2A0A220A2A0A2A0B2A0A2A91
S315080295300A2A0A2A0A2A2B2A0A2A0B2A2B2A0B2A37
S315080295400B2A2A2A0B2A2B2A2B2A2B2A2B2A2B329C
S315080295502B2A0B2A2B2A2B322B2A2B2A2B2A2B3263
S315080295602B322B2A2B2A2B324B322C2A2B2A2B2A0A
S315080295702C2A4B324C2A4C322B2A4B2A4C324C324E
S315080295804B2A4B2A2B324C2A4B2A4C324C2A4B2A30
S315080295904C324C2A4C2A4C324B324C324C2A4C32E4
S315080295A04C324C324C324C2A4C2A4C324C2A4C32D3
S315080295B06C324C2A6C324C326C326C324C2A6D321A
S315080295C06C326C326C326C2A6D326C328C326D3281
S315080295D08D326C326D32A8218821A82189218821F1
S315080295E08819A819A821A821A921A921A821A92150
S315080295F08821A821A921A821A921A921C921A8210F
S31508029600C921C921C921C921C921EA29E921E92989
S31508029610EA29E921E921EA29EA29EA29EA29EA21BC
S31508029620EA210A2AEA21EA29EA210B2AEA290B2A45
S315080296300B2A0A2A0A2A0B2A0A220A2A0B2A0A2287
S315080296400B2A0A2A0A2A0B2A0A2A0A2A0B2A2B2A46
S315080296500B2A2B2A0A2A0A2A0A2AEA290A220A2A61
S31508029660EA290A2A0B2A0A220A2A0B2A0A2A0A2279
S315080296700B2A0A2A2B2A0B2A0A2A0B2A2B2A0A2AF5
S315080296800A2A2B2A2B2A2A2A0B2A2B2A2B320A2A7D
S315080296900B2A2B2A2B2A2B2A2B2A2B2A2B2A2B322A
S315080296A02B2A2B2A2C2A2C2A2B2A2B2A2B2A4C32D7
S315080296B02B2A2B324C2A2B2A2B2A4B2A2B2A4C2A88
S315080296C04B2A4B322C2A4B2A2C324C2A4B322C2A26
S315080296D04B2A4B324B2A4C2A4C324B2A6C2A4C3296
S315080296E04B2A4C326C2A4B2A4C326C2A4C324B325D
S315080296F06C2A4C2A4C326C326C326D326C2A4C32E1
S315080297006C326C326C2A6C326C2A6C326C326C3269
S315080297106D326C326C328D326C326C328821A821F1
S31508029720A8198819A921A821A921A921A82188212E
S31508029730A921A921A821A8218819A921A921A821F5
S31508029740A821A921A921A921A921C921C921C9215A
S31508029750C921EA29CA21EA21EA29E921EA21EA29CB
S315080297600A22EA21EA29EA29EA21EA29EA290A2A27
S31508029770EA210A22EA210A2AEA210A2A0A2AEB21E4
S315080297800A2A0A2A0A220B2A0B220A220B2A0A2A3E
S315080297902B2A0A2A0A2A2B2A0A2A0A2AEA210A2A00
S315080297A0EA290B2A0A2A0A2AEA290B2A0A2A0A2251
S315080297B00B2A0A2A0B2A0B2A2B2A0A2A0A220A2ADD
S315080297C00B2A0A2A2B2A2B2A0A2A0A2A2B2A2B2A64
S315080297D00A2A2B2A2B2A2B2A0B2A0A2A2B2A2B2A33
S315080297E02B2A2B2A2B2A2B2A2B2A2B2A2B2A4B3299
S315080297F02B2A2B2A4B2A2B2A2B2A4B324B2A2C3240
S315080298002B324B2A4C324C2A4B2A2B324C2A4B32BD
S315080298104C2A4B324C322C2A4B324C324C2A4B2A8B
S315080298204B324C2A4C2A4B2A4C324C324C2A4B2A63
S315080298304C326C2A6C326C324C326C2A6C326C3278
S315080298406C2A4C2A6C326D326C326C326D326D3245
S315080298506C2A6C326C326D326C326C326D328C32EE
S315080298608D3288218821A8218821A821A82188212A
S31508029870A921A921A821A821A921A921A821A9218B
S31508029880A821A921A821A921A821A921A921C9215B
S31508029890C929C921C921C921C929CA21C921EA292E
S315080298A0EA29EA21EA29EA210A2AEA290A220A2AC5
S315080298B00A2AEA210A2AEA210A2AEA29EA21EA29B5
S315080298C0EA210A2A0A2A0B2A0A2A0A2A0A2A0B2A0F
S315080298D00B2A0A2A0B2A0B220B2A2B2A0A2A0A22C3
S315080298E0EA290A2AEA210A220A2A0B2A0A220A2229
S315080298F00B2A0A2AEA210A2A0A2A0A2A0B2A0A2ADF
S315080299000B2A0A2A0B2A0A2A0A2A2B2A0B2A0A2A83
S315080299100A2A0B2A2B2A0B2A2B2A2B2A2B2A2B32E8
S315080299202B2A2B2A0B2A2B2A0B2A2B2A2B2A2B2ABF
S315080299302B2A2B322C2A2B2A2C322B2A4C322B2A34
S315080299402B2A2B2A2B2A4B2A2C322B2A2B2A2C2A35
S315080299504B2A2B324C2A4B322B2A4C2A4C324C2A73
S315080299604B324C324C2A4B324C324C2A4C324C3209
S315080299704C2A4C324C326C324C2A4C2A4C324C32DF
S315080299804C2A6C326C324C2A4C326C326C2A4C326F
S315080299906C326C326C326D326C2A6C326C326C32CE
S315080299A08D326C326C2A6C328821A819882188215A
S315080299B0A921A821A819A821A821A921A821A92154
S315080299C0A921A921A921A921A821A921A921C92118
S315080299D0A821A821C921C929C921C921C929CA2158
S315080299E0C921C921E921EA29EA21EA29E929EA2933
S315080299F0EA21EA210A2AEA29EA21EA29EA290A2A95
S31508029A00EA210B2A0A2A0B2A0A2A0A2AEB210B2AF4
S31508029A100A2A0B2A0A2A0A2A0A2A2B2A0A220B2A7B
S31508029A202B2A0A22EA290A2A0A2AEA21EA290A2AD8
S31508029A300A2A0B2A0A2A0A2A0A2A0B2A0A2A0B2A73
S31508029A400A220A2A0B2A0B2A0B2A0A2A0B2A0B2A69
S31508029A502A2A0B2A0B2A0A2A2B2A0A2A0B2A2B2AF1
S31508029A602B2A0A2A0B2A2B2A2B2A2B2A2B2A2B3277
S31508029A700B2A2B2A2B2A2B2A2B2A2B2A4B2A2B2A2E
S31508029A802B2A2B2A4C324B2A2B2A2C2A4B2A4B2A94
S31508029A902B2A4C324C324B2A2B2A4C2A4C324B2A32
S31508029AA04B2A4B2A4C324B2A4C2A4C2A4B2A4B2AF3
S31508029AB04C324C2A4B324B2A4B2A4C326C324B2AAA
S31508029AC04C2A4C324C2A4C326C324C2A4C326C326E
S31508029AD04C2A4C2A6C326C2A6C326C326C326D32DD
S31508029AE06C326D326C2A6C326D326C326C32881979
S31508029AF0A821A821891988198821A821A8198921A4
S31508029B00A821A821A821A821A821A921A821A821FC
S31508029B10A821A921C921C921C921A921C921C92146
S31508029B20C921C921C921CA29C921C921C921E929A4
S31508029B30EA21EA21EA29EA21EA29EA29EA21EA299D
S31508029B40EA29EA21EA290A2A0A2A0A2A0B220A2AD7
S31508029B50EA210A2A0A2A0B2A0A220A220B2A0A2A8C
S31508029B600A2A0B2A0A2A0A2AEA29EA21EA210A2AB7
S31508029B70EA290A2A0A22EA29EA210A2AEA290B22D0
S31508029B800A2AEA290B2A0B2A0A222A2A0A2A0A2234
S31508029B900B2A0A2A0B222B2A0A2A0A2A0B2A2B2AD8
S31508029BA02B2A0A2A0B2A0A2A0B2A2B2A2B322A2A78
S31508029BB00B2A2B2A2B2A2B2A2B2A2B322B2A2B2A05
S31508029BC02B2A2B2A2B2A2B2A2B2A4B324C322B2A8C
S31508029BD02B322C2A2B2A4B324B2A4C2A2B322B2A53
S31508029BE02C322B2A4C324C322B2A4B2A4C324C32F0
S31508029BF04B2A4C2A4C324C324B2A4C324C324C2A87
S31508029C004C326C324C2A6C326C324C2A4C326C32E4
S31508029C104C2A4C2A6C324C324C326C2A4C326D32FB
S31508029C206C326C2A6C2A6C326C326D326C326C3243
S31508029C306D326C3288218821A821A8218821A92180
S31508029C40A921A821A921A821A921A919A821A921BF
S31508029C50A921A921C921A821A821C921A921A92166
S31508029C60C921C921A929C921C921C929CA21C921A3
S31508029C70CA29EA21C921E929EA21EA21EA29EA21A6
S31508029C800A2A0A22EA290A22EA290A22EA210A2AA7
S31508029C90EA210A2A0A2A0B2A0A2A0A220B2A0A2A43
S31508029CA00B2A0B2A0A220B2A0B2A0A22EA29EA2952
S31508029CB00A2AEA290A2AEB290A220A2AEA21EA2987
S31508029CC00B2A0A22EA290A2A0A2A0A220B2A0A2A13
S31508029CD00B2A0A2A0B2A2A2A0A2A0A2A0B2A0A2AB1
S31508029CE00A2A0B2A2B2A2B2A0A2A0B2A2B2A2A2A3F
S31508029CF02B2A2B2A0B2A2B2A2B2A0B2A2B2A2B32E4
S31508029D002B2A2B2A2B2A2B2A2B322B2A2C2A2B2A92
S31508029D104B322B2A2C2A4B322B2A2C2A2B2A2B2A39
S31508029D204C322B2A4B2A4B2A2B2A4C2A4C324C329F
S31508029D304C2A4C324B324B2A4C2A4C324B2A4C2A4E
S31508029D404C324C324C2A4C324C2A4C2A4C324C322B
S31508029D504C2A4C326C324C324C326C326C326C2A93
S31508029D604C324C2A4C2A6C326C326D326D326C2A69
S31508029D708C326D326C326C326D32882188218819A8
S31508029D80A821A821A921A821A821A821A921A92178
S31508029D90A821A921A821A821A921C921A821A92147
S31508029DA0C921A921A821C921C921C921C929CA218B
S31508029DB0C921E921E929E929EA21CA21C929E92189
S31508029DC0E929E929EA21EA29EA21EA21EA29EA2905
S31508029DD00A2A0A2AEB21EA29EA290A220A2A0A2A45
S31508029DE00A220A2A0B2A0A2A0B2A0A2A0B2A0A2AC8
S31508029DF0EA21EA21EA29EA210A2AEA290A22EA2999
S31508029E000A2A0A2A0B2A0A2AEA29EA210B2A0A2AEA
S31508029E100A2A0A220B2A0A2A0B2A0B2A0B2A0A2A96
S31508029E200B2A2B2A0B2A2A2A0B2A0B2A2A2A0B2A1C
S31508029E300B2A2B2A2B2A2B322B2A0A2A2B2A2B2AA3
S31508029E402B2A2B2A2B2A2B2A2B2A2B2A2B2A2B2A5A
S31508029E502B2A2B324C2A4B2A2B2A2B2A4C324B32B0
S31508029E602B2A2B2A2B2A4C2A2B324C2A4C322B2AC7
S31508029E702B2A4B2A4C324B2A4B2A2C2A4B324C324F
S31508029E804C2A4B324C2A4C2A6B324B2A4C2A4C32DD
S31508029E904B324C326B2A4C2A6C326C2A4C2A4C3284
S31508029EA06C326C2A4C326C326C326C324C2A6C3202
S31508029EB06C326D326C326C328D326C328C328D323F
S31508029EC08821881988218821A821A819A8198921F1
S31508029ED0A821A921A921A821A921A821A921A92125
S31508029EE0C921A921A921C921A821A921C921C92193
S31508029EF0C921C921C921C921C921CA29C921C921F9
S31508029F00EA29C921E921EA29C921E921EA29EA2115
S31508029F10EA29EA29EA21EA290A2A0A220B2A0A2A24
S31508029F200B2AEA210B2A0B2A0A2A0B2A0A2A0A2AA6
S31508029F300B220A2A0A22EA21EA290A2AEA210A2AF3
S31508029F400A2AEA290B2AEA21EA210A2AEA210A2AFC
S31508029F500A2AEA210A2A0A2A0B2A0A2A0A2A0B2280
S31508029F600A2A2A2A0B2A0A2A0B2A0A220A2A0B2A26
S31508029F702B2A2A2A0B2A2A2A2B2A0B2A2B2A2B2A6B
S31508029F800B2A2B2A2B2A2B322B2A2B2A0B2A2B2A51
S31508029F902B322B2A2B2A2B2A2B2A2B322C2A2B2AF8
S31508029FA02B2A4C2A4C322B324B2A4B2A2B2A2C325E
S31508029FB04C324C322B2A4C324B2A4C324B2A4B2AE5
S31508029FC04C324C2A4C324C324B2A4C324C324B2AAB
S31508029FD04B326C324C324C2A6C324C2A4B326C3233
S31508029FE06C2A4C324C2A6C2A4C324C326C2A6C3211
S31508029FF06C326C324C2A6C2A6C326C326D326C3290
S3150802A0006C326D326C32A82188218821A821A921B7
S3150802A010A8218821A821A921A821A821A921A8190E
S3150802A020A921A921A821A821A921A921A821C921B3
S3150802A030C921C921C929C921C921C921C921CA29AF
S3150802A040C921C921C921C921CA21C921CA29C921A6
S3150802A050C921EA21E929EA290A220A22EA29EA2160
S3150802A0600A2A0A220A2A0A2A0A2A0B2A0A2A0A2A47
S3150802A0700B2A0A220A2A0B2A0A22EA29EA29EA21A9
S3150802A080EA29EA210A2A0A2AEA21EA290A2AEA21DD
S3150802A0900A2A0A220A2A0A2AEA29EA21EA290A2A83
S3150802A0A00B2A0B2A0A222A2A0B2A0B2A0A2A0A2AE4
S3150802A0B00B2A0A2A0B2A0B2A0A2A0B2A0B2A0A2AEB
S3150802A0C00A2A0B2A2B2A0A2A0B2A2B2A2A2A2B2A5B
S3150802A0D02B2A2B2A2B2A2B322B2A2B2A2B322B2AB8
S3150802A0E02B2A2B2A2B322B2A2B2A2B2A2B2A2C2AAF
S3150802A0F04C322B324B2A2B2A4B2A4C324C2A4B2ACD
S3150802A1002C324C324B2A2C2A4B2A4B2A4B2A4C2AC3
S3150802A1104C2A4B324C2A4C2A4C324C2A4C326B2A49
S3150802A1204C2A4C324C2A4C326C326C326C326C32BF
S3150802A1304C2A4C326C326C326C324C2A6C326C328F
S3150802A1406C2A6C2A6C326C326C326C328821882109
S3150802A1508819A82188218821A921A821A821A81916
S3150802A160A921A821A921A921C821A921A821C92152
S3150802A170C921A921C921A921A921C921C921C929D7
S3150802A180C921C921C929C921CA21E929C921CA213D
S3150802A190EA29E921CA21CA29E921CA21EA29EA2999
S3150802A1A0EA29EA21EA29EA290A2AEA21EA290A2AD5
S3150802A1B00A22EA290B2A0A2A0A220B2A0A2AEA2147
S3150802A1C0EA29EA29EA21EA29EA29EA210A2AEA29D6
S3150802A1D0EA21EA290A2AEA290B2A0A22EA290B2A61
S3150802A1E00A220B2A0A2A0A2A0B2A0A2A0B2A0A2AC4
S3150802A1F00B2A0A222B2A2B2A0B2A2A2A2B2A0B2A31
S3150802A2002A2A2B2A2B2A2B2A0B2A2A2A2B2A2B2AB8
S3150802A2102B2A0B2A2B2A2B2A2B2A2B2A2B2A2B2AA6
S3150802A2202B2A2B2A4B2A2B2A2C2A4B2A2B2A2B2A35
S3150802A2302B322B2A2B2A4B2A4B2A2B2A4C2A4B2ADD
S3150802A2404B322B2A2B2A4C324C324B324C2A2B328B
S3150802A2504C324B2A4C324C2A4B2A4C324C2A4B2A29
S3150802A2604B324C324C2A4C324C2A4B2A4C324C2A10
S3150802A2704C326C326C326C326C2A6C326D326C2A0D
S3150802A2804C2A6C326C324C2A6C326C326D326C321D
S3150802A2906D3288218821A819A92188218819A8211F
S3150802A2A0A921A821A921A921A821A921A821A92151
S3150802A2B0C921A921C921C921C921C921C921A9217E
S3150802A2C0C921C921C921C921C921CA29C921E92105
S3150802A2D0CA29C921E921E929CA21E929EA29EA215A
S3150802A2E0E921C921EA21EA29EA21EA210A2A0B2ACD
S3150802A2F0EA210B2A0B2AEA210A2A0A2A0A220A2A06
S3150802A3000A2AEA21EA21EA29EA29EA210A2A0A2A5A
S3150802A310EA21EA290A2A0A2AEA210A22EA29EA2152
S3150802A3200A2AEA210A2A0B2A0A2A0A220A2A0A2AAD
S3150802A3300B2A0A220A2A2B2A0A2A0A2A0B2A0B2A51
S3150802A3402A2A2B2A0B2A2A2A0B2A0B2A2B2A0A2AD8
S3150802A3500B2A2B2A2B2A0A2A2B2A2B2A0A2A0B32BF
S3150802A3602B2A2B2A2B2A2B2A2B322B2A2B2A2B3225
S3150802A3702C2A2B2A4B322C2A2C2A4B324C322B2AA9
S3150802A3802B2A2C322C2A2C2A4B324C324B2A4C3270
S3150802A3904B2A2B2A4C324C2A2B2A4C324C324B2A29
S3150802A3A04C324C2A4B2A4C324C2A4C326C326C3286
S3150802A3B04C2A4C2A4C324C2A6C324C324C2A6C327D
S3150802A3C04C2A4C326C326C326C326C324C324C2A1D
S3150802A3D06C326C326C326C3288198821A821882139
S3150802A3E08819A821A821A921A821A821A921A8213B
S3150802A3F0A821A921A921A921C921C921C921C9217E
S3150802A400C921C921C921C921C929C921C921C929DC
S3150802A410C921C921C921CA29C921C921CA21E921B2
S3150802A420E921CA21EA29E929EA21C921EA21EA29EF
S3150802A430EA21EA21EA210A2A0A2A0A2A0A2A0B2AE6
S3150802A4400A2AEB29EA21EA29EA29EA29EA21EA215A
S3150802A450EA21EA29EA29EA21EA21EA290A2A0B2A29
S3150802A460EA210A2AEA21EA290A2A0A2A0B2A0A2AAE
S3150802A4700A2A0B2A0A220A2A0A2A0B2A0B2A0A2A31
S3150802A4800A2A0B2A0B2A2A2A0B2A0A2A0B2A2B2AD7
S3150802A4900A2A0A2A2B2A0B2A2B2A2B320B2A0A2A9F
S3150802A4A02B2A2B2A2B2A2B2A2B2A2B2A2B2A2B2AF4
S3150802A4B02B2A2B324B2A2B2A4C324B2A2B2A2B2A73
S3150802A4C04B322C2A2B2A4B322B2A2B2A4B2A4C2A42
S3150802A4D02B2A2B2A2B2A4C324B2A4C2A4B2A4B2A1A
S3150802A4E04C324C2A4C324B2A4B324C324C324C2A86
S3150802A4F04B2A4C324B2A4C326C324C324C2A6C3236
S3150802A5006C324C2A4C324C324C324C2A6C324C2A23
S3150802A5104C326C326C2A6C326C326C2A6C32882160
S3150802A5208821A821A8218821A921A8218819A92139
S3150802A530A821A821A821A821A921C921C821A92180
S3150802A540C921C921A921A921A921C921C921C92903
S3150802A550C921C921CA21C921C921C921CA29C92191
S3150802A560EA21C929EA29C921E929EA29EA21EA299E
S3150802A570E921EA29EA29EA29EA29EA21EA29EA214C
S3150802A580EA21EA21EA21EA290A2AEA21EA29EA2922
S3150802A590EA21E929EA29EA21EA29EA290A2AEA210B
S3150802A5A0EA29EA210A2AEA29EA29EA210A2AEA21D9
S3150802A5B0EA21EA290A220A2A0A2A0A2A0B2A0A2A3C
S3150802A5C00B2A0B220A2A0B2A0B2A0A2A0A2A2B2ABE
S3150802A5D02B2A0A2A2B2A2B2A0B2A2B2A2A2A0B2A25
S3150802A5E00B2A2B2A2B2A2B2A2B2A2B2A0B2A2B2AF3
S3150802A5F00B2A2B2A2B2A2B2A2B2A2C2A2B2A2B2AC2
S3150802A6002B2A2B2A2B322B2A2B2A2B2A4C322B2A61
S3150802A6104B2A4C322B2A4B2A2C324C322B2A2B32DF
S3150802A6204C322C2A4C324B2A4B2A4C2A4C324C2A74
S3150802A6304C2A4C324C326C324C2A4C324C324C320A
S3150802A6406C2A4C2A4B2A4C324C326C2A6C326C2AB3
S3150802A6504C324C326C2A4C326C326C324C2A6D3289
S3150802A6606C326C328821A8218819A8218921881977
S3150802A670A8218821A921A821A921A921A921A9219D
S3150802A680A821A921A921A821A921C921C921C9210C
S3150802A690C921C921C921C921CA29C921C921C92151
S3150802A6A0C921C921E921C921EA29CA21C921C92100
S3150802A6B0CA21EA21E921CA29E921E921EA21EA2965
S3150802A6C0EA29EA21EA29EA290A2A0A2A0A22EA298F
S3150802A6D0EA21EA21EA21EA29E921EA29EA29EA21FB
S3150802A6E00A2AEA21EA29EA29EA21EA210A2AEA2998
S3150802A6F00A2A0A2A0A22EA290A2AEA210B2A0B2AFA
S3150802A7000A2A0A2A0A220A2A2A2A0B2A2A2A0B2A5F
S3150802A7100A2A0B2A0A2A0B2A2B2A0B2A0B2A2B2A43
S3150802A7202B2A2B2A0A2A0B2A2A2A0B2A0B2A0A2A14
S3150802A7302B2A2B2A2B322B2A2B322B2A2B2A2B2A51
S3150802A7402B2A2B2A2B2A2B2A2B2A2B2A2B2A2B2A51
S3150802A7504B322C2A2B2A4B2A4C324C322B2A4B2A86
S3150802A7604C2A2B2A4B2A4C324B2A4C324B2A4C3235
S3150802A7704B2A4C324B2A4C2A4B2A4B324C2A4C3205
S3150802A7804C2A6B2A4C324C324B2A4C324C2A6C32AB
S3150802A7904C326C2A6C324C2A6C326C324C2A6C3231
S3150802A7A06D324C2A6C326C326C32882188198819BF
S3150802A7B0A821A8218821A819A821A821A921A92167
S3150802A7C0A921A921C821A921A921A921C821C921CB
S3150802A7D0A921C921C921A929C921C921C929C92149
S3150802A7E0C921C921C929CA21C921C929CA21C921F7
S3150802A7F0C921EA29EA29C921E929EA29EA21EA2114
S3150802A800EA29E921EA21EA29EA29EA210A2A0A2A77
S3150802A810EA21EA29EA21EA29EA29E921E929EA21B2
S3150802A820EA29E921EA21EA21EA29EA210A2AEA2980
S3150802A830EA290A22EA21EA290A2AEA210B2A0B2A02
S3150802A8400A2A0A2AEA290A2A0A2A0B2A0A2A0B2A77
S3150802A8500A2A0B2A2A2A0B220A2A0A2A2B2A0A2A0D
S3150802A8600A2A2A2A0B2A2B2A0B2A2A2A2B2A2B2A93
S3150802A8700B2A0A2A0B2A2B2A2B2A0B2A2B2A2B2AA1
S3150802A8802B2A2B322B322B2A2B2A2B2A2B2A2B2A00
S3150802A8902B322B2A2B2A2B2A2B2A2B2A2B324C2ACF
S3150802A8A04C2A4B322B2A4C324C2A4B2A4B2A2B3215
S3150802A8B04C324C2A4C322C2A4C324C324C324C2AD0
S3150802A8C04C2A4C324B2A4C324C326C2A4C326C3261
S3150802A8D04C2A4C2A6C324C324C324C2A4C326C3250
S3150802A8E04C2A4C2A6C326C324C2A6C326C326C2AE8
S3150802A8F08821882188218819A8218821A921A921A6
S3150802A900A821A819A821A921A921A821A921C921D3
S3150802A910A821C921C921C921C921C929C921C921F0
S3150802A920C921C921C921CA21C921C921C921C929BE
S3150802A930C921EA29C921C921EA29EA29E921EA21FB
S3150802A940EA29EA29E921EA29EA29E921EA21EA2181
S3150802A950EA21EA29EA21EA21EA21C921E921EA29A1
S3150802A960EA29E921EA29EA21EA29EA29E921EA2161
S3150802A970EA29EA21EA210A2A0A2AEA21EA290A2AE4
S3150802A980EA210A2AEA210A2A0A220B2AEA290B2298
S3150802A9900A2A0B220A220A2A0A2A0B2A0B2A0A2A14
S3150802A9A00B2A0B2A0A2A0B2A0B2A0A2A2B2A0A2AD2
S3150802A9B02B2A0B2A2B2A2B2A2B2A0A2A0B2A2B2A40
S3150802A9C02B2A2B2A0B2A2B2A2B2A2B2A2B322B2AE7
S3150802A9D00B2A0B2A2B2A2B2A2B2A2B2A2B2A2B2AFF
S3150802A9E02C322B2A2B2A2B2A4C2A4C322B2A2B3254
S3150802A9F04C324C2A2B2A4B324B2A4C2A4B324B2AA4
S3150802AA004C2A4C324B324C2A4B324C2A6C324C3240
S3150802AA104C2A4C326C324C2A4C324C2A4C324C322E
S3150802AA206C326C324C2A6C326C326C326C326C324E
S3150802AA304C2A6C326C32A8218819882188218819F7
S3150802AA40A821A8218819A921A821A821A921C921B3
S3150802AA50A921A921C821A921A921A921C921A92157
S3150802AA60C921C921C921C921C921C929C921C9217E
S3150802AA70C929C921C921C921EA21E929E921EA21E4
S3150802AA80C921C921EA21C921EA29E921C921EA21DB
S3150802AA90EA29E929EA29EA21EA29EA29EA21E92920
S3150802AAA0C929C921EA21EA29EA21EA29EA29EA2958
S3150802AAB0EA29EA21EA29EA21EA29EA290A2AEA29DD
S3150802AAC0EA210A2AEA29EA290A22EA29EA21EA29B4
S3150802AAD0EA210A2A0A2A0A2A0A2A0A2A0B220B2AF5
S3150802AAE00A2A0A2A0B2A0B222A2A0A2A0B2A0A22A3
S3150802AAF00A2A0B2A0B2A2A2A0A2A0A2A2B2A0B2A62
S3150802AB002B2A2B2A2B2A2B2A2B2A2B322B2A2B2A85
S3150802AB102B2A2B2A2B2A2B2A2B2A2B322B2A2B2A75
S3150802AB202B324C322B2A2B2A4B2A2B324B2A2B2AF4
S3150802AB302B2A2B2A4B2A2C324C324C2A2B2A4C2AC9
S3150802AB404C324B2A4B2A4C324B2A4C2A4C324B2A31
S3150802AB504C324C2A4B2A4B324C326C2A4C324C32EF
S3150802AB606C2A4C2A6C326C326C2A4C324C326C2A65
S3150802AB704C324C2A4C324C324C2A6C328819882177
S3150802AB80882188218821A81988218821A921A92113
S3150802AB90A821A921C921C821A821A921C921A921F8
S3150802ABA0C921C921C921A921C921C921C921C92165
S3150802ABB0C921C929CA21CA29C921C921CA21E929FA
S3150802ABC0C921C921C921C929EA29C921EA29EA29A2
S3150802ABD0EA21CA21C921EA29EA29EA29EA21EA2136
S3150802ABE0E921E921CA29EA21C921C921E921E9215B
S3150802ABF0EA29EA29EA21E921EA29EA21E929EA21CF
S3150802AC00EA210A2A0A2AEA29EA210A2A0A220B2A0E
S3150802AC100A2AEA290A2A0A220B2A0A2A0B2A0A2AAB
S3150802AC200A2A0B2A0A2A0A2A0A2A0A2A0B2A0A2A72
S3150802AC302B2A2B2A0B2A0B2A2B2A0B2A2B2A0B2ADC
S3150802AC402B2A0B2A2B2A0A2A2B2A2B2A2A2A0A2AAF
S3150802AC502B2A2B2A0B2A2B2A2B2A0B2A2B2A2B2A7C
S3150802AC602B322B2A2B2A2B2A4B322B2A2B2A2B2AFC
S3150802AC702C2A2B322B2A2C2A4C2A4B2A2B2A4B32A9
S3150802AC802B2A4C324C324C324C324C324B2A4C2AFE
S3150802AC904C324C2A4B324C324C2A4C2A4C324B2AD6
S3150802ACA04C2A6C326C326C324C2A4C326C324C2A3C
S3150802ACB06C326C326C326C324C2A4C2A4C326C3204
S3150802ACC06C3288218821A81988218821A821A921DE
S3150802ACD0A821A821A921A921A821A921A821A92118
S3150802ACE0C921A821C821C921C921C921C929C92916
S3150802ACF0A921C921C921CA21C921C929C921C9210B
S3150802AD00C921CA29CA21C921CA21EA29EA21C9218E
S3150802AD10C921CA21E921EA29EA21C921EA29EA211E
S3150802AD20EA21EA29E921C921C929EA21EA21CA2906
S3150802AD30C929EA29E921C921EA21E929EA21EA29CF
S3150802AD40EA29EA290A2AEA210A220A2AEA21EA2910
S3150802AD500A2AEA29EA210B2A0A2A0A2A0B2AEA21B4
S3150802AD600A2A0A2A0A220A2A0B220B2A0A2A0B2248
S3150802AD700A2A0A2A0B2A2B2A0A2A0A2A0B2A0A2A00
S3150802AD802B2A2B2A0B2A2A2A2B2A0B2A2A2A0B2A6D
S3150802AD902B320B2A0A2A0B2A2B2A2B2A2B322B2A4C
S3150802ADA00A2A0B2A2B2A2B2A2B2A2B2A2B2A2B2A2C
S3150802ADB02B2A2B2A2B2A2B2A4C324B322B2A4B3262
S3150802ADC04C324C2A4B324C2A2B2A4B324B2A4C2ACF
S3150802ADD04C324B2A4C2A4C324B2A4C2A4C324C3295
S3150802ADE06C326C324C2A4B2A6C324C324B2A4C321D
S3150802ADF04C2A4C324C326C326C324C326C326C2AE3
S3150802AE006C324C2A6C326C3288218819A821882126
S3150802AE10A8218819A921A821A921A821A821A921FF
S3150802AE20A921A821A921A921C921A921A821C92184
S3150802AE30A921C921C921C921C929C921C921C921CA
S3150802AE40C929C921C921C929E921E929C921C9214A
S3150802AE50C921EA29EA29EA29E921EA29EA29E92185
S3150802AE60EA21EA29EA29E921E929C921C921CA29BE
S3150802AE70E921C921C921CA21E929EA29EA21C921DF
S3150802AE80EA29E921E921EA21EA29EA29EA29EA2934
S3150802AE90EA210A2AEA210A2AEA290A2AEA210A2A9E
S3150802AEA00B2A0A22EA29EA210A2AEB290A220A2A6B
S3150802AEB00A2A0B2A0A2A0B2A0A220B2A0B2A0A2AE6
S3150802AEC00B2A2A2A0A2A0A2A0B2A2B2A0A2A0B2A8E
S3150802AED02A2A0B2A0B2A2B2A0B2A2B2A0B2A0A2A5C
S3150802AEE02B2A0B2A0A2A2B2A2B2A2B2A2B322B2AE3
S3150802AEF02B2A2B2A2B2A2C2A2B2A2B322C2A2B2A90
S3150802AF002B2A2B2A2B322B2A2B2A2B2A2C324B2A58
S3150802AF104C2A4C324B2A4C324B2A4C324C324B2A54
S3150802AF204C324B2A4B324C324C2A4C324C326C2A1B
S3150802AF306C324C324C2A6C324B2A4C2A6C326C2AB2
S3150802AF406C324C2A6C326C324C2A4C2A6C3288216E
S3150802AF508821A8218821A821A921A921A821A821D7
S3150802AF60A919A821A821A921A921A821A821A9218D
S3150802AF70C921A921A921A921A921C921C921C929E9
S3150802AF80C921C921C921CA21C921C921C921CA2957
S3150802AF90C921C921C921C921C921C921C921EA2928
S3150802AFA0EA21C921EA29EA29E921EA21EA29C92164
S3150802AFB0C921C921C921C929C921C921C921EA2108
S3150802AFC0E929C929EA21C921C929EA21EA290A2A34
S3150802AFD0EA21EA21EA29EA29EA21EA290A2A0A22A7
S3150802AFE00A2AEA21EA21EA210A2AEA29EA210A2A76
S3150802AFF00A2A0A2A0A2A0A220A2A0A2A0A222B2A90
S3150802B0000B2A0A2A0B2A2B222B2A2B2A0A2A0B2A32
S3150802B0102B2A2B2A0B2A2B2A2A2A0B2A2B2A0A2ADA
S3150802B0202B2A2A2A0A2A0B2A2B2A0B2A2B2A2B2ACA
S3150802B0302B2A2B2A2B2A2B2A2B322B322B2A2B2A48
S3150802B0402B2A2B2A2B2A2B2A2B2A2B2A4B324C2AFF
S3150802B0502B2A4B322C2A4B322B2A4C324C2A2B2A9D
S3150802B0604B324C2A4C2A4B324C2A4C2A4C324B2A0B
S3150802B0704B324C2A4C324C2A4C2A4C326C326C32A9
S3150802B0804C326C324C2A4C326C324C326C326C3248
S3150802B0904C2A6C328819A821A8218819A821A82126
S3150802B0A0A8218821A921A921A821A821A921A92164
S3150802B0B0C821C921A921A921C821C921C921C92172
S3150802B0C0C929A921C921C929CA29C921C921EA29FE
S3150802B0D0C921C921CA29C921CA21C929C921CA21FD
S3150802B0E0C921C921EA29C921C921EA29EA21EA2964
S3150802B0F0EA21C921C921CA29C929C921CA29E9298D
S3150802B100CA29C921C921CA21E929CA21EA21E92963
S3150802B110EA29EA21E921EA29EA210A2AEA21EA2987
S3150802B120EA29EA210A2A0A2A0A2AEA290A2A0B2AD9
S3150802B1300A2A0A22EA29EA290B220A2A0B2A0A22B7
S3150802B1400A2A0B2A0A2A0A2A0A2A0B2A0A2A0B2A4C
S3150802B1502B2A0A2A0B2A2B2A2B2A0B2A0A2A0B2AD9
S3150802B1600A2A0A2A2B2A0B2A0B2A0A2A2B2A0A2AEB
S3150802B1702B2A2B2A2B2A2B2A2B2A2B322B2A2B2A0F
S3150802B1802B2A2B2A2B2A2B322B2A4C2A2B2A2C2ADD
S3150802B1904B324B2A2C2A2B2A4B2A4C324B2A4B321D
S3150802B1A04C2A4C324B2A4B2A4C324C324B2A4C32C2
S3150802B1B04C2A4C326C326C2A4B324C2A4B324B2A72
S3150802B1C06C326C324C2A4C2A6C324C326C2A6C32F7
S3150802B1D04C2A6C324C2A4C326C32882188218821BE
S3150802B1E088198821A921A921A821A8218821A9216C
S3150802B1F0A821A921C921C921A921C921A821C92171
S3150802B200A921A921C929C921C921C921C921C92116
S3150802B210C921C921C921C929E921C921E921C9297E
S3150802B220E921C921CA29C921CA21EA29E921EA2922
S3150802B230EA21E929EA29C921C921C921C921C9213C
S3150802B240C921E921CA21C929EA21C921C929EA212B
S3150802B250C921E929EA21C921EA29EA29E921EA29AA
S3150802B260EA29EA210A2A0A2AEA29EA290A22EB29E2
S3150802B270EA29EA210A2AEA210B2A0A2AEA29EA21DA
S3150802B2800A2AEA290B2A0A2A0A220A2A0B2A0B2A34
S3150802B2902B2A0A2A0B2A0A2A0A2A0A2A0B2A0A2ADB
S3150802B2A02B2A0B2A0B2A0A2A0A2A0B2A0B2A2B2AA8
S3150802B2B02B2A2B2A0B2A2B2A2B2A2B2A2B2A0B2A16
S3150802B2C02B2A2B2A2B2A2B322B2A2B2A2B2A2B2ABE
S3150802B2D02B324B2A2B2A2B2A2B2A4B322C322B2A5D
S3150802B2E02B2A2B2A2C2A2B2A4B324C2A4C324C320A
S3150802B2F04B2A4C324B2A4B324C2A4B2A4C2A4C327A
S3150802B3004C326C2A4C324C2A4C2A6C324C326C32F5
S3150802B3106C324C2A6C324C326C324C2A4C2A6C32C5
S3150802B320881988218821A8218819A821A92188197C
S3150802B330A821A921A921A821A821A821A921A921B1
S3150802B340A921A921A821A921A921A821C921C9215F
S3150802B350C929C921C921C921C921C921C921C92185
S3150802B360CA21C929EA21C921C921EA29E921EA29E1
S3150802B370C921E921CA29C921EA21C921C921C92123
S3150802B380C921C921C929C921CA21C921C921EA292B
S3150802B390EA21C921C929EA29CA21C921EA21EA21B8
S3150802B3A0EA29E921E921EA21EA29EA21EA210A2AFE
S3150802B3B0EA210A2AEA210A220A2AEA29EA210B2A80
S3150802B3C00A2A0A2A0B2A0A2A0A220A2AEB290A22FC
S3150802B3D00B2A0A2A0A2A0A220B2A0A2A2B2A2B2A81
S3150802B3E02B2A0A2A0A2A2B2A2B2A0A2A0B2A2B2A28
S3150802B3F02A2A0A2A0B2A2B2A2A2A0B2A2A2A2B32F1
S3150802B4000B2A2B2A2B2A2B2A2B2A2B2A2B2A2B2AA4
S3150802B4102B2A2B2A2B2A2B322B2A2C2A2B322B2A63
S3150802B4202B2A4B324C2A2B2A4C324B2A4C2A4C3288
S3150802B4304B2A2B2A4C2A4C2A4C324C2A4C324C3256
S3150802B4404C2A4B324C324C2A4C2A4B326C326C32D6
S3150802B4504C2A4C326C326C324C2A4C326C326C2A84
S3150802B4606C326C326C328821A8218819A821A9214C
S3150802B470A821A8218819A921A821A921A819A921A1
S3150802B480A821A821A921C921C821A921C921C821E0
S3150802B490C921C921C921C929C921C921C921C9293C
S3150802B4A0CA21C921C929C921CA21C921EA29E929E1
S3150802B4B0C921EA21C921EA29EA29EA21E921CA296F
S3150802B4C0C921C921C929C921C921CA29C921E929E3
S3150802B4D0E929C921C921C921C921CA21E929CA29B2
S3150802B4E0E921C929C921EA29EA29EA21EA29E92910
S3150802B4F0EA29EA21EA21EA29EA290A2A0A2A0B2A50
S3150802B5000A2AEA210A2AEA210A2A0B2A0A2A0A2ADC
S3150802B5100A220B2A0A2A0A2A0B2A0A220B2A0A2A88
S3150802B5200B2A0B2A2B2A0B2A0B2A0B2A0A2A0A2A45
S3150802B5300A2A0B2A2B2A0A2A2B2A0A2A0A2A0B2A17
S3150802B5400B2A0B2A0B2A0B2A2A2A2B2A0B2A2B32DC
S3150802B5502B2A2B2A2B2A0B2A2B2A2B2A2B2A4B2A33
S3150802B5602B324C322B2A2B2A2B2A2B2A4C324B32A1
S3150802B5702B2A4C2A4B324C324B2A4C324B2A4C320F
S3150802B5804B2A4C2A4B324C324C2A4C324C324C2ADD
S3150802B5904B2A4C324C2A4C2A4C324C2A6C2A6C3294
S3150802B5A04C326C2A6C324C324C2A4C32A821A821D5
S3150802B5B088218821A921A921A821A821A819A82179
S3150802B5C0A921A821A921A921A821C921C921A921DD
S3150802B5D0A921C921A921C921C929A921C921C92163
S3150802B5E0A921C921C921C929CA21C921E929C921EA
S3150802B5F0C921EA29C921C921CA29E921C921CA2990
S3150802B600EA29E921C921C921C929C921C921C92189
S3150802B610C921C921C921C921C921C921C929C921C2
S3150802B620C921C921E921EA29EA29EA21E921EA29DE
S3150802B630EA29EA29E921EA29EA29EA21EA21EA297B
S3150802B640EA21EA29EA210A2A0B2A0A2A0A2AEA21E5
S3150802B6500B2AEA290A2A0B2A0A2A0A2A0B2A0B2A57
S3150802B6602B2A0A2A0B2A0A2A0A2A0A2A0B2A0B2A06
S3150802B6700A2A0B2A0B2A0A2A0B2A0A2A0A2A0B2A16
S3150802B6800B2A0A2A2B2A2B2A2A2A2B2A2B2A2B2A44
S3150802B6902B2A0B2A2B2A2B322B2A2B2A0B2A2B3222
S3150802B6A02B2A2B2A4B324C2A4B2A2B2A2B2A4B3251
S3150802B6B02B2A2C2A2B2A2B324B2A4C2A2B2A4C325F
S3150802B6C04B2A4B2A4C324C324C2A4C2A4B324C2AA5
S3150802B6D04B2A4C326C324C2A4C324B2A6C324C3244
S3150802B6E04C326C2A4C324C326C2A6C324C2A4C2A1A
S3150802B6F06C328821A821A921A821A821A821A81944
S3150802B700A921A921A921A821A821A921A821A921DC
S3150802B710A921A821A921C821A921A921C921C9216B
S3150802B720A921C921C929C921C921C921C921C921D1
S3150802B730C921C921C921EA29E921C921EA29EA2116
S3150802B740C921E921C921C921C929C921C921C92171
S3150802B750C921CA29C921C921C929C921CA21C92177
S3150802B760CA29EA29EA21EA29CA21C921CA29EA21D2
S3150802B770C921EA21E921E921EA21EA21E921EA297D
S3150802B780EA29EA21EA29EA29EA21EA290A2AEA2108
S3150802B790EA210A2A0A2A0B2A0A22EA290B2A0A2251
S3150802B7A00A2A0A220B2A0A2A0A2A0A2A0B2A0B2AEE
S3150802B7B00A220A2A2A2A0A2A0B2A0B2A0A2A0B2ABE
S3150802B7C00B2A0A2A0B2A0B2A0A2A2B2A0B2A0A2AA4
S3150802B7D02B2A0B2A2B322B2A0A2A2B2A2B2A2B2AEA
S3150802B7E02B322B2A2B2A2C322B2A2B2A2B2A2B2A90
S3150802B7F02B324C324C2A2B2A4B324C2A2B2A2B2AF6
S3150802B8004C324C2A2B2A4C324C2A4B2A4B324C327B
S3150802B8104B2A4C324C324B2A4B2A4C324C2A4C324B
S3150802B8206C326C2A4C2A4C326C324C2A4C324C32D0
S3150802B8304C326C326C326C32882188218819882104
S3150802B840A821A8218821A821A821A921A821A921BE
S3150802B850A821A821A921A921A821A821A921C9216C
S3150802B860A921A921C921A921C921C921C929C921D0
S3150802B870C929C921C921C921C921CA21C929E92137
S3150802B880C921CA29C921CA21CA29EA29C921C9211C
S3150802B890C921C921C921C929C921CA21E929C92117
S3150802B8A0C921C929C929C921C921C921C921EA29FF
S3150802B8B0E921C929E929CA21E929EA29C921EA295D
S3150802B8C0EA29EA29E921E921EA29EA21EA21EA21FA
S3150802B8D0EA21EA290A2A0A2AEA21EA29EA210A2A75
S3150802B8E0EA290A2A0A2A0A2A0B2A0A2A0A2A0B2AC7
S3150802B8F00A220A2A0B2A0A2A0B2A0B2A0A220A2AA5
S3150802B9000A2A0B2A0A2A2B2A0B2A2A2A2B2A2B2A02
S3150802B9100B2A0A2A2B2A0A2A0B2A2B2A0A2A2B2A12
S3150802B9202B2A2B2A2B2A2B2A2B2A2B2A2B324B2A37
S3150802B9302B2A2B2A2C2A2B2A2B2A2B2A2B2A2B2A4E
S3150802B9402B2A2B2A4C322B2A2B322B2A2B322B2A06
S3150802B9504C2A4C2A4C324B2A4C2A4C324C324B2A11
S3150802B9604B2A4C2A4C326C324C2A4C2A4C326C32B8
S3150802B9704C2A6C2A6C324C326C2A4C324C32A82134
S3150802B980A8218819A8218821A921A9218821A921C4
S3150802B990A821A921A921A821A921C921A821A9212A
S3150802B9A0A921A921C821A921A821C921C921C929B1
S3150802B9B0A921C921C921A921C921C929CA29C92156
S3150802B9C0C921C929C921CA21C921E929E921C921C6
S3150802B9D0C921C921C921C921C921C921C921C92107
S3150802B9E0C921C921C921C921C921C921C921EA21D6
S3150802B9F0C921C921C921CA21C921EA29E921EA2974
S3150802BA00CA29C921EA21EA29EA21EA21EA29EA29EF
S3150802BA10EA21EA29EA29EA29EA210A2A0B2A0A2A2A
S3150802BA20EA21EA290B2A0A22EA290B2A0A2A0B2AD6
S3150802BA300B2A0B2A2B2A0A220A2A0B2A0A220A2A42
S3150802BA400B2A0A220A2A0B2A0A2A0A2A0B2A0A2A4B
S3150802BA500A2A0A2A2B2A2A2A0B2A2B2A2A2A0A2AB3
S3150802BA602B2A0B2A0B2A2B2A2B2A2B2A0B2A2B2A7E
S3150802BA702B2A2B2A2B322B2A2B2A2B2A2B2A2B2A06
S3150802BA802B322B2A2B2A2B322B2A4B2A4C2A4B2A8D
S3150802BA904C324C324B2A4B322C2A4C2A4B324B2AEA
S3150802BAA04C2A4C324C324B2A4C324C324B2A4C32B0
S3150802BAB04C326C2A4C326C326C326C326C2A6C32D6
S3150802BAC04C324C2A8819A821A821A9218819A8210B
S3150802BAD0A921A821A921A821A8218819A921A92132
S3150802BAE0A821A821A921A921C921A921A821C921B9
S3150802BAF0A921A921C921A921A921C921C921C92166
S3150802BB00C921CA21C921C921CA21C921C921C921D3
S3150802BB10EA29C921C921C921A921A921C929C929CC
S3150802BB20A921C921C921C929C921CA21CA29C921C3
S3150802BB30C921CA29C929EA29C921C921CA29EA2141
S3150802BB40EA29C921EA21C921E921C921EA21E921EA
S3150802BB50EA29EA29EA21EA21E929EA21EA29EA2956
S3150802BB60EA21EA290A2A0A22EA290A2A0A22EA29C1
S3150802BB700A220A220A2A0A220A2A0B2A0B2A0A2A2B
S3150802BB800A2A0A220A2A0A2A0B2A0A220B2A0B2A12
S3150802BB900A2A0B2A0B2A0B2A0A2A0A2A0B2A2B2AD0
S3150802BBA00B2A2B2A2B2A0B2A2B2A2A2A2B2A2B2A1E
S3150802BBB00B2A2B2A2B2A2B322B2A2B2A2B2A2B2AE5
S3150802BBC02B2A2B2A2B2A2B324B2A2C2A4C324B2A4B
S3150802BBD02B324C322B2A2B2A4C2A2B2A4C324B2A12
S3150802BBE04B324C324B2A4C2A4B2A4C324C324C2A78
S3150802BBF04C324C2A4B2A6C326C324B2A4C2A4C2A2F
S3150802BC006C324C326C326C2A6C328821882188213B
S3150802BC10881988218821A821A821A819A921A8213B
S3150802BC20A921A821A821A921C921A821A821C92178
S3150802BC30A821A921C921C921A921C921C921C92105
S3150802BC40C929C921C921C921C921C929C921C92184
S3150802BC50C929C921C921CA29C921C921C921A92193
S3150802BC60A921C921C921C921C921C929C921C9218C
S3150802BC70C921C921C921C921C921C921E921C92144
S3150802BC80C929E921EA21E929C921CA21EA29EA2990
S3150802BC90CA21E929EA29CA21EA29E921EA29EA215E
S3150802BCA0E921EA210A2AEA21EA29EA21EA290A2ACB
S3150802BCB0EA21EA290A2AEA290B2A0A2A0A2A0A2246
S3150802BCC00A2A0A2A0B2A0A2AEA290A2A0A2A0A2AE4
S3150802BCD00A2A0A220B2A0A2A2A2A0B2A2B2A0A2281
S3150802BCE00A2A2B2A0A2A0A2A0B2A0B2A2A2A0B2A60
S3150802BCF02B2A2B2A2B2A2B2A2B2A2B2A2B2A2B2A8C
S3150802BD002B2A2B2A2B322B2A2B322B2A2B2A2B2A6B
S3150802BD102B2A2B2A4C2A2B2A2B2A4C2A2B2A4C3200
S3150802BD202B2A2B2A4C324C2A4B2A4C324C324B2A7F
S3150802BD304C2A4C324C326C324C324C2A4C2A6C32DB
S3150802BD404C2A4C324C2A4C324C2A4C324C326C32EB
S3150802BD508821A821A8218819A82188218819A8211B
S3150802BD60A8218921A921A921A821A921A921C92175
S3150802BD70A921A921C921C921A821A921C921C921E4
S3150802BD80C929C921C921C929C921A921C921C9295B
S3150802BD90C921C921C921CA29E921EA21C921C921F9
S3150802BDA0A921A921C921C921C921C921C929C9216B
S3150802BDB0C921C921C921C921C921C921C929C9211B
S3150802BDC0C921CA21EA29E921C921C929EA29C92198
S3150802BDD0C921EA29EA29EA21E921EA21E929EA2106
S3150802BDE0EA29E929EA21EA29EA29EA21EA290A2A9B
S3150802BDF00A2AEA290A22EA29EA290A22EA290B2A26
S3150802BE000B2A0A2A0A2A0A22EA210A2A0A2AEA21DB
S3150802BE100A220B2A0A2A0A2A0B2A0B2A0A2A0A2A77
S3150802BE200A2A0B2A0A2A0B2A2B2A0B2A0A2A2B2A1D
S3150802BE302A2A0B2A0B2A0B2A0A2A2B320B2A2B2AE4
S3150802BE400B2A0B2A2B2A2B322B2A2B2A2B2A2B2A72
S3150802BE502C2A2B2A2B2A2B324B322C2A4B324B32A8
S3150802BE602C2A4B324C2A4C322B2A2B2A4C324B2A5E
S3150802BE702C2A4C324B324C2A4C324B2A4C2A6C32E4
S3150802BE804C324B2A4C324C324C2A4C324C2A6C2AB3
S3150802BE904C326C2A4C2A8821A819882188218821A3
S3150802BEA0A82188198821A921A821A821A821A92180
S3150802BEB0A821A821A821A821A921A821A921A82128
S3150802BEC0C921A921A821A921A921C921C929C9218B
S3150802BED0C921C921C921C921CA21C929C921C921F9
S3150802BEE0C929C921A921A921C921A821A921A9218B
S3150802BEF0C921C921A921C921C929C921C921C929F2
S3150802BF00CA21C929E929CA21C921E929EA21CA2155
S3150802BF10C921C929EA21C921E921EA29C921E9212F
S3150802BF20EA29C929EA21EA29EA21EA29EA29EA299A
S3150802BF30EA21EA29EA21EA210A2A0A2AEA210A2A16
S3150802BF40EA29EA21EA210A2A0A2A0B2AEA29EA21FD
S3150802BF500A2AEA290A2AEA210B2A0A2A0A220A2A82
S3150802BF600A220B2A0A2A2B2A0A2A0B2A0B2A2A2AE5
S3150802BF702B2A0B2A0B2A0A2A0B2A2A2A2B2A0B2AAB
S3150802BF802B2A2B2A2A2A2B2A2B2A2B2A0B2A2B2A1A
S3150802BF902B2A2B322B2A2B2A2B2A2C2A2B2A2B2AE0
S3150802BFA02B2A4C322B2A2B2A4B2A2B2A4C324B2A47
S3150802BFB02B2A2B324C2A4B2A4C324C2A4B2A4C32ED
S3150802BFC04C2A4C324C324C2A6B2A4C326C324C2A52
S3150802BFD04C326C324C2A6C324C324C3288218819DB
S3150802BFE0881988218821A9218821A821A821A9217F
S3150802BFF0A821A821A921A819A921A921A821A921ED
S3150802C000A921A921C921C921A821C921A921A82172
S3150802C010A921C921A921C921C929C921C921CA29EF
S3150802C020C921C921C921C921C921A921C921C821D1
S3150802C030A921C921A921A921A921A921C921C92140
S3150802C040C921C921C921C921CA21C929C921C92187
S3150802C050C921C929C921C921CA21E929C921EA2926
S3150802C060E929CA21EA21EA29EA21E929EA29EA216A
S3150802C070E921E921EA290A22EA21EA29EA21EA2921
S3150802C080EA29EA210A2A0A2AEA210A2AEA29EA21BD
S3150802C0900A22EA290A2A0B22EA290A2AEA290B2A61
S3150802C0A00A2A0A2A0B220A2A0B2A0B2A0A2A0B2AE4
S3150802C0B00A2A0A2A2B2A0A2A0B2A0A2A0B2A0B2AAC
S3150802C0C02A2A2B2A0B2A0A2A2B2A2B2A2B322B2AF2
S3150802C0D02B2A2B322B2A2B2A2B2A2B2A2B2A2B3298
S3150802C0E02B2A2B2A4B2A2B2A2B2A4C324C2A2B2A2E
S3150802C0F02B2A4C324C324C2A2B2A4B324C2A4B32A4
S3150802C1004B2A4C2A4B324C2A4B2A4C324C2A4C325A
S3150802C1104C324B2A6B2A4C324C2A4C2A6C324C3201
S3150802C1206C2A8821A8218821A82188198821A92171
S3150802C130A821A8218819A921A921A821A821A921CC
S3150802C140A921A821A921C821A821C921A921C92132
S3150802C150C921A921A821C921A921A921A921C92120
S3150802C160C921C921C921C921CA29C921A921A921A6
S3150802C170A921A921A921A921C921C929C921C921D7
S3150802C180A929C921A921C921C921C921C929C9217F
S3150802C190C921C921CA21CA29C929E921C921CA210C
S3150802C1A0EA29CA21C929EA29E921EA29C929EA2162
S3150802C1B0E921EA29EA29EA21EA29EA29EA29EA21F0
S3150802C1C0EA29E929EA21EA29EA290A2AEA210A2A96
S3150802C1D00A2AEA21EA29EA21EA290A2AEA290A226C
S3150802C1E0EA290A2A0A2AEB210A2A0A2A0B2A0A2AE7
S3150802C1F00A2A0B220A2A0B2A0B2A0B2A0B2A2A2A72
S3150802C2002B2A2B2A0A2A2B2A0B2A2A2A0B2A2B2AD8
S3150802C2102B2A0A2A0B2A2B2A2B2A2B322B2A2B2A9F
S3150802C2202B2A2B2A2B2A4C322B2A2B2A2C2A2B2A2C
S3150802C2302B2A4C322B2A4B324C2A4B2A4C322B2A8B
S3150802C2404C2A4C322B2A4C2A4B324C324C2A4B3231
S3150802C2504C324C2A4C324C2A4C324C326C2A6C32B6
S3150802C2604B2A6C324C324C2A88198821A821A821DB
S3150802C2708819A821A821A9218921A821A821A921AB
S3150802C280A921A821A821A921A921C921C921A82111
S3150802C290A921A921A821C921C921C921C921C9219F
S3150802C2A0A921A921C921C921C929C921C921C92166
S3150802C2B0A921A921A821A821A921A921A821C82102
S3150802C2C0A921C921C921A921C921C921A929C92166
S3150802C2D0C921C921C921CA29C921C921CA29EA21CB
S3150802C2E0C921C921E929EA29E921C921EA21E9213C
S3150802C2F0E929EA21CA21EA29EA21EA29EA21EA29D7
S3150802C300E921EA29EA21EA21EA29EA21EA21EA29AE
S3150802C3100A2A0A2AEA29EA21EA21EA29EA29EA214B
S3150802C3200A2AEA290A22EB21EA290A2A0A22EA29F8
S3150802C3300A220B2A0A2A0A2A0A220A2A0B2A2A2A3B
S3150802C3400A2A0A2A0B2A0A2A0B2A2A2A0B2A2B2AF9
S3150802C3502A2A2B2A2B2A2B2A0B2A2B2A2B2A2B2A46
S3150802C3602B2A2B322B2A2B2A2B2A2B2A2B2A2B3205
S3150802C3702B2A4B322B2A2B2A2B2A2B2A2C2A2B2ADC
S3150802C3804B324C324B324B2A4C2A4B324C2A4B2AD2
S3150802C3904B2A4C2A4B2A4B324C326C2A4B2A4C32A9
S3150802C3A04C326C324C324C2A4C324C2A6C3288193A
S3150802C3B088198821881988218821A821A919A821DC
S3150802C3C0A8218821A819A821A921A821A821A9213B
S3150802C3D0A921A921A921C921A821A921A921C921BE
S3150802C3E0A821A921C929C921C929C921C929C92116
S3150802C3F0C921C929C921A921A921A821A921C82157
S3150802C400A921A921C921A821C921A821A921C9216E
S3150802C410C921C921C921C921C921C929C921C921B4
S3150802C420C921C929C921CA21CA21C921E921C92182
S3150802C430C921CA29CA21E921EA21E929EA21E921E8
S3150802C440E929EA21EA21E9290A2AEA290A22EA291C
S3150802C4500A2A0A2AEA21EA210A2AEA29EA29EA29E1
S3150802C460EA210A2AEA21EA290A2AEA290A2A0A2AB0
S3150802C4700A2AEA290B2A0A2A0A2A0B2A0B2A0A2A2A
S3150802C4800A2A0B2A0B2A0A2A0B2A0B2A2B2A2A2AB7
S3150802C4902B2A0B2A0A2A0B2A2B2A2B320B2A2B2A5D
S3150802C4A02B2A2B2A2B322B2A2B2A2B2A2B2A2B32C4
S3150802C4B02B2A2B2A2B2A2B2A2B2A4C324B324B324B
S3150802C4C04C322B2A4B2A4C2A2C324B2A2B2A2C3218
S3150802C4D04C2A4C322B324C2A4C324B2A4C2A4C329E
S3150802C4E04C324B2A6C324C2A4C2A4B2A4C324C2A56
S3150802C4F04C2A6C328821A821A82188198821A821CA
S3150802C500A8218819A821A9218819A821A921A92120
S3150802C510A919A821A821A821A821A921C921C92187
S3150802C520A821A921A921C921A921A921C921A9216C
S3150802C530A921C921C921A921A921A921A921A8215C
S3150802C540A921A921A821A921A921A921C921C92944
S3150802C550A921C921A929A921C921C921A921C921F3
S3150802C560C921CA21C921C921C921C929E921EA2919
S3150802C570C929C921EA29E929CA21C929CA21C921F8
S3150802C580EA29EA29E921EA21EA29EA21EA21EA2924
S3150802C590EA290A2AEA21EA290A2A0A2AEA21EA21A8
S3150802C5A0EA21EA21EA29EA21EA29EA29EA21EA210B
S3150802C5B00A2AEA21EA210A2A0B2A0A2A0A2A0A2A1C
S3150802C5C0EA210A2A0A2A0B2A0B2A0A220A2A0B2AE9
S3150802C5D02B2A0A2A0B2A2B2A0A2A0B2A2B2A2A2A26
S3150802C5E00B2A2B2A2A2A0B2A0B2A2B2A2B2A2B32EC
S3150802C5F02B2A2B2A2B322B2A2B2A2B2A2B2A2B2A7B
S3150802C6002B2A4C2A2B2A2B324C2A4B322B2A2B2A00
S3150802C6102B2A2B2A2B324C2A4B324B2A2C2A4C32C7
S3150802C6204C324B2A4C324B2A4C324C324C2A4B2A2D
S3150802C6306C326C326C326C324C328821A8218821D9
S3150802C640A82188198821A921A8218921A921A821F7
S3150802C650A8218821A821A921A821A921A921A9219E
S3150802C660A821A821C921A921A821A921A921C9212D
S3150802C670C921C921A921C921C929C921A921A921B2
S3150802C680A821A821A821A921A921C821A921A8212F
S3150802C690C921C921C921C921A921C929A921C92172
S3150802C6A0C929C921C921C921C929C929E921C921F2
S3150802C6B0C921C921E929EA21CA21EA29E921E9295F
S3150802C6C0EA21E929E929EA21EA29CA21E921EA2905
S3150802C6D0E929EA21E921EA290A220A2AEA21EA2992
S3150802C6E0EA29EA21EA29EA29EA21EA21EA29EA29BA
S3150802C6F0EA21EA21EA29EA29EA29EA21EA21EA21BA
S3150802C7000A2A0A2A0B2A0A220A2A0A220A2A0A2A88
S3150802C7100A220A2A0B2A0A2A0A2A0B2A0A2A0B2A6E
S3150802C7202B2A2B2A0B2A2A2A0B2A0B2A2A2A2B2AB3
S3150802C7302B2A2B2A2B322B2A2B2A2B2A2B2A2B2A39
S3150802C7402B322B2A2B2A2B2A4B322B2A2B2A4C2AE0
S3150802C7502B324C2A4C2A4B322B2A4C2A4B2A4C3245
S3150802C7604C324B2A4C324B2A4C324C2A4B2A4C32EC
S3150802C7704C2A4C324C324B2A4C326C324C2A6C2A9A
S3150802C780882188198821A82188218821A819882121
S3150802C7908821A821A819A921A821A821A921A92166
S3150802C7A0A821A921A921C921A921A921C921C929C2
S3150802C7B0A821A921C821C921C921A921A921C9219B
S3150802C7C0A921A921A921C921A921A821A821A921EB
S3150802C7D0C921A821A921C821C921C921A921C8215C
S3150802C7E0C921A921A921A921A921C921C921C92169
S3150802C7F0C921CA29CA21C921C929EA21C921C921A6
S3150802C800EA29EA21CA21EA21EA29EA29C921EA29E1
S3150802C810E929EA21EA29EA29EA29EA21EA29EA2981
S3150802C820EA21EA29EA21E921EA29EA29EA29EA2181
S3150802C830EA29EA21EA21EA29EA290A2AEA21EA2947
S3150802C8400A2AEA29EA290A220B2A0A2AEA290B2AA1
S3150802C8500B2A0A2A0A2A0B2A0B2A0A2A0B2A0A2A24
S3150802C8600A2A0B2A0A2A2B2A0B2A0A2A2B2A2B2AB3
S3150802C8700B2A0B2A2B2A2B2A2B2A2B2A2B2A2B2A40
S3150802C8802B2A2B2A2B2A2B2A2C322B2A2B2A2C2AE6
S3150802C8902B2A2B2A4B322B2A2B2A2B2A4C324C2A6E
S3150802C8A04B2A4C322B2A4C2A4B2A4B2A4C2A4B32DD
S3150802C8B04C324C2A4B2A4C324C2A4B2A4C2A4C2AAA
S3150802C8C04B2A4C326C328821882188198819A8216A
S3150802C8D0A8218821A819A821A821A9218921A92145
S3150802C8E0A821A821A919A821A821A921A921A921F4
S3150802C8F0A821A821A921A921C921A921C921C92972
S3150802C900A821C921C921A821A821A921A921A9218A
S3150802C910C821A921A821A921A921A821C921C9215A
S3150802C920A929A821C921C921C929C921C921C921D8
S3150802C930C921C929CA21C921C921C921C921C9218E
S3150802C940C921CA21C921C929EA29C921C921C92155
S3150802C950C921CA21EA21E921EA29EA29EA21EA2999
S3150802C960EA29EA21EA21E921E921EA29E921EA2152
S3150802C970E921EA29EA29EA21E9290A2AEA21EA2110
S3150802C980EA21EA29EA210A2A0A2AEA21EA290A2AB4
S3150802C9900A220A2AEA290A220B2A0B2A0A220A2A1E
S3150802C9A00B2A2B2A0B2A2A222B2A2B2A0A2A0B2A59
S3150802C9B00A2A0B2A2A2A2B322B2A2B2A0B322B2A11
S3150802C9C02B2A2B320B2A2B322B2A2B2A2B2A2B2ABF
S3150802C9D02B2A2B2A2B322B2A4C324C2A2B2A2B2A4D
S3150802C9E02B2A4B324B2A2C322B2A2B2A4C322B320D
S3150802C9F02B2A2B2A4C2A4B324C324B2A4B2A4C32A4
S3150802CA004C324B324C326C324C2A4C3288218821B9
S3150802CA1088218821A8218919A921A8218821A9194B
S3150802CA20A821A821A821A821A821A921A921A821AC
S3150802CA30C921A821A821C921A921A821C921A92139
S3150802CA40A821A921C921A921C921A821A821A92149
S3150802CA50A821A821A921A921A821A821A921A9217A
S3150802CA60A821A921A921C921C921C921A921C921E7
S3150802CA70A921A921C929C921C921C921C929C92186
S3150802CA80C929C921C929C921C921CA21E929C9210D
S3150802CA90E929EA29E921C921EA29EA21E921CA215A
S3150802CAA0EA21E921E921EA29E921EA29EA21C9292A
S3150802CAB0EA21EA29C929EA21EA29EA29EA21EA2907
S3150802CAC0EA29EA29EA21EA29EA29EA210A2A0A2A8C
S3150802CAD0EA29EA210A2AEA210B2A0A2A0A220A2A20
S3150802CAE00A2A0A2A0A2A0B220A2A0A2A0B2A0A2A9C
S3150802CAF02B2A2B2A0A2A0B2A0B2A0A2A2B2A0A2A21
S3150802CB000A2A0B2A2B2A2B2A0B2A2B2A2B2A2B2ACE
S3150802CB102B2A2B2A2B2A2B2A4B322B2A2B2A4B320D
S3150802CB202C2A4B322B2A4C2A2B322B2A4C2A4B32B2
S3150802CB304B2A2C2A4C324C324B2A4C324C2A4C3237
S3150802CB404B2A4C2A4C324C324B2A4C2A4C324C3207
S3150802CB504C2AA8218819882188218821A821A82158
S3150802CB60A821A8218921A821A8218921A921A821AA
S3150802CB70A821A821A921A921A921A821A921A92158
S3150802CB80C921C821C921A921A821C921A921A821C8
S3150802CB90A921A821A821A821A921C821A821A9211A
S3150802CBA0C921A821A821A921A921A821C921C921C8
S3150802CBB0A921A921C921A921A921C921C929C9218D
S3150802CBC0C921C921C921EA29C921C921C929C921D4
S3150802CBD0EA21EA21CA21CA29EA29EA29C921C9294F
S3150802CBE0E929EA21E929C929EA21EA29EA21EA29D8
S3150802CBF0E929EA21EA21E921EA29EA29EA21E929B0
S3150802CC00E921EA21EA21E9290A2AEA29EA290A225C
S3150802CC10EA29EA21EA290A2AEA210A2A0A2AEA2919
S3150802CC200B2A0A2A0B2A0B2A0A220A2A0B2A0A2A58
S3150802CC300B2A0B2A0A2A0A2A0B2A0B2A2B2A0A2A1F
S3150802CC400B2A0B2A2B2A2B2A0B2A2B2A0A2A2B2AAD
S3150802CC502B2A2B2A2B322B322B2A2B322B2A2C2A03
S3150802CC602B2A2B2A2B2A4C322B2A2B2A2C2A4B2AC2
S3150802CC702C2A4B322B2A2B2A4B2A4C324B2A4C2A49
S3150802CC804B324C2A4C2A4B324C2A4C2A4C324B2ACF
S3150802CC904C2A4C326C324B2A882188198819A821C9
S3150802CCA08819881988218821A8218819A821A921E3
S3150802CCB0A9218819A821A821A821A819A921A92149
S3150802CCC0A821A921A821A921A821C921A921A921E7
S3150802CCD0A921A821A821A921A921A821A821A921F8
S3150802CCE0C921A821A921A921A921C821A921A921A6
S3150802CCF0C821C921C929C921C921C929C921C921C5
S3150802CD00C921C921C921C921C921C921CA21C921C2
S3150802CD10C921CA29C921C921E929C921C921E92162
S3150802CD20C921EA29EA21EA21C921EA29CA21E929E6
S3150802CD30EA29EA21E921C921C921EA29C921EA21DF
S3150802CD40EA21E929EA29EA21EA29EA21E921EA295D
S3150802CD50EA21EA21EA290A2AEA21EA21EA29EA292A
S3150802CD600B2AEA21EA290A2A0A220A2A0B2A0A2A63
S3150802CD700A2A0B2A0A2A0A220A2A0B2A0B2A0A2A08
S3150802CD800B2A2A2A2B2A2B2A2B2A0B2A2A2A2B2A2D
S3150802CD900B2A2B2A2B2A2B2A2B2A2B2A2B2A2B2AFB
S3150802CDA02B2A2B2A2B2A2B2A2B2A2B2A2B2A2B2ACB
S3150802CDB04C324B324B2A4C324B2A2B2A2C324B2AD8
S3150802CDC02B2A2C324B2A4B2A2B324C2A4C324B32E8
S3150802CDD04B2A4C324C2A4B2A4B2A4C324C3288214B
S3150802CDE0882188218821A82188198821A8218819BB
S3150802CDF088218821A821A821A921A921A921A82118
S3150802CE00A821A921A821A921A921C921C921A92184
S3150802CE10C929A821A821A921A821A8218821A821B0
S3150802CE20A821A921A921A921A821A921A821A921A5
S3150802CE30A921A821A821A921A921A921A821A82196
S3150802CE40C929A921A921C921C929C921C921C929AA
S3150802CE50C921C921C929C921C921CA29C921C92959
S3150802CE60C921C921E921CA21E929C921CA21E929F0
S3150802CE70CA21E921EA21EA29E929C921CA21EA2995
S3150802CE80C929C921EA21E921EA21EA29E929EA2166
S3150802CE90EA29EA29EA210A2AE921EA21EA290A2AC1
S3150802CEA0EA290A2A0A220A2AEA290A220B2AEA2944
S3150802CEB00A220A2AEA290A220A2A0B2A0A2A0A2AF2
S3150802CEC00B2A0A2A0A2A2B2A2B2A0A2A0B2A2B2A4D
S3150802CED00A2A0A2A2B2A2B2A2B2A2B2A2B2A2B2ADC
S3150802CEE02B2A2B2A2B2A2B322B2A2B2A2B2A2C3279
S3150802CEF02B2A2B2A2B2A4C322B2A2B2A2B2A4C2A30
S3150802CF004C2A4C324C2A2B2A2B2A2C324C2A4B2AB4
S3150802CF104C324C324B2A4C2A4C324C324B324C2A2B
S3150802CF204C2A6C32882188218821A821A821A82187
S3150802CF308821A821A921A821A9218819A821A821DF
S3150802CF40A8218921A921A821A921A921C921A82184
S3150802CF50A821A921C921A921A821A821A921A82155
S3150802CF60A921A821A821A921A821A821A821A92166
S3150802CF70A821A821A921C921A821A821A921C92115
S3150802CF80C921A921A821C921A921C921C921C921A2
S3150802CF90A921C921C921C921C929C921CA21C92148
S3150802CFA0E929C921CA21C921C929CA21EA29C921C6
S3150802CFB0CA21E929E921EA21EA21EA29C921C9215D
S3150802CFC0CA29EA29E921EA21EA29E929CA21EA2913
S3150802CFD0EA21E921E929EA21EA29EA29EA29EA21CB
S3150802CFE0EA29EA29EA210A2A0A2AEA210A2A0B2A24
S3150802CFF0EA21EA290A2A0A2A0B2A0B2A0A2A0B2AC8
S3150802D0000B2A0A2A0A2A0B2A0B220A2A2B2A0B2A53
S3150802D0100A2A0A2A0A2A2B2A0B2A0B2A2B2A2B2AFB
S3150802D0202B2A0B2A2B2A2B2A2B322B2A2B2A2B2A60
S3150802D0302B2A2B322B2A4B2A4C322B2A2B2A4C32BE
S3150802D0402B2A2B324B322B2A4B324C324C2A4B325E
S3150802D0502B324C2A4C2A4B324C324C2A4B2A4B2A1C
S3150802D0604C2A4C324C324B324C2AA821A819881920
S3150802D0708819882188198821881988198821A82158
S3150802D0808819A921A819A821A921A821A821A82176
S3150802D090A821A821A921A921C821A921C921A921F3
S3150802D0A0A821A821A8218821A921A9218821A92165
S3150802D0B0A821A921A921A921A821C921A821A921F3
S3150802D0C0A921A821C921A821A821A921C921C921A3
S3150802D0D0A921C921C921C921A921C921C921C92130
S3150802D0E0CA21C921C929C921CA29C921C921C921CE
S3150802D0F0EA29E921EA29C921EA29C921EA29C92904
S3150802D100C921E921CA21C921E929C921CA21E9294D
S3150802D110C921CA21E929EA21C921EA29EA29EA21F2
S3150802D1200A2AEA21EA290A2AEA21EA29EA210A2A0C
S3150802D1300A2A0B2AEA210A2AEA21EA210A2A0A2AB9
S3150802D1400A2A0A220A2A0A2A0B220A2A0B2A0A2A3D
S3150802D1500A220A2A0B2A0B2A0A2A0B2A0B2A2B2A02
S3150802D1602A2A2B2A0A2A2B2A2B2A0B2A2B2A2B2A49
S3150802D1702B2A2B2A2B2A2B2A2B2A2B2A2B2A2C2AF6
S3150802D1802B2A2B2A4C324C2A2B2A4C324C2A4B2A33
S3150802D1904B2A4C2A2B2A4B2A4C324B2A4C324C2AE3
S3150802D1A04B2A4B324C2A4B2A4C324B2A4C2A4C32AB
S3150802D1B08821A82188218821881988218821881907
S3150802D1C08821A8218821A821A921A821A819A9214D
S3150802D1D0A921A821A921A921A821A921A921A821F2
S3150802D1E0A921C921A821A82188218821A921A82104
S3150802D1F0A821A821A921A821A921A821A821A921D4
S3150802D200A921A821C921A921C921A821A921A92180
S3150802D210A821A921A821C921C929C921C929C929F8
S3150802D220C921C921C929C921C929E921CA21C9216D
S3150802D230C921C921C921C921C921EA29E929CA213C
S3150802D240EA21C921C929C921C921EA29C921C9212C
S3150802D250EA29CA21C921EA21C929EA21EA29EA29A8
S3150802D260EA29EA21EA29E921EA29EA21E9210A2A17
S3150802D2700A2AEA29EA29EA21EA290A2A0A2A0A2A8A
S3150802D280EA29EA290B2A0B2A0A2A0A2A0B2A0A2235
S3150802D2900A2A0B2A0A2A0A2A0B2A2A2A0B2A0B2ABA
S3150802D2A02A2A2B2A0B2A0B2A2B2A2B2A2B322B2AFF
S3150802D2B02B2A2B2A2B2A2B2A2B2A2B2A2B2A2B32AE
S3150802D2C02B2A2B2A2B2A2B2A2B324B324B2A2B2A56
S3150802D2D02B2A2B2A4C324C322B2A2B2A4C324C2AFA
S3150802D2E02B2A4C324B2A4B2A4C324C324C324B2A82
S3150802D2F04C2A4C324B2A88218821A8218821882148
S3150802D300882188198821882188218819A821A82195
S3150802D310A9218821A821A821A921A921A821A921D1
S3150802D320A821A821A921A921A821A821A8218921C2
S3150802D3308819A821A921A819A821A821A921A821C3
S3150802D340A921C821A821A921A821A921A921C92140
S3150802D350C921C921C929A921C921A921A921A921E5
S3150802D360C921C921C921C921C921C921C921C9215D
S3150802D370C921C929C921C921CA21C929C921CA213B
S3150802D380E929C921EA21E929C921C921C921EA29A3
S3150802D390C921C921C921EA29E929EA21CA29E92192
S3150802D3A0EA29E921E921EA29EA21E921EA290A2AD7
S3150802D3B0EA29EA21EA29EA210A2A0A2AEA210A2A7A
S3150802D3C0EA21EA210B2A0A2A0A2A0B2A0A220B2A04
S3150802D3D00A2A0A220A2A0B2A0A2A0B220B2A0A2AAA
S3150802D3E00A2A0B2A0B2A2A2A0A2A0B2A2B2A0A2A49
S3150802D3F00B2A2B2A2B2A2B2A2B322B320B2A2B2AA5
S3150802D4002B2A2B2A2C322B2A2B2A2B2A4B2A4C3212
S3150802D4102B2A2C2A4C322B2A2B2A2B2A4C324C2AE0
S3150802D4202B2A4C322B2A2B2A4C324C322B2A4C2AA8
S3150802D4304B2A4C324C2A4B2A4C324C2A88218819C0
S3150802D440A819A8218821881988218821A821A8191C
S3150802D45088218821A821A8198821A921A821A821DB
S3150802D460A821A921A821A821A821A921C921A82141
S3150802D470A821A821A821A8218821A921A921882192
S3150802D4808819A821A921A921A921A821A921A92167
S3150802D490A821C921A821A921C921A821A921C921CF
S3150802D4A0C821C921A921A921C921C921C929C92155
S3150802D4B0CA21C921C921C921C921C929CA29C921FA
S3150802D4C0C921C921C921EA21C921C921C921C929D3
S3150802D4D0C921CA21C929C921C921EA29C921E92992
S3150802D4E0CA21C921C921EA21CA21E921EA29EA2947
S3150802D4F0EA29EA21EA29EA290A2AEA21EA29EA217B
S3150802D500EA29EA29EA210A2A0A2A0A2AEA210B2AFE
S3150802D5100A2A0A22EA210A2A0B2A0A2A0A2A0A2A8B
S3150802D5200A2A0B2A0A2A0A2A0B2A2B2A2B2A0B2A06
S3150802D5302B2A2A2A0B2A2B2A2B2A0B2A2B2A0A2A95
S3150802D5402B2A2B2A0B2A0B2A2B2A2B2A2B2A2B2A63
S3150802D5502B2A2B322B2A2B2A4B324C2A2B2A2B2AC2
S3150802D5602B2A4B2A4B322B2A4B2A4B2A2B324B2A53
S3150802D5704C2A4C324B324C2A4B2A4C324B2A4C2AD6
S3150802D5804C3288218821A821A82188218821A81916
S3150802D5908819A821A821A92188218821A821A92199
S3150802D5A0A821A921A821A921A921A821A821A9211F
S3150802D5B0A821A821A821882189218821A82188199A
S3150802D5C0A821A821A821A9218821A821A821A92121
S3150802D5D0A821A821A921A821A821A921A821A821F1
S3150802D5E0C921A821A921C921C821C921C929C92115
S3150802D5F0A921C921C929C921C921C921C929C921DB
S3150802D600C921C921EA29C921EA29E929CA21C9213F
S3150802D610C921C921C921C921C929C921EA21C92181
S3150802D620EA29CA21E921EA29E929EA29E921C921B6
S3150802D630EA29EA21E921EA29EA29EA210A22EA214A
S3150802D640EA29EA290A220A2AEA29EA290A2AEA29D7
S3150802D6500A2A0A220A2A0B2AEA290A2A0A2A0B2A41
S3150802D660EA210B2A0A2A0B2A0B2A0A220B2A0A2A37
S3150802D6700A2A0B2A0B2A2B2A2B2A2B2A2B2A2A2A54
S3150802D6802B2A0B2A0B2A2B2A2B2A2B2A2B2A2B321A
S3150802D6902B2A2B2A4B322B2A2C2A2B2A2B2A2B2AA9
S3150802D6A02B2A2B2A2B2A2C322B2A4C2A2C2A4B2A77
S3150802D6B02C322C2A4B2A4B2A4C324C322B2A4B2AF6
S3150802D6C04C324C324C2A4B328819881988198821CF
S3150802D6D088218819A821A82188218821A819A82182
S3150802D6E0A921A921A8218819A821A921A821A92106
S3150802D6F0A921A821A921A8218821A8218821A82110
S3150802D700A8198821A921A9218821A921A819A8210E
S3150802D710A821A921A921A821A921A821A921A921AC
S3150802D720C921C921A921A921C921A921A921A92139
S3150802D730A921C929C921C921C921C921C921C921A1
S3150802D740C921CA21CA21C921C929C921C921CA216E
S3150802D750C921C929C921C929C921CA21C929E92130
S3150802D760C921C921C921C921C921C921C921EA2930
S3150802D770EA29EA29EA21EA29EA29EA21EA29EA2911
S3150802D780E921E929EA21EA290A2AEA21EA290A2AC9
S3150802D7900A22EA290A220A2A0A2A0A2A0A2A0A2A0A
S3150802D7A00A2AEA290A2A0B2A0A2A0A2A0B2A0A2AE8
S3150802D7B00A222B2A0B2A0A2A2A2A2B2A0A2A0A2A5E
S3150802D7C02B2A0B2A0B2A2B2A2B2A2B2A0B2A2B2A01
S3150802D7D02B2A2B2A2B2A2B2A2B2A2B2A2B322B2A89
S3150802D7E02B2A2B2A2B2A2B322B2A2B2A2B322B2A71
S3150802D7F04B2A2C324B2A4B324C2A4C322B2A4B2A96
S3150802D8004C2A4C324C324B2A4C2A4B2A4C2A882117
S3150802D81088218819A821A8218821A821A819882140
S3150802D820882188198821A8218821A821A821881950
S3150802D8308821A821A819A821A821A919A8218821DF
S3150802D8408821A921A82188218819A8218819A9210E
S3150802D850A821A821A821A921A921A821A921C9214C
S3150802D860A821A821A921A821C921A821A821C92915
S3150802D870C921A821A821C921C921A921A921C929C2
S3150802D880C921A921C921C929C921C921C921C92948
S3150802D890C921CA21C929C921C921C921C921C9211F
S3150802D8A0C929C921C921CA29C929C921C921EA29D6
S3150802D8B0C921C921EA21E921C921E921E921C92187
S3150802D8C0EA29EA29E921EA29EA29EA21EA21EA29C9
S3150802D8D0EA21EA210A2AEA29EA210A2AEA210B2A5C
S3150802D8E0EA29EA210A2A0B2AEA21EA290A2A0B2A1A
S3150802D8F00A220A2A0B2A0B2A2B2A2B2A0B2A0A2A3B
S3150802D9000A2A0B2A0B2A0B2A0A2A0B2A2A2A2B2A22
S3150802D9102B2A0A2A2B2A2B322B2A2B2A2B320B2A80
S3150802D9202B2A2B2A2B2A2B2A2C2A2B322B2A4B2A16
S3150802D9302C2A2B2A2B2A4C322B2A2B2A4B2A4C32BC
S3150802D9402C2A4B322B2A4B2A4C2A4C324B2A4C3243
S3150802D9504C324C32882188218821A821A821882185
S3150802D9608821A8218819A82188198821A821A921EE
S3150802D9708921A821A8218821A921A821A819A82195
S3150802D9808821A8198819A821A8218821A821A921AE
S3150802D990A8218821A82188198821A921A819A8219E
S3150802D9A0A821A821A919A921A821A821A921A92123
S3150802D9B0A821A921C921A821A921A921C921A921C9
S3150802D9C0A921A921C921C929C921C921CA29C92126
S3150802D9D0C921CA29C921C921C921C921C921C921DE
S3150802D9E0A921C921C921C921C921C921CA29EA21CD
S3150802D9F0E929C921EA29EA29E921CA29C921CA291B
S3150802DA00EA29EA29EA21EA21E929EA21EA21EA298F
S3150802DA10EA29EA29E921EA290A2AEA21EA29EA2156
S3150802DA20EA29EA290A220A2AEA210B2AEA290A22E1
S3150802DA300A2AEA210A2A0B2A0A2A0A220A2A0A2A66
S3150802DA400B2A2B2A2B2A0A2A0B2A0A2A0A2A0B2AE1
S3150802DA502A2A0B2A0B2A2B2A2B2A0A2A2B2A2B2A70
S3150802DA602B2A2B2A2B2A2B2A2B2A2B2A2B2A2B2AFE
S3150802DA702C2A2B2A2B324B2A2C2A2B324B2A4C2A7B
S3150802DA802B2A2B2A2B2A4C324C322B2A4C322B2A63
S3150802DA902B2A4B324C2A4B2A4C3288218819881950
S3150802DAA0882188198821A92189218819A8218821EC
S3150802DAB08821A821A821A821A921A821A821A9212C
S3150802DAC08921A8218821882188218819A8218821C5
S3150802DAD0A8198821A821A8218821A819A921A8213D
S3150802DAE0A9218821A821A921A921A921A921A921F8
S3150802DAF0A821A921A821A921C921A921A821A921A9
S3150802DB00A821A821C921C921A921A921C921C92137
S3150802DB10C921C921C921C921C921C921C921C921A5
S3150802DB20C921A921C929C921C921C921C921C921AD
S3150802DB30C921C921C921EA21C921C921C921C92164
S3150802DB40E929CA21E921E921CA29EA29EA21E92991
S3150802DB50EA21EA21E921E9290A2AEA21EA21EA2926
S3150802DB60EA29EA210A2AEA210A2AEA21EA210A2ACA
S3150802DB70EA290A2A0B2A0A2A0A2A0A220B2A0A2A1C
S3150802DB800A2A0B2A0A220A2A0B2A0A2A0B2A0A2AEA
S3150802DB902B2A0B2A0B2A2A2A2B2A2B2A0A2A2B2A2F
S3150802DBA02B2A2B2A2B2A0B2A2B2A2B322B2A2B2AD5
S3150802DBB02B322B2A2B2A2B2A4B322B2A2B2A4B3255
S3150802DBC04B2A2B2A4B324C322C2A4B2A4B2A2B2AEB
S3150802DBD04C324C324B2A4C2A4C324C324B2A4C2A67
S3150802DBE08821882188218821881988198821A821CD
S3150802DBF0A82188218819881988218821A8218819A5
S3150802DC0088198821A82188198821881988218821B4
S3150802DC10882188198821A92188198819A821A92162
S3150802DC20A921A8218821A821A921A821A821A821BA
S3150802DC30A821A921A921C921A821A821A921C92147
S3150802DC40C921A821A921C921C921A921C921C921D5
S3150802DC50A921A921C921C921C929C921C921C92994
S3150802DC60C921C921C921A921C921C921C929C9216C
S3150802DC70C929C921C929C921C929C929C921C92124
S3150802DC80EA29C921C921C921CA29EA21E921E92999
S3150802DC90EA21E929EA21E929EA29EA21EA29EA29F6
S3150802DCA0EA21EA21EA290A2A0A2AEA210A2AEA2981
S3150802DCB0EA29EA210A2A0A2AEA21EA290B2A0A2A47
S3150802DCC00A2A0A2A0A220B2A0A2A0B2A0A2A0A2AAA
S3150802DCD00B2A0A222B2A0B2A0A2A0B2A2B2A2B2A36
S3150802DCE02B2A0A2A0B2A0B2A2B2A2B2A2B2A0B2AFD
S3150802DCF02B322B2A2B2A2B2A2B2A2B2A2B2A2B2A64
S3150802DD002B2A2B2A2B2A4C322C2A2B2A4B2A2C3208
S3150802DD104C324B2A2B2A2B2A4C2A4B324B2A4C2A78
S3150802DD204C324B324C2A881988218821A82188210D
S3150802DD3088198821881988218821A921A821A8213A
S3150802DD408921A82188218819A821A9218821881929
S3150802DD50882188198819882188218819A821A92142
S3150802DD6088218821A821A8218819A821A921A921C1
S3150802DD70A821A919A921A821A821A921A921C9212E
S3150802DD80A821A821A921C921A821A921C921A821F7
S3150802DD90A921A821C921C929A921C921C921C9217C
S3150802DDA0C921CA21C921C921A921A921C921A92172
S3150802DDB0C921C921C921C921A921C921CA21C92122
S3150802DDC0CA29C929C921EA29EA29C921C921C92988
S3150802DDD0CA29EA29C921C921CA21E921EA29C9295F
S3150802DDE0EA21EA29EA29EA29EA29EA21EA290A2282
S3150802DDF0EA29EA29EA21EA290A2A0B2AEA210A2A27
S3150802DE000B2A0A2A0A22EB290A2A0A2A0A220B2A90
S3150802DE100B2A0A220A2A0B2A0A2A0B2A2A2A0B2A36
S3150802DE200A2A0B2A0B2A0A2A2B2A2B2A2B322B2AB4
S3150802DE300B2A2B2A2B2A2B2A2B2A2B2A2B2A2B3242
S3150802DE402B2A2B2A2C2A4B2A4C322B2A2B2A4C32A7
S3150802DE502B2A4B2A2B2A2B2A4C2A2B324C2A4C3277
S3150802DE604C322B2A4B2A2B2A4C324B2A88218819C8
S3150802DE70A821A82188218821A82188218819A821D2
S3150802DE80A9218821A819A8218821A8218821A821A1
S3150802DE90882188198821882188218819882188213A
S3150802DEA088198821A821A8218819882188218919F1
S3150802DEB08821A821A821A921A821A821A921A82128
S3150802DEC0A821C921C921A821A921A921A821A821B6
S3150802DED0A921A821A921A921C921C921A921C92183
S3150802DEE0C921A929C921C921C921A921A921A9214A
S3150802DEF0C921C929A921C921C921C929C921C921D2
S3150802DF00C921C921C929C921EA21C921C921E92168
S3150802DF10CA21CA21C921E921CA21EA29C921CA294C
S3150802DF20CA21EA21EA29E921EA21E921E9210A2A7B
S3150802DF30EA29EA21EA29EA29EA21EA29EA21EA2951
S3150802DF400A2AEA210A2A0A2AEA210A2A0A22EB299B
S3150802DF500A2A0A2A0A2A0A2A0B220A2A0A2A0B221F
S3150802DF600A2A0A2A2B2A0B2A0A2A2B2A2B2A2B2A7C
S3150802DF702B2A2B2A2B2A2A2A0A2A2B2A2B2A2B2A0B
S3150802DF802B2A2B2A2B322B2A2B2A2B322B2A2B2AC9
S3150802DF902B322B2A2B2A4B324B2A2B324C2A4C3227
S3150802DFA04B2A4B2A4C2A4C322B2A4C324C2A4B2AC5
S3150802DFB04C32882188218819A82188198821882124
S3150802DFC088198819A821A82188218821A8198821B1
S3150802DFD0A819A921882188198819882188218819C8
S3150802DFE08821882188198821882188218819A821C9
S3150802DFF0A921A821A82189218819A821A921A8210E
S3150802E0008821A921A921A821A921A921A821A821D4
S3150802E010A921A921A921A921C921A821C921A92161
S3150802E020C921A821A921C921C921C929C921A921E9
S3150802E030A921A821A921C921A921A921A921C92939
S3150802E040C921C921C921C921C929C921C921C92960
S3150802E050C921C921C929E929CA21C929C921EA2106
S3150802E060EA29E929E921E929EA29EA29EA29EA2913
S3150802E070EA29EA21EA29EA29EA210A2AEA210A2ACE
S3150802E080EA29EA21EA210A2AEA290A22EA210A2AA5
S3150802E0900B2A0A2A0A2A0B2A0A220A2A0B2A0A2AD5
S3150802E0A00A2A0B2A0A2A0A220B2A0A2A0B2A2B2AA4
S3150802E0B02A2A0B2A0B2A0A2A0A2A0B2A0B2A0B2A8B
S3150802E0C00B2A2B2A2B2A2B322B2A2B2A2B2A2B2AB0
S3150802E0D02B322B2A2B2A4B2A2B2A2B2A4C322B2A37
S3150802E0E02B2A4C324B2A4C322B2A2B2A2B322B2AFE
S3150802E0F02C324C2A4B2A4C328821882188198821AD
S3150802E10088218819A821882188218819A821882187
S3150802E110A821892188218819A8218819881988217E
S3150802E12088218819882188218819882188198819B7
S3150802E130A821882188198819A821A821A82188191F
S3150802E140A921A921A821A821A921A821A821A92173
S3150802E150A921A921A821A821A821A921C921C92122
S3150802E160A921C821A921C929C921A921A921C921C8
S3150802E170A921A921C921C929A821C921C921A821B9
S3150802E180C921A921C921C921A921C929C921C92167
S3150802E190C921C921CA29E921C921CA21C921E921D5
S3150802E1A0EA29EA29C921C921CA21E921E921EA215B
S3150802E1B0E921EA21EA29EA29EA21E921EA29EA21E1
S3150802E1C0EA21EA21EA290A2AEA21EA290A2A0B2A5B
S3150802E1D00B2A0A2A0A2A0B2A0A2A0A220A2AEA21BE
S3150802E1E0EA290A2A0B220A2A0B2A0A2A2B2A0B2A84
S3150802E1F00A2A2B2A2B2A0B2A0A2A2B2A2B2A0B2AE9
S3150802E2002B2A2B2A2B2A2B2A2B2A0B2A2B322B2A6E
S3150802E2102B2A2B2A2B2A4B2A2C2A2B2A2B324C32F4
S3150802E2204C322B2A2B2A2B2A2B2A4C2A2B322B2AE4
S3150802E2304C2A4B2A4B324C324B322B2A4C2A8821F7
S3150802E2408821A82188218819882188198821882166
S3150802E25088198819A821A82188218821881988213E
S3150802E2608821882188218719882188218819882167
S3150802E2708721882188218821A8218821881988212F
S3150802E2808821A921A821A821A8218921A819A8217C
S3150802E290A921A821A819A921A821A921A921A92129
S3150802E2A0A821C921A821A821C921A921C921C82192
S3150802E2B0A921C921A821A921A821C921A921C921A0
S3150802E2C0A821A921A921A821C921C921C921C92170
S3150802E2D0A921C921C921C921C921C921C929C921F6
S3150802E2E0C921C921C921E921EA29EA29C921C9215C
S3150802E2F0CA21EA29EA29E921E921EA21E929E921C2
S3150802E300EA21EA29EA29EA21EA29EA29EA21EA297D
S3150802E310EA290A2A0A220A2A0A2AEA210A2AEA21C8
S3150802E320EA290B2AEA290A220A2A0A2A0B220B2A8C
S3150802E3300A2A0A2A0B2A0A2A0A2A2B2A2A2A0B2AEA
S3150802E3402A2A2B2A2B2A2B322B2A2B2A2A2A2B2A0F
S3150802E3502B2A2B2A2B2A2B2A2B2A2B322B2A2B2AFD
S3150802E3602C2A2B2A4B2A4C322B2A2B2A4C324B2A62
S3150802E3702C2A2B2A4B2A4C324C2A4C2A4B324C2A10
S3150802E3804B2A4B32881988218821882188198821A5
S3150802E3908821A8198821882188218821A819A819DD
S3150802E3A0A921882188198821882188198821882104
S3150802E3B0882188198819882188198819882188192D
S3150802E3C088218821881988218821A821A8198821C5
S3150802E3D0A821A9218821A821A921A821A821A92102
S3150802E3E0A821A921A921A821A921A921A921C921AF
S3150802E3F0A921A921C921C921A821A821A921A9217F
S3150802E400A821A921C921A921A821A921C921C9214E
S3150802E410A921C929C921C921A921C929C921C921CC
S3150802E420C921C921C929C921C921CA29C921C9217B
S3150802E430EA29EA29C921C921C929EA29EA29EA29A7
S3150802E440EA21E921EA29EA29EA21E9290A2A0A2AFC
S3150802E450EA21EA290A22EA21EA29EA29EA290A2AEA
S3150802E4600B2AEA21EA290A2A0A2A0B2A0A2AEA216D
S3150802E4700A2A0A2A0B2A0A2A0A220A2A0B2A0A22FA
S3150802E4800A2A2B2A0B2A0A2A0A2A2B2A2B2A0A2A78
S3150802E4902B2A2B320B2A2B2A2B2A2B2A0B2A2B2AFC
S3150802E4A02B2A2B2A2B2A2B322B2A2B2A2B2A4B2A8C
S3150802E4B04B322B2A4C322B324B2A2C2A2B322B2A22
S3150802E4C02B2A2B2A4C2A4C322B2A88218819A82136
S3150802E4D088218819882188218821A82188218819D4
S3150802E4E088218821A82188218821881987218819C5
S3150802E4F0871988218821A7198821882188218819BE
S3150802E5008821882188198821A821A8198821A82163
S3150802E510892188218819A821A9218821A921A81930
S3150802E520A821A921A921A821A821A821A921C9216F
S3150802E530A821A921C921C921A821A921A921A8213E
S3150802E540A821A921A921A821A821A921A821C9214F
S3150802E550C921C921C921A921C921C929C921C92173
S3150802E560C929C921CA21C929C921CA21C921C92931
S3150802E570C921C921C921C921EA21EA29C921C921F1
S3150802E580C921EA21EA21EA29E929EA21EA29EA2925
S3150802E590EA21EA21EA29EA21EA29EA29EA21EA29F3
S3150802E5A0EA210A22EA290A2A0B2AEA210A220A2A3D
S3150802E5B00A2A0B220A2A0A220A2A0B2A0B2A0B2AB7
S3150802E5C02B2A0B2A0B2A0A2A0B2A2B2A0A2A0B2A55
S3150802E5D00B2A2B2A2B2A0B2A0B2A0A2A0B2A2B2A24
S3150802E5E02B2A2B2A2B2A2B2A2B2A2B2A2B324C2A4A
S3150802E5F02B2A2B2A4C322B2A2B2A2C2A4C324B2AF0
S3150802E6004B322B2A4C2A2B324C324C322B2A4C3286
S3150802E6108821882188198721A8218819881988219B
S3150802E6208821881988198821A821A8218821882162
S3150802E630881988218821882188198821882188199A
S3150802E6408821872188218821A82188198821881963
S3150802E6508821A821A8218819A821A82188198821F2
S3150802E660A921A8218819A921A821A921A921A8197E
S3150802E670A921A921C921C821A921A921C829A921D4
S3150802E680A821A821A921A821A821C921A821A9210F
S3150802E690C921C921C921C929C929A821A821C9214C
S3150802E6A0C921C921C921C929C921C921C921CA29F9
S3150802E6B0C921C921C929CA21CA21C929C921E921C8
S3150802E6C0CA29C921EA21EA29E921E921CA29E9212E
S3150802E6D0EA21EA21E929EA29EA21EA290A2AEA2192
S3150802E6E0EA290A2AEA29EA210A2AEA21EA290A2237
S3150802E6F00A2AEA29EA290A2AEB290A2A0A220A2AD4
S3150802E7000A220A2A0A2A0A2A0A2A2B2A0A2A0A2A40
S3150802E7100B2A0A2A0B2A2B2A2A2A2B2A0B2A2A2AC4
S3150802E7202B2A2B2A2B2A2B2A0B2A2B322B2A2B2A49
S3150802E7302B322B2A2B2A2C322B2A2B2A2B2A4B32E8
S3150802E7402B2A2B2A4C322B2A4B2A4C2A2B2A2C2AA6
S3150802E7504B2A4B2A4C2A881987218819882188210D
S3150802E7608819882188218819A82188218821A81929
S3150802E770881988198821881988198721882188196A
S3150802E7808821872188198819A82188218719881933
S3150802E7908821882188218819A82188218821882109
S3150802E7A0A8218821A819A921A821A821A921A82137
S3150802E7B0A821A921A921A821A821A921A921A821FD
S3150802E7C0A921A921A821A921A921A821A921A921EB
S3150802E7D0A921A821A821A921A821A921A921C921BC
S3150802E7E0A921C921A921A921C921C921C921C92129
S3150802E7F0C921A921C921C929C921C921C921C929C9
S3150802E800E921C921EA29E921C929EA29EA29E929BD
S3150802E810EA21C921E929EA29EA29E921EA29EA298B
S3150802E820EA21EA21EA29EA210A2AEA29EA29EA213F
S3150802E8300A2A0A2AEA210B2AEA29EA210B2A0A2A99
S3150802E840EA290B2A0A2A0B2A0A220A220A2A0A2A47
S3150802E8500B220B2A0A2A0B2A0A2A0B2A2A2A0B2AEB
S3150802E8602B2A0A2A2B2A0B2A0A2A2B2A2B2A0B2A72
S3150802E8702B2A2B2A2B2A2B2A2B2A2B2A4B322B2AB8
S3150802E8802B2A2C2A4B2A2B2A2B2A4C322B2A2C2A85
S3150802E8904B322B2A4C324B322B2A4C328821882176
S3150802E8A08819872188218719882188218821882122
S3150802E8B08821A821881988198821882187198821F9
S3150802E8C08821871988218821872188218819882102
S3150802E8D0882188198821881988218819A821A821B8
S3150802E8E08819A82188218819A92188218821A8217F
S3150802E8F0A921A921A821A821A921A921A821A821BC
S3150802E900A821A821A921A921A821A821A821A921AC
S3150802E910A821A921A921A821A921A921A821A9219A
S3150802E920C921C821C921A821C921A921A921C921E9
S3150802E930C929A921C921C921A921C921C921C921AF
S3150802E940C921EA29C921C921EA29CA21C921E921F4
S3150802E950CA21C921E929CA21CA21E921EA29EA21C2
S3150802E960EA21EA21E9290A2AE921EA29EA21EA2108
S3150802E970EA290A22EA290A2AEA290B2A0A2A0A2259
S3150802E980EA210A2A0A2A0A2A0B2A0A2A0B2A0B2AFD
S3150802E9900B2A0B2A0B2A0A2A2A2A0B2A2B2A0B2A81
S3150802E9A00A2A2B2A0B2A2B2A2B2A0B2A2B2A0B2A30
S3150802E9B00A2A2B2A2B2A2B2A0B2A2B2A2B322B2AD8
S3150802E9C02B2A2B2A4C2A2B322B324C2A2B2A2B3235
S3150802E9D02B2A4C2A2B324C2A4C2A4B324C322B2AC3
S3150802E9E04C32882188198821882187198821881913
S3150802E9F0A8218821881988198821882188218719B8
S3150802EA0088218821681988218821881988198821E6
S3150802EA1087218819882187218819882188218819B8
S3150802EA2088198821A8218821A81988218821A8213E
S3150802EA30A8218819A821A921A8218819A821A921CC
S3150802EA40A921A821A921A921A821A821A821A8216B
S3150802EA50A921A821A821A821A921A821A821A9215B
S3150802EA60A821A921C921C921A921A821A821A92109
S3150802EA70C921C821C921C921A921C921A921C92177
S3150802EA80C921C921C921C929CA21C921C921C92915
S3150802EA90C921C921EA29E921C921EA21E929EA295B
S3150802EAA0EA21EA29E929EA21E929EA29EA21EA29D8
S3150802EAB0E921EA29EA290A2AEA21EA290A22EA218D
S3150802EAC0EA290A2A0A2AEA21EA290A2A0A220A2211
S3150802EAD00A2A0A2A0A220A2A0A2A0B2A2B2A0A2A6C
S3150802EAE00A2A0A2A0A2A0B2A2B2A0A2A0A2A2B2A33
S3150802EAF02B2A0A2A2B2A2B2A2B2A2B320B2A2B2A97
S3150802EB000B2A2B2A2B2A2B2A2B2A2B2A2B2A2B2A6D
S3150802EB104B322B2A2B2A2B2A2B2A2B2A4B2A2B2AF5
S3150802EB204B2A2C2A2C2A4B2A8819882187198821AC
S3150802EB308821871988218821A8218819882188216E
S3150802EB408821882187198821882187198721882180
S3150802EB50871988218821881988218821881987197F
S3150802EB608821882188218819882188218821882155
S3150802EB70A821A821A9218819A8218821A821A8198C
S3150802EB808821A821A921A821A819A921A921A82152
S3150802EB90A821A821A821A921A921A821A821A9211A
S3150802EBA0A821A921A921A821A921A921C821A921E8
S3150802EBB0A821A921C921C921C921C921C929A9214E
S3150802EBC0A921C921C929C929C921C921CA29C929E4
S3150802EBD0C921E921CA21C921E929CA21CA29E92162
S3150802EBE0CA21C929E921EA21EA29E921EA29EA21E8
S3150802EBF0EA29EA29EA21EA29EA21EA210A2AEA2964
S3150802EC000A22EA29EA290A2AEA29EA21EA290B2A08
S3150802EC100A2AEA29EA290B2A0A220A2A0A2A0A2295
S3150802EC200A2A0B2A0B2A0A220A2A0B2A0B2A0A2A38
S3150802EC300B2A0B2A2A2A0B2A0B2A2B2A0B2A0A2ADE
S3150802EC400B2A2B2A2B2A2B2A2B2A2B322B2A2B2A24
S3150802EC502B2A2B2A2B2A2C2A4B324C322B2A2B32A2
S3150802EC602C2A4B322B2A4C324B2A4B324C2A8819E5
S3150802EC70872188198821882188198719882188195E
S3150802EC808821871988196719881988198719881987
S3150802EC908821871988218821881988218821881935
S3150802ECA08821882188218719882188218819881925
S3150802ECB0881988198821A82188218821A8218821CC
S3150802ECC089218819A821A921A821A819A821A8213A
S3150802ECD0A921A821A821A921A9218821A821A921F8
S3150802ECE08821A921A821A921A921A821A921A821E8
S3150802ECF0A821A921A921A821A921C921A821A92197
S3150802ED00C921C929A921C921C929C921C921C921B3
S3150802ED10C921C921C921C921EA29C921C929CA2161
S3150802ED20C921C921C921EA29C921C921EA29E92111
S3150802ED30EA29EA21E921E929EA29EA21E929EA214E
S3150802ED40EA21EA290A2AEA29EA210A2A0A2AEA21D0
S3150802ED500A220A2A0A2AEA21EA290A2A0A22EA297E
S3150802ED600B2A0A2A0A220B2A0A2A0A2A0B2A0A2AF8
S3150802ED700B2A0A2A2B2A0B2A0A2A0B2A2B2A2A2A7E
S3150802ED802B2A0B2A2A2A2B2A2B2A2B2A2B322B2AE4
S3150802ED902B2A2B2A2B2A2B322B2A2C2A2B2A4B328A
S3150802EDA04B2A4C2A2B2A2B2A2C2A4B322C2A4B2A20
S3150802EDB02B2A4C3288218821881988218821882182
S3150802EDC0871988218821882187198821672188211E
S3150802EDD08821882167198821881988218821881914
S3150802EDE08721872188198821882188198821A821BD
S3150802EDF088198721A82188218821A8218819881994
S3150802EE008821A8218819A821A8218921A821A92110
S3150802EE10A921A821A8218821A819A821A821A919C8
S3150802EE20A821A8218821A821A821A821A921A821A9
S3150802EE30A821A921C921A921A921A821A921C92134
S3150802EE40A921A921C921C921C921A921C921C921C2
S3150802EE50C921C921C921C921C921C921C921EA2929
S3150802EE60E921E921EA29E921C921CA29C929EA2187
S3150802EE70EA29E921CA21EA29EA29E921EA21E9292D
S3150802EE80EA21EA21E929EA29EA210A2AEA29EA21DA
S3150802EE900A2A0A2AEA21EA290A2AEA210B220A2A3C
S3150802EEA0EA290A2A0B2AEA290B2A0A2A0B2A0A22F9
S3150802EEB00A2A0B2A0B2A0A220A2A2B2A0A2A0B2A86
S3150802EEC02B2A0A2A2A2A2B2A0B2A2B2A0A2A2B2AED
S3150802EED02B2A2B2A2B322B2A2B2A2B2A2B322B2A6A
S3150802EEE02B2A2B2A2B2A2B2A4B322B2A4C324B2AF9
S3150802EEF02B2A4C2A2B2A4C324C32882187198821F4
S3150802EF0087198821881988218821871987196821EC
S3150802EF1088216819872188218719882187198821D4
S3150802EF2088198719882188218821882188198721A3
S3150802EF30881988218821881988218821A821882169
S3150802EF40A821882188218821A81988218821881939
S3150802EF508821A819A821A821A921A81988218821C8
S3150802EF60A8218921A819A821A921A819A921A92175
S3150802EF70A821A821A821A821A921A821A921A82137
S3150802EF80C921A821A821A921C921C921C921C9297B
S3150802EF90C921C921C921C921C921C921C929C92109
S3150802EFA0C921C929C921C921C921CA29E921C921D0
S3150802EFB0EA29E921C921EA29E929EA29E921EA21ED
S3150802EFC0CA29EA29E921EA29EA21EA29E921EA21DB
S3150802EFD00A2AEA21EA210A2AEA29EA290B2AEA2935
S3150802EFE0EA210A2AEA29EA210B2A0A2A0A220A2AEB
S3150802EFF00A2A0B2A0A220A2A0A2A0A2A0B2A0B2A66
S3150802F0000A2A0A220B2A0B2A0B2A0B2A2B2A0B2A32
S3150802F0100B2A2B2A2B2A0B2A2B2A2B2A2B2A2B2A78
S3150802F0202B322B2A2B2A2B2A4B322C2A2C2A4B32CE
S3150802F0302C322B2A4B322C2A4C324C324C326C2A2A
S3150802F0408819882187198821882188198821882181
S3150802F050671967198821681987198819671988210C
S3150802F060881967218821871988218821881988198A
S3150802F0708721882188198821882188198821882149
S3150802F08088198819881988218821A821A8218921FF
S3150802F090A821A8218821A821A8218819A821882180
S3150802F0A088218821A821881988218821A821A821B0
S3150802F0B088218819A921A921A921A821A921A8213C
S3150802F0C0A821A821A921A921C921A821C921C82184
S3150802F0D0C921A921C921C921C921C929A921C92108
S3150802F0E0C929A921C921C921C921C921CA29C921CF
S3150802F0F0C921EA21C921C921C921C921C921C9218F
S3150802F100E929C921E921EA29EA21E921EA29EA299B
S3150802F110E921EA29EA29EA21EA29EA29EA210A2A3F
S3150802F1200A220A2A0A2AEA290A2A0B2AEA210A2A80
S3150802F1300A2A0A220B2AEA290A2A0B2A0B220A2A4D
S3150802F1400A2A0B2A0B2A0A2A0A2A2A2A0B2A0A2AEC
S3150802F1500A2A0A2A2B2A0A2A2B2A0B2A0A2A2B2A9B
S3150802F1602B2A0B2A2B2A2B2A2B2A2B2A2B322B2AFF
S3150802F1702B2A2B2A4B2A4B2A2B2A2B2A4C326C3225
S3150802F1806C2A6C324C328721882188198719882182
S3150802F190882188218721881967218721882168196A
S3150802F1A087196721881967198821671968198821B3
S3150802F1B08721881988218721882188218821881909
S3150802F1C0871987218821A8218821881988198819E9
S3150802F1D0A821A82188198821A9218819A821A92145
S3150802F1E0A9218821882188198819A821A821882176
S3150802F1F088218819A921A821A821A821A821A921FD
S3150802F200A921A821A821A921A921A921C921A82181
S3150802F210A921A921A821A929A821A821A921C92169
S3150802F220C929C921C921C921C921C929CA21C9216D
S3150802F230C929CA21C929C921EA29E929C921CA210B
S3150802F240C929CA21CA21E921CA21EA29E921CA21E9
S3150802F250EA29C921EA21EA21EA29EA21EA210A2A2E
S3150802F260EA210A2AEA29EA290A22EA21EA290A22B3
S3150802F2700A2A0A2A0A2AEB290A2A0A220A2A0B2A05
S3150802F2800A220A2A0B2A0B2A0A220A2A0B220B2AE2
S3150802F2900A2A2B2A0B2A0B2A2B2A2B2A0A2A2B2A38
S3150802F2A00B2A2A2A2B2A0B2A2B2A2B2A0B2A2B2A07
S3150802F2B02B2A2B2A2B2A2B2A2B2A2C324C2A4C2A4B
S3150802F2C04C326C324C2A6C2A6C326C328821882178
S3150802F2D08821671988218719671988198821882139
S3150802F2E06719882188216721882188198821882118
S3150802F2F088198719882188218719882188218819D8
S3150802F3008821A82188198821882188198821A82175
S3150802F31088218821882188218821A821881988217D
S3150802F320A92188198821882188198819882188217C
S3150802F330A8218819882188218819A821A921882124
S3150802F3408821A819A821A821A821A921A921A8218B
S3150802F350C821A921A821A921A921C921A821C921F0
S3150802F360C921A921C921A921C921C929C921C92175
S3150802F370C921C921C921C921C921C921C921C9212D
S3150802F380EA29C921C921E921CA29E929EA29EA2951
S3150802F390C921EA29E929EA21EA29C929E921EA2921
S3150802F3A0EA29E921EA29EA29EA210A2AEA290A2A84
S3150802F3B0EA29EA210A2AEA210A2A0B22EA290A2A38
S3150802F3C00A2A0B2A0B2A0A2A0A2A0A2A0B2A0A2A8A
S3150802F3D02A2A0A2A0A2A0B2A2B2A2B2A2A2A2B2AD9
S3150802F3E02B2A0B2A0B2A2B2A0B2A0B2A2B2A2B2AE5
S3150802F3F02B2A2B2A2B2A2B322B2A2B2A2B2A2B3245
S3150802F4004C324C324C324C326C2A4C324C326C2ACC
S3150802F4106C328819882188218819882188216719D8
S3150802F4206721882188196719671987196821882128
S3150802F4308819882188218719882188218819871996
S3150802F440881988218821881987218821882188197D
S3150802F45088198821882188198819A8218821A81934
S3150802F4608821A8218821A821A821882188218821E4
S3150802F470A82188198821882188218819A821A821E4
S3150802F480882188218821A92188198821A821A921CA
S3150802F490A821A821A921A821A921A821C921A821F1
S3150802F4A0A921A821A921C921A921A921C921C9219D
S3150802F4B0C921C929C921C921C921C929C921CA29D3
S3150802F4C0C921C921CA29E921C921C921C921E92193
S3150802F4D0C921CA21EA29C921C921EA29EA21E92930
S3150802F4E0EA21EA29EA29E921EA29EA21EA29EA298D
S3150802F4F0EA210A2A0A2AEA21EA290A2AEA290B2AEF
S3150802F500EA29EA210A2A0A2AEA210A2A0A2A0B22C5
S3150802F5100A220A2A0B2A0B2A0B2A0A2A0A2A0A2A40
S3150802F5200B2A0A2A0A2A2B2A2A2A0A2A2B2A2B2AA7
S3150802F5300A2A2B2A2B322B2A2B2A2B322B2A4C32FB
S3150802F5404C322B2A4C2A4C324C2A6C324B2A4C2AE5
S3150802F5506C324C2A4C2A4C32000000000000000093
S3150802F560000000000000000000000000000000008B
S3150802F570000000000000000000000000000000007B
S3150802F580000000000000000000000000000000006B
S3150802F590000000000000000000000000000000005B
S3150802F5A0000000000000000000000000000000004B
S3150802F5B00000000000000008080408510000085D69
S3150802F5C0000008140000000000000000000000000F
S3150802F5D0000000000000000000000000000000001B
S3150802F5E0000000000000000000000000000000000B
S3150802F5F000000000000000000000000000000000FB
S3150802F60000000000000000000000000000000000EA
S3150802F61000000000000000000000000000000000DA
S3150802F62000000000000000000000000000000000CA
S3150802F63000000000000000000000000000000000BA
S3150802F64000000000000000000000000000000000AA
S3150802F650000000000000000000000000000000009A
S3150802F660000000000000000000000000000000008A
S3150802F670000000000000000010101010000400CF67
S3150802F680000000FF000000FF000000EB0804083439
S3150802F690000000000000000000000000000000005A
S3150802F6A0000000000000000000000000000000004A
S3150802F6B0000000000000000000000000000000003A
S3150802F6C0000000000000000000000000000000002A
S3150802F6D0000000000000000000000000000000001A
S3150802F6E0000000000000000000000000000000000A
S3150802F6F000000000000000000000000000000000FA
S3150802F70000000000000000000000000000000000E9
S3150802F71000000000000000000000000000000000D9
S3150802F72000000000000000000000000000000000C9
S3150802F73000000000000000000000000000000000B9
S3150802F7400004009A000000FF000000FF000000FF0E
S3150802F750000000FF000408B60000000000000000D8
S3150802F7600000000000000000000000000000000089
S3150802F7700000000000000000000000000000000079
S3150802F7800000000000000000000000000000000069
S3150802F7900000000000000000000000000000000059
S3150802F7A00000000000000000000000000000000049
S3150802F7B00000000000000000000000000000000039
S3150802F7C00000000000000000000000000000000029
S3150802F7D00000000000000000000000000000000019
S3150802F7E000000008080408550004006D08040828EB
S3150802F7F000000000000000000000000000000000F9
S3150802F8000000000008040830000000FB000000FFAA
S3150802F810000000FF000000FF000000FF000000CB10
S3150802F82000000000000000000000000000000000C8
S3150802F830000000000000000000001014080408611F
S3150802F84008040065080C10140000000000000000FF
S3150802F8500000000000000000000000000000000098
S3150802F8600000000000000000000000000000000088
S3150802F8700000000000000000000000000000000078
S3150802F8800000000000000000000000000000000068
S3150802F8900000000000000000000000000000000058
S3150802F8A00000000000001808000400CB000000FF5A
S3150802F8B0000000FF000400F70808084100000000E5
S3150802F8C0000000000000000000000000000400BE66
S3150802F8D0000000FF000000FF000000FF000000FF1C
S3150802F8E0000000FF00000092000000000000000077
S3150802F8F0000000000000000000000004080408756B
S3150802F900000400EF000000FF000000FF000400E70B
S3150802F910080808240000000000000000000000009B
S3150802F92000000000000000000000000000000000C7
S3150802F93000000000000000000000000000000000B7
S3150802F94000000000000000000000000000000000A7
S3150802F9500000000000000000000000000000000097
S3150802F9600000000000000000000000000000086916
S3150802F970000000FF000000FF000000FF000000FF7B
S3150802F980000000BE000000000000000000000000A9
S3150802F99000040851000000FF000000FF000000FFFD
S3150802F9A0000000FF000000FF000000FF00040075D1
S3150802F9B00000000000000000000000000808083CE3
S3150802F9C0000000D3000000FF000000FF000000FF57
S3150802F9D0000000FF000000FF0004009A000000007B
S3150802F9E00000000000000000000000000000000007
S3150802F9F000000000000000000000000000000000F7
S3150802FA0000000000000000000000000000000000E6
S3150802FA1000000000000000000000000000000000D6
S3150802FA2000000000000000000000000000000000C6
S3150802FA300000000000000092000000FF000000FF26
S3150802FA40000000FF000000FF000000F70000001899
S3150802FA50000000000000000C000000DF000000FFAC
S3150802FA60000000FF000000FF000000FF000000FF8A
S3150802FA70000000FF000000E70804084908040830EF
S3150802FA80000400A6000000FF000000FF000000FFBF
S3150802FA90000000FF000000FF000000FF000000FF5A
S3150802FAA0000000B600000000000000000000000090
S3150802FAB00000000000000000000000000000000036
S3150802FAC00000000000000000000000000000000026
S3150802FAD00000000000000000000000000000000016
S3150802FAE00000000000000000000000000000000006
S3150802FAF00000000000000000000000000000009660
S3150802FB00000000FF000000FF000000FF000000FFE9
S3150802FB10000000FF000400CF00000071080400C3C3
S3150802FB20000000FF000000FF000000FF000000FFC9
S3150802FB30000000FF000000FF000000FF000000FFB9
S3150802FB40000000FF000000FF000000FF000000FFA9
S3150802FB50000000FF000000FF000000FF000000FF99
S3150802FB60000000FF000000FF0000006D000000001A
S3150802FB700000000000000000000000000000000075
S3150802FB800000000000000000000000000000000065
S3150802FB900000000000000000000000000000000055
S3150802FBA00000000000000000000000000000000045
S3150802FBB00000000000000000000000000000000035
S3150802FBC00000000000000096000000FF000000FF91
S3150802FBD0000000FF000000FF000000FF000000FF19
S3150802FBE0000000FF000000FF000000FF000000FF09
S3150802FBF0000000FF000000FF000000FF000000FFF9
S3150802FC00000000FF000000FF000000FF000000FFE8
S3150802FC10000000FF000000FF000000FF000000FFD8
S3150802FC20000000FF000000FF000000FF0804089221
S3150802FC3000000004000000000000000000000000B0
S3150802FC4000000000000000000000000000000000A4
S3150802FC500000000000000000000000000000000094
S3150802FC600000000000000000000000000000000084
S3150802FC700000000000000000000000000000000074
S3150802FC800000000000000000000000000000009ACA
S3150802FC90000000FF000000FF000000FF000000FF58
S3150802FCA0000000FF000000FF000000FF000000FF48
S3150802FCB0000000FF000000FF000000FF000000FF38
S3150802FCC0000000FF000000FF000000FF000000FF28
S3150802FCD0000000FF000000FF000000FF000000FF18
S3150802FCE0000000FF000000FF000000FF000000FF08
S3150802FCF0000000EB00000004000000000000000005
S3150802FD0000000000000000000000000000000000E3
S3150802FD1000000000000000000000000000000000D3
S3150802FD2000000000000000000000000000000000C3
S3150802FD3000000000000000000000000000000000B3
S3150802FD4000000000000000000000000000000000A3
S3150802FD500000000000000096000000FF000000FFFF
S3150802FD60000000FF000000FF000000FF000000FF87
S3150802FD70000000FF000000FF000000FF000000FF77
S3150802FD80000000FF000000FF000000FF000000FF67
S3150802FD90000000FF000000FF000000FF000000FF57
S3150802FDA0000000FF000000FF000000FF000000FF47
S3150802FDB0000000FF000000FF000000EF0000000C3A
S3150802FDC00000000000000000000000000000000023
S3150802FDD00000000000000000000000000000000013
S3150802FDE00000000000000000000000000000000003
S3150802FDF000000000000000000000000000000000F3
S3150802FE000800081C0804006D000408710804082488
S3150802FE10000000000000000000000000000000963C
S3150802FE20000000FF000000FF000000FF000000FFC6
S3150802FE30000000FF000000FF000000FF000000FFB6
S3150802FE40000000FF000000FF000000FF080808D7B6
S3150802FE501010109210101092100C10BE000000FF25
S3150802FE60000000FF000000FF000000FF000000FF86
S3150802FE70000000FF000000FF000000FF000000FF76
S3150802FE80000000FF000400D7000400820800007585
S3150802FE9008040075000000790800007D0004007D52
S3150802FEA008040865000000180000000000000000B1
S3150802FEB00000000000000000000000000000000032
S3150802FEC000000000080C0814000408E3000000FF04
S3150802FED0000000FF000000F70808084D00000000B7
S3150802FEE000000004000400C7000000FF000000FF35
S3150802FEF0000000FF000000FF000000FF000000FFF6
S3150802FF00000000FF000000FF000000FF000000FFE5
S3150802FF10000000FF18141875000000000000000019
S3150802FF20181C1838000000FF000000FF000000FF40
S3150802FF30000000FF000000FF000000FF000000FFB5
S3150802FF40000000FF000000FF000000FF000000FFA5
S3150802FF50000000FF000000FF000000FF000000FF95
S3150802FF60000000FF000000FF000000FF000000EF95
S3150802FF700804082C00000000000000000000000031
S3150802FF8000000000000000000000000008040879D4
S3150802FF90000000FF000000FF000000FF000000FF55
S3150802FFA0000400F7080400A2000000C3000000FFD6
S3150802FFB0000000FF000000FF000000FF000000FF35
S3150802FFC0000000FF000000FF000000FF000000FF25
S3150802FFD0000000FF000000FF000000FF1010108E56
S3150802FFE00000000000000000201C2051000000FF55
S3150802FFF0000000FF000000FF000000FF000000FFF5
S31508030000000000FF000000FF000000FF000000FFE3
S31508030010000000FF000000FF000000FF000000FFD3
S31508030020000000FF000000FF000000FF000000FFC3
S31508030030000000FF000000FF000400A60000000007
S31508030040000000000000000000000000000000009F
S315080300500000000000040086000000FF000000FF07
S31508030060000000FF000000FF000000FF000000FF83
S31508030070000000FF000000FF000000FF000000FF73
S31508030080000000FF000000FF100C10D7000400FB5F
S31508030090000000FF000000FF000000FF100C10DB4B
S315080300A0100C1092202020380000000000000000E9
S315080300B03030301C10101086100C10CF000000FFD3
S315080300C0000000FF000000FF000000FF100C10D323
S315080300D0000400FF000000FF000000FF000000FF0F
S315080300E0000000FF000000FF000000FF000000FF03
S315080300F0000000FF000000FF000000FF000000FFF3
S31508030100000408BA00000000000000000000000018
S315080301100000000000000000000000000804083486
S31508030120000000FF000000FF000000FF000000FFC2
S31508030130000000FF000000FF000000FF000000FFB2
S31508030140000000FF000000FF000400FF18181882D3
S3150803015080808000201C2065000000FF080C08D75B
S3150803016028242849F8FCF8000000000000000000D5
S3150803017000000000000000003030302C302C306DB9
S315080301803028306118181871101010B2000000FFDB
S31508030190181018A2F8FCF8002020204D080408F3CC
S315080301A0000000FF000000FF000000FF000000FF42
S315080301B0000000FF000000FF000000FF000000FF32
S315080301C0000000FF000000FF08040871000000009B
S315080301D0000000000000000000000000000000000E
S315080301E00000000000000000000400A2000000FF59
S315080301F0000000FF000000FF000000FF000000FFF2
S31508030200000000FF000000FF000000FF000000FFE1
S31508030210100C10AE000000000000000000000000F3
S3150803022028282841302C3061303030240000000063
S315080302300000000060606018606068454844481024
S31508030240282C305D000000000000000000000000BC
S3150803025000000000282C283C6060600800000000AD
S315080302600000000018141879000000FF000000FFC2
S31508030270000000FF000000FF000000FF000000FF71
S31508030280000000FF000000FF000000E70804088ADA
S315080302900000000400000000000000000000000049
S315080302A0000000000000000000000000000000003D
S315080302B000000020000000F3000000FF000000FF1C
S315080302C0000000FF000000FF000000FF000000FF21
S315080302D0000000FF000000FF080408EB282428415B
S315080302E000000000000000000000000000000000FD
S315080302F0302C305D3030302400000000F8FCF80064
S3150803030030303069403C38202824283C000000005F
S3150803031080808004383838243830382440444030C4
S31508030320585C58180000000038383820080808CFE9
S31508030330000000FF000000FF000000FF000000FFB0
S31508030340000000FF000000FF000000F70004084952
S31508030350000000000000000000000000000000008C
S31508030360000000000000000000000000000000007C
S3150803037000000000000000000000000000000082EA
S31508030380000000FF000000FF000000FF000000FF60
S31508030390000000FF000000FF000000FF000000FF50
S315080303A0000000FF000400FB3834382C000000006E
S315080303B00000000000000000000000003030305D3F
S315080303C03034302000000000302C3061404040209B
S315080303D02828283C50545004302C286920202038DB
S315080303E0181C2034383838386060601CC0C0C00414
S315080303F0080808E7000000FF000000FF000000FFF0
S31508030400000000FF000000FF000000FF000000FFDF
S31508030410000000C300000000000000000000000008
S3150803042000000000000000000000000000000000BB
S3150803043000000000000000000000000000000000AB
S31508030440000000000000000C000000E3000000FFAD
S31508030450000000FF000000FF000000FF000000FF8F
S31508030460000000FF000000FF000000FF080C08DF83
S31508030470303438340000000000000000000000009B
S315080304800000000000000000303030690000000062
S315080304903030305D5050501C2828283C28282855D1
S315080304A0484848140000000000000000000000004F
S315080304B000000000000000001814189A000000FF4E
S315080304C0000000FF000000FF000000FF000000FF1F
S315080304D0000000FF000000FF000408EF08080820DA
S315080304E000000000000000000000000000000000FB
S315080304F000000000000000000000000000000000EB
S3150803050000000000000000000000000000000000DA
S3150803051008040865000000FF000000FF000000FF54
S31508030520000000FF000000FF000000FF000000FFBE
S31508030530000000FF20242041302C3059302C302C69
S31508030540000000000000000000000000000000009A
S31508030550302C30610000000038303859484C4820A8
S31508030560282828382824285DA8ACA80400000000F9
S3150803057000000000000000000000000030343020B6
S31508030580302C3071080408F7000000FF000000FF54
S31508030590000000FF000000FF000000FF000000FF4E
S315080305A0000000FF000400EB0000006500000000E7
S315080305B0000000000000000000000000000000002A
S315080305C0000000000000000000000000000000001A
S315080305D000000000000000000800003C000000FFC7
S315080305E0000000FF000000FF000000FF000000FFFE
S315080305F0000000FF000000FF080808D7F8FCF80011
S3150803060000000000302C305930303028000000003C
S315080306100000000020202082101010CF101010B206
S31508030620101010CF181418B6101010C3100C10CFD2
S315080306301818189E000000000000000000000000C3
S31508030640403C401C3034306100000000101010BAE2
S31508030650000000FF000000FF000000FF000000FF8D
S31508030660000000FF000000FF000000FF000000FF7D
S31508030670000000FF080400CB08040834000000004B
S315080306800000000000000000000000000000000C4D
S31508030690000408690804007D0004084108040834B6
S315080306A0080400C3000000FF000000FF000000FF6D
S315080306B0000000FF000000FF000000FF000000FF2D
S315080306C01010108E0000000000000000000000005B
S315080306D0383438493838385138343855101010D327
S315080306E0080408FF080808EB20202051201C208A4C
S315080306F01014188E101010C3080C08EF3830385928
S31508030700383C3855403C40513838384900000000D9
S315080307103830385920202079000000FF000000FFF8
S31508030720000000FF000000FF000000FF000000FFBC
S31508030730000000FF000000FF000000FF000000FFAC
S31508030740000400FB000408A20808081C00000000B7
S3150803075000000004000400CF000000FF000000FFB3
S31508030760000000FF000000FF000000FF000000FF7C
S31508030770000000FF000000FF000000FF080808D380
S3150803078010101082101010A228242834000000002C
S3150803079058545808585C581C000000000000000014
S315080307A000000000101010BA080408FF101010A269
S315080307B0000000002824288E00000000101010A254
S315080307C0080C10E300000000000000000000000011
S315080307D00000000038343855383038245854581037
S315080307E01010109E10101082100C10B2000000FF9B
S315080307F0000000FF000000FF000000FF000000FFEC
S31508030800000000FF000000FF000000FF000000FFDB
S31508030810000000EF080808240004084D000000FF44
S31508030820000000FF000000FF000000FF000000FFBB
S31508030830000000FF000000FF000000FF000000FFAB
S31508030840000000FF101410790000000000000000EB
S3150803085000000000000000005050501C4840484D5E
S315080308603030305938383851403C4051101010CF89
S31508030870000400FF2020205D000000004040405196
S3150803088080808000100C08E3080C08EB403C4051BC
S31508030890484448494844484540404049383C38203C
S315080308A00000000000000000000000000000000037
S315080308B028242841000000FF000000FF000000FF75
S315080308C0000000FF000000FF000000FF000000FF1B
S315080308D0000000FF000000FF000000FF0000008E7C
S315080308E000000065000000FF000000FF000000FF95
S315080308F0000000FF000000FF000000FF000000FFEB
S31508030900000000FF000000FF000000FF1010107534
S3150803091000000000000000000000000058505824A2
S315080309203030303C2020203428282830282C283002
S31508030930302C3030101010C7080408FB4040401C08
S3150803094040344018686868283834382C080408FF87
S31508030950080C10E7383838283834382C3030302C1F
S315080309603030382C302C382C4848483460546014BE
S3150803097000000000000000002824283C000000FFB7
S31508030980000000FF000000FF000000FF000000FF5A
S31508030990000000FF000000FF000000FF000000FF4A
S315080309A0000000FF0000009200000020000000F78E
S315080309B0000000FF000000FF000000FF000000FF2A
S315080309C0000000FF000000FF000000FF000000FF1A
S315080309D0000000FF101010B220202041201C1855DB
S315080309E03030301858585820403C4038302C303076
S315080309F0383838283838382838383828101010C77F
S31508030A00101010D700000000201C208A989898041C
S31508030A1018181871080408FF080C08EB3834382826
S31508030A20383838283838382C383438283834382C75
S31508030A30504848346064601820202055201C203C08
S31508030A401010108E000000FF000000FF000000FFDA
S31508030A50000000FF000000FF000000FF000000FF89
S31508030A60000000FF000000FF000400FF080408411F
S31508030A700000000008040041000400DF000000FF36
S31508030A80000000FF000000FF000000FF000000FF59
S31508030A90000000FF000000FF000000FF000000FF49
S31508030AA0000000FF000000FF181410790000000082
S31508030AB0000000000000000038343830302C305D68
S31508030AC030303059101010D3101010BA2824284982
S31508030AD02020209658545010101010BE000408FF0A
S31508030AE0080C08EF3034305530303055302C305937
S31508030AF0302C285D302C283C000000002824283C94
S31508030B00000000FF000000FF000000FF000000FFD8
S31508030B10000000FF000000FF000000FF000000FBCC
S31508030B20000000960000007D080408AA080408B619
S31508030B30080808510000000000000000000000003B
S31508030B400000000808040879000000EF000000FF11
S31508030B50000000FF000000FF000000FF000000FF88
S31508030B60000000FF000000FF000000FF000000FF78
S31508030B70080C10BA000000000000000030303038BE
S31508030B80303030490000000000000000181818B281
S31508030B90080808F7100C08F7101010DB101010E7F8
S31508030BA0080C08F3080808F7181418D700000000FB
S31508030BB00000000000000000000000003030303C58
S31508030BC0303030451014187D000000FF000000FF88
S31508030BD0000000FF000000FF000000FF000000FF08
S31508030BE0000000FF00000082000000000000000073
S31508030BF000000000000000000000000000000000E4
S31508030C0000000000000000000000000000000000D3
S31508030C100000001800000096000000FB000000FF1B
S31508030C20000000FF000000FF000000FF000000FFB7
S31508030C30000000FF000000FF000408FB38343820DA
S31508030C4030303038302C30490000000000000000F6
S31508030C500000000000000000303438610000000086
S31508030C603834385D5050501C302830382828285DD1
S31508030C70F8FCF80000000000000000000000000077
S31508030C8000000000000000003838383C080808EB6C
S31508030C90000000FF000000FF000000FF000000FF47
S31508030CA0000000FF000000FF000000FF00040079B9
S31508030CB00000000000000000000000000000000023
S31508030CC00000000000000000000000000000000013
S31508030CD00000000000000000000000000000000003
S31508030CE008040830000400E7000000FF000000FFC6
S31508030CF0000000FF000000FF000000FF000000FFE7
S31508030D00000000FF101010BA303030490000000010
S31508030D1000000000000000000000000000000000C2
S31508030D2030303061000000003030385D4844501CD4
S31508030D302824283C2828285DF8FCF8000000000031
S31508030D400000000000000000000000000000000092
S31508030D50181C1865000000FF000000FF000000FFD4
S31508030D60000000FF000000FF000000FF000000FF76
S31508030D70000000FF000000E70000000C0000000070
S31508030D800000000000000000000000000000000052
S31508030D900000000000000000000000000000000042
S31508030DA00000000000000000000000000000008AA8
S31508030DB0000000FF000000FF000000FF000000FF26
S31508030DC0000000FF000000FF000000FF000400FF12
S31508030DD03838382C0000000000000000000000002E
S31508030DE00000000000000000302C30610000000005
S31508030DF0302C305D404040202824283C302830459C
S31508030E003838382C000000000000000000000000FD
S31508030E1000000000F8FCF804080808EB000000FFCF
S31508030E20000000FF000000FF000000FF000000FFB5
S31508030E30000000FF000000FF000000FF000000FFA5
S31508030E400004008600000000000000000000000007
S31508030E500000000000000000000000000000000081
S31508030E600000000000000000000000000000000071
S31508030E7000000004000400BA000000FF000000FFA1
S31508030E80000000FF000000FF000000FF000000FF55
S31508030E90000000FB18181886585458040000000070
S31508030EA00000000000000000000000000000000031
S31508030EB0302C2861000000003030306D80808004BB
S31508030EC02828286D504C500C303430513034302C8F
S31508030ED00000000000000000000000000000000001
S31508030EE020202055080808EF000000FF000000FF37
S31508030EF0000000FF000000FF000000FF000000FFE5
S31508030F00000000FF000000FF000400F7080808249B
S31508030F1000000000000000000000000000000000C0
S31508030F2000000000000000000000000000000000B0
S31508030F300808081C00000082080408D3000000FF04
S31508030F40000000FF000000FF000000FF000000FF94
S31508030F50000000FF000000FF101010AA00000000A8
S31508030F600000000000000000A8ACA8040000000070
S31508030F70000000005854580430303069000000005F
S31508030F803034301C302C306168686804282C286D8E
S31508030F90484848103834384D38343828F8FCF800AF
S31508030FA00000000000000000000000001818187573
S31508030FB0000000FF000000FF000000FF000000FF24
S31508030FC0000000FF000000FF000000FF000000FF14
S31508030FD0000000FF080408AE00000000000000003F
S31508030FE000000000000000000000000000000000F0
S31508030FF000000000100C1014000400EB000000FFB2
S31508031000000000FF000000FF000000FF000000FFD3
S31508031010000000FF000000FF000000FF000000FFC3
S31508031020080408F32024203C000000002828282C64
S31508031030080C08E71814187D6064600C30303065B6
S315080310404040401000000000000000003834381CFF
S31508031050303030616864680430303065585C581045
S3150803106020202096080C08E32020205500000000C5
S31508031070403C4014080808D3000000FF000000FFA6
S31508031080000000FF000000FF000000FF000000FF53
S31508031090000000FF000000FF000000FF000000FF43
S315080310A000040045000000000000000000000000E6
S315080310B000000000000000000000000008040865A6
S315080310C0000000FF000000FF000000FF000000FF13
S315080310D0000000FF000000FF000000FF000000FF03
S315080310E0000000FF000000FF000000FF080408F3EB
S315080310F018181879080808DB000000FF000000FF2D
S31508031100080808F31814189A2824283C606060080D
S315080311100000000000000000383838202824287D05
S3150803112018181879080C08EF000000FF000000FFE4
S31508031130080408F318181871080808D7000000FFF0
S31508031140000000FF000000FF000000FF000000FF92
S31508031150000000FF000000FF000000FF000000FF82
S31508031160000000FF000000FF000408AE00000000B6
S31508031170000000000000000000000000000000005E
S315080311800000000000000071000000FF000000FFDF
S31508031190000000FF000000FF000000FF000000FF42
S315080311A0000000FF000000FF000000FF000000FF32
S315080311B0000000FF000000FF000000FF000000FF22
S315080311C0000000FF000000FF000000FF000000FF12
S315080311D0000000FF1010108200000000000000004D
S315080311E020202049000400FF000000FF000000FF44
S315080311F0000000FF000000FF000000FF000000FFE2
S31508031200000000FF000000FF000000FF000000FFD1
S31508031210000000FF000000FB000000EB000000FFD9
S31508031220000000FF000000FF000000FF000000FFB1
S31508031230000008B6000000000000000000000000DF
S315080312400000000000000000000000000804082C4D
S31508031250000400F7000000FF000000FF000000FF85
S31508031260000000FF000000FF000000FF000000FF71
S31508031270000000FF000000FF000000FF000000FF61
S31508031280000000FF000000FF000000FF000000FF51
S31508031290000000FF000000FF000000FF101410719B
S315080312A0000000000000000020202038000000FF96
S315080312B0000000FF000000FF000000FF000000FF21
S315080312C0000000FF000000FF000000FF000000FF11
S315080312D0000000FF000000FF000000FB08040838B8
S315080312E00000000000040069000000FF000000FF82
S315080312F0000000FF000400FF080008550000000076
S3150803130000000000000000000000000000000000CC
S3150803131000000000000000000004083C000400B6BA
S31508031320000000CB000000CB000000CB000000C388
S31508031330000000C3000000CB000400F7000000FF14
S31508031340000000FF000000FF000000FF000000FF90
S31508031350000000FF000000FF000000FF000000FF80
S31508031360000000FF101010A2202420412824284141
S3150803137018181879000000FF000000FF000000FF9E
S31508031380000000FF000000FF000000FF000000FF50
S31508031390000000FF000000FF000000FF000000FF40
S315080313A0000000CF0000000000000000000000005D
S315080313B000040051000400B2000000BA0804085DE6
S315080313C0000000000000000000000000000000000C
S315080313D000000000000000000000000000000000FC
S315080313E000000000000000000000000000000000EC
S315080313F000000000000000000000000000000000DC
S315080314000000001C000000E3000000FF000000FFCE
S31508031410000000FF000000FF000000FF000000FFBF
S31508031420000000FF000000FF000000FF000000FFAF
S31508031430000000FF000000FF000000FF000000FF9F
S31508031440000000FF000000FF000000FF000000FF8F
S31508031450000000FF000000FF000000FF000000FF7F
S31508031460000000FF000000FF000000CB00000000A2
S31508031470000000000000000000000000000000005B
S31508031480000000000000000000000000000000004B
S31508031490000000000000000000000000000000003B
S315080314A0000000000000000000000000000000002B
S315080314B0000000000000000000000000000000001B
S315080314C0000000000000000000000000080000AA59
S315080314D0000000FF000000FF000000FF000000FFFF
S315080314E0000000FF000000FF000000FF000000FFEF
S315080314F0000000FF000000FF000000FF000000FFDF
S31508031500000000FF000000FF000000FF000000FFCE
S31508031510000000FF000000FF000000FF000000FFBE
S31508031520000000FF000000FF000000FF000000FFAE
S31508031530000000CB000000000000000000000000CF
S31508031540000000000000000000000000000000008A
S31508031550000000000000000000000000000000007A
S31508031560000000000000000000000000000000006A
S31508031570000000000000000000000000000000005A
S31508031580000000000000000000000000000000004A
S3150803159008080824000000EF000000FF000000FF11
S315080315A0000000FF000000FF000000FF000000FF2E
S315080315B0000000FF000000FF000000FF000000FF1E
S315080315C0000000FF000000FF000000FF000000FF0E
S315080315D0000000FF000000FF000000FF000000FFFE
S315080315E0000000FF000000FF000000FF000000FFEE
S315080315F0000000FF000000FF000000CB0000000011
S3150803160000000000000000000000000000000000C9
S3150803161000000000000000000000000000000000B9
S3150803162000000000000000000000000000000000A9
S315080316300000000000000000000000000000000099
S315080316400000000000000000000000000000000089
S315080316500000000000000018000400EB000000FF73
S31508031660000000FF000000FF000000FF000000FF6D
S31508031670000000FF000000FF000000FF000000FF5D
S31508031680000000FF000000FF000000FF000000FF4D
S31508031690000000FF000000FF000000FF000000FF3D
S315080316A0000000FB000000D3000400F3000000FF65
S315080316B0000000FF000000FF000000FF000000FF1D
S315080316C0000000CB0000000000000000000000003E
S315080316D000000000000000000000000000000000F9
S315080316E000000000000000000000000000000000E9
S315080316F000000000000000000000000000000000D9
S3150803170000000000000000000000000000000000C8
S31508031710000000000000000000000000080408752F
S31508031720000000FF000000FF000000FF000000FFAC
S31508031730000000FF000000FF000000FF000000F7A4
S315080317400004009E00000092000000F3000000FF62
S31508031750000000FF000000FF000000FF000000FF7C
S31508031760000000FF000000FF0804086D00000000E9
S315080317700000001C000000EF000000FF000000FF4F
S31508031780000000FF000000FF000000CB000000007F
S315080317900000000000000000000000000000000038
S315080317A00000000000000000000000000000000028
S315080317B00000000000000000000000000000000018
S315080317C00000000000000000000000000000000008
S315080317D000000000000000000000000000000000F8
S315080317E0000000000804087D000000FF000000FF59
S315080317F0000000FF000000FF000000FF000000FFDC
S31508031800000400BA080408280000000000000000CD
S3150803181000040855000000FF000000FF000000FF59
S31508031820000000FF000000FF000000FF000000C3E7
S31508031830000000000000000000000000000000A2F5
S31508031840000000FF000000FF000000FF000000FF8B
S31508031850000400B6000000000000000000000000BD
S315080318600000000000000000000000000000000067
S315080318700000000000000000000000000000000057
S315080318800000000000000000000000000000000047
S315080318900000000000000000000000000000000037
S315080318A000000000000000000000000008080824EB
S315080318B0000000F7000000FF000000FF000000FF23
S315080318C0000400DB080808550000000000000000BB
S315080318D0000000000000000008080845000000FF9B
S315080318E0000000FF000000FF000000FF000000FFEB
S315080318F0000000FB0804082C00000000000000009C
S315080319000000000000040845000400FB000000FF77
S31508031910000000FF000400FF0804084D0000000053
S3150803192000000000000000000000000000000000A6
S315080319300000000000000000000000000000000096
S315080319400000000000000000000000000000000086
S315080319500000000000000000000000000000000076
S315080319600000000000000000000000000000000066
S31508031970000000000000000000040041000000AE63
S31508031980080408BA0804086D0000000800000000EF
S315080319900000000000000000000000000000000036
S315080319A00000008A000000FF000000FF000000FF9F
S315080319B0000000FF000000FF000408960000000076
S315080319C00000000000000000000000000000000006
S315080319D008040849080408AE080408B20804084DB0
S315080319E000000000000000000000000000000000E6
S315080319F000000000000000000000000000000000D6
S31508031A0000000000000000000000000000000000C5
S31508031A1000000000000000000000000000000000B5
S31508031A2000000000000000000000000000000000A5
S31508031A300000000000000000000000000000000095
S31508031A400000000000000000000000000000000085
S31508031A500000000000000000000000000000000075
S31508031A6000000000000000000000088E000000FFD0
S31508031A70000000FF000000FF000000FF080400EF5D
S31508031A80080C10140000000000000000000000000D
S31508031A900000000000000000000000000000000035
S31508031AA00000000000000000000000000000000025
S31508031AB00000000000000000000000000000000015
S31508031AC00000000000000000000000000000000005
S31508031AD000000000000000000000000000000000F5
S31508031AE000000000000000000000000000000000E5
S31508031AF000000000000000000000000000000000D5
S31508031B0000000000000000000000000000000000C4
S31508031B1000000000000000000000000000000000B4
S31508031B2000000000000000000000000000000000A4
S31508031B300804083C000400FB000000FF000000FF47
S31508031B40000000FF0804086500000000000000000C
S31508031B500000000000000000000000000000000074
S31508031B600000000000000000000000000000000064
S31508031B700000000000000000000000000000000054
S31508031B800000000000000000000000000000000044
S31508031B900000000000000000000000000000000034
S31508031BA00000000000000000000000000000000024
S31508031BB00000000000000000000000000000000014
S31508031BC00000000000000000000000000000000004
S31508031BD000000000000000000000000000000000F4
S31508031BE000000000000000000000000000000000E4
S31508031BF00000000000000000000000000804083888
S31508031C00000000A2080408A60808085100000000FE
S31508031C1000000000000000000000000000000000B3
S31508031C2000000000000000000000000000000000A3
S31508031C300000000000000000000000000000000093
S31508031C400000000000000000000000000000000083
S31508031C500000000000000000000000000000000073
S31508031C600000000000000000D2CE0321500C003013
S31508031C700C00C105004D00000C00000200000F0017
S31508031C8093ECDE2900F7ADDAEF02330000F90A0018
S31508031C900000F30C000000F50A000010FD03000025
S31508031CA0D56F0000B0CF030000E00C000000E00C85
S31508031CB000000040030000000000000000F00E00D2
S31508031CC00000F00E000000000010537757020000D2
S31508031CD00083FCFFFFFFDF170000FDFFFFFFFFFF89
S31508031CE0DF0200FDFFFFEFFFFFFF2E00FD9E15003D
S31508031CF041FAFFBF006B0000000060FFFF0200000F
S31508031D0000000000FBFF07000000000000F7FF08C3
S31508031D10000000000000F6FF09000000000000F7BD
S31508031D20FF07000000000000FBFF0400000000009E
S31508031D3030FFEF000000000000C1FF7F0000000035
S31508031D400010FCFF0C0000000000D3FFDF020000B8
S31508031D50000081FFFF2C0000000060FEFF9F0000CB
S31508031D60000000D0FFDF040000000000D0FF0B00D6
S31508031D700000000000D0FF09000000000000D0FFAB
S31508031D8009000000000000D0FF0900000000000061
S31508031D90D0FF09000000000000000000000000005A
S31508031DA00000000000000000000000000000000022
S31508031DB000000000404403000000000000F1FF0E8D
S31508031DC0000000000000F1FF0E000000000000F113
S31508031DD0FF0E000000000000F1FF0E0000000000E7
S31508031DE0F78FF77FF67FF66FF55FF45FF44FF34FE0
S31508031DF041141001F78FF78F00F3AF00FD0C60FF56
S31508031E0003D0AF00F35F00F60F00F80D00F90C00DE
S31508031E10F80D00F60F00F35F00D0AF0060FF030074
S31508031E20FD0C00F3AFF85F00A0EF0110FE0900F800
S31508031E301E00F35F00D08F00B0AF00A0BF00B0AFA5
S31508031E4000D08F00F25F00F81E10FE09A0EF01F81C
S31508031E505F0000701F00B1721F85E3BEAFBF10F9A4
S31508031E60EF0610FAEF07E3AE8FCF91711F84006078
S31508031E701E000000420200000000F80800000000EF
S31508031E80F80800000000F80800001011F8181100FF
S31508031E90F6FFFFFFFF06F6FFFFFFFF060000F80841
S31508031EA000000000F80800000000F8080000000021
S31508031EB0F808000041444401F3FFFF06F3FFFF0659
S31508031EC01001FA1FFA1FFA1F00A3FE8D0120FEFF59
S31508031ED0FF0BA0FF38FB4FE0EF00F39FF1BF00F1C4
S31508031EE0BFF2AF00F0CFF2AF00F0CFF1BF00F1BF02
S31508031EF0E0EF00F49FA0FF38FC5F20FEFFFF0B0016
S31508031F00A3FE8D010080FF000010E4FF0000F1FF2F
S31508031F10FF0000D1FDFF000000B0FF000000B0FF86
S31508031F20000000B0FF000000B0FF000000B0FF0093
S31508031F300000B0FF0000F1FFFFFF04F1FFFFFF04FD
S31508031F4092ECCE1800F5FFFFCF00E547E6FF041233
S31508031F500080FF06000080FF040000E1EF00000098
S31508031F60FB6F0000A0FF080010FB8F0000C2FF39BB
S31508031F703303FAFFFFFF0EFAFFFFFF0E94ECDE1999
S31508031F8000FAFFFFDF00DA47D6FF04030070FF04F9
S31508031F900010C3DF0000F6FF2B0000F6FFAF0000BA
S31508031FA00091FF07010050FF09AE46D6FF07FFFF62
S31508031FB0FFDF01B7FEDF17000000A0FF09000000DE
S31508031FC0F6FF09000020EEFF090000C16FFF0900B4
S31508031FD000F928FF090050CF20FF0900E22E20FF51
S31508031FE00900F6FFFFFFFF01F6FFFFFFFF012122AE
S31508031FF032FF2900000020FF0900000020FF090026
S31508032000F6FFFFFF06F6FFFFFF06F66F333301F60B
S315080320104F000000F6FFDF2900F6FFFFEF02532209
S31508032020C4FF08000040FF0A030040FF09CC46E747
S31508032030FF05FCFFFFAF00B5FECE06000092EDDEFE
S315080320400040FEFFFF00E2EF366300F85F00000082
S31508032050FC7EDC4B00FEFFFFFF04FF3D92FF0BFEF9
S315080320600C00FF0DFC0E00FF0DF87F70FF08D1FF73
S31508032070FFDF0110D9EF2900FDFFFFFF0AFDFFFF70
S31508032080FF0A333393FF080000D0FF020000F78FDF
S31508032090000010FE1E000080FF080000E1EF0100AB
S315080320A000F88F000020FE1E000090FF080000F2D3
S315080320B0EF01000000B4FDAD0360FFFFFF3FD0EF63
S315080320C003F79FE0EF01F28FA0FF7DF92D10FAFFCA
S315080320D0EF0330FDFBFF3EE1BF10F9BFF48F00E0CD
S315080320E0EFF2EF03F5CFA0FFFFFF4F00C6FE9D02F9
S315080320F000B3FE7D0050FFFFFF09D0EF13FB3FF34C
S31508032100AF00F47FF3AF00F2AFF1FF25F5AF90FF11
S31508032110FFFF9F00C7BEF87F000000FA2F20249315
S31508032120FF0A50FFFFCF0140FECE0700F56FF56F9C
S31508032130F56F100100001001F56FF56FF56FB7FD28
S315080321409D01FEFFFF1D7D44FD5F0000F76F000044
S31508032150FB3F0091FF0920FF7E0030FF060020DDCC
S3150803216005000011000050FF090050FF0900000098
S31508032170FE9F00000050FFEF000000A0FFFF0400D1
S3150803218000E0DFFF090000F56FFD0E0000FA2FF9E6
S315080321904F0000FE0DF49F0050FF29F2EF00A0FF49
S315080321A0FFFFFF04E1FFFFFFFF09F59F0010FE0E87
S315080321B0FA3F0000F94FF9FFFF8D01F9FFFFFF0A08
S315080321C0F94F62FF0EF93F00FE0EF93F41FF08F98A
S315080321D0FFFFCF01F9FFFFFF1CF93F10F88FF93F07
S315080321E000F4AFF94F32FA8FF9FFFFFF1DF9FFFF2E
S315080321F09D020040EBDF5B0000F9FFFFFF0350FF82
S315080322008F64FC03C0FF05007002F1DF00000000C5
S31508032210F3BF00000000F3BF00000000F2DF000078
S315080322200000D0FF0500600260FF8F54FB0300F92E
S31508032230FFFFFF030050EBEF5A00F9FFEF7B0100A6
S31508032240F9FFFFFF1C00F95F53FCBF00F93F00D1FC
S31508032250FF03F93F0060FF08F93F0040FF0AF93F13
S315080322600040FF0AF93F0060FF08F93F00D1FF036A
S31508032270F95F53FCAF00F9FFFFFF1C00F9FFEF6C92
S315080322800000F9FFFFFF04F9FFFFFF04F96F444459
S3150803229001F93F000000F96F443400F9FFFFEF002E
S315080322A0F9FFFFEF00F93F000000F93F000000F9CE
S315080322B06F444401F9FFFFFF04F9FFFFFF04F9FF29
S315080322C0FFFF03F9FFFFFF03F96F444401F93F00DA
S315080322D00000F96F443400F9FFFFDF00F9FFFFDF61
S315080322E000F93F000000F93F000000F93F00000035
S315080322F0F93F000000F93F0000000030DAEF9C03C5
S3150803230000F7FFFFFF0F40FF9F34C60FC0FF07000C
S315080323100006F1DF00000000F3BF00FFFF0FF3BF65
S3150803232000FFFF0FF1EF0033FD0FC0FF0600FC0FA0
S3150803233050FF9F24FD0F00F8FFFFFF0F0040EAEF51
S315080323409C04F93F00A0FF03F93F00A0FF03F93FF0
S3150803235000A0FF03F93F00A0FF03F96F44B4FF038E
S31508032360F9FFFFFFFF03F9FFFFFFFF03F93F00A094
S31508032370FF03F93F00A0FF03F93F00A0FF03F93F5E
S3150803238000A0FF03F93F00A0FF03F1FFFF4FF1FF92
S31508032390FF4F10F58F0100F58F0000F58F0000F54C
S315080323A08F0000F58F0000F58F0000F58F0010F5FC
S315080323B08F01F1FFFF4FF1FFFF4F40FFFF1F40FF64
S315080323C0FF1F0022FC1F0000FB1F0000FB1F00006D
S315080323D0FB1F0000FB1F0000FB1F0000FD1F4583BA
S315080323E0FF0DFAFFFF05E9EF5C00F93F00F4DF0193
S315080323F0F93F10FE3F00F93FA0FF0700F93FF6AF8C
S315080324000000F95FFE1D0000F9EFFF040000F9FF65
S31508032410FF0B0000F9AFFD7F0000F93FF4FF03004F
S31508032420F93F90FF0C00F93F10FD8F00F93F00F3C9
S31508032430FF04F93F000000F93F000000F93F0000E0
S3150803244000F93F000000F93F000000F93F000000D3
S31508032450F93F000000F93F000000F93F000000F9CA
S315080324606F444401F9FFFFFF04F9FFFFFF04F9DF97
S315080324700000FACFF9FF0410FFCFF9FF0A70FFCF68
S31508032480F9FF1FD0FFCFF9CF7FF4FCCFF96FDFFA3F
S31508032490F6CFF91FFEFFF1CFF91FF9AFF0CFF91FFA
S315080324A0F34FF0CFF91F2003F0CFF91F0000F0CF49
S315080324B0F91F0000F0CFF9EF0140FF05F9FF0940C6
S315080324C0FF05F9FF3F40FF05F9FFCF40FF05F99FD9
S315080324D0FF45FF05F92FFE5DFF05F90FF7CFFF054A
S315080324E0F90FD1FFFF05F90F60FFFF05F90F00FC90
S315080324F0FF05F90F00F4FF05F90F00A0FF050050CB
S31508032500EBDF3A0000F9FFFFFF0560FF6E84FF2F3C
S31508032510D0FF0400F79FF2DF0000F2DFF3BF0000ED
S31508032520E0EFF3BF0000F0EFF2DF0000F2DFD0FFC9
S315080325300300F89F60FF6E83FF2F00F9FFFFFF0577
S315080325400050EBEF3A00F9FFFF7D00F9FFFFFF0AA2
S31508032550F95F63FE3FF93F00F95FF93F00F95FF959
S315080325603F40FE1FF9FFFFFF08F9FFFF7E00F95FF3
S31508032570230000F93F000000F93F000000F93F007F
S3150803258000000050EBDF3A0000F8FFFFFF0550FF9D
S315080325906E84FF2EC0FF0400F89FF1DF0000F2DF10
S315080325A0F3BF0000E0EFF3AF0000E0EFF2CF000067
S315080325B0F1DFD0FF0300F79F70FF4D62FF2F00FB8B
S315080325C0FFFFFF060070ECFF3C00000000FE2C2115
S315080325D0000000F9FFCF00000081FDAEF9FFFF9D63
S315080325E00100F9FFFFFF0B00F95F42FE4F00F93FB9
S315080325F000F96F00F93F00F95F00F94F52FE1E001C
S31508032600F9FFFFEF0400F9FFFF8F0000F93FF3FF1F
S315080326100300F93F60FF1D00F93F00FABF00F93FC9
S3150803262000D1FF080092FDCE490040FFFFFFAF002F
S31508032630D0FF2673AD00F2DF00004000F0FF8D15D2
S31508032640000090FFFFFF190000E8FFFFAF0000003E
S3150803265074FCFF01620000D0FF01F36C23F6DF0070
S31508032660F3FFFFFF3E0050DAFF9D0200FBFFFFFF6B
S31508032670EFFBFFFFFFEF4274FF49340040FF0800FA
S315080326800040FF08000040FF08000040FF08000064
S3150803269040FF08000040FF08000040FF0800004014
S315080326A0FF08000040FF0800FC1F00D0EFFC1F00D6
S315080326B0D0EFFC1F00D0EFFC1F00D0EFFC1F00D0AB
S315080326C0EFFC1F00D0EFFC1F00D0EFFB1F00E0EF6D
S315080326D0FA4F00F1DFF6CF45FB9FC0FFFFFF1D1042
S315080326E0C8FF9D01FA4F0000FB2FF59F0010FF0C52
S315080326F0E1EF0060FF07A0FF03A0FF0250FF08E118
S31508032700CF0010FE0DF57F0000FA2FF92F0000F514
S315080327107FFE0C0000E1EFFF070000A0FFFF0200A9
S315080327200050FFCF00000010FE7F0000F68F00F177
S31508032730FF0180FF05F2BF00F4FF04B0FF01E0EFDD
S3150803274000F8FF07E0CF00A0FF02FBFF0BF29F0094
S3150803275060FF05FEFD0EF65F0030FF48FFF53FF903
S315080327601F0000FE7BDFE06FFC0D0000FABE9FB082
S31508032770AFFF090000F7FF6F70FFFF050000F3FFC7
S315080327802F40FFFF020000E0FF0D00FEDF00000000
S31508032790B0FF0A00FB9F0000F7CF0030FF1DC0FF04
S315080327A006C0FF0430FF1EF79F0000F8BFFE1D009A
S315080327B000D0FFFF04000040FFAF00000050FFCF2A
S315080327C0000000D1FFFF070000F98FFE2E0030FF3F
S315080327D00CF7BF00D0FF03D0FF05F89F0040FF1E8C
S315080327E0FA8F0050FF0BF2EF01D0FF0390FF08F5B5
S315080327F09F0010FE1EFC2E0000F7CFFF080000D135
S31508032800FFEF01000060FF7F00000000FE0F0000DD
S315080328100000FD0F00000000FD0F00000000FD0F83
S3150803282000000000FD0F0000F1FFFFFF8FF1FFFF1F
S31508032830FF8F404464FF5F0000C0FF090000F8DF14
S31508032840010040FF3F0000D1FF070000FABF000068
S3150803285060FF1E0000E2FF484434F5FFFFFFCFF593
S31508032860FFFFFFCFA1AAAAAAAA8AF2FFFFFFFFCFFB
S3150803287060ECEF7C00A0FFFEFF06500330FE0B0062
S3150803288084BAFE0DA0FFDFFE0DF49F00FC0DF56F65
S3150803289010FD0DE2FFFDFF0D40FC6DFC0DFB0D0069
S315080328A00000FB0D000000FB0D000000FB4DFC5D66
S315080328B000FBFFFFFF02FB5E82FF08FB0D10FF0B09
S315080328C0FB0D00FE0CFB0D10FF0BFB0D91FF07FB29
S315080328D0FFFFDF01FBADEE2A0000A3ED9D0250FFCB
S315080328E0FFFF05E0EF15A305F48F000000F56F0061
S315080328F00000F48F000000E1EF14A20550FFFFFF6C
S315080329000500A4FEAD02000000F64F000000F64FD6
S31508032910000000F64F00D6DFFB4F60FFFFFF4FE0D6
S31508032920EF15F84FF49F00F64FF56F00F64FF37F58
S3150803293000F64FF1CF01F84F90FFEFFF4F00E9AED6
S31508032940F84F00B3FE8D0050FFCDFF0AE09F00F855
S315080329502FF4BFAAFB5FF5FFFFFF5FF47F000000BC
S31508032960E1EF04403A50FFFFFF3F00A3FECE1800F5
S31508032970D6EF0840FFFF0980FF2401FAFFFF00FA9C
S31508032980FFEE0080FF010080FF010080FF01008049
S31508032990FF010080FF010080FF010080FF010000A6
S315080329A0D6CEFA4F60FFFFFF4FE1EF15F84FF48FCE
S315080329B000F64FF56F00F64FF47F00F64FF1DF345C
S315080329C0FA4FA0FFFFFF4F10E9BEF93F301430FC62
S315080329D00E70FFFFFF0750ECEF6C00FB0D000000C5
S315080329E0FB0D000000FB0D000000FB4DFB5D00FB2B
S315080329F0FFFFFF02FB8FB5FF06FB0D30FF07FB0D3D
S31508032A0020FF08FB0D20FF08FB0D20FF08FB0D2008
S31508032A10FF08FB0D20FF08FC0EFC0E2202FB0DFB34
S31508032A200DFB0DFB0DFB0DFB0DFB0DFB0DFB0D0050
S31508032A30F0CF00F0CF00202260FFCF50FDCF00C0BB
S31508032A40CF00C0CF00C0CF00C0CF00C0CF00C0CFDB
S31508032A5000D0CF31F6BFF6FF6FE5DF07FB0D0000A9
S31508032A6000FB0D000000FB0D000000FB0DA0FF0698
S31508032A70FB0DF59F00FB2DFE0C00FBCDEF0200FBC3
S31508032A80FFFF0300FB7FFF0C00FB0DF96F00FB0D37
S31508032A90E1EF01FB0D60FF0AFB0DFB0DFB0DFB0DC3
S31508032AA0FB0DFB0DFB0DFB0DFB0DFB0DFB0DFB0DD5
S31508032AB0FB5DFC4D92EE08FBFFFFEFFEFF5FFB5E3F
S31508032AC0B2FF29F69FFB0D60FF04F0AFFB0D50FF25
S31508032AD004E0AFFB0D50FF04E0AFFB0D50FF04E02D
S31508032AE0AFFB0D50FF04E0AFFB0D50FF04E0AFFB57
S31508032AF05DFC5D00FBFFFFFF02FB5E92FF06FB0D1D
S31508032B0030FF07FB0D20FF08FB0D20FF08FB0D20F8
S31508032B10FF08FB0D20FF08FB0D20FF0800B4FE7D10
S31508032B200060FFFFFF0AE1DF12FA4FF48F00F38F0D
S31508032B30F56F00F1AFF47F00F38FE1DF02FA4F6020
S31508032B40FFFFFF0B00B5FE7D00FB6DEC4D00FBFFA1
S31508032B50FEFF02FB1E50FF08FB0D00FF0BFB0D00DB
S31508032B60FE0CFB0D10FF0BFB1D91FF07FBFFFFDFA1
S31508032B7001FBAEEE2A00FB0D000000FB0D00000072
S31508032B80FB0D00000000D6CFFA4F60FFFFFF4FE0B2
S31508032B90EF15F84FF48F00F64FF56F00F64FF37FF6
S31508032BA000F64FF1DF34FA4F90FFFFFF4F10E9AEFF
S31508032BB0F74F000000F64F000000F64F000000F63E
S31508032BC04FFB3DEB03FBFFFF03FBCFAA02FB0D0005
S31508032BD000FB0D0000FB0D0000FB0D0000FB0D00C4
S31508032BE000FB0D000010C7EE8C00C0FFEEFF00F3DC
S31508032BF08F00A300F2EF7A030090FFFFBF00008364
S31508032C00EBFF04940260FF05F4EFFDDF0192ECDEAF
S31508032C10180090FF000090FF000090FF0000FAFFE5
S31508032C20FF08E9FFDD0790FF000090FF000090FF13
S31508032C30000090FF000080FF040150FFEF0800D753
S31508032C40EF06FC0C30FF07FC0C30FF07FC0C30FFCB
S31508032C5007FC0C30FF07FC0C30FF07FC0D30FF07A1
S31508032C60FB4F71FF07F7FFFFFF0790EE6BFF07F9AF
S31508032C702F00F55FF47F00FA1ED0CF00FE0A80FF0F
S31508032C8041FF0430FF96EF0000FDDB9F0000F8FFCD
S31508032C904F0000F2FF0D0000C0FF0800F83F00FDDB
S31508032CA00B70FF03F47F20FF0EA0EF00E0AF70FF69
S31508032CB04FE0AF00A0DFB0AF8FF26F0060FFF23EC8
S31508032CC0CFF51F0020FFFA0AFEFA0C0000FDFF06E7
S31508032CD0FAFF080000F9FF01F6FF040000F4CF002D
S31508032CE0F2EF0000F6AF00F87FA0FF34FF0B10FEEB
S31508032CF0DDEF0100F4FF4F0000B0FF0C0000F4FF06
S31508032D005F0010FEDDEF02B0FF33FF0CF78F00F80C
S31508032D107FF92F00F55FF38F00FA1ED0DF10FE0947
S31508032D2070FF53FF0320FFA8CF0000FBEE7F0000D0
S31508032D30F6FF1F0000F1FF0A0000A0FF050000D000
S31508032D40EF000000F48F000000FA2F0000F3FFFFE6
S31508032D50FF04F3FFFFFF040000F7AF000040FF0C7A
S31508032D600000E3DF010010FD3E0000C0FF1611005E
S31508032D70F6FFFFFF05F6FFFFFF05000000F6030059
S31508032D80F90000BB00008E00205F00501F00700D85
S31508032D9000A00900900500000000A40000D9000067
S31508032DA00000CA0200901D0000E60200105E000043
S31508032DB0A00B0000F2040000D7000000AA000000E0
S31508032DC07D0000006E0000007E0000008C000000FD
S31508032DD0C8000000F2030000A00B000000108D00DD
S31508032DE00000E6010000E0050000B0090000900BB2
S31508032DF00000900C0000A00B0000C0080000F104BE
S31508032E000000E60000007D0000700D0000F30400DA
S31508032E10207E0000E308000000B0020047B0211935
S31508032E20B3CAD70600F71C0081DCBA0379B0421C83
S31508032E3000B00200002000000000C20100000000EC
S31508032E40F20100000000F20100000000F201000098
S31508032E500000F3010000F2FFFFFFFF013033F534F2
S31508032E6033000000F20100000000F2010000000038
S31508032E70F2010000212202FBFF0D44440342FCCF6A
S31508032E800091EE2B0010CC55CD00801D00F601E114
S31508032E900700F503F50200F602D90000E800AC00C6
S31508032EA000BB008E00007E007F00402F009E00C0FE
S31508032EB00A00EA56EB0200A1EE2A00000000E1032D
S31508032EC00030FB0000FCCF0000009C0000006E00F1
S31508032ED000303F0000600E0000A00B0000D0080081
S31508032EE000F1050021F62401FBFFFF020092EC9E88
S31508032EF00100C857F809000200B00D000000C00B16
S31508032F00000000F306000010CC000000B12D0000FD
S31508032F1010DC020000D31B0000609E000000F64A86
S31508032F20444400FAFFFFBF000071ECBE0300D45807
S31508032F30D61E000100602F000000800D000020E768
S31508032F40040000FE2C00000053CD00000000F5032A
S31508032F50000000F503110000DC00E658C73E0093A5
S31508032F60FDAE0200000000E30A000030FE07000081
S31508032F70E3F70400404EF60100E404C900504E008E
S31508032F809D00E303105F00F7FFFFFF0B3233933E09
S31508032F90020000A00B000000D008000000F10500A5
S31508032FA000B0FFFFCF00E059553500F204000000DA
S31508032FB0F501000000E800000000FBEF4C000045A7
S31508032FC054FC03000000F306000000F3051000009C
S31508032FD0EA01D358B65F0092FDAE03000020D9CFAD
S31508032FE000F66A55504E0000E1060000E6D8DF06F3
S31508032FF0EB48A44F8D00009E7F0000BD8E00008E17
S31508033000BC00603FF649F70870FD6C0070FFFFFFD0
S315080330101F305555C50C000000F4040000109E002F
S315080330200000A01D000000F6040000208E0000002A
S31508033030B00C000000F7030000307F000000C00C4E
S31508033040000000E8020000000030EBBE0300F4288D
S31508033050C31E00AD00403F009F00601E00FB06D262
S315080330600600E2EF5E00306E72DE01D00900F30758
S31508033070F30400F108F40500F503D14D638E00202F
S31508033080EACF050000C6EF0800807F748F00F306B9
S3150803309000E800F80000F501F80000F501F518410D
S315080330A0FB0080FFCFCD000031117F000000902E7A
S315080330B0000000F6060055A57F0000FBAD030000DF
S315080330C000FA0200ED0000330000000000000000D3
S315080330D00000300300F10A00F50700B4FD5D00990E
S315080330E056FC020000F4050000F5030010AD0000CD
S315080330F0D41C00907E0000F0050000D201000000F9
S31508033100000000770000009E000000000000F60D96
S3150803311000000010DE0E000000705D1F000000E1D5
S31508033120353F000000C9105F0000203F007E000005
S31508033130A01A118D0000F3FFFFAF00009B4444CA99
S3150803314000402F0000E700C0090000F601F5020061
S3150803315000F40300F1FFEF2A00F44684AF00E7000A
S3150803316000BC00CB00108E009E10B31C20FFFFFF8F
S3150803317005505F33A45F800E00009FB00B00107FDD
S31508033180E00800702FF34854FA07F6FFEF4B0000E8
S3150803319030DADF4A00F86A75ED705F000060F208FE
S315080331A0000000F801000000BC000000009E0000BB
S315080331B000008F00000000BE00000000FB03003083
S315080331C006E37E65FA0530EAEF4A0000F1FFCE29E9
S315080331D00000F44685EE0200E70000E30B00BA00A0
S315080331E000900F008E0000701F205F0000700F50C4
S315080331F02F0000A00D800E0000E008B00B0000E8C9
S3150803320002E00700606F00F34875FC0600F6FFDE70
S3150803321029000000F1FFFFFF0200F4565555000090
S31508033220E70000000000CB00000000009E1111011A
S315080332300020FFFFFF2F00505F44440400800E0068
S31508033240000000B00B00000000E00800000000F3D7
S315080332505855550000F6FFFFCF000000F1FFFFDFCA
S3150803326000F456554500E700000000CB00000000B7
S315080332709E11110020FFFFFF01505F444400800E9A
S31508033280000000B00B000000E008000000F3050092
S315080332900000F6010000000030D9EF7C0100F86B4E
S315080332A065FA09705F00003005F20800000000F8AF
S315080332B00100000000BC00001111009E0090FFCF22
S315080332C0009F0030448E00BE0000205F00FA030012
S315080332D0502F00E28F55D80D0020D9EF7B0100004F
S315080332E0F10600304F00F40300601F00F70000905A
S315080332F00D00CB0000C00A009E1111E10620FFFF56
S31508033300FFFF03505F4444F900800E0000C900B074
S315080333100B00009D00E00800106F00F30400403F17
S3150803332000F60100700E0000F8FF0C00614F010063
S31508033330800E0000B00B0000E0080000F205000054
S31508033340F6010000D9000000AC0000007F00005120
S315080333506F0100FDFF07000000FEEF000033BC000D
S3150803336000008E0000205F0000601F0000900D0023
S3150803337000C00A0000F0070000F3040000E8006339
S31508033380856F00E6CE050000F10600C12D00F403A3
S3150803339010CC0100F700D21C0000CA20CD010000A2
S315080333A09DD21B0000108FBD00000050FFDD0100F9
S315080333B000806FF2090000B00B703F0000E00800C0
S315080333C0CD0000F20500F40700F50200902E000078
S315080333D0F1060000F4030000E7000000CB0000003C
S315080333E08E0000205F0000502F0000800E0000B002
S315080333F00B0000E0080000F3585535F6FFFF8F0071
S31508033400F12F0000F90A00F45E0030FF0700D79A8F
S3150803341000C0FA0400ABC700C7F701007EF4213EDB
S31508033420CA00204FF1B4089D00501FD0DC116F006D
S31508033430800C904F403F00B0095007700E00E0061D
S315080334400000A00B00F3030000E00800E6000000FC
S31508033450F2050000F15F00204F00F4AD00501F0095
S31508033460D7E800800D00ABF403B00A007EE007E05E
S3150803347006204FA00BF203501F601FF600800C2096
S315080334804FC900B009009D9C00E00600D96F00F300
S315080334900300F42F00E60000F10E000040EADF0700
S315080334A00000F85AA59F00705F0000F902E10800C2
S315080334B000F306F7010000F206BB000000F2059EC2
S315080334C0000000F5038F000000D900AE0000207F3E
S315080334D000EB0200C10C00F37D75DE020030EBCE73
S315080334E007000000F1FFCF0400F446C63F00E700DB
S315080334F0207F00BB00206F008E00702F205F21F70E
S315080335000850FFFF6D00803D230000B00A0000004D
S31508033510E007000000F304000000F60100000000C5
S3150803352040EADF070000F85AA59F00705F0000FA1B
S3150803353002E1080000F406F7010000F207BC0000E8
S3150803354000F2069E000000F5038F000000E900AFB5
S315080335500000208F00EB0200C11D00F46D75ED031A
S315080335600040EBFF2A00000000F30300000000F10F
S315080335705B1700000060FD0D0000F1FFDF0600F495
S3150803358046B54F00E700108F00BB00107F008E0082
S31508033590702F205F10F60750FFFF5D00803EC30DB6
S315080335A000B00B307F00E00800F902F30400E10BDA
S315080335B0F60100605F0030EAEF7B0100F46B65FB00
S315080335C00100AD00004000206F0000000010CF028C
S315080335D000000000F7DF5900000020B7FE0B0000CB
S315080335E00000904F00000000504F00340000A00E6A
S315080335F000F86B65EB040071ECDF190000F8FFFFB8
S31508033600FFBF5355BE553500106F000000403F00FD
S315080336100000700E000000B00C000000E008000077
S3150803362000F205000000F502000000E800000000B3
S31508033630BB000000008E000000403F0000F502704A
S315080336400F0000E800A00C0000BB00D00900007EB4
S3150803365000F20600304F00F50200601F00E8000084
S31508033660900D00BB0000D009009D0000F20500CBB9
S315080336700000DB0000F759C63E000070FDAE0200ED
S3150803368000F5030000F503F3050000AC00F106009E
S31508033690602F00E00800D00900C00A00E70200B066
S315080336A00C108E0000900D801E0000700FE10700BD
S315080336B000502FD9000000305F5F00000020EF0C98
S315080336C000000000FF040000009D0010AF00107EFC
S315080336D0AC0070AF00601EAC00D0BC00C008BB00D5
S315080336E0C5B800F402BB006BC800AA00BA300EC7FF
S315080336F0204F00CA9008C7800C00C9E102D6E1062C
S3150803370000D8A700D6E60000D84D00E58C0000F7E0
S315080337100C00F51F0000F70600F40A000000900EDF
S315080337200000DA0100306F00802E000000CC00F59F
S3150803373004000000F5336F00000000E0EA0800000B
S31508033740000080AF0000000000B07F00000000000A
S31508033750D9EA00000000702EF305000000F504C046
S315080337600C0000306E00603F0000E20900109E0066
S3150803377000F40400405FE00A00E208801E00BC0073
S31508033780305F801E0000ADF5040000F87E000000DF
S31508033790F20A000000F205000000F502000000E846
S315080337A000000000BC000000007E00000000F7FFD8
S315080337B0FFFF0B00535555FA05000000507F000024
S315080337C00000F40900000030AE00000000E20B0020
S315080337D0000020CD01000000D11D00000010DC020E
S315080337E0000000B02E00000000F95855550400FDEE
S315080337F0FFFFFF0A00E5EEEEEEEE0300D7EE5C00F0
S31508033800007955FB01000000F40200A5EDEF00C1A5
S315080338108E45BB00E702008D00CA00305F00F957EA
S31508033820F91F00B1FFAB0D0000F105000000F4011C
S31508033830000000D800000000ABD7AE0000FE6AF90E
S3150803384007204F00D00A600E00B00A900B00D0087C
S31508033850C00700F304F10400CB00F45AB53E00D7C1
S31508033860E9BE02000070FD8D00DB46D7801E0010FE
S31508033870E0070000F3030000F5020000F40400016A
S31508033880D15D840C20EBBE05000000009C000000FF
S31508033890105F000000402F0080EDBC0E00DB56E8E9
S315080338A00A702E00E007E00900F204F30400F501AC
S315080338B0F50200C900F502009C00F229B46F005016
S315080338C0ED7B2F000070FD6D0000AB34F704700A22
S315080338D000E006E0EEEEFE05F423222200F50200E0
S315080338E00000F306003000C07E647C0020DADF287F
S315080338F0000030EB3E00E14A1500D70000A0FFFFA9
S3150803390001208F3300303F0000600F0000900C0049
S3150803391000C0090000F0060000F3030000F60000EB
S31508033920000080EDBC0C00DB56E809702E00E006AB
S31508033930E00800F202F30300E500F50100B800F51C
S3150803394003008C00F15CD75F0050FD7B1F0000006D
S31508033950A00A007655EA0200E9EF2A000000F105FD
S31508033960000000F401000000D800000000ABD7BE39
S315080339700100FE6BF807205F00D009600E00E00720
S31508033980900B00F203C00800F600F10500C900F425
S3150803399002009C00D700105F0000F40500830100B5
S315080339A00000009C00006F00302F00600E00A00B83
S315080339B000D00800F10500F40200E700000000301B
S315080339C06F00003028000000000070FF0A0020E3A3
S315080339D0070000F2030000F6000000C90000009C7F
S315080339E00000105F0000402F0000700E0000C009A1
S315080339F00055F80300FC4C000000F106000000F433
S31508033A0002000000E700000000AA00D21C007D2087
S31508033A10BD01204FD20A00504F8E000080EE1E00D3
S31508033A2000C05E9E0000F006F60400F302B01D0017
S31508033A30E600209E0000F10500F40200D70000AB63
S31508033A4000007E00203F00600F00900C00C00800B5
S31508033A50F10500F40200E7000000ACD8AF71FD2CB5
S31508033A6010EF37F69E339E303F00F10700AC700E19
S31508033A7000F203008DA00B00F600105FD00800C902
S31508033A8000402FF105009C00800DF401006F00B083
S31508033A900AD700302F00E00700ACD8BE0110EF2785
S31508033AA0F507303F00D009700E00F007A00B00F3AE
S31508033AB003D00800F600F10500C900F401009C00D4
S31508033AC0D700105F000081ED3C0010CC45EC018067
S31508033AD01E00F205E00700F006F30300F205F502FF
S31508033AE000F601F30400AD00D05DC51D0030EB9E62
S31508033AF0010000C09AEE1A00F16E627F00F402001C
S31508033B00AC00E70000AC00BA00008D007D00304F22
S31508033B10104F00B00C50AF55EB0380ADEE2A00B042
S31508033B2009000000E006000000F30300000000801F
S31508033B30EDBC0C00DB56E809702E00E006E0080031
S31508033B40F203F30300E600F50200B900F503108D4E
S31508033B5000F26CE85F0060ED6A1F000000700D005C
S31508033B600000B00A000000E00700009CD63F10EFF3
S31508033B707B17406F0000700E0000A00B0000D008F2
S31508033B800000F1050000F4020000E700000000B49D
S31508033B90EE4B507F536AB00A0000B05E010030FB5B
S31508033BA0CF030010D50C0100900CAB45F705B5EE15
S31508033BB04B00101800501F00800C00FBFF7FF337E3
S31508033BC013F30300E60000B900008D00006F000040
S31508033BD0BF6400E7AE00008D00600E105F00900B17
S31508033BE0501F00C008800D00F105B00A00F402E07A
S31508033BF00700E700F10600BA00E02BB48F0050ED8A
S31508033C006B4F00C90000E801E700206F00F501A02B
S31508033C100C00F203F30400F005AB0000D0582F00A4
S31508033C2000A0DA08000080DF010000605F000000E2
S31508033C30C900D009204FD800F50A800DD700BC0C5F
S31508033C40E006E6504D0EE501E5C0261F9B00F4D4B9
S31508033C50004F2F00F36B00BE0B00F20E00FC0500AD
S31508033C60F20700DA000000F50300DB0100C00AA032
S31508033C702D0000503FE802000000DC3E0000000073
S31508033C80F70600000040DF0B000000E4463F000093
S31508033C90308E00BC0000E20900F40400A00C00808A
S31508033CA01E700E00F205402F00BB00105F502F0058
S31508033CB0007ED1070000ABD8000000E84F000000E3
S31508033CC0F60A000000E7010000106E000000A00CD1
S31508033CD0000000F50300000000F7FFFF0E00323373
S31508033CE0F6070000309E000000D20A000010BD004F
S31508033CF00000C11C000000DB010000A05E332300A6
S31508033D00F2FFFF7F00000000000000E10A000052F6
S31508033D10FC0600B0FFFF02003033EF00000030AFAF
S31508033D20000000707F000000A03F000000E00E00C6
S31508033D300000F30B000000F607000000FA04000079
S31508033D4000FE00006176DF6604F6FFFFFF08002029
S31508033D50B7FEBE0500A0DF9AFC6F0070030080CF94
S31508033D600000000040CF00000000708F0000000034
S31508033D70E12F00000010FC05000000C26F000000E0
S31508033D8040EE04000000F82C000000C28F0000007B
S31508033D9060DE04000000F59F99999904F8FFFFFF78
S31508033DA0FF0540C9EE8D01C0BEA9FE0B400000F316
S31508033DB01F000000E01F000000F40B000030EE02B5
S31508033DC00010F83C0000F77E000000CE010000302A
S31508033DD08F00000010240000000000000000F00E11
S31508033DE0000000F40B0000000010FFFFEF4B00007B
S31508033DF050CF88D9FF0400906F0000FA0B00C02F3C
S31508033E000000F60B00F10E0000F80800F40A001093
S31508033E10EE0200F80720D65E0000FBFFFFAF0300A3
S31508033E2000EF88F81E000040BF0090AF0000707FC7
S31508033E300010FD0600B04F0000F32E00E00F00004F
S31508033E4070CF00F30B000000FC07000061EBEFAD39
S31508033E50160030FDADA9FD8F00E15F000020490083
S31508033E60F7090000000000F8090000000000F57ECD
S31508033E70020000000080FFEF7B0200000062C9FF1A
S31508033E808F000000000061FF040000000000FB062D
S31508033E901000000000FC03E306000091AF00F6EFF4
S31508033EA09BB9FE1A0030C8FEDE4900000080DBFF1E
S31508033EB08D0100F19C98FE0900110000F30D000026
S31508033EC00010F20C0061DBFFFF0850FE8B56FA0563
S31508033ED0F22D0000FC01F8060010DF00F90700B315
S31508033EE09F00F5BFCAFF6F0070FDDFA62F00000015
S31508033EF0A4FE9D010090BF78FB0C00E90400B02FD7
S31508033F00407F1111913FB0FFFFFFFF1FE04D44446F
S31508033F104404F10C00000000F10E00000000D08FED
S31508033F200000910250FF9CB8EF0000A3FECE3800B4
S31508033F3000F4080000F8050000FC0100F4FFFF9FE9
S31508033F4093BF7737705F0000A02F0000E00D0000D5
S31508033F50F20A0000F6060000F9040000FB0400005C
S31508033F60F88D7900A1FE5D000095ECEF7C0160FFFA
S31508033F70FFFFFF1D90FFFFFFFF9FD07D23E6FFCFC7
S31508033F8050000090FFCF000000A0FF9F000000F440
S31508033F90FF3F000071FFFF060093FEFF5E0000F976
S31508033FA0FF8E010000FCEF01000010FFBF000000B8
S31508033FB0208858000000000000000000E0FF5F00B2
S31508033FC00000F3FF2F000000F6FF0E0000000000BC
S31508033FD00084ECEF9C040000B3FFFFFFFFBF005013
S31508033FE0FEFFFFFFFFAF00F4FFEF4864FC6F10FE10
S31508033FF0FF1B0000703F80FFDF0100000004E1FFA4
S315080340005F0000000000F4FF0E0000000000F8FF48
S315080340100B0000000000FAFF0A0000000000FBFF87
S31508034020090000000000FAFF0C0000003000F8FF4A
S315080340303F0000307C00F3FFEF4864FB3F00A0FF1E
S31508034040FFFFFFFF0E0010FBFFFFFFFF09000050F5
S31508034050DAFFBE2700000000FCFF060000F8FF0990
S315080340600000FFFF030000FBFF050030FFEF000021
S3150803407000FEFF020070FFCF000020FFEF0000A044
S31508034080FF9F000050FFBF0000D0FF6F000080FFB6
S315080340907F0000F1FF5F3333C3FF4F0000F5FFFFD7
S315080340A0FFFFFFFF1F0000F8FFFFFFFFFFFF0D00E5
S315080340B000FBFFFFFFFFFFFF090000FEFF040000F0
S315080340C0FAFF060030FFFF010000FDFF030060FF53
S315080340D0CF000020FFEF000090FF9F000050FFBFB6
S315080340E00000C0FF5F000090FF8F0000F1FF2F0064
S315080340F000C0FF5F0000F4FF0D0000F1FF2F000072
S315080341000070FFFFFFFF0D00B0FFFFFFFF0A00D09F
S31508034110FFFFFFFF06000080FF9F00000000B0FFBF
S315080341206F00000000E0FF3F00000000F3FF0E00F1
S31508034130000000F6FF0B00000000F9FF080000006E
S3150803414000FDFF0500000010FFFF0100000040FF0F
S31508034150DF0000000070FFAF00000000B0FF7F0023
S315080341600000F8FFFFFFCF0000FBFFFFFF9F0000E3
S31508034170FEFFFFFF6F00000060C9EDEF8C0200E051
S31508034180FFFFFFFF2E00F2DFCBFEFF8F0073020057
S3150803419090FF9F0000002072FF7F0050DAFFFFFFA9
S315080341A04F30FDFFFFFFFF1FE2FFAF36F2FF0CF8AC
S315080341B0FF0800F4FF09FBFF0400F8FF05FAFF5C9C
S315080341C0B6FFFF02F5FFFFEFFFEF0050FCEF4AFFD4
S315080341D0BF00000030C9FEAD150010FBFFFFFF5FEF
S315080341E000E2FFFFEEFF1F00FDFF2A00C30D70FF6D
S315080341F0BF00001004C0FF3F00000000F1FF0E00DF
S31508034200000000F3FF0D00000000F2FF1F0000404E
S3150803421000E0FFAF01409C0080FFFFEFFF5F000057
S31508034220FAFFFFFF1F000050EBFF9D03000000602D
S31508034230DBEF8C02000040FDFFFFFF3E0000F4FFAA
S315080342409EC9FFBF0010FEBF0100FDFF0080FF7F70
S315080342505555FDFF01D0FFFFFFFFFFEF00F1FFFFFD
S31508034260FFFFFFBF00F2FF0A0000000000F2FF0D88
S315080342700000000300E0FFAF0200B50C0070FFFF6B
S31508034280EFFDFF090000F9FFFFFFFF05000040D916
S31508034290FECE490000000020D9FEDE0000E3FFFF42
S315080342A0CF0000FDFFCE8D0050FF9F000040FFFFAB
S315080342B0FFFF0270FFFFFFEF0070FBFFBE8B0000DE
S315080342C0F4FF0A000000F7FF06000000FAFF0300E8
S315080342D00000FDFF00000020FFCF00000050FF9FF5
S315080342E000000080FF5F000000B0FF2F000000E021
S315080342F0FF0E000000F3FF0B0000000000FEFF03A3
S315080343000020FFEF000050FFBF000000111100005E
S31508034310D0FF0F0000F2FF0C0000F5FF090000F8BC
S31508034320FF050000FBFF020000FEEF000030FFBFA1
S31508034330000060FF7F000090FF4F0000C0FF1F00D2
S3150803434000F1FF0D0000F4FF0A0000F7FF06000066
S315080343500000FCFF010010FFDF000040FF9F000084
S3150803436080FF6F0000B0FF2F0000E0FF0E0000F390
S31508034370FF0B0000F6FF070000FAFF040000FDFF2D
S31508034380010010FFCF000050FF8F000080FF5F0081
S3150803439000C0FF2F0000F0FF0D0000F3FF0A000026
S315080343A0F7FF06000000D0FF1FB6EE4B0000F2FF32
S315080343B0DEFFFFEF0200F5FFFFFFFFFF0700F8FF31
S315080343C04B10FDFF0800FBFF0200FAFF0600FEEF95
S315080343D00000FCFF0330FFBF0000FEFF0060FF7F05
S315080343E00030FFCF0090FF4F0060FF8F00C0FF1F14
S315080343F00090FF5F00F1FF0D00C0FF2F00F4FF09D7
S3150803440000F1FF0D00F7FF0600F4FF0A0000005055
S31508034410DAEF8C01000030FDFFFFFF2E0000E3FFFB
S31508034420DFFCFFCF0010FDFF0730FFFF0370FFAF70
S315080344300000FBFF05C0FF3F0000FBFF04F1FF0F71
S315080344400000FCFF03F2FF0D0020FFEF00F3FF0D52
S315080344500080FF8F00F1FF4F00F5FF2E00A0FFFF3E
S31508034460DCFFFF040010FDFFFFFF4D00000071ECA9
S31508034470EF6B01000000D0FF0FA4DE00F2FFADFFD3
S31508034480AF00F5FFFFFF6F00F8FFFFDE3D00FBFF00
S3150803449015000000FEEF00000030FFBF00000060BB
S315080344A0FF8F00000090FF4F000000C0FF1F0000B1
S315080344B000F1FF0D000000F4FF0A000000F7FF06F5
S315080344C0000000006088070000F0FF0D0000F4FFFD
S315080344D00A0000F7FF0600F4FFFFFFCFF7FFFFFF11
S315080344E09FB7FFDFAA4A50FF8F000080FF5F0000D7
S315080344F0C0FF1F0000F0FF0D0000F3FF0A0000F6DF
S31508034500FF070000F9FF081000F9FFCFAC00F5FF1D
S31508034510FF6F0070FDEF2C0000FFEF0000FBFF02AA
S3150803452030FFBF0000FEEF0070FF7F0030FFBF00C3
S31508034530A0FF4F0060FF7F00D0FF1F0090FF4F00D2
S31508034540F2FF0D00C0FF1F00F5FF0900F1FF0D0084
S31508034550F8FF0700F4FF0A00FBFF0500F7FF060054
S31508034560FDFF0961FDFF0300FCFFFFFFFFFF0000DE
S31508034570F7FFFFDFFFCF000070FDAE54FF9F00007B
S31508034580000000003F0005080800050000000000C1
S31508034590000000003F00090E0E010B00000000009A
S315080345A0000000003F00111F1F0316000000000053
S315080345B000000000200000000000050000000000C5
S315080345C000002100040C0C0106000000180000007E
S315080345D02800060F0C01080000004500000029000A
S315080345E0060F0C0108000000720000002A000808E4
S315080345F00C010B000000920000002B000B0B0B01B3
S315080346000D000000D40000002D0007030700070073
S315080346100000E00000002E00040404010500000069
S31508034620E800000030000A0C0C000B00000024010F
S3150803463000003100090C0C010B00000060010000AA
S315080346403200090C0C010B0000009C01000033002A
S31508034650090C0C010B000000D801000034000B0CF8
S315080346600C000B000000200200003500090C0C01A9
S315080346700B0000005C0200003600090C0C010B005D
S315080346800000980200003700090C0C010B0000001B
S31508034690D402000038000A0C0C000B0000001003BB
S315080346A0000039000A0C0C000B0000004C03000044
S315080346B03A0004090901060000005E0300003F00F2
S315080346C0080C0C01090000008E03000041000C0CC5
S315080346D00C000C000000D603000042000A0C0C0173
S315080346E00B0000001204000043000B0C0C000B0027
S315080346F000005A04000044000B0C0C010C000000D7
S31508034700A20400004500090C0C010A000000DE049F
S3150803471000004600090C0C010A0000001A050000F7
S3150803472047000B0C0C000C00000062050000480053
S315080347300B0C0C010D000000AA0500004900080C2B
S315080347400C0008000000DA0500004A00080C0C00FB
S31508034750080000000A0600004B000B0C0C010C00B5
S315080347600000520600004C00090C0C010A00000068
S315080347708E0600004D000C0C0C010E000000D60638
S3150803478000004E000B0C0C010D0000001E07000074
S315080347904F000C0C0C000D000000660700005000CB
S315080347A00A0C0C010B000000A207000051000C0FB5
S315080347B00C000D000000FC07000052000B0C0C0156
S315080347C00C0000004408000053000B0C0C000B00FF
S315080347D000008C08000054000A0C0C000A000000B4
S315080347E0C808000055000A0C0C010C000000040957
S315080347F0000056000C0C0C000B0000004C090000CE
S315080348005700110C0C0011000000B80900005800ED
S315080348100C0C0C000B000000000A000059000B0CDE
S315080348200C000B000000480A00005A000A0C0C0092
S315080348300A000000840A00005F000C02FFFF0B0059
S315080348400060900A00006100090909000A000000D7
S31508034850BD0A00006200090C0C010A000000F90AEF
S31508034860000063000909090009000000260B00007F
S3150803487064000A0C0C000A000000620B00006500C5
S315080348800A0909000A0000008F0B00006600070CDE
S315080348900C0006000000BF0B000067000A0C0900A5
S315080348A00A000000FB0B00006800090C0C010B0052
S315080348B00000370C00006900030C0C01050000001A
S315080348C04F0C00006A00060F0CFF060000007C0C64
S315080348D000006B00090C0C010A000000B80C00006C
S315080348E06C00030C0C0105000000D00C00006D00E1
S315080348F00E090901100000000F0D00006E000909DA
S3150803490009010B0000003C0D00006F000A090900AD
S315080349100A000000690D00007000090C09010A006D
S315080349200000A50D000071000A0C09000A0000002A
S31508034930E10D000072000709090107000000050ED2
S31508034940000073000909090009000000320E00007F
S315080349507400070C0C0007000000620E00007500C7
S31508034960090909010B0000008F0E000076000A09E9
S3150803497009000A000000BC0E000077000F090900B1
S315080349800F000000040F000078000A0909000A0056
S315080349900000310F000079000A0C09000A00000024
S315080349A06D0F00007A0009090900090000000000DC
S315080349B000000000200000000000050000000000C1
S315080349C000002100050C0C0106000000240000006D
S315080349D02800070F0C0107000000600000002900EB
S315080349E0070F0CFF070000009C0000002A000808B8
S315080349F00C020A000000BC0000002B000B0A0A0187
S31508034A000C000000F80000002D000503070107004D
S31508034A100000010100002E00020303010500000047
S31508034A20040100003000090C0C010A0000004001D3
S31508034A3000003100070C0C010A0000007001000099
S31508034A403200090C0C000A000000AC010000330018
S31508034A500A0C0C000A000000E80100003400090CE7
S31508034A600C000A0000002402000035000A0C0C00A2
S31508034A700A000000600200003600080C0C010A0058
S31508034A8000009002000037000A0C0C010A0000001F
S31508034A90CC02000038000A0C0C000A0000000803C8
S31508034AA000003900090C0C010A0000004403000049
S31508034AB03A0005090901070000005F0300003F00EB
S31508034AC0070C0C02080000008F03000041000B0CC2
S31508034AD00CFF0A000000D703000042000A0C0C0072
S31508034AE00A0000001304000043000A0C0C010A0024
S31508034AF000004F04000044000C0C0C000B000000DF
S31508034B009704000045000B0C0C0009000000DF04A5
S31508034B10000046000A0C0C00090000001B050000F3
S31508034B2047000B0C0C010C0000006305000048004D
S31508034B300C0C0C000B000000AB0500004900070C29
S31508034B400C0006000000DB0500004A00080C0CFFF9
S31508034B50070000000B0600004B000C0C0C000A00B3
S31508034B600000530600004C00080C0C000800000067
S31508034B70830600004D000D0C0C000D000000D7063F
S31508034B8000004E000C0C0C000B0000001F07000071
S31508034B904F000B0C0C010C000000670700005000C7
S31508034BA00A0C0C0009000000A307000051000B0FB4
S31508034BB00C010C000000FD07000052000A0C0C0053
S31508034BC00A0000003908000053000B0C0C000A0009
S31508034BD000008108000054000A0C0C0109000000BB
S31508034BE0BD08000055000B0C0C010B00000005095D
S31508034BF0000056000B0C0C010A0000004D090000CA
S31508034C0057000E0C0C020F000000A1090000580003
S31508034C100D0C0CFF0A000000F509000059000A0CE8
S31508034C200C0109000000310A00005A000B0C0C00A5
S31508034C300A000000790A00005F000B01FFFE0A0064
S31508034C4000607F0A000061000909090009000000E5
S31508034C50AC0A00006200090C0C0009000000E80A0F
S31508034C600000630008090900080000000C0B000097
S31508034C7064000A0C0C0009000000480B00006500DC
S31508034C800909090009000000750B00006600080CF5
S31508034C900C0005000000A50B00006700090C0900BD
S31508034CA009000000E10B00006800090C0C000A006B
S31508034CB000001D0C00006900050C0C000400000030
S31508034CC0410C00006A00080F0CFE050000007D0C6D
S31508034CD000006B000A0C0C0009000000B90C000068
S31508034CE06C00050C0C0004000000DD0C00006D00D0
S31508034CF00E0909000F0000001C0D00006E000909CB
S31508034D0009000A000000490D00006F00090909009F
S31508034D1009000000760D000070000A0C09FF09005F
S31508034D200000B20D00007100090C0900090000001B
S31508034D30EE0D000072000809090006000000120EB5
S31508034D40000073000809090008000000360E000079
S31508034D507400060C0C01060000005A0E00007500CC
S31508034D60090909000A000000870E000076000909F0
S31508034D70090109000000B40E000077000C090901B7
S31508034D800C000000EA0E000078000B0909FF090071
S31508034D900000200F000079000A0C09000900000032
S31508034DA05C0F00007A00090909FF080000000000EB
S31508034DB0000000003100090E0E010D000000460038
S31508034DC0000032000C0E0E000D0000009A000000D1
S31508034DD03F000A0E0E020B000000E000000052001E
S31508034DE00D0E0E000E0000004201000053000E0EC9
S31508034DF00E000E000000A401000061000B0B0B005F
S31508034E000C000000E601000065000C0B0B000C000B
S31508034E100000280200007400080E0E0108000000B6
S31508034E200000000020000000000008000000000049
S31508034E3000003F000C1111020E000000660000007E
S31508034E4043001011110110000000EE000000480095
S31508034E5013111100120000009801000049000D11FA
S31508034E6011000C0000000F02000061000E0D0D007A
S31508034E700F0000006A02000063000E0D0D000D000E
S31508034E800000C502000065000F0D0D000F000000AD
S31508034E902D03000066000C1111000900000093039E
S31508034EA0000069000911110008000000E80300006A
S31508034EB06C0009111100080000003D0400006E0093
S31508034EC00F0D0D0010000000A50400006F000F0D64
S31508034ED00D000F0000000D05000072000C0D0D00FB
S31508034EE00B0000005B05000074000A1111010A009B
S31508034EF00000B005000075000F0D0D01100000003D
S31508034F000000000000000000000000000000000090
S31508034F10000000000000000000000000681C0308F1
S31508034F20801C0308C81C0308E01D03087C2D03081E
S31508034F30083D0308683F0308C05C03080000002017
S31508034F406002000010020008F05C030860020020FB
S31508034F50D0FA01005002000855000000490000007D
S31508034F605B000000930000004F0000009300000060
S31508034F70930000003A00000073000000930000004D
S31508034F806D00000093000000670000009500000014
S31508034F904200000093000000610000006D0000005D
S31508034FA093000000670000008B00000083000000E8
S31508034FB0190000009300000093000000930000000E
S31508034FC09300000093000000930000002D000000EA
S31508034FD00D000000000000007D00000079000000BD
S31508034FE04C005F0058003A00020020000A004C00FB
S31508034FF05F0059003A000200000052005F005800A3
S315080350003A0002000A0052005F0059003A00020003
S3150803501000004800750072007200690063006100B1
S315080350206E00650020004300740072006C002000C7
S3150803503049006E0066006F000000520075006E009E
S315080350406E0069006E006700540069006D00650014
S3150803505002000000530074006100740065003A0002
S3150803506002000000480061006C0074003A00020068
S3150803507000004C005F0041003A00020000004C00AB
S315080350805F0050003A000200000052005F00410032
S315080350903A000200000052005F0050003A00020086
S315080350A0000056005F0077003A0002000000560031
S315080350B05F0078003A000200000056005F0079009E
S315080350C03A00020000005900610077003A00020026
S315080350D0000056003A00020000004B006500790004
S315080350E03A000200000052003100530074006100C8
S315080350F0740065000000520032005300740061001A
S315080351007400650000003000000031000000000054
S315080351100500050005000500050005000500050056
S315080351200500050005000500050005000500050046
S315080351300500050005000500030103010601040433
S315080351400404040404040404040405000404040411
S31508035150040404041C00000043000000F8FFFFFFDA
S315080351600C0000000E0000000F0000002E000000D7
S315080351701001000043000000F8FFFFFF0040404015
S315080351804040404040404141414141404040404009
S3150803519040404040404040404040404040050202B5
S315080351A00202020202020202020202020220202074
S315080351B020202020202020020202020202029090D0
S315080351C090909090101010101010101010101010CE
S315080351D01010101010101010020202020202888822
S315080351E0888888880808080808080808080808082E
S315080351F00808080808080808020202024000000016
S31508035200000000000000000000000000000000008D
S31508035210000000000000000000000000000000007D
S31508035220000000000000000000000000000000006D
S31508035230000000000000000000000000000000005D
S31508035240000000000000000000000000000000004D
S31508035250000000000000000000000000000000003D
S31508035260000000000000000000000000000000002D
S31508035270000000000000000000000000000000001D
S315080352805524FDFF3124FDFF4524FDFFAAB0FC7F0D
S3150803529001000000DCCCFC7FB0088480DCCCFC7FFA
S315080352A0010000001024FD7FB00884803024FD7FB0
S315080352B0B0B0B0803624FD7FAB38B2805C24FD7F66
S315080352C0088409808424FD7FAA3FB280F424FD7FE5
S315080352D0A837B2802425FD7FB0B0AA808C25FD7F30
S315080352E0B0AF00808427FD7FB0AC05808428FD7F9E
S315080352F0B0B0AA80F028FD7F3CCEFE7FAC29FD7FA7
S315080353004CCEFE7F682AFD7F5CCEFE7F242BFD7F75
S315080353106CCEFE7FE82BFD7F7CCEFE7FB02CFD7F17
S315080353208CCEFE7F702DFD7F9CCEFE7F342EFD7FB7
S31508035330B0AE0B80D42EFD7F01000000C82FFD7F81
S31508035340B0AC0B804830FD7F088401805430FD7F64
S31508035350010000005430FD7FB00884807630FD7F5D
S31508035360B0AC0F80FA30FD7FB0AC1180C631FD7F3B
S31508035370B0B0B080D631FD7FB0088480EE31FD7FB2
S31508035380B0B0B0802E32FD7FB0A801805032FD7FC9
S31508035390B0AF0C80A635FD7FB0B0A880AE35FD7FD3
S315080353A0B0AB02800236FD7FB00B84801436FD7FD6
S315080353B0B0B0AA804637FD7FB0B0A8809E37FD7F80
S315080353C0B0088480AC37FD7FB0AC0180F037FD7F31
S315080353D008840580303AFD7F08840180483AFD7FBA
S315080353E008840380F83AFD7F08840180A03BFD7F8B
S315080353F001000000C43BFD7F08840180A03CFD7FBB
S3150803540008840380B43CFD7FB0A80780003DFD7F78
S3150803541001000000243DFD7FC4CDFE7FA03DFD7F36
S31508035420D0CDFE7F883EFD7F01000000E83EFD7F6C
S3150803543008840980943FFD7FB0B0AB800C40FD7FA4
S31508035440B0AF0A80D840FD7FB0AB00807441FD7FC2
S31508035450010000007842FD7F08840180A442FD7F95
S31508035460C0CDFE7F6C59FD7F010000007C59FD7F8E
S3150803547048D0FE7FBC5AFD7F01000000445CFD7FD7
S3150803548050D0FE7F845CFD7F01000000B05CFD7F89
S3150803549008840180BC5CFD7F08840580F05CFD7F81
S315080354A001000000245DFD7F08840180385DFD7FCF
S315080354B008840380585DFD7F01000000E05DFD7FE1
S315080354C008840180385EFD7F088407808C5EFD7F33
S315080354D008840180A45EFD7F01000000A85EFD7FAD
S315080354E008840180B45EFD7F01000000B45EFD7F81
S315080354F008840180CC5EFD7F08840380E05EFD7F1F
S31508035500B0A807802C5FFD7F01000000505FFD7F78
S3150803551008840380C05FFD7F01000000E45FFD7F10
S3150803552008840180EC5FFD7F088409802860FD7F7D
S31508035530088401805060FD7FACCFFE7FC860FD7F85
S31508035540010000000861FD7FB0AA11803863FD7F62
S31508035550010000007463FD7F08840180D463FD7F26
S3150803556001000000D863FD7F088409808067FD7FFA
S3150803557008840380A468FD7F08840180B068FD7FE2
S31508035580010000005869FD7F78CFFE7FE069FD7F43
S3150803559001000000F069FD7F80CFFE7F1E6AFD7F54
S315080355A0010000001C6AFD7F08840380CC6AFD7F26
S315080355B0B0088480E46AFD7F08840380086BFD7F56
S315080355C0B0088480586BFD7F01000000486DFD7F9D
S315080355D008840180546DFD7F01000000F47CFD7F83
S315080355E008840180FE7CFD7F01000000A081FD7F09
S315080355F008840180B881FD7F010000004888FD7F8B
S3150803560008840580BC88FD7F01000000EC90FD7FBF
S3150803561008840180FC90FD7F010000007093FD7FE4
S31508035620088401807A93FD7F010000007C94FD7F46
S31508035630B0AF10805495FD7F010000007895FD7F7B
S31508035640088405809C95FD7FE8CEFE7FD895FD7F6F
S31508035650010000002896FD7F08840180A096FD7F3F
S3150803566001000000C496FD7F08840D80E897FD7F3E
S31508035670088401804098FD7F01000000089BFD7F98
S3150803568008840580589BFD7F010000007C9BFD7FF5
S3150803569008840180C69BFD7F01000000E89DFD7F0D
S315080356A008840780089FFD7F01000000B4A0FD7FE2
S315080356B008840180F8A0FD7F90CEFE7F8CA1FD7F34
S315080356C001000000C0A1FD7F08840180DCA1FD7FE5
S315080356D001000000A0A2FD7F88CEFE7FF8A2FD7F11
S315080356E00100000018A4FD7F0884018024A4FD7F1F
S315080356F0010000002CA4FD7F0884018048A4FD7FD7
S31508035700010000008CA4FD7F08840180ACA4FD7F02
S3150803571001000000D0A4FD7F08840180E8A4FD7F72
S315080357200100000014A5FD7FB00884804AA5FD7F0B
S315080357300100000070A5FD7F3CCEFE7FB4A5FD7F6A
S3150803574001000000E4A5FD7F08840180F0A5FD7F24
S315080357500100000010A6FD7F0884038038A6FD7F9C
S315080357600100000038A8FD7F088401804CA8FD7F4E
S31508035770010000002CAAFD7F0884018038AAFD7F5A
S315080357800100000024ABFD7F088403805EABFD7F28
S31508035790010000009CABFD7F0884038058ACFD7FA5
S315080357A001000000ECAEFD7F0884078078AFFD7F1B
S315080357B001000000BCB6FD7F08840380D8B6FD7FD0
S315080357C001000000F4B6FD7F0884078034B8FD7F26
S315080357D0010000003CB8FD7F0884078074B8FD7F8C
S315080357E001000000E0D4FD7F0884038032D5FD7FE5
S315080357F00100000048D7FD7F088405806ED7FD7F2A
S31508035800010000007CD7FD7F08840580A4D7FD7FAF
S315080358100100000070D9FD7F088401808CD9FD7FC3
S3150803582001000000F0D9FD7F088401801CDAFD7FA2
S31508035830010000006CDAFD7F0884058040DBFD7FEC
S315080358400100000008DFFD7F0884018016DFFD7F65
S3150803585001000000F0E4FD7F08840180FEE4FD7F7B
S315080358600100000094E8FD7F08840380C0E8FD7FFB
S3150803587008840180D8E8FD7F0100000020EAFD7F47
S31508035880088401802EEAFD7F0100000018FAFD7FD7
S315080358900884038048FAFD7F0100000004FBFD7FAE
S315080358A0088403803AFBFD7F01000000E0FBFD7FCF
S315080358B00884038028FCFD7F01000000DCFCFD7FD3
S315080358C00884038000FDFD7F0884018028FDFD7F91
S315080358D00100000048FDFD7F0884018080FDFD7FEF
S315080358E001000000DCFEFD7F08840180F0FEFD7FD9
S315080358F0010000005003FE7F088403808C03FE7FAB
S31508035900010000005024FE7F08840380A624FE7F3E
S3150803591001000000CC24FE7F08840380F024FE7F68
S31508035920088405801825FE7F010000007C25FE7F7C
S3150803593008840580DC25FE7F54CCFE7F5626FE7F31
S3150803594001000000DC2AFE7F08840180F82AFE7F16
S31508035950010000001C2DFE7F08840180342DFE7F84
S31508035960010000007C2DFE7F08840180942DFE7FB4
S3150803597001000000E02DFE7F08840180F82DFE7FDC
S3150803598001000000142FFE7F08840380D22FFE7FB8
S31508035990B0B0B080D22FFE7FB00B84802E30FE7F4E
S315080359A0B0AB00809430FE7FB0B0B0809230FE7FFB
S315080359B0B0A80180BA30FE7FB0B0B080C230FE7F97
S315080359C0B0088480CA30FE7FB0B0B080C830FE7F8E
S315080359D0B0AF00804A32FE7F0B840380D232FE7F4B
S315080359E0B00B8480FA32FE7FB00884802C33FE7FA6
S315080359F0B0B0A8803A33FE7FB00884807233FE7F46
S31508035A00B00B8480AC33FE7FB0B0B0804837FE7FDE
S31508035A10B0B0A8807437FE7FB0B0B0807237FE7F0F
S31508035A20B0AB0080A837FE7FB0B0AC804038FE7FAD
S31508035A30B0088480FE38FE7FB0AC0F807C39FE7FC9
S31508035A40B0AD0280AC3AFE7FB0088480D03AFE7FC0
S31508035A5008840180D83AFE7F01000000603DFE7F7E
S31508035A6008840780F43DFE7F010000007C3FFE7F2B
S31508035A7008840180943FFE7F01000000A041FE7F59
S31508035A8028CBFE7FCC41FE7F2CCBFE7FFC41FE7FDD
S31508035A9001000000E043FE7F088407802044FE7F60
S31508035AA001000000C44DFE7F08840180DE4DFE7FA1
S31508035AB001000000FC4EFE7F08840180044FFE7F30
S31508035AC0010000001057FE7F088403801C58FE7FE0
S31508035AD0010000002058FE7FB0B0B0803C58FE7F1E
S31508035AE0E0CAFE7FA858FE7FB0088480D858FE7F98
S31508035AF0B0B0B080E858FE7FE8CAFE7F0C59FE7F37
S31508035B00B0AA09807459FE7F08840380AC59FE7FC6
S31508035B10B0B00180BC59FE7F08840380F459FE7F28
S31508035B20B0B00180045AFE7F010000001C5AFE7FB4
S31508035B30B0B00180265AFE7F01000000345AFE7F6A
S31508035B40B0B0B080345AFE7F01000000E05AFE7FF1
S31508035B50B0B0B080F05AFE7FB0088480F25AFE7F58
S31508035B6098CAFE7F145BFE7FACCAFE7F5A5BFE7F34
S31508035B70C0CAFE7FAC5BFE7FD4CAFE7F245DFE7F70
S31508035B8028CBFE7F4A5DFE7FB00B8480D85DFE7FFF
S31508035B90B0B0B080E45DFE7FB0AB00802C5EFE7FC4
S31508035BA0B00884804C5EFE7FB0B0AA80D05EFE7FCC
S31508035BB008840180C05FFE7FB0088480D85FFE7FBB
S31508035BC0088403802060FE7FB0AD04808460FE7F76
S31508035BD0B00884809460FE7FB0AC0B80BC61FE7F06
S31508035BE001000000DA61FE7FB0B0AA800062FE7F82
S31508035BF0B0B0A8801462FE7FB0B0AA803862FE7F78
S31508035C00B00B84807862FE7FB00884808262FE7F50
S31508035C10B0B0B0808062FE7FB0B0AC80AE62FE7F6B
S31508035C20B0AA09800E63FE7FB0B0B0801063FE7F12
S31508035C30010000001663FE7FB00884801463FE7FAC
S31508035C40010000006665FE7FB0B0B080B065FE7FD8
S31508035C5001000000B491FE7FB0088480D491FE7FD2
S31508035C60088401801C92FE7FB00884802492FE7FFC
S31508035C70010000002092FE7F088403806C92FE7F59
S31508035C80B00884807492FE7F010000008A96FE7F26
S31508035C90B0088480AE96FE7FB0B0B080B096FE7F23
S31508035CA001000000000000000000000000000000E2
S31508035CB000000000000000000000000000000000D3
S31508035CC04A0024F400942C02085A33E8030A1525DB
S31508035CD00F0008DDB30108014201C2013201420186
S31508035CE0421005FFAAAAAAAA01FF0119000000008B
S705080001AD44
